# Blender 5.0.0
# www.blender.org
mtllib Batteries.mtl
o Batteries
v -0.074658 -0.139349 -0.063030
v -0.074658 0.112195 -0.013652
v -0.062367 -0.139349 -0.061820
v -0.072000 0.112195 -0.013390
v -0.050549 -0.139349 -0.058234
v -0.069445 0.112195 -0.012615
v -0.039657 -0.139349 -0.052413
v -0.067090 0.112195 -0.011356
v -0.030110 -0.139349 -0.044578
v -0.065026 0.112195 -0.009662
v -0.022275 -0.139349 -0.035031
v -0.063332 0.112195 -0.007598
v -0.016453 -0.139349 -0.024139
v -0.062073 0.112195 -0.005243
v -0.012868 -0.139349 -0.012321
v -0.061298 0.112195 -0.002688
v -0.011658 -0.139349 -0.000030
v -0.061036 0.112195 -0.000030
v -0.012868 -0.139349 0.012261
v -0.061298 0.112195 0.002627
v -0.016453 -0.139349 0.024079
v -0.062073 0.112195 0.005183
v -0.022275 -0.139349 0.034971
v -0.063332 0.112195 0.007538
v -0.030110 -0.139349 0.044518
v -0.065026 0.112195 0.009602
v -0.039657 -0.139349 0.052353
v -0.067090 0.112195 0.011296
v -0.050549 -0.139349 0.058174
v -0.069445 0.112195 0.012555
v -0.062367 -0.139349 0.061759
v -0.072000 0.112195 0.013330
v -0.074658 -0.139349 0.062970
v -0.074658 0.112195 0.013592
v -0.086948 -0.139349 0.061759
v -0.077315 0.112195 0.013330
v -0.098767 -0.139349 0.058174
v -0.079871 0.112195 0.012555
v -0.109659 -0.139349 0.052353
v -0.082226 0.112195 0.011296
v -0.119205 -0.139349 0.044518
v -0.084290 0.112195 0.009602
v -0.127040 -0.139349 0.034971
v -0.085984 0.112195 0.007538
v -0.132862 -0.139349 0.024079
v -0.087242 0.112195 0.005183
v -0.136447 -0.139349 0.012261
v -0.088018 0.112195 0.002627
v -0.137658 -0.139349 -0.000030
v -0.088279 0.112195 -0.000030
v -0.136447 -0.139349 -0.012321
v -0.088018 0.112195 -0.002688
v -0.132862 -0.139349 -0.024139
v -0.087242 0.112195 -0.005243
v -0.127040 -0.139349 -0.035031
v -0.085984 0.112195 -0.007598
v -0.119205 -0.139349 -0.044578
v -0.084290 0.112195 -0.009662
v -0.109659 -0.139349 -0.052413
v -0.082226 0.112195 -0.011356
v -0.098767 -0.139349 -0.058234
v -0.079871 0.112195 -0.012615
v -0.086948 -0.139349 -0.061820
v -0.077315 0.112195 -0.013390
v -0.062367 0.112195 -0.061820
v -0.074658 0.112195 -0.063030
v -0.050549 0.112195 -0.058234
v -0.039657 0.112195 -0.052413
v -0.030110 0.112195 -0.044578
v -0.022275 0.112195 -0.035031
v -0.016453 0.112195 -0.024139
v -0.012868 0.112195 -0.012321
v -0.011658 0.112195 -0.000030
v -0.012868 0.112195 0.012261
v -0.016453 0.112195 0.024079
v -0.022275 0.112195 0.034971
v -0.030110 0.112195 0.044518
v -0.039657 0.112195 0.052353
v -0.050549 0.112195 0.058174
v -0.062367 0.112195 0.061759
v -0.074658 0.112195 0.062970
v -0.086948 0.112195 0.061759
v -0.098767 0.112195 0.058174
v -0.109659 0.112195 0.052353
v -0.119205 0.112195 0.044518
v -0.127040 0.112195 0.034971
v -0.132862 0.112195 0.024079
v -0.136447 0.112195 0.012261
v -0.137658 0.112195 -0.000030
v -0.136447 0.112195 -0.012321
v -0.132862 0.112195 -0.024139
v -0.127040 0.112195 -0.035031
v -0.119205 0.112195 -0.044578
v -0.109659 0.112195 -0.052413
v -0.098767 0.112195 -0.058234
v -0.086948 0.112195 -0.061820
v -0.072234 0.116648 -0.012216
v -0.074658 0.116648 -0.012455
v -0.069903 0.116648 -0.011509
v -0.067755 0.116648 -0.010361
v -0.065872 0.116648 -0.008816
v -0.064327 0.116648 -0.006933
v -0.063179 0.116648 -0.004785
v -0.062471 0.116648 -0.002454
v -0.062233 0.116648 -0.000030
v -0.062471 0.116648 0.002394
v -0.063179 0.116648 0.004725
v -0.064327 0.116648 0.006873
v -0.065872 0.116648 0.008756
v -0.067755 0.116648 0.010301
v -0.069903 0.116648 0.011449
v -0.072234 0.116648 0.012156
v -0.074658 0.116648 0.012395
v -0.077082 0.116648 0.012156
v -0.079413 0.116648 0.011449
v -0.081561 0.116648 0.010301
v -0.083444 0.116648 0.008756
v -0.084989 0.116648 0.006873
v -0.086137 0.116648 0.004725
v -0.086844 0.116648 0.002394
v -0.087083 0.116648 -0.000030
v -0.086844 0.116648 -0.002454
v -0.086137 0.116648 -0.004785
v -0.084989 0.116648 -0.006933
v -0.083444 0.116648 -0.008816
v -0.081561 0.116648 -0.010361
v -0.079413 0.116648 -0.011509
v -0.077082 0.116648 -0.012216
v -0.074658 -0.123496 -0.063030
v -0.074658 -0.107775 -0.063030
v -0.074658 -0.092053 -0.063030
v -0.074658 -0.076332 -0.063030
v -0.074658 -0.060610 -0.063030
v -0.074658 -0.044889 -0.063030
v -0.074658 -0.029167 -0.063030
v -0.074658 -0.013446 -0.063030
v -0.074658 0.002276 -0.063030
v -0.074658 0.017997 -0.063030
v -0.074658 0.033719 -0.063030
v -0.074658 0.049440 -0.063030
v -0.074658 0.065162 -0.063030
v -0.074658 0.080883 -0.063030
v -0.074658 0.096605 -0.063030
v -0.062367 0.096605 -0.061820
v -0.062367 0.080883 -0.061820
v -0.062367 0.065162 -0.061820
v -0.062367 0.049440 -0.061820
v -0.062367 0.033719 -0.061820
v -0.062367 0.017997 -0.061820
v -0.062367 0.002276 -0.061820
v -0.062367 -0.013446 -0.061820
v -0.062367 -0.029167 -0.061820
v -0.062367 -0.044889 -0.061820
v -0.062367 -0.060610 -0.061820
v -0.062367 -0.076332 -0.061820
v -0.062367 -0.092053 -0.061820
v -0.062367 -0.107775 -0.061820
v -0.062367 -0.123496 -0.061820
v -0.050549 0.096605 -0.058234
v -0.050549 0.080883 -0.058234
v -0.050549 0.065162 -0.058234
v -0.050549 0.049440 -0.058234
v -0.050549 0.033719 -0.058234
v -0.050549 0.017997 -0.058234
v -0.050549 0.002276 -0.058234
v -0.050549 -0.013446 -0.058234
v -0.050549 -0.029167 -0.058234
v -0.050549 -0.044889 -0.058234
v -0.050549 -0.060610 -0.058234
v -0.050549 -0.076332 -0.058234
v -0.050549 -0.092053 -0.058234
v -0.050549 -0.107775 -0.058234
v -0.050549 -0.123496 -0.058234
v -0.039657 0.096605 -0.052413
v -0.039657 0.080883 -0.052413
v -0.039657 0.065162 -0.052413
v -0.039657 0.049440 -0.052413
v -0.039657 0.033719 -0.052413
v -0.039657 0.017997 -0.052413
v -0.039657 0.002276 -0.052413
v -0.039657 -0.013446 -0.052413
v -0.039657 -0.029167 -0.052413
v -0.039657 -0.044889 -0.052413
v -0.039657 -0.060610 -0.052413
v -0.039657 -0.076332 -0.052413
v -0.039657 -0.092053 -0.052413
v -0.039657 -0.107775 -0.052413
v -0.039657 -0.123496 -0.052413
v -0.030110 0.096605 -0.044578
v -0.030110 0.080883 -0.044578
v -0.030110 0.065162 -0.044578
v -0.030110 0.049440 -0.044578
v -0.030110 0.033719 -0.044578
v -0.030110 0.017997 -0.044578
v -0.030110 0.002276 -0.044578
v -0.030110 -0.013446 -0.044578
v -0.030110 -0.029167 -0.044578
v -0.030110 -0.044889 -0.044578
v -0.030110 -0.060610 -0.044578
v -0.030110 -0.076332 -0.044578
v -0.030110 -0.092053 -0.044578
v -0.030110 -0.107775 -0.044578
v -0.030110 -0.123496 -0.044578
v -0.022275 0.096605 -0.035031
v -0.022275 0.080883 -0.035031
v -0.022275 0.065162 -0.035031
v -0.022275 0.049440 -0.035031
v -0.022275 0.033719 -0.035031
v -0.022275 0.017997 -0.035031
v -0.022275 0.002276 -0.035031
v -0.022275 -0.013446 -0.035031
v -0.022275 -0.029167 -0.035031
v -0.022275 -0.044889 -0.035031
v -0.022275 -0.060610 -0.035031
v -0.022275 -0.076332 -0.035031
v -0.022275 -0.092053 -0.035031
v -0.022275 -0.107775 -0.035031
v -0.022275 -0.123496 -0.035031
v -0.016453 0.096605 -0.024139
v -0.016453 0.080883 -0.024139
v -0.016453 0.065162 -0.024139
v -0.016453 0.049440 -0.024139
v -0.016453 0.033719 -0.024139
v -0.016453 0.017997 -0.024139
v -0.016453 0.002276 -0.024139
v -0.016453 -0.013446 -0.024139
v -0.016453 -0.029167 -0.024139
v -0.016453 -0.044889 -0.024139
v -0.016453 -0.060610 -0.024139
v -0.016453 -0.076332 -0.024139
v -0.016453 -0.092053 -0.024139
v -0.016453 -0.107775 -0.024139
v -0.016453 -0.123496 -0.024139
v -0.012868 0.096605 -0.012321
v -0.012868 0.080883 -0.012321
v -0.012868 0.065162 -0.012321
v -0.012868 0.049440 -0.012321
v -0.012868 0.033719 -0.012321
v -0.012868 0.017997 -0.012321
v -0.012868 0.002276 -0.012321
v -0.012868 -0.013446 -0.012321
v -0.012868 -0.029167 -0.012321
v -0.012868 -0.044889 -0.012321
v -0.012868 -0.060610 -0.012321
v -0.012868 -0.076332 -0.012321
v -0.012868 -0.092053 -0.012321
v -0.012868 -0.107775 -0.012321
v -0.012868 -0.123496 -0.012321
v -0.011658 0.096605 -0.000030
v -0.011658 0.080883 -0.000030
v -0.011658 0.065162 -0.000030
v -0.011658 0.049440 -0.000030
v -0.011658 0.033719 -0.000030
v -0.011658 0.017997 -0.000030
v -0.011658 0.002276 -0.000030
v -0.011658 -0.013446 -0.000030
v -0.011658 -0.029167 -0.000030
v -0.011658 -0.044889 -0.000030
v -0.011658 -0.060610 -0.000030
v -0.011658 -0.076332 -0.000030
v -0.011658 -0.092053 -0.000030
v -0.011658 -0.107775 -0.000030
v -0.011658 -0.123496 -0.000030
v -0.012868 0.096605 0.012261
v -0.012868 0.080883 0.012261
v -0.012868 0.065162 0.012261
v -0.012868 0.049440 0.012261
v -0.012868 0.033719 0.012261
v -0.012868 0.017997 0.012261
v -0.012868 0.002276 0.012261
v -0.012868 -0.013446 0.012261
v -0.012868 -0.029167 0.012261
v -0.012868 -0.044889 0.012261
v -0.012868 -0.060610 0.012261
v -0.012868 -0.076332 0.012261
v -0.012868 -0.092053 0.012261
v -0.012868 -0.107775 0.012261
v -0.012868 -0.123496 0.012261
v -0.016453 0.096605 0.024079
v -0.016453 0.080883 0.024079
v -0.016453 0.065162 0.024079
v -0.016453 0.049440 0.024079
v -0.016453 0.033719 0.024079
v -0.016453 0.017997 0.024079
v -0.016453 0.002276 0.024079
v -0.016453 -0.013446 0.024079
v -0.016453 -0.029167 0.024079
v -0.016453 -0.044889 0.024079
v -0.016453 -0.060610 0.024079
v -0.016453 -0.076332 0.024079
v -0.016453 -0.092053 0.024079
v -0.016453 -0.107775 0.024079
v -0.016453 -0.123496 0.024079
v -0.022275 0.096605 0.034971
v -0.022275 0.080883 0.034971
v -0.022275 0.065162 0.034971
v -0.022275 0.049440 0.034971
v -0.022275 0.033719 0.034971
v -0.022275 0.017997 0.034971
v -0.022275 0.002276 0.034971
v -0.022275 -0.013446 0.034971
v -0.022275 -0.029167 0.034971
v -0.022275 -0.044889 0.034971
v -0.022275 -0.060610 0.034971
v -0.022275 -0.076332 0.034971
v -0.022275 -0.092053 0.034971
v -0.022275 -0.107775 0.034971
v -0.022275 -0.123496 0.034971
v -0.030110 0.096605 0.044518
v -0.030110 0.080883 0.044518
v -0.030110 0.065162 0.044518
v -0.030110 0.049440 0.044518
v -0.030110 0.033719 0.044518
v -0.030110 0.017997 0.044518
v -0.030110 0.002276 0.044518
v -0.030110 -0.013446 0.044518
v -0.030110 -0.029167 0.044518
v -0.030110 -0.044889 0.044518
v -0.030110 -0.060610 0.044518
v -0.030110 -0.076332 0.044518
v -0.030110 -0.092053 0.044518
v -0.030110 -0.107775 0.044518
v -0.030110 -0.123496 0.044518
v -0.039657 0.096605 0.052353
v -0.039657 0.080883 0.052353
v -0.039657 0.065162 0.052353
v -0.039657 0.049440 0.052353
v -0.039657 0.033719 0.052353
v -0.039657 0.017997 0.052353
v -0.039657 0.002276 0.052353
v -0.039657 -0.013446 0.052353
v -0.039657 -0.029167 0.052353
v -0.039657 -0.044889 0.052353
v -0.039657 -0.060610 0.052353
v -0.039657 -0.076332 0.052353
v -0.039657 -0.092053 0.052353
v -0.039657 -0.107775 0.052353
v -0.039657 -0.123496 0.052353
v -0.050549 0.096605 0.058174
v -0.050549 0.080883 0.058174
v -0.050549 0.065162 0.058174
v -0.050549 0.049440 0.058174
v -0.050549 0.033719 0.058174
v -0.050549 0.017997 0.058174
v -0.050549 0.002276 0.058174
v -0.050549 -0.013446 0.058174
v -0.050549 -0.029167 0.058174
v -0.050549 -0.044889 0.058174
v -0.050549 -0.060610 0.058174
v -0.050549 -0.076332 0.058174
v -0.050549 -0.092053 0.058174
v -0.050549 -0.107775 0.058174
v -0.050549 -0.123496 0.058174
v -0.062367 0.096605 0.061759
v -0.062367 0.080883 0.061759
v -0.062367 0.065162 0.061759
v -0.062367 0.049440 0.061759
v -0.062367 0.033719 0.061759
v -0.062367 0.017997 0.061759
v -0.062367 0.002276 0.061759
v -0.062367 -0.013446 0.061759
v -0.062367 -0.029167 0.061759
v -0.062367 -0.044889 0.061759
v -0.062367 -0.060610 0.061759
v -0.062367 -0.076332 0.061759
v -0.062367 -0.092053 0.061759
v -0.062367 -0.107775 0.061759
v -0.062367 -0.123496 0.061759
v -0.074658 0.096605 0.062970
v -0.074658 0.080883 0.062970
v -0.074658 0.065162 0.062970
v -0.074658 0.049440 0.062970
v -0.074658 0.033719 0.062970
v -0.074658 0.017997 0.062970
v -0.074658 0.002276 0.062970
v -0.074658 -0.013446 0.062970
v -0.074658 -0.029167 0.062970
v -0.074658 -0.044889 0.062970
v -0.074658 -0.060610 0.062970
v -0.074658 -0.076332 0.062970
v -0.074658 -0.092053 0.062970
v -0.074658 -0.107775 0.062970
v -0.074658 -0.123496 0.062970
v -0.086948 0.096605 0.061759
v -0.086948 0.080883 0.061759
v -0.086948 0.065162 0.061759
v -0.086948 0.049440 0.061759
v -0.086948 0.033719 0.061759
v -0.086948 0.017997 0.061759
v -0.086948 0.002276 0.061759
v -0.086948 -0.013446 0.061759
v -0.086948 -0.029167 0.061759
v -0.086948 -0.044889 0.061759
v -0.086948 -0.060610 0.061759
v -0.086948 -0.076332 0.061759
v -0.086948 -0.092053 0.061759
v -0.086948 -0.107775 0.061759
v -0.086948 -0.123496 0.061759
v -0.098767 0.096605 0.058174
v -0.098767 0.080883 0.058174
v -0.098767 0.065162 0.058174
v -0.098767 0.049440 0.058174
v -0.098767 0.033719 0.058174
v -0.098767 0.017997 0.058174
v -0.098767 0.002276 0.058174
v -0.098767 -0.013446 0.058174
v -0.098767 -0.029167 0.058174
v -0.098767 -0.044889 0.058174
v -0.098767 -0.060610 0.058174
v -0.098767 -0.076332 0.058174
v -0.098767 -0.092053 0.058174
v -0.098767 -0.107775 0.058174
v -0.098767 -0.123496 0.058174
v -0.109659 0.096605 0.052353
v -0.109659 0.080883 0.052353
v -0.109659 0.065162 0.052353
v -0.109659 0.049440 0.052353
v -0.109659 0.033719 0.052353
v -0.109659 0.017997 0.052353
v -0.109659 0.002276 0.052353
v -0.109659 -0.013446 0.052353
v -0.109659 -0.029167 0.052353
v -0.109659 -0.044889 0.052353
v -0.109659 -0.060610 0.052353
v -0.109659 -0.076332 0.052353
v -0.109659 -0.092053 0.052353
v -0.109659 -0.107775 0.052353
v -0.109659 -0.123496 0.052353
v -0.119205 0.096605 0.044518
v -0.119205 0.080883 0.044518
v -0.119205 0.065162 0.044518
v -0.119205 0.049440 0.044518
v -0.119205 0.033719 0.044518
v -0.119205 0.017997 0.044518
v -0.119205 0.002276 0.044518
v -0.119205 -0.013446 0.044518
v -0.119205 -0.029167 0.044518
v -0.119205 -0.044889 0.044518
v -0.119205 -0.060610 0.044518
v -0.119205 -0.076332 0.044518
v -0.119205 -0.092053 0.044518
v -0.119205 -0.107775 0.044518
v -0.119205 -0.123496 0.044518
v -0.127040 0.096605 0.034971
v -0.127040 0.080883 0.034971
v -0.127040 0.065162 0.034971
v -0.127040 0.049440 0.034971
v -0.127040 0.033719 0.034971
v -0.127040 0.017997 0.034971
v -0.127040 0.002276 0.034971
v -0.127040 -0.013446 0.034971
v -0.127040 -0.029167 0.034971
v -0.127040 -0.044889 0.034971
v -0.127040 -0.060610 0.034971
v -0.127040 -0.076332 0.034971
v -0.127040 -0.092053 0.034971
v -0.127040 -0.107775 0.034971
v -0.127040 -0.123496 0.034971
v -0.132862 0.096605 0.024079
v -0.132862 0.080883 0.024079
v -0.132862 0.065162 0.024079
v -0.132862 0.049440 0.024079
v -0.132862 0.033719 0.024079
v -0.132862 0.017997 0.024079
v -0.132862 0.002276 0.024079
v -0.132862 -0.013446 0.024079
v -0.132862 -0.029167 0.024079
v -0.132862 -0.044889 0.024079
v -0.132862 -0.060610 0.024079
v -0.132862 -0.076332 0.024079
v -0.132862 -0.092053 0.024079
v -0.132862 -0.107775 0.024079
v -0.132862 -0.123496 0.024079
v -0.136447 0.096605 0.012261
v -0.136447 0.080883 0.012261
v -0.136447 0.065162 0.012261
v -0.136447 0.049440 0.012261
v -0.136447 0.033719 0.012261
v -0.136447 0.017997 0.012261
v -0.136447 0.002276 0.012261
v -0.136447 -0.013446 0.012261
v -0.136447 -0.029167 0.012261
v -0.136447 -0.044889 0.012261
v -0.136447 -0.060610 0.012261
v -0.136447 -0.076332 0.012261
v -0.136447 -0.092053 0.012261
v -0.136447 -0.107775 0.012261
v -0.136447 -0.123496 0.012261
v -0.137658 0.096605 -0.000030
v -0.137658 0.080883 -0.000030
v -0.137658 0.065162 -0.000030
v -0.137658 0.049440 -0.000030
v -0.137658 0.033719 -0.000030
v -0.137658 0.017997 -0.000030
v -0.137658 0.002276 -0.000030
v -0.137658 -0.013446 -0.000030
v -0.137658 -0.029167 -0.000030
v -0.137658 -0.044889 -0.000030
v -0.137658 -0.060610 -0.000030
v -0.137658 -0.076332 -0.000030
v -0.137658 -0.092053 -0.000030
v -0.137658 -0.107775 -0.000030
v -0.137658 -0.123496 -0.000030
v -0.136447 0.096605 -0.012321
v -0.136447 0.080883 -0.012321
v -0.136447 0.065162 -0.012321
v -0.136447 0.049440 -0.012321
v -0.136447 0.033719 -0.012321
v -0.136447 0.017997 -0.012321
v -0.136447 0.002276 -0.012321
v -0.136447 -0.013446 -0.012321
v -0.136447 -0.029167 -0.012321
v -0.136447 -0.044889 -0.012321
v -0.136447 -0.060610 -0.012321
v -0.136447 -0.076332 -0.012321
v -0.136447 -0.092053 -0.012321
v -0.136447 -0.107775 -0.012321
v -0.136447 -0.123496 -0.012321
v -0.132862 0.096605 -0.024139
v -0.132862 0.080883 -0.024139
v -0.132862 0.065162 -0.024139
v -0.132862 0.049440 -0.024139
v -0.132862 0.033719 -0.024139
v -0.132862 0.017997 -0.024139
v -0.132862 0.002276 -0.024139
v -0.132862 -0.013446 -0.024139
v -0.132862 -0.029167 -0.024139
v -0.132862 -0.044889 -0.024139
v -0.132862 -0.060610 -0.024139
v -0.132862 -0.076332 -0.024139
v -0.132862 -0.092053 -0.024139
v -0.132862 -0.107775 -0.024139
v -0.132862 -0.123496 -0.024139
v -0.127040 0.096605 -0.035031
v -0.127040 0.080883 -0.035031
v -0.127040 0.065162 -0.035031
v -0.127040 0.049440 -0.035031
v -0.127040 0.033719 -0.035031
v -0.127040 0.017997 -0.035031
v -0.127040 0.002276 -0.035031
v -0.127040 -0.013446 -0.035031
v -0.127040 -0.029167 -0.035031
v -0.127040 -0.044889 -0.035031
v -0.127040 -0.060610 -0.035031
v -0.127040 -0.076332 -0.035031
v -0.127040 -0.092053 -0.035031
v -0.127040 -0.107775 -0.035031
v -0.127040 -0.123496 -0.035031
v -0.119205 0.096605 -0.044578
v -0.119205 0.080883 -0.044578
v -0.119205 0.065162 -0.044578
v -0.119205 0.049440 -0.044578
v -0.119205 0.033719 -0.044578
v -0.119205 0.017997 -0.044578
v -0.119205 0.002276 -0.044578
v -0.119205 -0.013446 -0.044578
v -0.119205 -0.029167 -0.044578
v -0.119205 -0.044889 -0.044578
v -0.119205 -0.060610 -0.044578
v -0.119205 -0.076332 -0.044578
v -0.119205 -0.092053 -0.044578
v -0.119205 -0.107775 -0.044578
v -0.119205 -0.123496 -0.044578
v -0.109659 0.096605 -0.052413
v -0.109659 0.080883 -0.052413
v -0.109659 0.065162 -0.052413
v -0.109659 0.049440 -0.052413
v -0.109659 0.033719 -0.052413
v -0.109659 0.017997 -0.052413
v -0.109659 0.002276 -0.052413
v -0.109659 -0.013446 -0.052413
v -0.109659 -0.029167 -0.052413
v -0.109659 -0.044889 -0.052413
v -0.109659 -0.060610 -0.052413
v -0.109659 -0.076332 -0.052413
v -0.109659 -0.092053 -0.052413
v -0.109659 -0.107775 -0.052413
v -0.109659 -0.123496 -0.052413
v -0.098767 0.096605 -0.058234
v -0.098767 0.080883 -0.058234
v -0.098767 0.065162 -0.058234
v -0.098767 0.049440 -0.058234
v -0.098767 0.033719 -0.058234
v -0.098767 0.017997 -0.058234
v -0.098767 0.002276 -0.058234
v -0.098767 -0.013446 -0.058234
v -0.098767 -0.029167 -0.058234
v -0.098767 -0.044889 -0.058234
v -0.098767 -0.060610 -0.058234
v -0.098767 -0.076332 -0.058234
v -0.098767 -0.092053 -0.058234
v -0.098767 -0.107775 -0.058234
v -0.098767 -0.123496 -0.058234
v -0.086948 0.096605 -0.061820
v -0.086948 0.080883 -0.061820
v -0.086948 0.065162 -0.061820
v -0.086948 0.049440 -0.061820
v -0.086948 0.033719 -0.061820
v -0.086948 0.017997 -0.061820
v -0.086948 0.002276 -0.061820
v -0.086948 -0.013446 -0.061820
v -0.086948 -0.029167 -0.061820
v -0.086948 -0.044889 -0.061820
v -0.086948 -0.060610 -0.061820
v -0.086948 -0.076332 -0.061820
v -0.086948 -0.092053 -0.061820
v -0.086948 -0.107775 -0.061820
v -0.086948 -0.123496 -0.061820
v 0.037329 -0.139349 0.001182
v 0.037329 0.112195 0.050560
v 0.049620 -0.139349 0.002392
v 0.039987 0.112195 0.050822
v 0.061438 -0.139349 0.005977
v 0.042542 0.112195 0.051597
v 0.072330 -0.139349 0.011799
v 0.044897 0.112195 0.052856
v 0.081877 -0.139349 0.019634
v 0.046961 0.112195 0.054550
v 0.089712 -0.139349 0.029181
v 0.048655 0.112195 0.056614
v 0.095534 -0.139349 0.040073
v 0.049914 0.112195 0.058969
v 0.099119 -0.139349 0.051891
v 0.050689 0.112195 0.061524
v 0.100329 -0.139349 0.064182
v 0.050951 0.112195 0.064182
v 0.099119 -0.139349 0.076472
v 0.050689 0.112195 0.066839
v 0.095534 -0.139349 0.088291
v 0.049914 0.112195 0.069395
v 0.089712 -0.139349 0.099183
v 0.048655 0.112195 0.071750
v 0.081877 -0.139349 0.108730
v 0.046961 0.112195 0.073814
v 0.072330 -0.139349 0.116564
v 0.044897 0.112195 0.075508
v 0.061438 -0.139349 0.122386
v 0.042542 0.112195 0.076767
v 0.049620 -0.139349 0.125971
v 0.039987 0.112195 0.077542
v 0.037329 -0.139349 0.127182
v 0.037329 0.112195 0.077803
v 0.025039 -0.139349 0.125971
v 0.034672 0.112195 0.077542
v 0.013220 -0.139349 0.122386
v 0.032116 0.112195 0.076767
v 0.002328 -0.139349 0.116564
v 0.029761 0.112195 0.075508
v -0.007219 -0.139349 0.108730
v 0.027697 0.112195 0.073814
v -0.015053 -0.139349 0.099183
v 0.026003 0.112195 0.071750
v -0.020875 -0.139349 0.088291
v 0.024744 0.112195 0.069395
v -0.024460 -0.139349 0.076472
v 0.023969 0.112195 0.066839
v -0.025671 -0.139349 0.064182
v 0.023708 0.112195 0.064182
v -0.024460 -0.139349 0.051891
v 0.023969 0.112195 0.061524
v -0.020875 -0.139349 0.040073
v 0.024744 0.112195 0.058969
v -0.015053 -0.139349 0.029181
v 0.026003 0.112195 0.056614
v -0.007219 -0.139349 0.019634
v 0.027697 0.112195 0.054550
v 0.002328 -0.139349 0.011799
v 0.029761 0.112195 0.052856
v 0.013220 -0.139349 0.005977
v 0.032116 0.112195 0.051597
v 0.025039 -0.139349 0.002392
v 0.034672 0.112195 0.050822
v 0.049620 0.112195 0.002392
v 0.037329 0.112195 0.001182
v 0.061438 0.112195 0.005977
v 0.072330 0.112195 0.011799
v 0.081877 0.112195 0.019634
v 0.089712 0.112195 0.029181
v 0.095534 0.112195 0.040073
v 0.099119 0.112195 0.051891
v 0.100329 0.112195 0.064182
v 0.099119 0.112195 0.076472
v 0.095534 0.112195 0.088291
v 0.089712 0.112195 0.099183
v 0.081877 0.112195 0.108730
v 0.072330 0.112195 0.116564
v 0.061438 0.112195 0.122386
v 0.049620 0.112195 0.125971
v 0.037329 0.112195 0.127182
v 0.025039 0.112195 0.125971
v 0.013220 0.112195 0.122386
v 0.002328 0.112195 0.116564
v -0.007219 0.112195 0.108730
v -0.015053 0.112195 0.099183
v -0.020875 0.112195 0.088291
v -0.024460 0.112195 0.076472
v -0.025671 0.112195 0.064182
v -0.024460 0.112195 0.051891
v -0.020875 0.112195 0.040073
v -0.015053 0.112195 0.029181
v -0.007219 0.112195 0.019634
v 0.002328 0.112195 0.011799
v 0.013220 0.112195 0.005977
v 0.025039 0.112195 0.002392
v 0.039753 0.116648 0.051995
v 0.037329 0.116648 0.051757
v 0.042084 0.116648 0.052703
v 0.044232 0.116648 0.053851
v 0.046115 0.116648 0.055396
v 0.047660 0.116648 0.057279
v 0.048808 0.116648 0.059427
v 0.049516 0.116648 0.061758
v 0.049754 0.116648 0.064182
v 0.049516 0.116648 0.066606
v 0.048808 0.116648 0.068937
v 0.047660 0.116648 0.071085
v 0.046115 0.116648 0.072968
v 0.044232 0.116648 0.074513
v 0.042084 0.116648 0.075661
v 0.039753 0.116648 0.076368
v 0.037329 0.116648 0.076607
v 0.034905 0.116648 0.076368
v 0.032574 0.116648 0.075661
v 0.030426 0.116648 0.074513
v 0.028543 0.116648 0.072968
v 0.026998 0.116648 0.071085
v 0.025850 0.116648 0.068937
v 0.025143 0.116648 0.066606
v 0.024904 0.116648 0.064182
v 0.025143 0.116648 0.061758
v 0.025850 0.116648 0.059427
v 0.026998 0.116648 0.057279
v 0.028543 0.116648 0.055396
v 0.030426 0.116648 0.053851
v 0.032574 0.116648 0.052703
v 0.034905 0.116648 0.051995
v 0.037329 -0.123496 0.001182
v 0.037329 -0.107775 0.001182
v 0.037329 -0.092053 0.001182
v 0.037329 -0.076332 0.001182
v 0.037329 -0.060610 0.001182
v 0.037329 -0.044889 0.001182
v 0.037329 -0.029167 0.001182
v 0.037329 -0.013446 0.001182
v 0.037329 0.002276 0.001182
v 0.037329 0.017997 0.001182
v 0.037329 0.033719 0.001182
v 0.037329 0.049440 0.001182
v 0.037329 0.065162 0.001182
v 0.037329 0.080883 0.001182
v 0.037329 0.096605 0.001182
v 0.049620 0.096605 0.002392
v 0.049620 0.080883 0.002392
v 0.049620 0.065162 0.002392
v 0.049620 0.049440 0.002392
v 0.049620 0.033719 0.002392
v 0.049620 0.017997 0.002392
v 0.049620 0.002276 0.002392
v 0.049620 -0.013446 0.002392
v 0.049620 -0.029167 0.002392
v 0.049620 -0.044889 0.002392
v 0.049620 -0.060610 0.002392
v 0.049620 -0.076332 0.002392
v 0.049620 -0.092053 0.002392
v 0.049620 -0.107775 0.002392
v 0.049620 -0.123496 0.002392
v 0.061438 0.096605 0.005977
v 0.061438 0.080883 0.005977
v 0.061438 0.065162 0.005977
v 0.061438 0.049440 0.005977
v 0.061438 0.033719 0.005977
v 0.061438 0.017997 0.005977
v 0.061438 0.002276 0.005977
v 0.061438 -0.013446 0.005977
v 0.061438 -0.029167 0.005977
v 0.061438 -0.044889 0.005977
v 0.061438 -0.060610 0.005977
v 0.061438 -0.076332 0.005977
v 0.061438 -0.092053 0.005977
v 0.061438 -0.107775 0.005977
v 0.061438 -0.123496 0.005977
v 0.072330 0.096605 0.011799
v 0.072330 0.080883 0.011799
v 0.072330 0.065162 0.011799
v 0.072330 0.049440 0.011799
v 0.072330 0.033719 0.011799
v 0.072330 0.017997 0.011799
v 0.072330 0.002276 0.011799
v 0.072330 -0.013446 0.011799
v 0.072330 -0.029167 0.011799
v 0.072330 -0.044889 0.011799
v 0.072330 -0.060610 0.011799
v 0.072330 -0.076332 0.011799
v 0.072330 -0.092053 0.011799
v 0.072330 -0.107775 0.011799
v 0.072330 -0.123496 0.011799
v 0.081877 0.096605 0.019634
v 0.081877 0.080883 0.019634
v 0.081877 0.065162 0.019634
v 0.081877 0.049440 0.019634
v 0.081877 0.033719 0.019634
v 0.081877 0.017997 0.019634
v 0.081877 0.002276 0.019634
v 0.081877 -0.013446 0.019634
v 0.081877 -0.029167 0.019634
v 0.081877 -0.044889 0.019634
v 0.081877 -0.060610 0.019634
v 0.081877 -0.076332 0.019634
v 0.081877 -0.092053 0.019634
v 0.081877 -0.107775 0.019634
v 0.081877 -0.123496 0.019634
v 0.089712 0.096605 0.029181
v 0.089712 0.080883 0.029181
v 0.089712 0.065162 0.029181
v 0.089712 0.049440 0.029181
v 0.089712 0.033719 0.029181
v 0.089712 0.017997 0.029181
v 0.089712 0.002276 0.029181
v 0.089712 -0.013446 0.029181
v 0.089712 -0.029167 0.029181
v 0.089712 -0.044889 0.029181
v 0.089712 -0.060610 0.029181
v 0.089712 -0.076332 0.029181
v 0.089712 -0.092053 0.029181
v 0.089712 -0.107775 0.029181
v 0.089712 -0.123496 0.029181
v 0.095534 0.096605 0.040073
v 0.095534 0.080883 0.040073
v 0.095534 0.065162 0.040073
v 0.095534 0.049440 0.040073
v 0.095534 0.033719 0.040073
v 0.095534 0.017997 0.040073
v 0.095534 0.002276 0.040073
v 0.095534 -0.013446 0.040073
v 0.095534 -0.029167 0.040073
v 0.095534 -0.044889 0.040073
v 0.095534 -0.060610 0.040073
v 0.095534 -0.076332 0.040073
v 0.095534 -0.092053 0.040073
v 0.095534 -0.107775 0.040073
v 0.095534 -0.123496 0.040073
v 0.099119 0.096605 0.051891
v 0.099119 0.080883 0.051891
v 0.099119 0.065162 0.051891
v 0.099119 0.049440 0.051891
v 0.099119 0.033719 0.051891
v 0.099119 0.017997 0.051891
v 0.099119 0.002276 0.051891
v 0.099119 -0.013446 0.051891
v 0.099119 -0.029167 0.051891
v 0.099119 -0.044889 0.051891
v 0.099119 -0.060610 0.051891
v 0.099119 -0.076332 0.051891
v 0.099119 -0.092053 0.051891
v 0.099119 -0.107775 0.051891
v 0.099119 -0.123496 0.051891
v 0.100329 0.096605 0.064182
v 0.100329 0.080883 0.064182
v 0.100329 0.065162 0.064182
v 0.100329 0.049440 0.064182
v 0.100329 0.033719 0.064182
v 0.100329 0.017997 0.064182
v 0.100329 0.002276 0.064182
v 0.100329 -0.013446 0.064182
v 0.100329 -0.029167 0.064182
v 0.100329 -0.044889 0.064182
v 0.100329 -0.060610 0.064182
v 0.100329 -0.076332 0.064182
v 0.100329 -0.092053 0.064182
v 0.100329 -0.107775 0.064182
v 0.100329 -0.123496 0.064182
v 0.099119 0.096605 0.076472
v 0.099119 0.080883 0.076472
v 0.099119 0.065162 0.076472
v 0.099119 0.049440 0.076472
v 0.099119 0.033719 0.076472
v 0.099119 0.017997 0.076472
v 0.099119 0.002276 0.076472
v 0.099119 -0.013446 0.076472
v 0.099119 -0.029167 0.076472
v 0.099119 -0.044889 0.076472
v 0.099119 -0.060610 0.076472
v 0.099119 -0.076332 0.076472
v 0.099119 -0.092053 0.076472
v 0.099119 -0.107775 0.076472
v 0.099119 -0.123496 0.076472
v 0.095534 0.096605 0.088291
v 0.095534 0.080883 0.088291
v 0.095534 0.065162 0.088291
v 0.095534 0.049440 0.088291
v 0.095534 0.033719 0.088291
v 0.095534 0.017997 0.088291
v 0.095534 0.002276 0.088291
v 0.095534 -0.013446 0.088291
v 0.095534 -0.029167 0.088291
v 0.095534 -0.044889 0.088291
v 0.095534 -0.060610 0.088291
v 0.095534 -0.076332 0.088291
v 0.095534 -0.092053 0.088291
v 0.095534 -0.107775 0.088291
v 0.095534 -0.123496 0.088291
v 0.089712 0.096605 0.099183
v 0.089712 0.080883 0.099183
v 0.089712 0.065162 0.099183
v 0.089712 0.049440 0.099183
v 0.089712 0.033719 0.099183
v 0.089712 0.017997 0.099183
v 0.089712 0.002276 0.099183
v 0.089712 -0.013446 0.099183
v 0.089712 -0.029167 0.099183
v 0.089712 -0.044889 0.099183
v 0.089712 -0.060610 0.099183
v 0.089712 -0.076332 0.099183
v 0.089712 -0.092053 0.099183
v 0.089712 -0.107775 0.099183
v 0.089712 -0.123496 0.099183
v 0.081877 0.096605 0.108730
v 0.081877 0.080883 0.108730
v 0.081877 0.065162 0.108730
v 0.081877 0.049440 0.108730
v 0.081877 0.033719 0.108730
v 0.081877 0.017997 0.108730
v 0.081877 0.002276 0.108730
v 0.081877 -0.013446 0.108730
v 0.081877 -0.029167 0.108730
v 0.081877 -0.044889 0.108730
v 0.081877 -0.060610 0.108730
v 0.081877 -0.076332 0.108730
v 0.081877 -0.092053 0.108730
v 0.081877 -0.107775 0.108730
v 0.081877 -0.123496 0.108730
v 0.072330 0.096605 0.116564
v 0.072330 0.080883 0.116564
v 0.072330 0.065162 0.116564
v 0.072330 0.049440 0.116564
v 0.072330 0.033719 0.116564
v 0.072330 0.017997 0.116564
v 0.072330 0.002276 0.116564
v 0.072330 -0.013446 0.116564
v 0.072330 -0.029167 0.116564
v 0.072330 -0.044889 0.116564
v 0.072330 -0.060610 0.116564
v 0.072330 -0.076332 0.116564
v 0.072330 -0.092053 0.116564
v 0.072330 -0.107775 0.116564
v 0.072330 -0.123496 0.116564
v 0.061438 0.096605 0.122386
v 0.061438 0.080883 0.122386
v 0.061438 0.065162 0.122386
v 0.061438 0.049440 0.122386
v 0.061438 0.033719 0.122386
v 0.061438 0.017997 0.122386
v 0.061438 0.002276 0.122386
v 0.061438 -0.013446 0.122386
v 0.061438 -0.029167 0.122386
v 0.061438 -0.044889 0.122386
v 0.061438 -0.060610 0.122386
v 0.061438 -0.076332 0.122386
v 0.061438 -0.092053 0.122386
v 0.061438 -0.107775 0.122386
v 0.061438 -0.123496 0.122386
v 0.049620 0.096605 0.125971
v 0.049620 0.080883 0.125971
v 0.049620 0.065162 0.125971
v 0.049620 0.049440 0.125971
v 0.049620 0.033719 0.125971
v 0.049620 0.017997 0.125971
v 0.049620 0.002276 0.125971
v 0.049620 -0.013446 0.125971
v 0.049620 -0.029167 0.125971
v 0.049620 -0.044889 0.125971
v 0.049620 -0.060610 0.125971
v 0.049620 -0.076332 0.125971
v 0.049620 -0.092053 0.125971
v 0.049620 -0.107775 0.125971
v 0.049620 -0.123496 0.125971
v 0.037329 0.096605 0.127182
v 0.037329 0.080883 0.127182
v 0.037329 0.065162 0.127182
v 0.037329 0.049440 0.127182
v 0.037329 0.033719 0.127182
v 0.037329 0.017997 0.127182
v 0.037329 0.002276 0.127182
v 0.037329 -0.013446 0.127182
v 0.037329 -0.029167 0.127182
v 0.037329 -0.044889 0.127182
v 0.037329 -0.060610 0.127182
v 0.037329 -0.076332 0.127182
v 0.037329 -0.092053 0.127182
v 0.037329 -0.107775 0.127182
v 0.037329 -0.123496 0.127182
v 0.025039 0.096605 0.125971
v 0.025039 0.080883 0.125971
v 0.025039 0.065162 0.125971
v 0.025039 0.049440 0.125971
v 0.025039 0.033719 0.125971
v 0.025039 0.017997 0.125971
v 0.025039 0.002276 0.125971
v 0.025039 -0.013446 0.125971
v 0.025039 -0.029167 0.125971
v 0.025039 -0.044889 0.125971
v 0.025039 -0.060610 0.125971
v 0.025039 -0.076332 0.125971
v 0.025039 -0.092053 0.125971
v 0.025039 -0.107775 0.125971
v 0.025039 -0.123496 0.125971
v 0.013220 0.096605 0.122386
v 0.013220 0.080883 0.122386
v 0.013220 0.065162 0.122386
v 0.013220 0.049440 0.122386
v 0.013220 0.033719 0.122386
v 0.013220 0.017997 0.122386
v 0.013220 0.002276 0.122386
v 0.013220 -0.013446 0.122386
v 0.013220 -0.029167 0.122386
v 0.013220 -0.044889 0.122386
v 0.013220 -0.060610 0.122386
v 0.013220 -0.076332 0.122386
v 0.013220 -0.092053 0.122386
v 0.013220 -0.107775 0.122386
v 0.013220 -0.123496 0.122386
v 0.002328 0.096605 0.116564
v 0.002328 0.080883 0.116564
v 0.002328 0.065162 0.116564
v 0.002328 0.049440 0.116564
v 0.002328 0.033719 0.116564
v 0.002328 0.017997 0.116564
v 0.002328 0.002276 0.116564
v 0.002328 -0.013446 0.116564
v 0.002328 -0.029167 0.116564
v 0.002328 -0.044889 0.116564
v 0.002328 -0.060610 0.116564
v 0.002328 -0.076332 0.116564
v 0.002328 -0.092053 0.116564
v 0.002328 -0.107775 0.116564
v 0.002328 -0.123496 0.116564
v -0.007219 0.096605 0.108730
v -0.007219 0.080883 0.108730
v -0.007219 0.065162 0.108730
v -0.007219 0.049440 0.108730
v -0.007219 0.033719 0.108730
v -0.007219 0.017997 0.108730
v -0.007219 0.002276 0.108730
v -0.007219 -0.013446 0.108730
v -0.007219 -0.029167 0.108730
v -0.007219 -0.044889 0.108730
v -0.007219 -0.060610 0.108730
v -0.007219 -0.076332 0.108730
v -0.007219 -0.092053 0.108730
v -0.007219 -0.107775 0.108730
v -0.007219 -0.123496 0.108730
v -0.015053 0.096605 0.099183
v -0.015053 0.080883 0.099183
v -0.015053 0.065162 0.099183
v -0.015053 0.049440 0.099183
v -0.015053 0.033719 0.099183
v -0.015053 0.017997 0.099183
v -0.015053 0.002276 0.099183
v -0.015053 -0.013446 0.099183
v -0.015053 -0.029167 0.099183
v -0.015053 -0.044889 0.099183
v -0.015053 -0.060610 0.099183
v -0.015053 -0.076332 0.099183
v -0.015053 -0.092053 0.099183
v -0.015053 -0.107775 0.099183
v -0.015053 -0.123496 0.099183
v -0.020875 0.096605 0.088291
v -0.020875 0.080883 0.088291
v -0.020875 0.065162 0.088291
v -0.020875 0.049440 0.088291
v -0.020875 0.033719 0.088291
v -0.020875 0.017997 0.088291
v -0.020875 0.002276 0.088291
v -0.020875 -0.013446 0.088291
v -0.020875 -0.029167 0.088291
v -0.020875 -0.044889 0.088291
v -0.020875 -0.060610 0.088291
v -0.020875 -0.076332 0.088291
v -0.020875 -0.092053 0.088291
v -0.020875 -0.107775 0.088291
v -0.020875 -0.123496 0.088291
v -0.024460 0.096605 0.076472
v -0.024460 0.080883 0.076472
v -0.024460 0.065162 0.076472
v -0.024460 0.049440 0.076472
v -0.024460 0.033719 0.076472
v -0.024460 0.017997 0.076472
v -0.024460 0.002276 0.076472
v -0.024460 -0.013446 0.076472
v -0.024460 -0.029167 0.076472
v -0.024460 -0.044889 0.076472
v -0.024460 -0.060610 0.076472
v -0.024460 -0.076332 0.076472
v -0.024460 -0.092053 0.076472
v -0.024460 -0.107775 0.076472
v -0.024460 -0.123496 0.076472
v -0.025671 0.096605 0.064182
v -0.025671 0.080883 0.064182
v -0.025671 0.065162 0.064182
v -0.025671 0.049440 0.064182
v -0.025671 0.033719 0.064182
v -0.025671 0.017997 0.064182
v -0.025671 0.002276 0.064182
v -0.025671 -0.013446 0.064182
v -0.025671 -0.029167 0.064182
v -0.025671 -0.044889 0.064182
v -0.025671 -0.060610 0.064182
v -0.025671 -0.076332 0.064182
v -0.025671 -0.092053 0.064182
v -0.025671 -0.107775 0.064182
v -0.025671 -0.123496 0.064182
v -0.024460 0.096605 0.051891
v -0.024460 0.080883 0.051891
v -0.024460 0.065162 0.051891
v -0.024460 0.049440 0.051891
v -0.024460 0.033719 0.051891
v -0.024460 0.017997 0.051891
v -0.024460 0.002276 0.051891
v -0.024460 -0.013446 0.051891
v -0.024460 -0.029167 0.051891
v -0.024460 -0.044889 0.051891
v -0.024460 -0.060610 0.051891
v -0.024460 -0.076332 0.051891
v -0.024460 -0.092053 0.051891
v -0.024460 -0.107775 0.051891
v -0.024460 -0.123496 0.051891
v -0.020875 0.096605 0.040073
v -0.020875 0.080883 0.040073
v -0.020875 0.065162 0.040073
v -0.020875 0.049440 0.040073
v -0.020875 0.033719 0.040073
v -0.020875 0.017997 0.040073
v -0.020875 0.002276 0.040073
v -0.020875 -0.013446 0.040073
v -0.020875 -0.029167 0.040073
v -0.020875 -0.044889 0.040073
v -0.020875 -0.060610 0.040073
v -0.020875 -0.076332 0.040073
v -0.020875 -0.092053 0.040073
v -0.020875 -0.107775 0.040073
v -0.020875 -0.123496 0.040073
v -0.015053 0.096605 0.029181
v -0.015053 0.080883 0.029181
v -0.015053 0.065162 0.029181
v -0.015053 0.049440 0.029181
v -0.015053 0.033719 0.029181
v -0.015053 0.017997 0.029181
v -0.015053 0.002276 0.029181
v -0.015053 -0.013446 0.029181
v -0.015053 -0.029167 0.029181
v -0.015053 -0.044889 0.029181
v -0.015053 -0.060610 0.029181
v -0.015053 -0.076332 0.029181
v -0.015053 -0.092053 0.029181
v -0.015053 -0.107775 0.029181
v -0.015053 -0.123496 0.029181
v -0.007219 0.096605 0.019634
v -0.007219 0.080883 0.019634
v -0.007219 0.065162 0.019634
v -0.007219 0.049440 0.019634
v -0.007219 0.033719 0.019634
v -0.007219 0.017997 0.019634
v -0.007219 0.002276 0.019634
v -0.007219 -0.013446 0.019634
v -0.007219 -0.029167 0.019634
v -0.007219 -0.044889 0.019634
v -0.007219 -0.060610 0.019634
v -0.007219 -0.076332 0.019634
v -0.007219 -0.092053 0.019634
v -0.007219 -0.107775 0.019634
v -0.007219 -0.123496 0.019634
v 0.002328 0.096605 0.011799
v 0.002328 0.080883 0.011799
v 0.002328 0.065162 0.011799
v 0.002328 0.049440 0.011799
v 0.002328 0.033719 0.011799
v 0.002328 0.017997 0.011799
v 0.002328 0.002276 0.011799
v 0.002328 -0.013446 0.011799
v 0.002328 -0.029167 0.011799
v 0.002328 -0.044889 0.011799
v 0.002328 -0.060610 0.011799
v 0.002328 -0.076332 0.011799
v 0.002328 -0.092053 0.011799
v 0.002328 -0.107775 0.011799
v 0.002328 -0.123496 0.011799
v 0.013220 0.096605 0.005977
v 0.013220 0.080883 0.005977
v 0.013220 0.065162 0.005977
v 0.013220 0.049440 0.005977
v 0.013220 0.033719 0.005977
v 0.013220 0.017997 0.005977
v 0.013220 0.002276 0.005977
v 0.013220 -0.013446 0.005977
v 0.013220 -0.029167 0.005977
v 0.013220 -0.044889 0.005977
v 0.013220 -0.060610 0.005977
v 0.013220 -0.076332 0.005977
v 0.013220 -0.092053 0.005977
v 0.013220 -0.107775 0.005977
v 0.013220 -0.123496 0.005977
v 0.025039 0.096605 0.002392
v 0.025039 0.080883 0.002392
v 0.025039 0.065162 0.002392
v 0.025039 0.049440 0.002392
v 0.025039 0.033719 0.002392
v 0.025039 0.017997 0.002392
v 0.025039 0.002276 0.002392
v 0.025039 -0.013446 0.002392
v 0.025039 -0.029167 0.002392
v 0.025039 -0.044889 0.002392
v 0.025039 -0.060610 0.002392
v 0.025039 -0.076332 0.002392
v 0.025039 -0.092053 0.002392
v 0.025039 -0.107775 0.002392
v 0.025039 -0.123496 0.002392
v 0.037329 -0.139349 -0.127152
v 0.037329 0.112195 -0.077773
v 0.049620 -0.139349 -0.125941
v 0.039987 0.112195 -0.077512
v 0.061438 -0.139349 -0.122356
v 0.042542 0.112195 -0.076736
v 0.072330 -0.139349 -0.116534
v 0.044897 0.112195 -0.075478
v 0.081877 -0.139349 -0.108699
v 0.046961 0.112195 -0.073784
v 0.089712 -0.139349 -0.099153
v 0.048655 0.112195 -0.071719
v 0.095534 -0.139349 -0.088261
v 0.049914 0.112195 -0.069364
v 0.099119 -0.139349 -0.076442
v 0.050689 0.112195 -0.066809
v 0.100329 -0.139349 -0.064152
v 0.050951 0.112195 -0.064152
v 0.099119 -0.139349 -0.051861
v 0.050689 0.112195 -0.061494
v 0.095534 -0.139349 -0.040043
v 0.049914 0.112195 -0.058939
v 0.089712 -0.139349 -0.029151
v 0.048655 0.112195 -0.056584
v 0.081877 -0.139349 -0.019604
v 0.046961 0.112195 -0.054520
v 0.072330 -0.139349 -0.011769
v 0.044897 0.112195 -0.052826
v 0.061438 -0.139349 -0.005947
v 0.042542 0.112195 -0.051567
v 0.049620 -0.139349 -0.002362
v 0.039987 0.112195 -0.050792
v 0.037329 -0.139349 -0.001152
v 0.037329 0.112195 -0.050530
v 0.025039 -0.139349 -0.002362
v 0.034672 0.112195 -0.050792
v 0.013220 -0.139349 -0.005947
v 0.032116 0.112195 -0.051567
v 0.002328 -0.139349 -0.011769
v 0.029761 0.112195 -0.052826
v -0.007219 -0.139349 -0.019604
v 0.027697 0.112195 -0.054520
v -0.015053 -0.139349 -0.029151
v 0.026003 0.112195 -0.056584
v -0.020875 -0.139349 -0.040043
v 0.024744 0.112195 -0.058939
v -0.024460 -0.139349 -0.051861
v 0.023969 0.112195 -0.061494
v -0.025671 -0.139349 -0.064152
v 0.023708 0.112195 -0.064152
v -0.024460 -0.139349 -0.076442
v 0.023969 0.112195 -0.066809
v -0.020875 -0.139349 -0.088261
v 0.024744 0.112195 -0.069364
v -0.015053 -0.139349 -0.099153
v 0.026003 0.112195 -0.071719
v -0.007219 -0.139349 -0.108699
v 0.027697 0.112195 -0.073784
v 0.002328 -0.139349 -0.116534
v 0.029761 0.112195 -0.075478
v 0.013220 -0.139349 -0.122356
v 0.032116 0.112195 -0.076736
v 0.025039 -0.139349 -0.125941
v 0.034672 0.112195 -0.077512
v 0.049620 0.112195 -0.125941
v 0.037329 0.112195 -0.127152
v 0.061438 0.112195 -0.122356
v 0.072330 0.112195 -0.116534
v 0.081877 0.112195 -0.108699
v 0.089712 0.112195 -0.099153
v 0.095534 0.112195 -0.088261
v 0.099119 0.112195 -0.076442
v 0.100329 0.112195 -0.064152
v 0.099119 0.112195 -0.051861
v 0.095534 0.112195 -0.040043
v 0.089712 0.112195 -0.029151
v 0.081877 0.112195 -0.019604
v 0.072330 0.112195 -0.011769
v 0.061438 0.112195 -0.005947
v 0.049620 0.112195 -0.002362
v 0.037329 0.112195 -0.001152
v 0.025039 0.112195 -0.002362
v 0.013220 0.112195 -0.005947
v 0.002328 0.112195 -0.011769
v -0.007219 0.112195 -0.019604
v -0.015053 0.112195 -0.029151
v -0.020875 0.112195 -0.040043
v -0.024460 0.112195 -0.051861
v -0.025671 0.112195 -0.064152
v -0.024460 0.112195 -0.076442
v -0.020875 0.112195 -0.088261
v -0.015053 0.112195 -0.099153
v -0.007219 0.112195 -0.108699
v 0.002328 0.112195 -0.116534
v 0.013220 0.112195 -0.122356
v 0.025039 0.112195 -0.125941
v 0.039753 0.116648 -0.076338
v 0.037329 0.116648 -0.076577
v 0.042084 0.116648 -0.075631
v 0.044232 0.116648 -0.074483
v 0.046115 0.116648 -0.072937
v 0.047660 0.116648 -0.071055
v 0.048808 0.116648 -0.068907
v 0.049516 0.116648 -0.066576
v 0.049754 0.116648 -0.064152
v 0.049516 0.116648 -0.061728
v 0.048808 0.116648 -0.059397
v 0.047660 0.116648 -0.057249
v 0.046115 0.116648 -0.055366
v 0.044232 0.116648 -0.053821
v 0.042084 0.116648 -0.052672
v 0.039753 0.116648 -0.051965
v 0.037329 0.116648 -0.051727
v 0.034905 0.116648 -0.051965
v 0.032574 0.116648 -0.052672
v 0.030426 0.116648 -0.053821
v 0.028543 0.116648 -0.055366
v 0.026998 0.116648 -0.057249
v 0.025850 0.116648 -0.059397
v 0.025143 0.116648 -0.061728
v 0.024904 0.116648 -0.064152
v 0.025143 0.116648 -0.066576
v 0.025850 0.116648 -0.068907
v 0.026998 0.116648 -0.071055
v 0.028543 0.116648 -0.072937
v 0.030426 0.116648 -0.074483
v 0.032574 0.116648 -0.075631
v 0.034905 0.116648 -0.076338
v 0.037329 -0.123496 -0.127152
v 0.037329 -0.107775 -0.127152
v 0.037329 -0.092053 -0.127152
v 0.037329 -0.076332 -0.127152
v 0.037329 -0.060610 -0.127152
v 0.037329 -0.044889 -0.127152
v 0.037329 -0.029167 -0.127152
v 0.037329 -0.013446 -0.127152
v 0.037329 0.002276 -0.127152
v 0.037329 0.017997 -0.127152
v 0.037329 0.033719 -0.127152
v 0.037329 0.049440 -0.127152
v 0.037329 0.065162 -0.127152
v 0.037329 0.080883 -0.127152
v 0.037329 0.096605 -0.127152
v 0.049620 0.096605 -0.125941
v 0.049620 0.080883 -0.125941
v 0.049620 0.065162 -0.125941
v 0.049620 0.049440 -0.125941
v 0.049620 0.033719 -0.125941
v 0.049620 0.017997 -0.125941
v 0.049620 0.002276 -0.125941
v 0.049620 -0.013446 -0.125941
v 0.049620 -0.029167 -0.125941
v 0.049620 -0.044889 -0.125941
v 0.049620 -0.060610 -0.125941
v 0.049620 -0.076332 -0.125941
v 0.049620 -0.092053 -0.125941
v 0.049620 -0.107775 -0.125941
v 0.049620 -0.123496 -0.125941
v 0.061438 0.096605 -0.122356
v 0.061438 0.080883 -0.122356
v 0.061438 0.065162 -0.122356
v 0.061438 0.049440 -0.122356
v 0.061438 0.033719 -0.122356
v 0.061438 0.017997 -0.122356
v 0.061438 0.002276 -0.122356
v 0.061438 -0.013446 -0.122356
v 0.061438 -0.029167 -0.122356
v 0.061438 -0.044889 -0.122356
v 0.061438 -0.060610 -0.122356
v 0.061438 -0.076332 -0.122356
v 0.061438 -0.092053 -0.122356
v 0.061438 -0.107775 -0.122356
v 0.061438 -0.123496 -0.122356
v 0.072330 0.096605 -0.116534
v 0.072330 0.080883 -0.116534
v 0.072330 0.065162 -0.116534
v 0.072330 0.049440 -0.116534
v 0.072330 0.033719 -0.116534
v 0.072330 0.017997 -0.116534
v 0.072330 0.002276 -0.116534
v 0.072330 -0.013446 -0.116534
v 0.072330 -0.029167 -0.116534
v 0.072330 -0.044889 -0.116534
v 0.072330 -0.060610 -0.116534
v 0.072330 -0.076332 -0.116534
v 0.072330 -0.092053 -0.116534
v 0.072330 -0.107775 -0.116534
v 0.072330 -0.123496 -0.116534
v 0.081877 0.096605 -0.108699
v 0.081877 0.080883 -0.108699
v 0.081877 0.065162 -0.108699
v 0.081877 0.049440 -0.108699
v 0.081877 0.033719 -0.108699
v 0.081877 0.017997 -0.108699
v 0.081877 0.002276 -0.108699
v 0.081877 -0.013446 -0.108699
v 0.081877 -0.029167 -0.108699
v 0.081877 -0.044889 -0.108699
v 0.081877 -0.060610 -0.108699
v 0.081877 -0.076332 -0.108699
v 0.081877 -0.092053 -0.108699
v 0.081877 -0.107775 -0.108699
v 0.081877 -0.123496 -0.108699
v 0.089712 0.096605 -0.099153
v 0.089712 0.080883 -0.099153
v 0.089712 0.065162 -0.099153
v 0.089712 0.049440 -0.099153
v 0.089712 0.033719 -0.099153
v 0.089712 0.017997 -0.099153
v 0.089712 0.002276 -0.099153
v 0.089712 -0.013446 -0.099153
v 0.089712 -0.029167 -0.099153
v 0.089712 -0.044889 -0.099153
v 0.089712 -0.060610 -0.099153
v 0.089712 -0.076332 -0.099153
v 0.089712 -0.092053 -0.099153
v 0.089712 -0.107775 -0.099153
v 0.089712 -0.123496 -0.099153
v 0.095534 0.096605 -0.088261
v 0.095534 0.080883 -0.088261
v 0.095534 0.065162 -0.088261
v 0.095534 0.049440 -0.088261
v 0.095534 0.033719 -0.088261
v 0.095534 0.017997 -0.088261
v 0.095534 0.002276 -0.088261
v 0.095534 -0.013446 -0.088261
v 0.095534 -0.029167 -0.088261
v 0.095534 -0.044889 -0.088261
v 0.095534 -0.060610 -0.088261
v 0.095534 -0.076332 -0.088261
v 0.095534 -0.092053 -0.088261
v 0.095534 -0.107775 -0.088261
v 0.095534 -0.123496 -0.088261
v 0.099119 0.096605 -0.076442
v 0.099119 0.080883 -0.076442
v 0.099119 0.065162 -0.076442
v 0.099119 0.049440 -0.076442
v 0.099119 0.033719 -0.076442
v 0.099119 0.017997 -0.076442
v 0.099119 0.002276 -0.076442
v 0.099119 -0.013446 -0.076442
v 0.099119 -0.029167 -0.076442
v 0.099119 -0.044889 -0.076442
v 0.099119 -0.060610 -0.076442
v 0.099119 -0.076332 -0.076442
v 0.099119 -0.092053 -0.076442
v 0.099119 -0.107775 -0.076442
v 0.099119 -0.123496 -0.076442
v 0.100329 0.096605 -0.064152
v 0.100329 0.080883 -0.064152
v 0.100329 0.065162 -0.064152
v 0.100329 0.049440 -0.064152
v 0.100329 0.033719 -0.064152
v 0.100329 0.017997 -0.064152
v 0.100329 0.002276 -0.064152
v 0.100329 -0.013446 -0.064152
v 0.100329 -0.029167 -0.064152
v 0.100329 -0.044889 -0.064152
v 0.100329 -0.060610 -0.064152
v 0.100329 -0.076332 -0.064152
v 0.100329 -0.092053 -0.064152
v 0.100329 -0.107775 -0.064152
v 0.100329 -0.123496 -0.064152
v 0.099119 0.096605 -0.051861
v 0.099119 0.080883 -0.051861
v 0.099119 0.065162 -0.051861
v 0.099119 0.049440 -0.051861
v 0.099119 0.033719 -0.051861
v 0.099119 0.017997 -0.051861
v 0.099119 0.002276 -0.051861
v 0.099119 -0.013446 -0.051861
v 0.099119 -0.029167 -0.051861
v 0.099119 -0.044889 -0.051861
v 0.099119 -0.060610 -0.051861
v 0.099119 -0.076332 -0.051861
v 0.099119 -0.092053 -0.051861
v 0.099119 -0.107775 -0.051861
v 0.099119 -0.123496 -0.051861
v 0.095534 0.096605 -0.040043
v 0.095534 0.080883 -0.040043
v 0.095534 0.065162 -0.040043
v 0.095534 0.049440 -0.040043
v 0.095534 0.033719 -0.040043
v 0.095534 0.017997 -0.040043
v 0.095534 0.002276 -0.040043
v 0.095534 -0.013446 -0.040043
v 0.095534 -0.029167 -0.040043
v 0.095534 -0.044889 -0.040043
v 0.095534 -0.060610 -0.040043
v 0.095534 -0.076332 -0.040043
v 0.095534 -0.092053 -0.040043
v 0.095534 -0.107775 -0.040043
v 0.095534 -0.123496 -0.040043
v 0.089712 0.096605 -0.029151
v 0.089712 0.080883 -0.029151
v 0.089712 0.065162 -0.029151
v 0.089712 0.049440 -0.029151
v 0.089712 0.033719 -0.029151
v 0.089712 0.017997 -0.029151
v 0.089712 0.002276 -0.029151
v 0.089712 -0.013446 -0.029151
v 0.089712 -0.029167 -0.029151
v 0.089712 -0.044889 -0.029151
v 0.089712 -0.060610 -0.029151
v 0.089712 -0.076332 -0.029151
v 0.089712 -0.092053 -0.029151
v 0.089712 -0.107775 -0.029151
v 0.089712 -0.123496 -0.029151
v 0.081877 0.096605 -0.019604
v 0.081877 0.080883 -0.019604
v 0.081877 0.065162 -0.019604
v 0.081877 0.049440 -0.019604
v 0.081877 0.033719 -0.019604
v 0.081877 0.017997 -0.019604
v 0.081877 0.002276 -0.019604
v 0.081877 -0.013446 -0.019604
v 0.081877 -0.029167 -0.019604
v 0.081877 -0.044889 -0.019604
v 0.081877 -0.060610 -0.019604
v 0.081877 -0.076332 -0.019604
v 0.081877 -0.092053 -0.019604
v 0.081877 -0.107775 -0.019604
v 0.081877 -0.123496 -0.019604
v 0.072330 0.096605 -0.011769
v 0.072330 0.080883 -0.011769
v 0.072330 0.065162 -0.011769
v 0.072330 0.049440 -0.011769
v 0.072330 0.033719 -0.011769
v 0.072330 0.017997 -0.011769
v 0.072330 0.002276 -0.011769
v 0.072330 -0.013446 -0.011769
v 0.072330 -0.029167 -0.011769
v 0.072330 -0.044889 -0.011769
v 0.072330 -0.060610 -0.011769
v 0.072330 -0.076332 -0.011769
v 0.072330 -0.092053 -0.011769
v 0.072330 -0.107775 -0.011769
v 0.072330 -0.123496 -0.011769
v 0.061438 0.096605 -0.005947
v 0.061438 0.080883 -0.005947
v 0.061438 0.065162 -0.005947
v 0.061438 0.049440 -0.005947
v 0.061438 0.033719 -0.005947
v 0.061438 0.017997 -0.005947
v 0.061438 0.002276 -0.005947
v 0.061438 -0.013446 -0.005947
v 0.061438 -0.029167 -0.005947
v 0.061438 -0.044889 -0.005947
v 0.061438 -0.060610 -0.005947
v 0.061438 -0.076332 -0.005947
v 0.061438 -0.092053 -0.005947
v 0.061438 -0.107775 -0.005947
v 0.061438 -0.123496 -0.005947
v 0.049620 0.096605 -0.002362
v 0.049620 0.080883 -0.002362
v 0.049620 0.065162 -0.002362
v 0.049620 0.049440 -0.002362
v 0.049620 0.033719 -0.002362
v 0.049620 0.017997 -0.002362
v 0.049620 0.002276 -0.002362
v 0.049620 -0.013446 -0.002362
v 0.049620 -0.029167 -0.002362
v 0.049620 -0.044889 -0.002362
v 0.049620 -0.060610 -0.002362
v 0.049620 -0.076332 -0.002362
v 0.049620 -0.092053 -0.002362
v 0.049620 -0.107775 -0.002362
v 0.049620 -0.123496 -0.002362
v 0.037329 0.096605 -0.001152
v 0.037329 0.080883 -0.001152
v 0.037329 0.065162 -0.001152
v 0.037329 0.049440 -0.001152
v 0.037329 0.033719 -0.001152
v 0.037329 0.017997 -0.001152
v 0.037329 0.002276 -0.001152
v 0.037329 -0.013446 -0.001152
v 0.037329 -0.029167 -0.001152
v 0.037329 -0.044889 -0.001152
v 0.037329 -0.060610 -0.001152
v 0.037329 -0.076332 -0.001152
v 0.037329 -0.092053 -0.001152
v 0.037329 -0.107775 -0.001152
v 0.037329 -0.123496 -0.001152
v 0.025039 0.096605 -0.002362
v 0.025039 0.080883 -0.002362
v 0.025039 0.065162 -0.002362
v 0.025039 0.049440 -0.002362
v 0.025039 0.033719 -0.002362
v 0.025039 0.017997 -0.002362
v 0.025039 0.002276 -0.002362
v 0.025039 -0.013446 -0.002362
v 0.025039 -0.029167 -0.002362
v 0.025039 -0.044889 -0.002362
v 0.025039 -0.060610 -0.002362
v 0.025039 -0.076332 -0.002362
v 0.025039 -0.092053 -0.002362
v 0.025039 -0.107775 -0.002362
v 0.025039 -0.123496 -0.002362
v 0.013220 0.096605 -0.005947
v 0.013220 0.080883 -0.005947
v 0.013220 0.065162 -0.005947
v 0.013220 0.049440 -0.005947
v 0.013220 0.033719 -0.005947
v 0.013220 0.017997 -0.005947
v 0.013220 0.002276 -0.005947
v 0.013220 -0.013446 -0.005947
v 0.013220 -0.029167 -0.005947
v 0.013220 -0.044889 -0.005947
v 0.013220 -0.060610 -0.005947
v 0.013220 -0.076332 -0.005947
v 0.013220 -0.092053 -0.005947
v 0.013220 -0.107775 -0.005947
v 0.013220 -0.123496 -0.005947
v 0.002328 0.096605 -0.011769
v 0.002328 0.080883 -0.011769
v 0.002328 0.065162 -0.011769
v 0.002328 0.049440 -0.011769
v 0.002328 0.033719 -0.011769
v 0.002328 0.017997 -0.011769
v 0.002328 0.002276 -0.011769
v 0.002328 -0.013446 -0.011769
v 0.002328 -0.029167 -0.011769
v 0.002328 -0.044889 -0.011769
v 0.002328 -0.060610 -0.011769
v 0.002328 -0.076332 -0.011769
v 0.002328 -0.092053 -0.011769
v 0.002328 -0.107775 -0.011769
v 0.002328 -0.123496 -0.011769
v -0.007219 0.096605 -0.019604
v -0.007219 0.080883 -0.019604
v -0.007219 0.065162 -0.019604
v -0.007219 0.049440 -0.019604
v -0.007219 0.033719 -0.019604
v -0.007219 0.017997 -0.019604
v -0.007219 0.002276 -0.019604
v -0.007219 -0.013446 -0.019604
v -0.007219 -0.029167 -0.019604
v -0.007219 -0.044889 -0.019604
v -0.007219 -0.060610 -0.019604
v -0.007219 -0.076332 -0.019604
v -0.007219 -0.092053 -0.019604
v -0.007219 -0.107775 -0.019604
v -0.007219 -0.123496 -0.019604
v -0.015053 0.096605 -0.029151
v -0.015053 0.080883 -0.029151
v -0.015053 0.065162 -0.029151
v -0.015053 0.049440 -0.029151
v -0.015053 0.033719 -0.029151
v -0.015053 0.017997 -0.029151
v -0.015053 0.002276 -0.029151
v -0.015053 -0.013446 -0.029151
v -0.015053 -0.029167 -0.029151
v -0.015053 -0.044889 -0.029151
v -0.015053 -0.060610 -0.029151
v -0.015053 -0.076332 -0.029151
v -0.015053 -0.092053 -0.029151
v -0.015053 -0.107775 -0.029151
v -0.015053 -0.123496 -0.029151
v -0.020875 0.096605 -0.040043
v -0.020875 0.080883 -0.040043
v -0.020875 0.065162 -0.040043
v -0.020875 0.049440 -0.040043
v -0.020875 0.033719 -0.040043
v -0.020875 0.017997 -0.040043
v -0.020875 0.002276 -0.040043
v -0.020875 -0.013446 -0.040043
v -0.020875 -0.029167 -0.040043
v -0.020875 -0.044889 -0.040043
v -0.020875 -0.060610 -0.040043
v -0.020875 -0.076332 -0.040043
v -0.020875 -0.092053 -0.040043
v -0.020875 -0.107775 -0.040043
v -0.020875 -0.123496 -0.040043
v -0.024460 0.096605 -0.051861
v -0.024460 0.080883 -0.051861
v -0.024460 0.065162 -0.051861
v -0.024460 0.049440 -0.051861
v -0.024460 0.033719 -0.051861
v -0.024460 0.017997 -0.051861
v -0.024460 0.002276 -0.051861
v -0.024460 -0.013446 -0.051861
v -0.024460 -0.029167 -0.051861
v -0.024460 -0.044889 -0.051861
v -0.024460 -0.060610 -0.051861
v -0.024460 -0.076332 -0.051861
v -0.024460 -0.092053 -0.051861
v -0.024460 -0.107775 -0.051861
v -0.024460 -0.123496 -0.051861
v -0.025671 0.096605 -0.064152
v -0.025671 0.080883 -0.064152
v -0.025671 0.065162 -0.064152
v -0.025671 0.049440 -0.064152
v -0.025671 0.033719 -0.064152
v -0.025671 0.017997 -0.064152
v -0.025671 0.002276 -0.064152
v -0.025671 -0.013446 -0.064152
v -0.025671 -0.029167 -0.064152
v -0.025671 -0.044889 -0.064152
v -0.025671 -0.060610 -0.064152
v -0.025671 -0.076332 -0.064152
v -0.025671 -0.092053 -0.064152
v -0.025671 -0.107775 -0.064152
v -0.025671 -0.123496 -0.064152
v -0.024460 0.096605 -0.076442
v -0.024460 0.080883 -0.076442
v -0.024460 0.065162 -0.076442
v -0.024460 0.049440 -0.076442
v -0.024460 0.033719 -0.076442
v -0.024460 0.017997 -0.076442
v -0.024460 0.002276 -0.076442
v -0.024460 -0.013446 -0.076442
v -0.024460 -0.029167 -0.076442
v -0.024460 -0.044889 -0.076442
v -0.024460 -0.060610 -0.076442
v -0.024460 -0.076332 -0.076442
v -0.024460 -0.092053 -0.076442
v -0.024460 -0.107775 -0.076442
v -0.024460 -0.123496 -0.076442
v -0.020875 0.096605 -0.088261
v -0.020875 0.080883 -0.088261
v -0.020875 0.065162 -0.088261
v -0.020875 0.049440 -0.088261
v -0.020875 0.033719 -0.088261
v -0.020875 0.017997 -0.088261
v -0.020875 0.002276 -0.088261
v -0.020875 -0.013446 -0.088261
v -0.020875 -0.029167 -0.088261
v -0.020875 -0.044889 -0.088261
v -0.020875 -0.060610 -0.088261
v -0.020875 -0.076332 -0.088261
v -0.020875 -0.092053 -0.088261
v -0.020875 -0.107775 -0.088261
v -0.020875 -0.123496 -0.088261
v -0.015053 0.096605 -0.099153
v -0.015053 0.080883 -0.099153
v -0.015053 0.065162 -0.099153
v -0.015053 0.049440 -0.099153
v -0.015053 0.033719 -0.099153
v -0.015053 0.017997 -0.099153
v -0.015053 0.002276 -0.099153
v -0.015053 -0.013446 -0.099153
v -0.015053 -0.029167 -0.099153
v -0.015053 -0.044889 -0.099153
v -0.015053 -0.060610 -0.099153
v -0.015053 -0.076332 -0.099153
v -0.015053 -0.092053 -0.099153
v -0.015053 -0.107775 -0.099153
v -0.015053 -0.123496 -0.099153
v -0.007219 0.096605 -0.108699
v -0.007219 0.080883 -0.108699
v -0.007219 0.065162 -0.108699
v -0.007219 0.049440 -0.108699
v -0.007219 0.033719 -0.108699
v -0.007219 0.017997 -0.108699
v -0.007219 0.002276 -0.108699
v -0.007219 -0.013446 -0.108699
v -0.007219 -0.029167 -0.108699
v -0.007219 -0.044889 -0.108699
v -0.007219 -0.060610 -0.108699
v -0.007219 -0.076332 -0.108699
v -0.007219 -0.092053 -0.108699
v -0.007219 -0.107775 -0.108699
v -0.007219 -0.123496 -0.108699
v 0.002328 0.096605 -0.116534
v 0.002328 0.080883 -0.116534
v 0.002328 0.065162 -0.116534
v 0.002328 0.049440 -0.116534
v 0.002328 0.033719 -0.116534
v 0.002328 0.017997 -0.116534
v 0.002328 0.002276 -0.116534
v 0.002328 -0.013446 -0.116534
v 0.002328 -0.029167 -0.116534
v 0.002328 -0.044889 -0.116534
v 0.002328 -0.060610 -0.116534
v 0.002328 -0.076332 -0.116534
v 0.002328 -0.092053 -0.116534
v 0.002328 -0.107775 -0.116534
v 0.002328 -0.123496 -0.116534
v 0.013220 0.096605 -0.122356
v 0.013220 0.080883 -0.122356
v 0.013220 0.065162 -0.122356
v 0.013220 0.049440 -0.122356
v 0.013220 0.033719 -0.122356
v 0.013220 0.017997 -0.122356
v 0.013220 0.002276 -0.122356
v 0.013220 -0.013446 -0.122356
v 0.013220 -0.029167 -0.122356
v 0.013220 -0.044889 -0.122356
v 0.013220 -0.060610 -0.122356
v 0.013220 -0.076332 -0.122356
v 0.013220 -0.092053 -0.122356
v 0.013220 -0.107775 -0.122356
v 0.013220 -0.123496 -0.122356
v 0.025039 0.096605 -0.125941
v 0.025039 0.080883 -0.125941
v 0.025039 0.065162 -0.125941
v 0.025039 0.049440 -0.125941
v 0.025039 0.033719 -0.125941
v 0.025039 0.017997 -0.125941
v 0.025039 0.002276 -0.125941
v 0.025039 -0.013446 -0.125941
v 0.025039 -0.029167 -0.125941
v 0.025039 -0.044889 -0.125941
v 0.025039 -0.060610 -0.125941
v 0.025039 -0.076332 -0.125941
v 0.025039 -0.092053 -0.125941
v 0.025039 -0.107775 -0.125941
v 0.025039 -0.123496 -0.125941
vn 0.0980 -0.0000 -0.9952
vn 0.2903 -0.0000 -0.9569
vn 0.4714 -0.0000 -0.8819
vn 0.6344 -0.0000 -0.7730
vn 0.7730 -0.0000 -0.6344
vn 0.8819 -0.0000 -0.4714
vn 0.9569 -0.0000 -0.2903
vn 0.9952 -0.0000 -0.0980
vn 0.9952 -0.0000 0.0980
vn 0.9569 -0.0000 0.2903
vn 0.8819 -0.0000 0.4714
vn 0.7730 -0.0000 0.6344
vn 0.6344 -0.0000 0.7730
vn 0.4714 -0.0000 0.8819
vn 0.2903 -0.0000 0.9569
vn 0.0980 -0.0000 0.9952
vn -0.0980 -0.0000 0.9952
vn -0.2903 -0.0000 0.9569
vn -0.4714 -0.0000 0.8819
vn -0.6344 -0.0000 0.7730
vn -0.7730 -0.0000 0.6344
vn -0.8819 -0.0000 0.4714
vn -0.9569 -0.0000 0.2903
vn -0.9952 -0.0000 0.0980
vn -0.9952 -0.0000 -0.0980
vn -0.9569 -0.0000 -0.2903
vn -0.8819 -0.0000 -0.4714
vn -0.7730 -0.0000 -0.6344
vn -0.6344 -0.0000 -0.7730
vn -0.4714 -0.0000 -0.8819
vn -0.9614 0.2584 0.0947
vn -0.2903 -0.0000 -0.9569
vn -0.0980 -0.0000 -0.9952
vn -0.0000 -1.0000 -0.0000
vn -0.0000 1.0000 -0.0000
vn 0.8520 0.2584 0.4554
vn -0.9614 0.2584 -0.0947
vn 0.7468 0.2584 0.6129
vn -0.9245 0.2584 -0.2804
vn 0.6129 0.2584 0.7468
vn -0.8520 0.2584 -0.4554
vn 0.4554 0.2584 0.8520
vn 0.0947 0.2584 -0.9614
vn -0.7468 0.2584 -0.6129
vn 0.2804 0.2584 0.9245
vn 0.2804 0.2584 -0.9245
vn -0.6129 0.2584 -0.7468
vn 0.0947 0.2584 0.9614
vn 0.4554 0.2584 -0.8520
vn -0.4554 0.2584 -0.8520
vn -0.0947 0.2584 0.9614
vn 0.6129 0.2584 -0.7468
vn -0.2804 0.2584 -0.9245
vn -0.2804 0.2584 0.9245
vn 0.7468 0.2584 -0.6129
vn -0.0947 0.2584 -0.9614
vn -0.4554 0.2584 0.8520
vn 0.8520 0.2584 -0.4554
vn -0.6129 0.2584 0.7468
vn 0.9245 0.2584 -0.2804
vn -0.7468 0.2584 0.6129
vn 0.9614 0.2584 -0.0947
vn -0.8520 0.2584 0.4554
vn 0.9614 0.2584 0.0947
vn -0.9245 0.2584 0.2804
vn 0.9245 0.2584 0.2804
vt 0.679980 0.464270
vt 0.679980 0.494663
vt 0.727815 0.494663
vt 0.727815 0.464270
vt 0.773810 0.494663
vt 0.773810 0.464270
vt 0.816200 0.494663
vt 0.816200 0.464270
vt 0.853355 0.494663
vt 0.853355 0.464270
vt 0.632147 0.494663
vt 0.632147 0.464270
vt 0.586151 0.494663
vt 0.586151 0.464270
vt 0.543761 0.494663
vt 0.543761 0.464270
vt 0.506606 0.494663
vt 0.506606 0.464270
vt 0.853355 0.965321
vt 0.853355 0.995714
vt 0.816200 0.995714
vt 0.816200 0.965321
vt 0.773810 0.995714
vt 0.773810 0.965321
vt 0.727815 0.995714
vt 0.727815 0.965321
vt 0.679980 0.995714
vt 0.679980 0.965321
vt 0.632146 0.995714
vt 0.632146 0.965321
vt 0.586151 0.995714
vt 0.586151 0.965321
vt 0.543761 0.995714
vt 0.543761 0.965321
vt 0.506606 0.995714
vt 0.506606 0.965321
vt 0.906371 0.122415
vt 0.895359 0.122415
vt 0.896326 0.131657
vt 0.906371 0.131657
vt 0.249496 0.482309
vt 0.294920 0.477836
vt 0.338598 0.464586
vt 0.378852 0.443070
vt 0.414135 0.414114
vt 0.443091 0.378831
vt 0.464607 0.338577
vt 0.477857 0.294898
vt 0.482331 0.249474
vt 0.477857 0.204051
vt 0.464607 0.160372
vt 0.443091 0.120118
vt 0.414135 0.084835
vt 0.378852 0.055879
vt 0.338598 0.034363
vt 0.294920 0.021113
vt 0.249496 0.016639
vt 0.204072 0.021113
vt 0.160394 0.034363
vt 0.120140 0.055879
vt 0.084857 0.084835
vt 0.055901 0.120118
vt 0.034384 0.160372
vt 0.021135 0.204051
vt 0.016661 0.249474
vt 0.021135 0.294898
vt 0.034384 0.338577
vt 0.055901 0.378831
vt 0.084857 0.414114
vt 0.120140 0.443070
vt 0.160394 0.464586
vt 0.204072 0.477836
vt 0.249496 0.800868
vt 0.259317 0.799901
vt 0.294920 0.978886
vt 0.249496 0.983361
vt 0.268761 0.797036
vt 0.338598 0.965637
vt 0.277465 0.792384
vt 0.378852 0.944121
vt 0.285094 0.786123
vt 0.414135 0.915165
vt 0.291354 0.778494
vt 0.443091 0.879882
vt 0.296006 0.769791
vt 0.464607 0.839628
vt 0.298871 0.760347
vt 0.477857 0.795949
vt 0.299839 0.750525
vt 0.482331 0.750525
vt 0.298871 0.740704
vt 0.477857 0.705102
vt 0.296006 0.731260
vt 0.464607 0.661423
vt 0.291354 0.722557
vt 0.443091 0.621170
vt 0.285094 0.714928
vt 0.414135 0.585886
vt 0.277465 0.708667
vt 0.378852 0.556930
vt 0.268761 0.704015
vt 0.338598 0.535414
vt 0.259317 0.701150
vt 0.294920 0.522164
vt 0.249496 0.700183
vt 0.249496 0.517691
vt 0.239674 0.701150
vt 0.204072 0.522164
vt 0.230230 0.704015
vt 0.160394 0.535414
vt 0.221527 0.708667
vt 0.120140 0.556930
vt 0.213898 0.714928
vt 0.084857 0.585886
vt 0.207637 0.722557
vt 0.055901 0.621170
vt 0.202985 0.731260
vt 0.034384 0.661423
vt 0.200120 0.740704
vt 0.021135 0.705102
vt 0.199153 0.750525
vt 0.016661 0.750525
vt 0.200120 0.760347
vt 0.021135 0.795949
vt 0.202985 0.769791
vt 0.034384 0.839628
vt 0.207637 0.778494
vt 0.055901 0.879882
vt 0.213898 0.786123
vt 0.084857 0.915165
vt 0.221527 0.792384
vt 0.120140 0.944121
vt 0.230230 0.797036
vt 0.160394 0.965637
vt 0.239674 0.799901
vt 0.204072 0.978886
vt 0.926011 0.101100
vt 0.917053 0.101983
vt 0.908094 0.101100
vt 0.899480 0.098487
vt 0.891541 0.094243
vt 0.884582 0.088532
vt 0.878871 0.081574
vt 0.874627 0.073635
vt 0.872014 0.065021
vt 0.871132 0.056062
vt 0.872014 0.047103
vt 0.874627 0.038489
vt 0.878871 0.030550
vt 0.884582 0.023591
vt 0.891541 0.017881
vt 0.899480 0.013637
vt 0.908094 0.011024
vt 0.917053 0.010142
vt 0.926011 0.011024
vt 0.934626 0.013637
vt 0.942564 0.017881
vt 0.949523 0.023591
vt 0.955234 0.030550
vt 0.959478 0.038489
vt 0.962091 0.047103
vt 0.962973 0.056062
vt 0.962091 0.065021
vt 0.959478 0.073635
vt 0.955234 0.081574
vt 0.949523 0.088532
vt 0.942564 0.094243
vt 0.934626 0.098487
vt 0.875012 0.150137
vt 0.884771 0.150137
vt 0.886668 0.159380
vt 0.877767 0.159380
vt 0.917383 0.122415
vt 0.916416 0.131657
vt 0.866459 0.150137
vt 0.869965 0.159380
vt 0.927971 0.122415
vt 0.926074 0.131657
vt 0.937729 0.122415
vt 0.946283 0.122415
vt 0.942777 0.131657
vt 0.934975 0.131657
vt 0.917383 0.150137
vt 0.906371 0.150137
vt 0.906371 0.159380
vt 0.916416 0.159380
vt 0.927971 0.150137
vt 0.926074 0.159380
vt 0.937729 0.150137
vt 0.934975 0.159380
vt 0.946283 0.150137
vt 0.942777 0.159380
vt 0.895359 0.150137
vt 0.896326 0.159380
vt 0.884771 0.122415
vt 0.886668 0.131657
vt 0.875012 0.122415
vt 0.877767 0.131657
vt 0.866459 0.122415
vt 0.869965 0.131657
vt 0.875012 0.122415
vt 0.632147 0.004286
vt 0.632147 0.035190
vt 0.679980 0.035190
vt 0.679980 0.004286
vt 0.632147 0.065838
vt 0.679980 0.065838
vt 0.632147 0.096487
vt 0.679980 0.096487
vt 0.632147 0.127135
vt 0.679980 0.127135
vt 0.632147 0.157784
vt 0.679980 0.157784
vt 0.632147 0.188432
vt 0.679980 0.188432
vt 0.632147 0.219081
vt 0.679980 0.219081
vt 0.632147 0.249730
vt 0.679980 0.249730
vt 0.632147 0.280378
vt 0.679980 0.280378
vt 0.632147 0.311027
vt 0.679980 0.311027
vt 0.632147 0.341675
vt 0.679980 0.341675
vt 0.632147 0.372324
vt 0.679980 0.372324
vt 0.632147 0.402973
vt 0.679980 0.402973
vt 0.632147 0.433621
vt 0.679980 0.433621
vt 0.586151 0.004286
vt 0.586151 0.035190
vt 0.586151 0.065838
vt 0.586151 0.096487
vt 0.586151 0.127135
vt 0.586151 0.157784
vt 0.586151 0.188432
vt 0.586151 0.219081
vt 0.586151 0.249730
vt 0.586151 0.280378
vt 0.586151 0.311027
vt 0.586151 0.341675
vt 0.586151 0.372324
vt 0.586151 0.402973
vt 0.586151 0.433621
vt 0.543761 0.004286
vt 0.543761 0.035190
vt 0.543761 0.065838
vt 0.543761 0.096487
vt 0.543761 0.127135
vt 0.543761 0.157784
vt 0.543761 0.188432
vt 0.543761 0.219081
vt 0.543761 0.249730
vt 0.543761 0.280378
vt 0.543761 0.311027
vt 0.543761 0.341675
vt 0.543761 0.372324
vt 0.543761 0.402973
vt 0.543761 0.433621
vt 0.506606 0.004286
vt 0.506606 0.035190
vt 0.506606 0.065838
vt 0.506606 0.096487
vt 0.506606 0.127135
vt 0.506606 0.157784
vt 0.506606 0.188432
vt 0.506606 0.219081
vt 0.506606 0.249730
vt 0.506606 0.280378
vt 0.506606 0.311027
vt 0.506606 0.341676
vt 0.506606 0.372324
vt 0.506606 0.402973
vt 0.506606 0.433621
vt 0.816200 0.505336
vt 0.816200 0.536241
vt 0.853355 0.536241
vt 0.853355 0.505336
vt 0.816200 0.566889
vt 0.853355 0.566889
vt 0.816200 0.597538
vt 0.853355 0.597538
vt 0.816200 0.628187
vt 0.853355 0.628187
vt 0.816200 0.658835
vt 0.853355 0.658835
vt 0.816200 0.689484
vt 0.853355 0.689484
vt 0.816200 0.720132
vt 0.853355 0.720132
vt 0.816200 0.750781
vt 0.853355 0.750781
vt 0.816200 0.781430
vt 0.853355 0.781430
vt 0.816200 0.812078
vt 0.853355 0.812078
vt 0.816200 0.842727
vt 0.853355 0.842727
vt 0.816200 0.873375
vt 0.853355 0.873375
vt 0.816200 0.904024
vt 0.853355 0.904024
vt 0.816200 0.934673
vt 0.853355 0.934673
vt 0.773810 0.505336
vt 0.773810 0.536241
vt 0.773810 0.566889
vt 0.773810 0.597538
vt 0.773810 0.628187
vt 0.773810 0.658835
vt 0.773810 0.689484
vt 0.773810 0.720132
vt 0.773810 0.750781
vt 0.773810 0.781430
vt 0.773810 0.812078
vt 0.773810 0.842727
vt 0.773810 0.873375
vt 0.773810 0.904024
vt 0.773810 0.934673
vt 0.727815 0.505336
vt 0.727815 0.536241
vt 0.727815 0.566889
vt 0.727815 0.597538
vt 0.727815 0.628187
vt 0.727815 0.658835
vt 0.727815 0.689484
vt 0.727815 0.720132
vt 0.727815 0.750781
vt 0.727815 0.781430
vt 0.727815 0.812078
vt 0.727815 0.842727
vt 0.727815 0.873375
vt 0.727815 0.904024
vt 0.727815 0.934673
vt 0.679980 0.505336
vt 0.679980 0.536241
vt 0.679980 0.566889
vt 0.679980 0.597538
vt 0.679980 0.628187
vt 0.679980 0.658835
vt 0.679980 0.689484
vt 0.679980 0.720132
vt 0.679980 0.750781
vt 0.679980 0.781430
vt 0.679980 0.812078
vt 0.679980 0.842727
vt 0.679980 0.873375
vt 0.679980 0.904024
vt 0.679980 0.934673
vt 0.632146 0.505336
vt 0.632146 0.536241
vt 0.632146 0.566889
vt 0.632146 0.597538
vt 0.632146 0.628187
vt 0.632146 0.658835
vt 0.632146 0.689484
vt 0.632146 0.720132
vt 0.632146 0.750781
vt 0.632146 0.781430
vt 0.632146 0.812078
vt 0.632146 0.842727
vt 0.632146 0.873375
vt 0.632146 0.904024
vt 0.632146 0.934673
vt 0.586151 0.505336
vt 0.586151 0.536241
vt 0.586151 0.566889
vt 0.586151 0.597538
vt 0.586151 0.628187
vt 0.586151 0.658835
vt 0.586151 0.689484
vt 0.586151 0.720132
vt 0.586151 0.750781
vt 0.586151 0.781430
vt 0.586151 0.812078
vt 0.586151 0.842727
vt 0.586151 0.873375
vt 0.586151 0.904024
vt 0.586151 0.934673
vt 0.543761 0.505336
vt 0.543761 0.536241
vt 0.543761 0.566889
vt 0.543761 0.597538
vt 0.543761 0.628187
vt 0.543761 0.658835
vt 0.543761 0.689484
vt 0.543761 0.720132
vt 0.543761 0.750781
vt 0.543761 0.781430
vt 0.543761 0.812078
vt 0.543761 0.842727
vt 0.543761 0.873375
vt 0.543761 0.904024
vt 0.543761 0.934673
vt 0.506606 0.505336
vt 0.506606 0.536241
vt 0.506606 0.566889
vt 0.506606 0.597538
vt 0.506606 0.628187
vt 0.506606 0.658835
vt 0.506606 0.689484
vt 0.506606 0.720132
vt 0.506606 0.750781
vt 0.506606 0.781430
vt 0.506606 0.812078
vt 0.506606 0.842727
vt 0.506606 0.873375
vt 0.506606 0.904024
vt 0.506606 0.934673
vt 0.727815 0.004286
vt 0.727815 0.035190
vt 0.727815 0.065838
vt 0.727815 0.096487
vt 0.727815 0.127135
vt 0.727815 0.157784
vt 0.727815 0.188432
vt 0.727815 0.219081
vt 0.727815 0.249730
vt 0.727815 0.280378
vt 0.727815 0.311027
vt 0.727815 0.341675
vt 0.727815 0.372324
vt 0.727815 0.402973
vt 0.727815 0.433621
vt 0.773810 0.004286
vt 0.773810 0.035190
vt 0.773810 0.065838
vt 0.773810 0.096487
vt 0.773810 0.127135
vt 0.773810 0.157784
vt 0.773810 0.188432
vt 0.773810 0.219081
vt 0.773810 0.249730
vt 0.773810 0.280378
vt 0.773810 0.311027
vt 0.773810 0.341675
vt 0.773810 0.372324
vt 0.773810 0.402973
vt 0.773810 0.433621
vt 0.816200 0.004286
vt 0.816200 0.035190
vt 0.816200 0.065838
vt 0.816200 0.096487
vt 0.816200 0.127135
vt 0.816200 0.157784
vt 0.816200 0.188432
vt 0.816200 0.219081
vt 0.816200 0.249730
vt 0.816200 0.280378
vt 0.816200 0.311027
vt 0.816200 0.341675
vt 0.816200 0.372324
vt 0.816200 0.402973
vt 0.816200 0.433621
vt 0.853355 0.004286
vt 0.853355 0.035190
vt 0.853355 0.065838
vt 0.853355 0.096487
vt 0.853355 0.127135
vt 0.853355 0.157784
vt 0.853355 0.188432
vt 0.853355 0.219081
vt 0.853355 0.249730
vt 0.853355 0.280378
vt 0.853355 0.311027
vt 0.853355 0.341675
vt 0.853355 0.372324
vt 0.853355 0.402973
vt 0.853355 0.433621
s 0
g Batteries_Battery
usemtl Battery
f 143/1/1 66/2/1 65/3/1 144/4/1
f 144/4/2 65/3/2 67/5/2 159/6/2
f 159/6/3 67/5/3 68/7/3 174/8/3
f 174/8/4 68/7/4 69/9/4 189/10/4
f 189/10/5 69/9/5 70/7/5 204/8/5
f 204/8/6 70/7/6 71/5/6 219/6/6
f 219/6/7 71/5/7 72/3/7 234/4/7
f 234/4/8 72/3/8 73/2/8 249/1/8
f 249/1/9 73/2/9 74/11/9 264/12/9
f 264/12/10 74/11/10 75/13/10 279/14/10
f 279/14/11 75/13/11 76/15/11 294/16/11
f 294/16/12 76/15/12 77/17/12 309/18/12
f 309/19/13 77/20/13 78/21/13 324/22/13
f 324/22/14 78/21/14 79/23/14 339/24/14
f 339/24/15 79/23/15 80/25/15 354/26/15
f 354/26/16 80/25/16 81/27/16 369/28/16
f 369/28/17 81/27/17 82/29/17 384/30/17
f 384/30/18 82/29/18 83/31/18 399/32/18
f 399/32/19 83/31/19 84/33/19 414/34/19
f 414/34/20 84/33/20 85/35/20 429/36/20
f 429/36/21 85/35/21 86/33/21 444/34/21
f 444/34/22 86/33/22 87/31/22 459/32/22
f 459/32/23 87/31/23 88/29/23 474/30/23
f 474/30/24 88/29/24 89/27/24 489/28/24
f 489/28/25 89/27/25 90/25/25 504/26/25
f 504/26/26 90/25/26 91/23/26 519/24/26
f 519/24/27 91/23/27 92/21/27 534/22/27
f 534/22/28 92/21/28 93/20/28 549/19/28
f 549/18/29 93/17/29 94/15/29 564/16/29
f 564/16/30 94/15/30 95/13/30 579/14/30
f 50/37/31 48/38/31 120/39/31 121/40/31
f 579/14/32 95/13/32 96/11/32 594/12/32
f 594/12/33 96/11/33 66/2/33 143/1/33
f 1/41/34 3/42/34 5/43/34 7/44/34 9/45/34 11/46/34 13/47/34 15/48/34 17/49/34 19/50/34 21/51/34 23/52/34 25/53/34 27/54/34 29/55/34 31/56/34 33/57/34 35/58/34 37/59/34 39/60/34 41/61/34 43/62/34 45/63/34 47/64/34 49/65/34 51/66/34 53/67/34 55/68/34 57/69/34 59/70/34 61/71/34 63/72/34
f 2/73/35 4/74/35 65/75/35 66/76/35
f 4/74/35 6/77/35 67/78/35 65/75/35
f 6/77/35 8/79/35 68/80/35 67/78/35
f 8/79/35 10/81/35 69/82/35 68/80/35
f 10/81/35 12/83/35 70/84/35 69/82/35
f 12/83/35 14/85/35 71/86/35 70/84/35
f 14/85/35 16/87/35 72/88/35 71/86/35
f 16/87/35 18/89/35 73/90/35 72/88/35
f 18/89/35 20/91/35 74/92/35 73/90/35
f 20/91/35 22/93/35 75/94/35 74/92/35
f 22/93/35 24/95/35 76/96/35 75/94/35
f 24/95/35 26/97/35 77/98/35 76/96/35
f 26/97/35 28/99/35 78/100/35 77/98/35
f 28/99/35 30/101/35 79/102/35 78/100/35
f 30/101/35 32/103/35 80/104/35 79/102/35
f 32/103/35 34/105/35 81/106/35 80/104/35
f 34/105/35 36/107/35 82/108/35 81/106/35
f 36/107/35 38/109/35 83/110/35 82/108/35
f 38/109/35 40/111/35 84/112/35 83/110/35
f 40/111/35 42/113/35 85/114/35 84/112/35
f 42/113/35 44/115/35 86/116/35 85/114/35
f 44/115/35 46/117/35 87/118/35 86/116/35
f 46/117/35 48/119/35 88/120/35 87/118/35
f 48/119/35 50/121/35 89/122/35 88/120/35
f 50/121/35 52/123/35 90/124/35 89/122/35
f 52/123/35 54/125/35 91/126/35 90/124/35
f 54/125/35 56/127/35 92/128/35 91/126/35
f 56/127/35 58/129/35 93/130/35 92/128/35
f 58/129/35 60/131/35 94/132/35 93/130/35
f 60/131/35 62/133/35 95/134/35 94/132/35
f 62/133/35 64/135/35 96/136/35 95/134/35
f 64/135/35 2/73/35 66/76/35 96/136/35
f 97/137/35 98/138/35 128/139/35 127/140/35 126/141/35 125/142/35 124/143/35 123/144/35 122/145/35 121/146/35 120/147/35 119/148/35 118/149/35 117/150/35 116/151/35 115/152/35 114/153/35 113/154/35 112/155/35 111/156/35 110/157/35 109/158/35 108/159/35 107/160/35 106/161/35 105/162/35 104/163/35 103/164/35 102/165/35 101/166/35 100/167/35 99/168/35
f 24/169/36 22/170/36 107/171/36 108/172/36
f 52/173/37 50/37/37 121/40/37 122/174/37
f 26/175/38 24/169/38 108/172/38 109/176/38
f 54/177/39 52/173/39 122/174/39 123/178/39
f 28/179/40 26/180/40 109/181/40 110/182/40
f 56/179/41 54/177/41 123/178/41 124/182/41
f 30/177/42 28/179/42 110/182/42 111/178/42
f 4/183/43 2/184/43 98/185/43 97/186/43
f 58/180/44 56/179/44 124/182/44 125/181/44
f 32/173/45 30/177/45 111/178/45 112/174/45
f 6/187/46 4/183/46 97/186/46 99/188/46
f 60/169/47 58/175/47 125/176/47 126/172/47
f 34/37/48 32/173/48 112/174/48 113/40/48
f 8/189/49 6/187/49 99/188/49 100/190/49
f 62/170/50 60/169/50 126/172/50 127/171/50
f 36/38/51 34/37/51 113/40/51 114/39/51
f 10/191/52 8/189/52 100/190/52 101/192/52
f 64/193/53 62/170/53 127/171/53 128/194/53
f 38/195/54 36/38/54 114/39/54 115/196/54
f 12/189/55 10/191/55 101/192/55 102/190/55
f 2/184/56 64/193/56 128/194/56 98/185/56
f 40/197/57 38/195/57 115/196/57 116/198/57
f 14/187/58 12/189/58 102/190/58 103/188/58
f 42/199/59 40/197/59 116/198/59 117/200/59
f 16/183/60 14/187/60 103/188/60 104/186/60
f 44/201/61 42/199/61 117/200/61 118/198/61
f 18/184/62 16/183/62 104/186/62 105/185/62
f 46/195/63 44/201/63 118/198/63 119/196/63
f 20/193/64 18/184/64 105/185/64 106/194/64
f 48/38/65 46/195/65 119/196/65 120/39/65
f 22/170/66 20/193/66 106/194/66 107/171/66
f 63/202/33 608/203/33 129/204/33 1/205/33
f 608/203/33 607/206/33 130/207/33 129/204/33
f 607/206/33 606/208/33 131/209/33 130/207/33
f 606/208/33 605/210/33 132/211/33 131/209/33
f 605/210/33 604/212/33 133/213/33 132/211/33
f 604/212/33 603/214/33 134/215/33 133/213/33
f 603/214/33 602/216/33 135/217/33 134/215/33
f 602/216/33 601/218/33 136/219/33 135/217/33
f 601/218/33 600/220/33 137/221/33 136/219/33
f 600/220/33 599/222/33 138/223/33 137/221/33
f 599/222/33 598/224/33 139/225/33 138/223/33
f 598/224/33 597/226/33 140/227/33 139/225/33
f 597/226/33 596/228/33 141/229/33 140/227/33
f 596/228/33 595/230/33 142/231/33 141/229/33
f 595/230/33 594/12/33 143/1/33 142/231/33
f 61/232/32 593/233/32 608/203/32 63/202/32
f 593/233/32 592/234/32 607/206/32 608/203/32
f 592/234/32 591/235/32 606/208/32 607/206/32
f 591/235/32 590/236/32 605/210/32 606/208/32
f 590/236/32 589/237/32 604/212/32 605/210/32
f 589/237/32 588/238/32 603/214/32 604/212/32
f 588/238/32 587/239/32 602/216/32 603/214/32
f 587/239/32 586/240/32 601/218/32 602/216/32
f 586/240/32 585/241/32 600/220/32 601/218/32
f 585/241/32 584/242/32 599/222/32 600/220/32
f 584/242/32 583/243/32 598/224/32 599/222/32
f 583/243/32 582/244/32 597/226/32 598/224/32
f 582/244/32 581/245/32 596/228/32 597/226/32
f 581/245/32 580/246/32 595/230/32 596/228/32
f 580/246/32 579/14/32 594/12/32 595/230/32
f 59/247/30 578/248/30 593/233/30 61/232/30
f 578/248/30 577/249/30 592/234/30 593/233/30
f 577/249/30 576/250/30 591/235/30 592/234/30
f 576/250/30 575/251/30 590/236/30 591/235/30
f 575/251/30 574/252/30 589/237/30 590/236/30
f 574/252/30 573/253/30 588/238/30 589/237/30
f 573/253/30 572/254/30 587/239/30 588/238/30
f 572/254/30 571/255/30 586/240/30 587/239/30
f 571/255/30 570/256/30 585/241/30 586/240/30
f 570/256/30 569/257/30 584/242/30 585/241/30
f 569/257/30 568/258/30 583/243/30 584/242/30
f 568/258/30 567/259/30 582/244/30 583/243/30
f 567/259/30 566/260/30 581/245/30 582/244/30
f 566/260/30 565/261/30 580/246/30 581/245/30
f 565/261/30 564/16/30 579/14/30 580/246/30
f 57/262/29 563/263/29 578/248/29 59/247/29
f 563/263/29 562/264/29 577/249/29 578/248/29
f 562/264/29 561/265/29 576/250/29 577/249/29
f 561/265/29 560/266/29 575/251/29 576/250/29
f 560/266/29 559/267/29 574/252/29 575/251/29
f 559/267/29 558/268/29 573/253/29 574/252/29
f 558/268/29 557/269/29 572/254/29 573/253/29
f 557/269/29 556/270/29 571/255/29 572/254/29
f 556/270/29 555/271/29 570/256/29 571/255/29
f 555/271/29 554/272/29 569/257/29 570/256/29
f 554/272/29 553/273/29 568/258/29 569/257/29
f 553/273/29 552/274/29 567/259/29 568/258/29
f 552/274/29 551/275/29 566/260/29 567/259/29
f 551/275/29 550/276/29 565/261/29 566/260/29
f 550/276/29 549/18/29 564/16/29 565/261/29
f 55/277/28 548/278/28 563/279/28 57/280/28
f 548/278/28 547/281/28 562/282/28 563/279/28
f 547/281/28 546/283/28 561/284/28 562/282/28
f 546/283/28 545/285/28 560/286/28 561/284/28
f 545/285/28 544/287/28 559/288/28 560/286/28
f 544/287/28 543/289/28 558/290/28 559/288/28
f 543/289/28 542/291/28 557/292/28 558/290/28
f 542/291/28 541/293/28 556/294/28 557/292/28
f 541/293/28 540/295/28 555/296/28 556/294/28
f 540/295/28 539/297/28 554/298/28 555/296/28
f 539/297/28 538/299/28 553/300/28 554/298/28
f 538/299/28 537/301/28 552/302/28 553/300/28
f 537/301/28 536/303/28 551/304/28 552/302/28
f 536/303/28 535/305/28 550/306/28 551/304/28
f 535/305/28 534/22/28 549/19/28 550/306/28
f 53/307/27 533/308/27 548/278/27 55/277/27
f 533/308/27 532/309/27 547/281/27 548/278/27
f 532/309/27 531/310/27 546/283/27 547/281/27
f 531/310/27 530/311/27 545/285/27 546/283/27
f 530/311/27 529/312/27 544/287/27 545/285/27
f 529/312/27 528/313/27 543/289/27 544/287/27
f 528/313/27 527/314/27 542/291/27 543/289/27
f 527/314/27 526/315/27 541/293/27 542/291/27
f 526/315/27 525/316/27 540/295/27 541/293/27
f 525/316/27 524/317/27 539/297/27 540/295/27
f 524/317/27 523/318/27 538/299/27 539/297/27
f 523/318/27 522/319/27 537/301/27 538/299/27
f 522/319/27 521/320/27 536/303/27 537/301/27
f 521/320/27 520/321/27 535/305/27 536/303/27
f 520/321/27 519/24/27 534/22/27 535/305/27
f 51/322/26 518/323/26 533/308/26 53/307/26
f 518/323/26 517/324/26 532/309/26 533/308/26
f 517/324/26 516/325/26 531/310/26 532/309/26
f 516/325/26 515/326/26 530/311/26 531/310/26
f 515/326/26 514/327/26 529/312/26 530/311/26
f 514/327/26 513/328/26 528/313/26 529/312/26
f 513/328/26 512/329/26 527/314/26 528/313/26
f 512/329/26 511/330/26 526/315/26 527/314/26
f 511/330/26 510/331/26 525/316/26 526/315/26
f 510/331/26 509/332/26 524/317/26 525/316/26
f 509/332/26 508/333/26 523/318/26 524/317/26
f 508/333/26 507/334/26 522/319/26 523/318/26
f 507/334/26 506/335/26 521/320/26 522/319/26
f 506/335/26 505/336/26 520/321/26 521/320/26
f 505/336/26 504/26/26 519/24/26 520/321/26
f 49/337/25 503/338/25 518/323/25 51/322/25
f 503/338/25 502/339/25 517/324/25 518/323/25
f 502/339/25 501/340/25 516/325/25 517/324/25
f 501/340/25 500/341/25 515/326/25 516/325/25
f 500/341/25 499/342/25 514/327/25 515/326/25
f 499/342/25 498/343/25 513/328/25 514/327/25
f 498/343/25 497/344/25 512/329/25 513/328/25
f 497/344/25 496/345/25 511/330/25 512/329/25
f 496/345/25 495/346/25 510/331/25 511/330/25
f 495/346/25 494/347/25 509/332/25 510/331/25
f 494/347/25 493/348/25 508/333/25 509/332/25
f 493/348/25 492/349/25 507/334/25 508/333/25
f 492/349/25 491/350/25 506/335/25 507/334/25
f 491/350/25 490/351/25 505/336/25 506/335/25
f 490/351/25 489/28/25 504/26/25 505/336/25
f 47/352/24 488/353/24 503/338/24 49/337/24
f 488/353/24 487/354/24 502/339/24 503/338/24
f 487/354/24 486/355/24 501/340/24 502/339/24
f 486/355/24 485/356/24 500/341/24 501/340/24
f 485/356/24 484/357/24 499/342/24 500/341/24
f 484/357/24 483/358/24 498/343/24 499/342/24
f 483/358/24 482/359/24 497/344/24 498/343/24
f 482/359/24 481/360/24 496/345/24 497/344/24
f 481/360/24 480/361/24 495/346/24 496/345/24
f 480/361/24 479/362/24 494/347/24 495/346/24
f 479/362/24 478/363/24 493/348/24 494/347/24
f 478/363/24 477/364/24 492/349/24 493/348/24
f 477/364/24 476/365/24 491/350/24 492/349/24
f 476/365/24 475/366/24 490/351/24 491/350/24
f 475/366/24 474/30/24 489/28/24 490/351/24
f 45/367/23 473/368/23 488/353/23 47/352/23
f 473/368/23 472/369/23 487/354/23 488/353/23
f 472/369/23 471/370/23 486/355/23 487/354/23
f 471/370/23 470/371/23 485/356/23 486/355/23
f 470/371/23 469/372/23 484/357/23 485/356/23
f 469/372/23 468/373/23 483/358/23 484/357/23
f 468/373/23 467/374/23 482/359/23 483/358/23
f 467/374/23 466/375/23 481/360/23 482/359/23
f 466/375/23 465/376/23 480/361/23 481/360/23
f 465/376/23 464/377/23 479/362/23 480/361/23
f 464/377/23 463/378/23 478/363/23 479/362/23
f 463/378/23 462/379/23 477/364/23 478/363/23
f 462/379/23 461/380/23 476/365/23 477/364/23
f 461/380/23 460/381/23 475/366/23 476/365/23
f 460/381/23 459/32/23 474/30/23 475/366/23
f 43/382/22 458/383/22 473/368/22 45/367/22
f 458/383/22 457/384/22 472/369/22 473/368/22
f 457/384/22 456/385/22 471/370/22 472/369/22
f 456/385/22 455/386/22 470/371/22 471/370/22
f 455/386/22 454/387/22 469/372/22 470/371/22
f 454/387/22 453/388/22 468/373/22 469/372/22
f 453/388/22 452/389/22 467/374/22 468/373/22
f 452/389/22 451/390/22 466/375/22 467/374/22
f 451/390/22 450/391/22 465/376/22 466/375/22
f 450/391/22 449/392/22 464/377/22 465/376/22
f 449/392/22 448/393/22 463/378/22 464/377/22
f 448/393/22 447/394/22 462/379/22 463/378/22
f 447/394/22 446/395/22 461/380/22 462/379/22
f 446/395/22 445/396/22 460/381/22 461/380/22
f 445/396/22 444/34/22 459/32/22 460/381/22
f 41/397/21 443/398/21 458/383/21 43/382/21
f 443/398/21 442/399/21 457/384/21 458/383/21
f 442/399/21 441/400/21 456/385/21 457/384/21
f 441/400/21 440/401/21 455/386/21 456/385/21
f 440/401/21 439/402/21 454/387/21 455/386/21
f 439/402/21 438/403/21 453/388/21 454/387/21
f 438/403/21 437/404/21 452/389/21 453/388/21
f 437/404/21 436/405/21 451/390/21 452/389/21
f 436/405/21 435/406/21 450/391/21 451/390/21
f 435/406/21 434/407/21 449/392/21 450/391/21
f 434/407/21 433/408/21 448/393/21 449/392/21
f 433/408/21 432/409/21 447/394/21 448/393/21
f 432/409/21 431/410/21 446/395/21 447/394/21
f 431/410/21 430/411/21 445/396/21 446/395/21
f 430/411/21 429/36/21 444/34/21 445/396/21
f 39/382/20 428/383/20 443/398/20 41/397/20
f 428/383/20 427/384/20 442/399/20 443/398/20
f 427/384/20 426/385/20 441/400/20 442/399/20
f 426/385/20 425/386/20 440/401/20 441/400/20
f 425/386/20 424/387/20 439/402/20 440/401/20
f 424/387/20 423/388/20 438/403/20 439/402/20
f 423/388/20 422/389/20 437/404/20 438/403/20
f 422/389/20 421/390/20 436/405/20 437/404/20
f 421/390/20 420/391/20 435/406/20 436/405/20
f 420/391/20 419/392/20 434/407/20 435/406/20
f 419/392/20 418/393/20 433/408/20 434/407/20
f 418/393/20 417/394/20 432/409/20 433/408/20
f 417/394/20 416/395/20 431/410/20 432/409/20
f 416/395/20 415/396/20 430/411/20 431/410/20
f 415/396/20 414/34/20 429/36/20 430/411/20
f 37/367/19 413/368/19 428/383/19 39/382/19
f 413/368/19 412/369/19 427/384/19 428/383/19
f 412/369/19 411/370/19 426/385/19 427/384/19
f 411/370/19 410/371/19 425/386/19 426/385/19
f 410/371/19 409/372/19 424/387/19 425/386/19
f 409/372/19 408/373/19 423/388/19 424/387/19
f 408/373/19 407/374/19 422/389/19 423/388/19
f 407/374/19 406/375/19 421/390/19 422/389/19
f 406/375/19 405/376/19 420/391/19 421/390/19
f 405/376/19 404/377/19 419/392/19 420/391/19
f 404/377/19 403/378/19 418/393/19 419/392/19
f 403/378/19 402/379/19 417/394/19 418/393/19
f 402/379/19 401/380/19 416/395/19 417/394/19
f 401/380/19 400/381/19 415/396/19 416/395/19
f 400/381/19 399/32/19 414/34/19 415/396/19
f 35/352/18 398/353/18 413/368/18 37/367/18
f 398/353/18 397/354/18 412/369/18 413/368/18
f 397/354/18 396/355/18 411/370/18 412/369/18
f 396/355/18 395/356/18 410/371/18 411/370/18
f 395/356/18 394/357/18 409/372/18 410/371/18
f 394/357/18 393/358/18 408/373/18 409/372/18
f 393/358/18 392/359/18 407/374/18 408/373/18
f 392/359/18 391/360/18 406/375/18 407/374/18
f 391/360/18 390/361/18 405/376/18 406/375/18
f 390/361/18 389/362/18 404/377/18 405/376/18
f 389/362/18 388/363/18 403/378/18 404/377/18
f 388/363/18 387/364/18 402/379/18 403/378/18
f 387/364/18 386/365/18 401/380/18 402/379/18
f 386/365/18 385/366/18 400/381/18 401/380/18
f 385/366/18 384/30/18 399/32/18 400/381/18
f 33/337/17 383/338/17 398/353/17 35/352/17
f 383/338/17 382/339/17 397/354/17 398/353/17
f 382/339/17 381/340/17 396/355/17 397/354/17
f 381/340/17 380/341/17 395/356/17 396/355/17
f 380/341/17 379/342/17 394/357/17 395/356/17
f 379/342/17 378/343/17 393/358/17 394/357/17
f 378/343/17 377/344/17 392/359/17 393/358/17
f 377/344/17 376/345/17 391/360/17 392/359/17
f 376/345/17 375/346/17 390/361/17 391/360/17
f 375/346/17 374/347/17 389/362/17 390/361/17
f 374/347/17 373/348/17 388/363/17 389/362/17
f 373/348/17 372/349/17 387/364/17 388/363/17
f 372/349/17 371/350/17 386/365/17 387/364/17
f 371/350/17 370/351/17 385/366/17 386/365/17
f 370/351/17 369/28/17 384/30/17 385/366/17
f 31/322/16 368/323/16 383/338/16 33/337/16
f 368/323/16 367/324/16 382/339/16 383/338/16
f 367/324/16 366/325/16 381/340/16 382/339/16
f 366/325/16 365/326/16 380/341/16 381/340/16
f 365/326/16 364/327/16 379/342/16 380/341/16
f 364/327/16 363/328/16 378/343/16 379/342/16
f 363/328/16 362/329/16 377/344/16 378/343/16
f 362/329/16 361/330/16 376/345/16 377/344/16
f 361/330/16 360/331/16 375/346/16 376/345/16
f 360/331/16 359/332/16 374/347/16 375/346/16
f 359/332/16 358/333/16 373/348/16 374/347/16
f 358/333/16 357/334/16 372/349/16 373/348/16
f 357/334/16 356/335/16 371/350/16 372/349/16
f 356/335/16 355/336/16 370/351/16 371/350/16
f 355/336/16 354/26/16 369/28/16 370/351/16
f 29/307/15 353/308/15 368/323/15 31/322/15
f 353/308/15 352/309/15 367/324/15 368/323/15
f 352/309/15 351/310/15 366/325/15 367/324/15
f 351/310/15 350/311/15 365/326/15 366/325/15
f 350/311/15 349/312/15 364/327/15 365/326/15
f 349/312/15 348/313/15 363/328/15 364/327/15
f 348/313/15 347/314/15 362/329/15 363/328/15
f 347/314/15 346/315/15 361/330/15 362/329/15
f 346/315/15 345/316/15 360/331/15 361/330/15
f 345/316/15 344/317/15 359/332/15 360/331/15
f 344/317/15 343/318/15 358/333/15 359/332/15
f 343/318/15 342/319/15 357/334/15 358/333/15
f 342/319/15 341/320/15 356/335/15 357/334/15
f 341/320/15 340/321/15 355/336/15 356/335/15
f 340/321/15 339/24/15 354/26/15 355/336/15
f 27/277/14 338/278/14 353/308/14 29/307/14
f 338/278/14 337/281/14 352/309/14 353/308/14
f 337/281/14 336/283/14 351/310/14 352/309/14
f 336/283/14 335/285/14 350/311/14 351/310/14
f 335/285/14 334/287/14 349/312/14 350/311/14
f 334/287/14 333/289/14 348/313/14 349/312/14
f 333/289/14 332/291/14 347/314/14 348/313/14
f 332/291/14 331/293/14 346/315/14 347/314/14
f 331/293/14 330/295/14 345/316/14 346/315/14
f 330/295/14 329/297/14 344/317/14 345/316/14
f 329/297/14 328/299/14 343/318/14 344/317/14
f 328/299/14 327/301/14 342/319/14 343/318/14
f 327/301/14 326/303/14 341/320/14 342/319/14
f 326/303/14 325/305/14 340/321/14 341/320/14
f 325/305/14 324/22/14 339/24/14 340/321/14
f 25/280/13 323/279/13 338/278/13 27/277/13
f 323/279/13 322/282/13 337/281/13 338/278/13
f 322/282/13 321/284/13 336/283/13 337/281/13
f 321/284/13 320/286/13 335/285/13 336/283/13
f 320/286/13 319/288/13 334/287/13 335/285/13
f 319/288/13 318/290/13 333/289/13 334/287/13
f 318/290/13 317/292/13 332/291/13 333/289/13
f 317/292/13 316/294/13 331/293/13 332/291/13
f 316/294/13 315/296/13 330/295/13 331/293/13
f 315/296/13 314/298/13 329/297/13 330/295/13
f 314/298/13 313/300/13 328/299/13 329/297/13
f 313/300/13 312/302/13 327/301/13 328/299/13
f 312/302/13 311/304/13 326/303/13 327/301/13
f 311/304/13 310/306/13 325/305/13 326/303/13
f 310/306/13 309/19/13 324/22/13 325/305/13
f 23/247/12 308/248/12 323/263/12 25/262/12
f 308/248/12 307/249/12 322/264/12 323/263/12
f 307/249/12 306/250/12 321/265/12 322/264/12
f 306/250/12 305/251/12 320/266/12 321/265/12
f 305/251/12 304/252/12 319/267/12 320/266/12
f 304/252/12 303/253/12 318/268/12 319/267/12
f 303/253/12 302/254/12 317/269/12 318/268/12
f 302/254/12 301/255/12 316/270/12 317/269/12
f 301/255/12 300/256/12 315/271/12 316/270/12
f 300/256/12 299/257/12 314/272/12 315/271/12
f 299/257/12 298/258/12 313/273/12 314/272/12
f 298/258/12 297/259/12 312/274/12 313/273/12
f 297/259/12 296/260/12 311/275/12 312/274/12
f 296/260/12 295/261/12 310/276/12 311/275/12
f 295/261/12 294/16/12 309/18/12 310/276/12
f 21/232/11 293/233/11 308/248/11 23/247/11
f 293/233/11 292/234/11 307/249/11 308/248/11
f 292/234/11 291/235/11 306/250/11 307/249/11
f 291/235/11 290/236/11 305/251/11 306/250/11
f 290/236/11 289/237/11 304/252/11 305/251/11
f 289/237/11 288/238/11 303/253/11 304/252/11
f 288/238/11 287/239/11 302/254/11 303/253/11
f 287/239/11 286/240/11 301/255/11 302/254/11
f 286/240/11 285/241/11 300/256/11 301/255/11
f 285/241/11 284/242/11 299/257/11 300/256/11
f 284/242/11 283/243/11 298/258/11 299/257/11
f 283/243/11 282/244/11 297/259/11 298/258/11
f 282/244/11 281/245/11 296/260/11 297/259/11
f 281/245/11 280/246/11 295/261/11 296/260/11
f 280/246/11 279/14/11 294/16/11 295/261/11
f 19/202/10 278/203/10 293/233/10 21/232/10
f 278/203/10 277/206/10 292/234/10 293/233/10
f 277/206/10 276/208/10 291/235/10 292/234/10
f 276/208/10 275/210/10 290/236/10 291/235/10
f 275/210/10 274/212/10 289/237/10 290/236/10
f 274/212/10 273/214/10 288/238/10 289/237/10
f 273/214/10 272/216/10 287/239/10 288/238/10
f 272/216/10 271/218/10 286/240/10 287/239/10
f 271/218/10 270/220/10 285/241/10 286/240/10
f 270/220/10 269/222/10 284/242/10 285/241/10
f 269/222/10 268/224/10 283/243/10 284/242/10
f 268/224/10 267/226/10 282/244/10 283/243/10
f 267/226/10 266/228/10 281/245/10 282/244/10
f 266/228/10 265/230/10 280/246/10 281/245/10
f 265/230/10 264/12/10 279/14/10 280/246/10
f 17/205/9 263/204/9 278/203/9 19/202/9
f 263/204/9 262/207/9 277/206/9 278/203/9
f 262/207/9 261/209/9 276/208/9 277/206/9
f 261/209/9 260/211/9 275/210/9 276/208/9
f 260/211/9 259/213/9 274/212/9 275/210/9
f 259/213/9 258/215/9 273/214/9 274/212/9
f 258/215/9 257/217/9 272/216/9 273/214/9
f 257/217/9 256/219/9 271/218/9 272/216/9
f 256/219/9 255/221/9 270/220/9 271/218/9
f 255/221/9 254/223/9 269/222/9 270/220/9
f 254/223/9 253/225/9 268/224/9 269/222/9
f 253/225/9 252/227/9 267/226/9 268/224/9
f 252/227/9 251/229/9 266/228/9 267/226/9
f 251/229/9 250/231/9 265/230/9 266/228/9
f 250/231/9 249/1/9 264/12/9 265/230/9
f 15/412/8 248/413/8 263/204/8 17/205/8
f 248/413/8 247/414/8 262/207/8 263/204/8
f 247/414/8 246/415/8 261/209/8 262/207/8
f 246/415/8 245/416/8 260/211/8 261/209/8
f 245/416/8 244/417/8 259/213/8 260/211/8
f 244/417/8 243/418/8 258/215/8 259/213/8
f 243/418/8 242/419/8 257/217/8 258/215/8
f 242/419/8 241/420/8 256/219/8 257/217/8
f 241/420/8 240/421/8 255/221/8 256/219/8
f 240/421/8 239/422/8 254/223/8 255/221/8
f 239/422/8 238/423/8 253/225/8 254/223/8
f 238/423/8 237/424/8 252/227/8 253/225/8
f 237/424/8 236/425/8 251/229/8 252/227/8
f 236/425/8 235/426/8 250/231/8 251/229/8
f 235/426/8 234/4/8 249/1/8 250/231/8
f 13/427/7 233/428/7 248/413/7 15/412/7
f 233/428/7 232/429/7 247/414/7 248/413/7
f 232/429/7 231/430/7 246/415/7 247/414/7
f 231/430/7 230/431/7 245/416/7 246/415/7
f 230/431/7 229/432/7 244/417/7 245/416/7
f 229/432/7 228/433/7 243/418/7 244/417/7
f 228/433/7 227/434/7 242/419/7 243/418/7
f 227/434/7 226/435/7 241/420/7 242/419/7
f 226/435/7 225/436/7 240/421/7 241/420/7
f 225/436/7 224/437/7 239/422/7 240/421/7
f 224/437/7 223/438/7 238/423/7 239/422/7
f 223/438/7 222/439/7 237/424/7 238/423/7
f 222/439/7 221/440/7 236/425/7 237/424/7
f 221/440/7 220/441/7 235/426/7 236/425/7
f 220/441/7 219/6/7 234/4/7 235/426/7
f 11/442/6 218/443/6 233/428/6 13/427/6
f 218/443/6 217/444/6 232/429/6 233/428/6
f 217/444/6 216/445/6 231/430/6 232/429/6
f 216/445/6 215/446/6 230/431/6 231/430/6
f 215/446/6 214/447/6 229/432/6 230/431/6
f 214/447/6 213/448/6 228/433/6 229/432/6
f 213/448/6 212/449/6 227/434/6 228/433/6
f 212/449/6 211/450/6 226/435/6 227/434/6
f 211/450/6 210/451/6 225/436/6 226/435/6
f 210/451/6 209/452/6 224/437/6 225/436/6
f 209/452/6 208/453/6 223/438/6 224/437/6
f 208/453/6 207/454/6 222/439/6 223/438/6
f 207/454/6 206/455/6 221/440/6 222/439/6
f 206/455/6 205/456/6 220/441/6 221/440/6
f 205/456/6 204/8/6 219/6/6 220/441/6
f 9/457/5 203/458/5 218/443/5 11/442/5
f 203/458/5 202/459/5 217/444/5 218/443/5
f 202/459/5 201/460/5 216/445/5 217/444/5
f 201/460/5 200/461/5 215/446/5 216/445/5
f 200/461/5 199/462/5 214/447/5 215/446/5
f 199/462/5 198/463/5 213/448/5 214/447/5
f 198/463/5 197/464/5 212/449/5 213/448/5
f 197/464/5 196/465/5 211/450/5 212/449/5
f 196/465/5 195/466/5 210/451/5 211/450/5
f 195/466/5 194/467/5 209/452/5 210/451/5
f 194/467/5 193/468/5 208/453/5 209/452/5
f 193/468/5 192/469/5 207/454/5 208/453/5
f 192/469/5 191/470/5 206/455/5 207/454/5
f 191/470/5 190/471/5 205/456/5 206/455/5
f 190/471/5 189/10/5 204/8/5 205/456/5
f 7/442/4 188/443/4 203/458/4 9/457/4
f 188/443/4 187/444/4 202/459/4 203/458/4
f 187/444/4 186/445/4 201/460/4 202/459/4
f 186/445/4 185/446/4 200/461/4 201/460/4
f 185/446/4 184/447/4 199/462/4 200/461/4
f 184/447/4 183/448/4 198/463/4 199/462/4
f 183/448/4 182/449/4 197/464/4 198/463/4
f 182/449/4 181/450/4 196/465/4 197/464/4
f 181/450/4 180/451/4 195/466/4 196/465/4
f 180/451/4 179/452/4 194/467/4 195/466/4
f 179/452/4 178/453/4 193/468/4 194/467/4
f 178/453/4 177/454/4 192/469/4 193/468/4
f 177/454/4 176/455/4 191/470/4 192/469/4
f 176/455/4 175/456/4 190/471/4 191/470/4
f 175/456/4 174/8/4 189/10/4 190/471/4
f 5/427/3 173/428/3 188/443/3 7/442/3
f 173/428/3 172/429/3 187/444/3 188/443/3
f 172/429/3 171/430/3 186/445/3 187/444/3
f 171/430/3 170/431/3 185/446/3 186/445/3
f 170/431/3 169/432/3 184/447/3 185/446/3
f 169/432/3 168/433/3 183/448/3 184/447/3
f 168/433/3 167/434/3 182/449/3 183/448/3
f 167/434/3 166/435/3 181/450/3 182/449/3
f 166/435/3 165/436/3 180/451/3 181/450/3
f 165/436/3 164/437/3 179/452/3 180/451/3
f 164/437/3 163/438/3 178/453/3 179/452/3
f 163/438/3 162/439/3 177/454/3 178/453/3
f 162/439/3 161/440/3 176/455/3 177/454/3
f 161/440/3 160/441/3 175/456/3 176/455/3
f 160/441/3 159/6/3 174/8/3 175/456/3
f 3/412/2 158/413/2 173/428/2 5/427/2
f 158/413/2 157/414/2 172/429/2 173/428/2
f 157/414/2 156/415/2 171/430/2 172/429/2
f 156/415/2 155/416/2 170/431/2 171/430/2
f 155/416/2 154/417/2 169/432/2 170/431/2
f 154/417/2 153/418/2 168/433/2 169/432/2
f 153/418/2 152/419/2 167/434/2 168/433/2
f 152/419/2 151/420/2 166/435/2 167/434/2
f 151/420/2 150/421/2 165/436/2 166/435/2
f 150/421/2 149/422/2 164/437/2 165/436/2
f 149/422/2 148/423/2 163/438/2 164/437/2
f 148/423/2 147/424/2 162/439/2 163/438/2
f 147/424/2 146/425/2 161/440/2 162/439/2
f 146/425/2 145/426/2 160/441/2 161/440/2
f 145/426/2 144/4/2 159/6/2 160/441/2
f 1/205/1 129/204/1 158/413/1 3/412/1
f 129/204/1 130/207/1 157/414/1 158/413/1
f 130/207/1 131/209/1 156/415/1 157/414/1
f 131/209/1 132/211/1 155/416/1 156/415/1
f 132/211/1 133/213/1 154/417/1 155/416/1
f 133/213/1 134/215/1 153/418/1 154/417/1
f 134/215/1 135/217/1 152/419/1 153/418/1
f 135/217/1 136/219/1 151/420/1 152/419/1
f 136/219/1 137/221/1 150/421/1 151/420/1
f 137/221/1 138/223/1 149/422/1 150/421/1
f 138/223/1 139/225/1 148/423/1 149/422/1
f 139/225/1 140/227/1 147/424/1 148/423/1
f 140/227/1 141/229/1 146/425/1 147/424/1
f 141/229/1 142/231/1 145/426/1 146/425/1
f 142/231/1 143/1/1 144/4/1 145/426/1
f 751/1/1 674/2/1 673/3/1 752/4/1
f 752/4/2 673/3/2 675/5/2 767/6/2
f 767/6/3 675/5/3 676/7/3 782/8/3
f 782/8/4 676/7/4 677/9/4 797/10/4
f 797/10/5 677/9/5 678/7/5 812/8/5
f 812/8/6 678/7/6 679/5/6 827/6/6
f 827/6/7 679/5/7 680/3/7 842/4/7
f 842/4/8 680/3/8 681/2/8 857/1/8
f 857/1/9 681/2/9 682/11/9 872/12/9
f 872/12/10 682/11/10 683/13/10 887/14/10
f 887/14/11 683/13/11 684/15/11 902/16/11
f 902/16/12 684/15/12 685/17/12 917/18/12
f 917/19/13 685/20/13 686/21/13 932/22/13
f 932/22/14 686/21/14 687/23/14 947/24/14
f 947/24/15 687/23/15 688/25/15 962/26/15
f 962/26/16 688/25/16 689/27/16 977/28/16
f 977/28/17 689/27/17 690/29/17 992/30/17
f 992/30/18 690/29/18 691/31/18 1007/32/18
f 1007/32/19 691/31/19 692/33/19 1022/34/19
f 1022/34/20 692/33/20 693/35/20 1037/36/20
f 1037/36/21 693/35/21 694/33/21 1052/34/21
f 1052/34/22 694/33/22 695/31/22 1067/32/22
f 1067/32/23 695/31/23 696/29/23 1082/30/23
f 1082/30/24 696/29/24 697/27/24 1097/28/24
f 1097/28/25 697/27/25 698/25/25 1112/26/25
f 1112/26/26 698/25/26 699/23/26 1127/24/26
f 1127/24/27 699/23/27 700/21/27 1142/22/27
f 1142/22/28 700/21/28 701/20/28 1157/19/28
f 1157/18/29 701/17/29 702/15/29 1172/16/29
f 1172/16/30 702/15/30 703/13/30 1187/14/30
f 658/37/31 656/38/31 728/39/31 729/40/31
f 1187/14/32 703/13/32 704/11/32 1202/12/32
f 1202/12/33 704/11/33 674/2/33 751/1/33
f 609/41/34 611/42/34 613/43/34 615/44/34 617/45/34 619/46/34 621/47/34 623/48/34 625/49/34 627/50/34 629/51/34 631/52/34 633/53/34 635/54/34 637/55/34 639/56/34 641/57/34 643/58/34 645/59/34 647/60/34 649/61/34 651/62/34 653/63/34 655/64/34 657/65/34 659/66/34 661/67/34 663/68/34 665/69/34 667/70/34 669/71/34 671/72/34
f 610/73/35 612/74/35 673/75/35 674/76/35
f 612/74/35 614/77/35 675/78/35 673/75/35
f 614/77/35 616/79/35 676/80/35 675/78/35
f 616/79/35 618/81/35 677/82/35 676/80/35
f 618/81/35 620/83/35 678/84/35 677/82/35
f 620/83/35 622/85/35 679/86/35 678/84/35
f 622/85/35 624/87/35 680/88/35 679/86/35
f 624/87/35 626/89/35 681/90/35 680/88/35
f 626/89/35 628/91/35 682/92/35 681/90/35
f 628/91/35 630/93/35 683/94/35 682/92/35
f 630/93/35 632/95/35 684/96/35 683/94/35
f 632/95/35 634/97/35 685/98/35 684/96/35
f 634/97/35 636/99/35 686/100/35 685/98/35
f 636/99/35 638/101/35 687/102/35 686/100/35
f 638/101/35 640/103/35 688/104/35 687/102/35
f 640/103/35 642/105/35 689/106/35 688/104/35
f 642/105/35 644/107/35 690/108/35 689/106/35
f 644/107/35 646/109/35 691/110/35 690/108/35
f 646/109/35 648/111/35 692/112/35 691/110/35
f 648/111/35 650/113/35 693/114/35 692/112/35
f 650/113/35 652/115/35 694/116/35 693/114/35
f 652/115/35 654/117/35 695/118/35 694/116/35
f 654/117/35 656/119/35 696/120/35 695/118/35
f 656/119/35 658/121/35 697/122/35 696/120/35
f 658/121/35 660/123/35 698/124/35 697/122/35
f 660/123/35 662/125/35 699/126/35 698/124/35
f 662/125/35 664/127/35 700/128/35 699/126/35
f 664/127/35 666/129/35 701/130/35 700/128/35
f 666/129/35 668/131/35 702/132/35 701/130/35
f 668/131/35 670/133/35 703/134/35 702/132/35
f 670/133/35 672/135/35 704/136/35 703/134/35
f 672/135/35 610/73/35 674/76/35 704/136/35
f 705/137/35 706/138/35 736/139/35 735/140/35 734/141/35 733/142/35 732/143/35 731/144/35 730/145/35 729/146/35 728/147/35 727/148/35 726/149/35 725/150/35 724/151/35 723/152/35 722/153/35 721/154/35 720/155/35 719/156/35 718/157/35 717/158/35 716/159/35 715/160/35 714/161/35 713/162/35 712/163/35 711/164/35 710/165/35 709/166/35 708/167/35 707/168/35
f 632/169/36 630/170/36 715/171/36 716/172/36
f 660/173/37 658/37/37 729/40/37 730/174/37
f 634/175/38 632/169/38 716/172/38 717/176/38
f 662/177/39 660/173/39 730/174/39 731/178/39
f 636/179/40 634/180/40 717/181/40 718/182/40
f 664/179/41 662/177/41 731/178/41 732/182/41
f 638/177/42 636/179/42 718/182/42 719/178/42
f 612/183/43 610/184/43 706/185/43 705/186/43
f 666/180/44 664/179/44 732/182/44 733/181/44
f 640/173/45 638/177/45 719/178/45 720/174/45
f 614/187/46 612/183/46 705/186/46 707/188/46
f 668/169/47 666/175/47 733/176/47 734/172/47
f 642/37/48 640/173/48 720/174/48 721/40/48
f 616/189/49 614/187/49 707/188/49 708/190/49
f 670/170/50 668/169/50 734/172/50 735/171/50
f 644/38/51 642/37/51 721/40/51 722/39/51
f 618/191/52 616/189/52 708/190/52 709/192/52
f 672/193/53 670/170/53 735/171/53 736/194/53
f 646/195/54 644/38/54 722/39/54 723/196/54
f 620/189/55 618/191/55 709/192/55 710/190/55
f 610/184/56 672/193/56 736/194/56 706/185/56
f 648/197/57 646/195/57 723/196/57 724/198/57
f 622/187/58 620/189/58 710/190/58 711/188/58
f 650/199/59 648/197/59 724/198/59 725/200/59
f 624/183/60 622/187/60 711/188/60 712/186/60
f 652/201/61 650/199/61 725/200/61 726/198/61
f 626/184/62 624/183/62 712/186/62 713/185/62
f 654/195/63 652/201/63 726/198/63 727/196/63
f 628/193/64 626/184/64 713/185/64 714/194/64
f 656/38/65 654/195/65 727/196/65 728/39/65
f 630/170/66 628/193/66 714/194/66 715/171/66
f 671/202/33 1216/203/33 737/204/33 609/205/33
f 1216/203/33 1215/206/33 738/207/33 737/204/33
f 1215/206/33 1214/208/33 739/209/33 738/207/33
f 1214/208/33 1213/210/33 740/211/33 739/209/33
f 1213/210/33 1212/212/33 741/213/33 740/211/33
f 1212/212/33 1211/214/33 742/215/33 741/213/33
f 1211/214/33 1210/216/33 743/217/33 742/215/33
f 1210/216/33 1209/218/33 744/219/33 743/217/33
f 1209/218/33 1208/220/33 745/221/33 744/219/33
f 1208/220/33 1207/222/33 746/223/33 745/221/33
f 1207/222/33 1206/224/33 747/225/33 746/223/33
f 1206/224/33 1205/226/33 748/227/33 747/225/33
f 1205/226/33 1204/228/33 749/229/33 748/227/33
f 1204/228/33 1203/230/33 750/231/33 749/229/33
f 1203/230/33 1202/12/33 751/1/33 750/231/33
f 669/232/32 1201/233/32 1216/203/32 671/202/32
f 1201/233/32 1200/234/32 1215/206/32 1216/203/32
f 1200/234/32 1199/235/32 1214/208/32 1215/206/32
f 1199/235/32 1198/236/32 1213/210/32 1214/208/32
f 1198/236/32 1197/237/32 1212/212/32 1213/210/32
f 1197/237/32 1196/238/32 1211/214/32 1212/212/32
f 1196/238/32 1195/239/32 1210/216/32 1211/214/32
f 1195/239/32 1194/240/32 1209/218/32 1210/216/32
f 1194/240/32 1193/241/32 1208/220/32 1209/218/32
f 1193/241/32 1192/242/32 1207/222/32 1208/220/32
f 1192/242/32 1191/243/32 1206/224/32 1207/222/32
f 1191/243/32 1190/244/32 1205/226/32 1206/224/32
f 1190/244/32 1189/245/32 1204/228/32 1205/226/32
f 1189/245/32 1188/246/32 1203/230/32 1204/228/32
f 1188/246/32 1187/14/32 1202/12/32 1203/230/32
f 667/247/30 1186/248/30 1201/233/30 669/232/30
f 1186/248/30 1185/249/30 1200/234/30 1201/233/30
f 1185/249/30 1184/250/30 1199/235/30 1200/234/30
f 1184/250/30 1183/251/30 1198/236/30 1199/235/30
f 1183/251/30 1182/252/30 1197/237/30 1198/236/30
f 1182/252/30 1181/253/30 1196/238/30 1197/237/30
f 1181/253/30 1180/254/30 1195/239/30 1196/238/30
f 1180/254/30 1179/255/30 1194/240/30 1195/239/30
f 1179/255/30 1178/256/30 1193/241/30 1194/240/30
f 1178/256/30 1177/257/30 1192/242/30 1193/241/30
f 1177/257/30 1176/258/30 1191/243/30 1192/242/30
f 1176/258/30 1175/259/30 1190/244/30 1191/243/30
f 1175/259/30 1174/260/30 1189/245/30 1190/244/30
f 1174/260/30 1173/261/30 1188/246/30 1189/245/30
f 1173/261/30 1172/16/30 1187/14/30 1188/246/30
f 665/262/29 1171/263/29 1186/248/29 667/247/29
f 1171/263/29 1170/264/29 1185/249/29 1186/248/29
f 1170/264/29 1169/265/29 1184/250/29 1185/249/29
f 1169/265/29 1168/266/29 1183/251/29 1184/250/29
f 1168/266/29 1167/267/29 1182/252/29 1183/251/29
f 1167/267/29 1166/268/29 1181/253/29 1182/252/29
f 1166/268/29 1165/269/29 1180/254/29 1181/253/29
f 1165/269/29 1164/270/29 1179/255/29 1180/254/29
f 1164/270/29 1163/271/29 1178/256/29 1179/255/29
f 1163/271/29 1162/272/29 1177/257/29 1178/256/29
f 1162/272/29 1161/273/29 1176/258/29 1177/257/29
f 1161/273/29 1160/274/29 1175/259/29 1176/258/29
f 1160/274/29 1159/275/29 1174/260/29 1175/259/29
f 1159/275/29 1158/276/29 1173/261/29 1174/260/29
f 1158/276/29 1157/18/29 1172/16/29 1173/261/29
f 663/277/28 1156/278/28 1171/279/28 665/280/28
f 1156/278/28 1155/281/28 1170/282/28 1171/279/28
f 1155/281/28 1154/283/28 1169/284/28 1170/282/28
f 1154/283/28 1153/285/28 1168/286/28 1169/284/28
f 1153/285/28 1152/287/28 1167/288/28 1168/286/28
f 1152/287/28 1151/289/28 1166/290/28 1167/288/28
f 1151/289/28 1150/291/28 1165/292/28 1166/290/28
f 1150/291/28 1149/293/28 1164/294/28 1165/292/28
f 1149/293/28 1148/295/28 1163/296/28 1164/294/28
f 1148/295/28 1147/297/28 1162/298/28 1163/296/28
f 1147/297/28 1146/299/28 1161/300/28 1162/298/28
f 1146/299/28 1145/301/28 1160/302/28 1161/300/28
f 1145/301/28 1144/303/28 1159/304/28 1160/302/28
f 1144/303/28 1143/305/28 1158/306/28 1159/304/28
f 1143/305/28 1142/22/28 1157/19/28 1158/306/28
f 661/307/27 1141/308/27 1156/278/27 663/277/27
f 1141/308/27 1140/309/27 1155/281/27 1156/278/27
f 1140/309/27 1139/310/27 1154/283/27 1155/281/27
f 1139/310/27 1138/311/27 1153/285/27 1154/283/27
f 1138/311/27 1137/312/27 1152/287/27 1153/285/27
f 1137/312/27 1136/313/27 1151/289/27 1152/287/27
f 1136/313/27 1135/314/27 1150/291/27 1151/289/27
f 1135/314/27 1134/315/27 1149/293/27 1150/291/27
f 1134/315/27 1133/316/27 1148/295/27 1149/293/27
f 1133/316/27 1132/317/27 1147/297/27 1148/295/27
f 1132/317/27 1131/318/27 1146/299/27 1147/297/27
f 1131/318/27 1130/319/27 1145/301/27 1146/299/27
f 1130/319/27 1129/320/27 1144/303/27 1145/301/27
f 1129/320/27 1128/321/27 1143/305/27 1144/303/27
f 1128/321/27 1127/24/27 1142/22/27 1143/305/27
f 659/322/26 1126/323/26 1141/308/26 661/307/26
f 1126/323/26 1125/324/26 1140/309/26 1141/308/26
f 1125/324/26 1124/325/26 1139/310/26 1140/309/26
f 1124/325/26 1123/326/26 1138/311/26 1139/310/26
f 1123/326/26 1122/327/26 1137/312/26 1138/311/26
f 1122/327/26 1121/328/26 1136/313/26 1137/312/26
f 1121/328/26 1120/329/26 1135/314/26 1136/313/26
f 1120/329/26 1119/330/26 1134/315/26 1135/314/26
f 1119/330/26 1118/331/26 1133/316/26 1134/315/26
f 1118/331/26 1117/332/26 1132/317/26 1133/316/26
f 1117/332/26 1116/333/26 1131/318/26 1132/317/26
f 1116/333/26 1115/334/26 1130/319/26 1131/318/26
f 1115/334/26 1114/335/26 1129/320/26 1130/319/26
f 1114/335/26 1113/336/26 1128/321/26 1129/320/26
f 1113/336/26 1112/26/26 1127/24/26 1128/321/26
f 657/337/25 1111/338/25 1126/323/25 659/322/25
f 1111/338/25 1110/339/25 1125/324/25 1126/323/25
f 1110/339/25 1109/340/25 1124/325/25 1125/324/25
f 1109/340/25 1108/341/25 1123/326/25 1124/325/25
f 1108/341/25 1107/342/25 1122/327/25 1123/326/25
f 1107/342/25 1106/343/25 1121/328/25 1122/327/25
f 1106/343/25 1105/344/25 1120/329/25 1121/328/25
f 1105/344/25 1104/345/25 1119/330/25 1120/329/25
f 1104/345/25 1103/346/25 1118/331/25 1119/330/25
f 1103/346/25 1102/347/25 1117/332/25 1118/331/25
f 1102/347/25 1101/348/25 1116/333/25 1117/332/25
f 1101/348/25 1100/349/25 1115/334/25 1116/333/25
f 1100/349/25 1099/350/25 1114/335/25 1115/334/25
f 1099/350/25 1098/351/25 1113/336/25 1114/335/25
f 1098/351/25 1097/28/25 1112/26/25 1113/336/25
f 655/352/24 1096/353/24 1111/338/24 657/337/24
f 1096/353/24 1095/354/24 1110/339/24 1111/338/24
f 1095/354/24 1094/355/24 1109/340/24 1110/339/24
f 1094/355/24 1093/356/24 1108/341/24 1109/340/24
f 1093/356/24 1092/357/24 1107/342/24 1108/341/24
f 1092/357/24 1091/358/24 1106/343/24 1107/342/24
f 1091/358/24 1090/359/24 1105/344/24 1106/343/24
f 1090/359/24 1089/360/24 1104/345/24 1105/344/24
f 1089/360/24 1088/361/24 1103/346/24 1104/345/24
f 1088/361/24 1087/362/24 1102/347/24 1103/346/24
f 1087/362/24 1086/363/24 1101/348/24 1102/347/24
f 1086/363/24 1085/364/24 1100/349/24 1101/348/24
f 1085/364/24 1084/365/24 1099/350/24 1100/349/24
f 1084/365/24 1083/366/24 1098/351/24 1099/350/24
f 1083/366/24 1082/30/24 1097/28/24 1098/351/24
f 653/367/23 1081/368/23 1096/353/23 655/352/23
f 1081/368/23 1080/369/23 1095/354/23 1096/353/23
f 1080/369/23 1079/370/23 1094/355/23 1095/354/23
f 1079/370/23 1078/371/23 1093/356/23 1094/355/23
f 1078/371/23 1077/372/23 1092/357/23 1093/356/23
f 1077/372/23 1076/373/23 1091/358/23 1092/357/23
f 1076/373/23 1075/374/23 1090/359/23 1091/358/23
f 1075/374/23 1074/375/23 1089/360/23 1090/359/23
f 1074/375/23 1073/376/23 1088/361/23 1089/360/23
f 1073/376/23 1072/377/23 1087/362/23 1088/361/23
f 1072/377/23 1071/378/23 1086/363/23 1087/362/23
f 1071/378/23 1070/379/23 1085/364/23 1086/363/23
f 1070/379/23 1069/380/23 1084/365/23 1085/364/23
f 1069/380/23 1068/381/23 1083/366/23 1084/365/23
f 1068/381/23 1067/32/23 1082/30/23 1083/366/23
f 651/382/22 1066/383/22 1081/368/22 653/367/22
f 1066/383/22 1065/384/22 1080/369/22 1081/368/22
f 1065/384/22 1064/385/22 1079/370/22 1080/369/22
f 1064/385/22 1063/386/22 1078/371/22 1079/370/22
f 1063/386/22 1062/387/22 1077/372/22 1078/371/22
f 1062/387/22 1061/388/22 1076/373/22 1077/372/22
f 1061/388/22 1060/389/22 1075/374/22 1076/373/22
f 1060/389/22 1059/390/22 1074/375/22 1075/374/22
f 1059/390/22 1058/391/22 1073/376/22 1074/375/22
f 1058/391/22 1057/392/22 1072/377/22 1073/376/22
f 1057/392/22 1056/393/22 1071/378/22 1072/377/22
f 1056/393/22 1055/394/22 1070/379/22 1071/378/22
f 1055/394/22 1054/395/22 1069/380/22 1070/379/22
f 1054/395/22 1053/396/22 1068/381/22 1069/380/22
f 1053/396/22 1052/34/22 1067/32/22 1068/381/22
f 649/397/21 1051/398/21 1066/383/21 651/382/21
f 1051/398/21 1050/399/21 1065/384/21 1066/383/21
f 1050/399/21 1049/400/21 1064/385/21 1065/384/21
f 1049/400/21 1048/401/21 1063/386/21 1064/385/21
f 1048/401/21 1047/402/21 1062/387/21 1063/386/21
f 1047/402/21 1046/403/21 1061/388/21 1062/387/21
f 1046/403/21 1045/404/21 1060/389/21 1061/388/21
f 1045/404/21 1044/405/21 1059/390/21 1060/389/21
f 1044/405/21 1043/406/21 1058/391/21 1059/390/21
f 1043/406/21 1042/407/21 1057/392/21 1058/391/21
f 1042/407/21 1041/408/21 1056/393/21 1057/392/21
f 1041/408/21 1040/409/21 1055/394/21 1056/393/21
f 1040/409/21 1039/410/21 1054/395/21 1055/394/21
f 1039/410/21 1038/411/21 1053/396/21 1054/395/21
f 1038/411/21 1037/36/21 1052/34/21 1053/396/21
f 647/382/20 1036/383/20 1051/398/20 649/397/20
f 1036/383/20 1035/384/20 1050/399/20 1051/398/20
f 1035/384/20 1034/385/20 1049/400/20 1050/399/20
f 1034/385/20 1033/386/20 1048/401/20 1049/400/20
f 1033/386/20 1032/387/20 1047/402/20 1048/401/20
f 1032/387/20 1031/388/20 1046/403/20 1047/402/20
f 1031/388/20 1030/389/20 1045/404/20 1046/403/20
f 1030/389/20 1029/390/20 1044/405/20 1045/404/20
f 1029/390/20 1028/391/20 1043/406/20 1044/405/20
f 1028/391/20 1027/392/20 1042/407/20 1043/406/20
f 1027/392/20 1026/393/20 1041/408/20 1042/407/20
f 1026/393/20 1025/394/20 1040/409/20 1041/408/20
f 1025/394/20 1024/395/20 1039/410/20 1040/409/20
f 1024/395/20 1023/396/20 1038/411/20 1039/410/20
f 1023/396/20 1022/34/20 1037/36/20 1038/411/20
f 645/367/19 1021/368/19 1036/383/19 647/382/19
f 1021/368/19 1020/369/19 1035/384/19 1036/383/19
f 1020/369/19 1019/370/19 1034/385/19 1035/384/19
f 1019/370/19 1018/371/19 1033/386/19 1034/385/19
f 1018/371/19 1017/372/19 1032/387/19 1033/386/19
f 1017/372/19 1016/373/19 1031/388/19 1032/387/19
f 1016/373/19 1015/374/19 1030/389/19 1031/388/19
f 1015/374/19 1014/375/19 1029/390/19 1030/389/19
f 1014/375/19 1013/376/19 1028/391/19 1029/390/19
f 1013/376/19 1012/377/19 1027/392/19 1028/391/19
f 1012/377/19 1011/378/19 1026/393/19 1027/392/19
f 1011/378/19 1010/379/19 1025/394/19 1026/393/19
f 1010/379/19 1009/380/19 1024/395/19 1025/394/19
f 1009/380/19 1008/381/19 1023/396/19 1024/395/19
f 1008/381/19 1007/32/19 1022/34/19 1023/396/19
f 643/352/18 1006/353/18 1021/368/18 645/367/18
f 1006/353/18 1005/354/18 1020/369/18 1021/368/18
f 1005/354/18 1004/355/18 1019/370/18 1020/369/18
f 1004/355/18 1003/356/18 1018/371/18 1019/370/18
f 1003/356/18 1002/357/18 1017/372/18 1018/371/18
f 1002/357/18 1001/358/18 1016/373/18 1017/372/18
f 1001/358/18 1000/359/18 1015/374/18 1016/373/18
f 1000/359/18 999/360/18 1014/375/18 1015/374/18
f 999/360/18 998/361/18 1013/376/18 1014/375/18
f 998/361/18 997/362/18 1012/377/18 1013/376/18
f 997/362/18 996/363/18 1011/378/18 1012/377/18
f 996/363/18 995/364/18 1010/379/18 1011/378/18
f 995/364/18 994/365/18 1009/380/18 1010/379/18
f 994/365/18 993/366/18 1008/381/18 1009/380/18
f 993/366/18 992/30/18 1007/32/18 1008/381/18
f 641/337/17 991/338/17 1006/353/17 643/352/17
f 991/338/17 990/339/17 1005/354/17 1006/353/17
f 990/339/17 989/340/17 1004/355/17 1005/354/17
f 989/340/17 988/341/17 1003/356/17 1004/355/17
f 988/341/17 987/342/17 1002/357/17 1003/356/17
f 987/342/17 986/343/17 1001/358/17 1002/357/17
f 986/343/17 985/344/17 1000/359/17 1001/358/17
f 985/344/17 984/345/17 999/360/17 1000/359/17
f 984/345/17 983/346/17 998/361/17 999/360/17
f 983/346/17 982/347/17 997/362/17 998/361/17
f 982/347/17 981/348/17 996/363/17 997/362/17
f 981/348/17 980/349/17 995/364/17 996/363/17
f 980/349/17 979/350/17 994/365/17 995/364/17
f 979/350/17 978/351/17 993/366/17 994/365/17
f 978/351/17 977/28/17 992/30/17 993/366/17
f 639/322/16 976/323/16 991/338/16 641/337/16
f 976/323/16 975/324/16 990/339/16 991/338/16
f 975/324/16 974/325/16 989/340/16 990/339/16
f 974/325/16 973/326/16 988/341/16 989/340/16
f 973/326/16 972/327/16 987/342/16 988/341/16
f 972/327/16 971/328/16 986/343/16 987/342/16
f 971/328/16 970/329/16 985/344/16 986/343/16
f 970/329/16 969/330/16 984/345/16 985/344/16
f 969/330/16 968/331/16 983/346/16 984/345/16
f 968/331/16 967/332/16 982/347/16 983/346/16
f 967/332/16 966/333/16 981/348/16 982/347/16
f 966/333/16 965/334/16 980/349/16 981/348/16
f 965/334/16 964/335/16 979/350/16 980/349/16
f 964/335/16 963/336/16 978/351/16 979/350/16
f 963/336/16 962/26/16 977/28/16 978/351/16
f 637/307/15 961/308/15 976/323/15 639/322/15
f 961/308/15 960/309/15 975/324/15 976/323/15
f 960/309/15 959/310/15 974/325/15 975/324/15
f 959/310/15 958/311/15 973/326/15 974/325/15
f 958/311/15 957/312/15 972/327/15 973/326/15
f 957/312/15 956/313/15 971/328/15 972/327/15
f 956/313/15 955/314/15 970/329/15 971/328/15
f 955/314/15 954/315/15 969/330/15 970/329/15
f 954/315/15 953/316/15 968/331/15 969/330/15
f 953/316/15 952/317/15 967/332/15 968/331/15
f 952/317/15 951/318/15 966/333/15 967/332/15
f 951/318/15 950/319/15 965/334/15 966/333/15
f 950/319/15 949/320/15 964/335/15 965/334/15
f 949/320/15 948/321/15 963/336/15 964/335/15
f 948/321/15 947/24/15 962/26/15 963/336/15
f 635/277/14 946/278/14 961/308/14 637/307/14
f 946/278/14 945/281/14 960/309/14 961/308/14
f 945/281/14 944/283/14 959/310/14 960/309/14
f 944/283/14 943/285/14 958/311/14 959/310/14
f 943/285/14 942/287/14 957/312/14 958/311/14
f 942/287/14 941/289/14 956/313/14 957/312/14
f 941/289/14 940/291/14 955/314/14 956/313/14
f 940/291/14 939/293/14 954/315/14 955/314/14
f 939/293/14 938/295/14 953/316/14 954/315/14
f 938/295/14 937/297/14 952/317/14 953/316/14
f 937/297/14 936/299/14 951/318/14 952/317/14
f 936/299/14 935/301/14 950/319/14 951/318/14
f 935/301/14 934/303/14 949/320/14 950/319/14
f 934/303/14 933/305/14 948/321/14 949/320/14
f 933/305/14 932/22/14 947/24/14 948/321/14
f 633/280/13 931/279/13 946/278/13 635/277/13
f 931/279/13 930/282/13 945/281/13 946/278/13
f 930/282/13 929/284/13 944/283/13 945/281/13
f 929/284/13 928/286/13 943/285/13 944/283/13
f 928/286/13 927/288/13 942/287/13 943/285/13
f 927/288/13 926/290/13 941/289/13 942/287/13
f 926/290/13 925/292/13 940/291/13 941/289/13
f 925/292/13 924/294/13 939/293/13 940/291/13
f 924/294/13 923/296/13 938/295/13 939/293/13
f 923/296/13 922/298/13 937/297/13 938/295/13
f 922/298/13 921/300/13 936/299/13 937/297/13
f 921/300/13 920/302/13 935/301/13 936/299/13
f 920/302/13 919/304/13 934/303/13 935/301/13
f 919/304/13 918/306/13 933/305/13 934/303/13
f 918/306/13 917/19/13 932/22/13 933/305/13
f 631/247/12 916/248/12 931/263/12 633/262/12
f 916/248/12 915/249/12 930/264/12 931/263/12
f 915/249/12 914/250/12 929/265/12 930/264/12
f 914/250/12 913/251/12 928/266/12 929/265/12
f 913/251/12 912/252/12 927/267/12 928/266/12
f 912/252/12 911/253/12 926/268/12 927/267/12
f 911/253/12 910/254/12 925/269/12 926/268/12
f 910/254/12 909/255/12 924/270/12 925/269/12
f 909/255/12 908/256/12 923/271/12 924/270/12
f 908/256/12 907/257/12 922/272/12 923/271/12
f 907/257/12 906/258/12 921/273/12 922/272/12
f 906/258/12 905/259/12 920/274/12 921/273/12
f 905/259/12 904/260/12 919/275/12 920/274/12
f 904/260/12 903/261/12 918/276/12 919/275/12
f 903/261/12 902/16/12 917/18/12 918/276/12
f 629/232/11 901/233/11 916/248/11 631/247/11
f 901/233/11 900/234/11 915/249/11 916/248/11
f 900/234/11 899/235/11 914/250/11 915/249/11
f 899/235/11 898/236/11 913/251/11 914/250/11
f 898/236/11 897/237/11 912/252/11 913/251/11
f 897/237/11 896/238/11 911/253/11 912/252/11
f 896/238/11 895/239/11 910/254/11 911/253/11
f 895/239/11 894/240/11 909/255/11 910/254/11
f 894/240/11 893/241/11 908/256/11 909/255/11
f 893/241/11 892/242/11 907/257/11 908/256/11
f 892/242/11 891/243/11 906/258/11 907/257/11
f 891/243/11 890/244/11 905/259/11 906/258/11
f 890/244/11 889/245/11 904/260/11 905/259/11
f 889/245/11 888/246/11 903/261/11 904/260/11
f 888/246/11 887/14/11 902/16/11 903/261/11
f 627/202/10 886/203/10 901/233/10 629/232/10
f 886/203/10 885/206/10 900/234/10 901/233/10
f 885/206/10 884/208/10 899/235/10 900/234/10
f 884/208/10 883/210/10 898/236/10 899/235/10
f 883/210/10 882/212/10 897/237/10 898/236/10
f 882/212/10 881/214/10 896/238/10 897/237/10
f 881/214/10 880/216/10 895/239/10 896/238/10
f 880/216/10 879/218/10 894/240/10 895/239/10
f 879/218/10 878/220/10 893/241/10 894/240/10
f 878/220/10 877/222/10 892/242/10 893/241/10
f 877/222/10 876/224/10 891/243/10 892/242/10
f 876/224/10 875/226/10 890/244/10 891/243/10
f 875/226/10 874/228/10 889/245/10 890/244/10
f 874/228/10 873/230/10 888/246/10 889/245/10
f 873/230/10 872/12/10 887/14/10 888/246/10
f 625/205/9 871/204/9 886/203/9 627/202/9
f 871/204/9 870/207/9 885/206/9 886/203/9
f 870/207/9 869/209/9 884/208/9 885/206/9
f 869/209/9 868/211/9 883/210/9 884/208/9
f 868/211/9 867/213/9 882/212/9 883/210/9
f 867/213/9 866/215/9 881/214/9 882/212/9
f 866/215/9 865/217/9 880/216/9 881/214/9
f 865/217/9 864/219/9 879/218/9 880/216/9
f 864/219/9 863/221/9 878/220/9 879/218/9
f 863/221/9 862/223/9 877/222/9 878/220/9
f 862/223/9 861/225/9 876/224/9 877/222/9
f 861/225/9 860/227/9 875/226/9 876/224/9
f 860/227/9 859/229/9 874/228/9 875/226/9
f 859/229/9 858/231/9 873/230/9 874/228/9
f 858/231/9 857/1/9 872/12/9 873/230/9
f 623/412/8 856/413/8 871/204/8 625/205/8
f 856/413/8 855/414/8 870/207/8 871/204/8
f 855/414/8 854/415/8 869/209/8 870/207/8
f 854/415/8 853/416/8 868/211/8 869/209/8
f 853/416/8 852/417/8 867/213/8 868/211/8
f 852/417/8 851/418/8 866/215/8 867/213/8
f 851/418/8 850/419/8 865/217/8 866/215/8
f 850/419/8 849/420/8 864/219/8 865/217/8
f 849/420/8 848/421/8 863/221/8 864/219/8
f 848/421/8 847/422/8 862/223/8 863/221/8
f 847/422/8 846/423/8 861/225/8 862/223/8
f 846/423/8 845/424/8 860/227/8 861/225/8
f 845/424/8 844/425/8 859/229/8 860/227/8
f 844/425/8 843/426/8 858/231/8 859/229/8
f 843/426/8 842/4/8 857/1/8 858/231/8
f 621/427/7 841/428/7 856/413/7 623/412/7
f 841/428/7 840/429/7 855/414/7 856/413/7
f 840/429/7 839/430/7 854/415/7 855/414/7
f 839/430/7 838/431/7 853/416/7 854/415/7
f 838/431/7 837/432/7 852/417/7 853/416/7
f 837/432/7 836/433/7 851/418/7 852/417/7
f 836/433/7 835/434/7 850/419/7 851/418/7
f 835/434/7 834/435/7 849/420/7 850/419/7
f 834/435/7 833/436/7 848/421/7 849/420/7
f 833/436/7 832/437/7 847/422/7 848/421/7
f 832/437/7 831/438/7 846/423/7 847/422/7
f 831/438/7 830/439/7 845/424/7 846/423/7
f 830/439/7 829/440/7 844/425/7 845/424/7
f 829/440/7 828/441/7 843/426/7 844/425/7
f 828/441/7 827/6/7 842/4/7 843/426/7
f 619/442/6 826/443/6 841/428/6 621/427/6
f 826/443/6 825/444/6 840/429/6 841/428/6
f 825/444/6 824/445/6 839/430/6 840/429/6
f 824/445/6 823/446/6 838/431/6 839/430/6
f 823/446/6 822/447/6 837/432/6 838/431/6
f 822/447/6 821/448/6 836/433/6 837/432/6
f 821/448/6 820/449/6 835/434/6 836/433/6
f 820/449/6 819/450/6 834/435/6 835/434/6
f 819/450/6 818/451/6 833/436/6 834/435/6
f 818/451/6 817/452/6 832/437/6 833/436/6
f 817/452/6 816/453/6 831/438/6 832/437/6
f 816/453/6 815/454/6 830/439/6 831/438/6
f 815/454/6 814/455/6 829/440/6 830/439/6
f 814/455/6 813/456/6 828/441/6 829/440/6
f 813/456/6 812/8/6 827/6/6 828/441/6
f 617/457/5 811/458/5 826/443/5 619/442/5
f 811/458/5 810/459/5 825/444/5 826/443/5
f 810/459/5 809/460/5 824/445/5 825/444/5
f 809/460/5 808/461/5 823/446/5 824/445/5
f 808/461/5 807/462/5 822/447/5 823/446/5
f 807/462/5 806/463/5 821/448/5 822/447/5
f 806/463/5 805/464/5 820/449/5 821/448/5
f 805/464/5 804/465/5 819/450/5 820/449/5
f 804/465/5 803/466/5 818/451/5 819/450/5
f 803/466/5 802/467/5 817/452/5 818/451/5
f 802/467/5 801/468/5 816/453/5 817/452/5
f 801/468/5 800/469/5 815/454/5 816/453/5
f 800/469/5 799/470/5 814/455/5 815/454/5
f 799/470/5 798/471/5 813/456/5 814/455/5
f 798/471/5 797/10/5 812/8/5 813/456/5
f 615/442/4 796/443/4 811/458/4 617/457/4
f 796/443/4 795/444/4 810/459/4 811/458/4
f 795/444/4 794/445/4 809/460/4 810/459/4
f 794/445/4 793/446/4 808/461/4 809/460/4
f 793/446/4 792/447/4 807/462/4 808/461/4
f 792/447/4 791/448/4 806/463/4 807/462/4
f 791/448/4 790/449/4 805/464/4 806/463/4
f 790/449/4 789/450/4 804/465/4 805/464/4
f 789/450/4 788/451/4 803/466/4 804/465/4
f 788/451/4 787/452/4 802/467/4 803/466/4
f 787/452/4 786/453/4 801/468/4 802/467/4
f 786/453/4 785/454/4 800/469/4 801/468/4
f 785/454/4 784/455/4 799/470/4 800/469/4
f 784/455/4 783/456/4 798/471/4 799/470/4
f 783/456/4 782/8/4 797/10/4 798/471/4
f 613/427/3 781/428/3 796/443/3 615/442/3
f 781/428/3 780/429/3 795/444/3 796/443/3
f 780/429/3 779/430/3 794/445/3 795/444/3
f 779/430/3 778/431/3 793/446/3 794/445/3
f 778/431/3 777/432/3 792/447/3 793/446/3
f 777/432/3 776/433/3 791/448/3 792/447/3
f 776/433/3 775/434/3 790/449/3 791/448/3
f 775/434/3 774/435/3 789/450/3 790/449/3
f 774/435/3 773/436/3 788/451/3 789/450/3
f 773/436/3 772/437/3 787/452/3 788/451/3
f 772/437/3 771/438/3 786/453/3 787/452/3
f 771/438/3 770/439/3 785/454/3 786/453/3
f 770/439/3 769/440/3 784/455/3 785/454/3
f 769/440/3 768/441/3 783/456/3 784/455/3
f 768/441/3 767/6/3 782/8/3 783/456/3
f 611/412/2 766/413/2 781/428/2 613/427/2
f 766/413/2 765/414/2 780/429/2 781/428/2
f 765/414/2 764/415/2 779/430/2 780/429/2
f 764/415/2 763/416/2 778/431/2 779/430/2
f 763/416/2 762/417/2 777/432/2 778/431/2
f 762/417/2 761/418/2 776/433/2 777/432/2
f 761/418/2 760/419/2 775/434/2 776/433/2
f 760/419/2 759/420/2 774/435/2 775/434/2
f 759/420/2 758/421/2 773/436/2 774/435/2
f 758/421/2 757/422/2 772/437/2 773/436/2
f 757/422/2 756/423/2 771/438/2 772/437/2
f 756/423/2 755/424/2 770/439/2 771/438/2
f 755/424/2 754/425/2 769/440/2 770/439/2
f 754/425/2 753/426/2 768/441/2 769/440/2
f 753/426/2 752/4/2 767/6/2 768/441/2
f 609/205/1 737/204/1 766/413/1 611/412/1
f 737/204/1 738/207/1 765/414/1 766/413/1
f 738/207/1 739/209/1 764/415/1 765/414/1
f 739/209/1 740/211/1 763/416/1 764/415/1
f 740/211/1 741/213/1 762/417/1 763/416/1
f 741/213/1 742/215/1 761/418/1 762/417/1
f 742/215/1 743/217/1 760/419/1 761/418/1
f 743/217/1 744/219/1 759/420/1 760/419/1
f 744/219/1 745/221/1 758/421/1 759/420/1
f 745/221/1 746/223/1 757/422/1 758/421/1
f 746/223/1 747/225/1 756/423/1 757/422/1
f 747/225/1 748/227/1 755/424/1 756/423/1
f 748/227/1 749/229/1 754/425/1 755/424/1
f 749/229/1 750/231/1 753/426/1 754/425/1
f 750/231/1 751/1/1 752/4/1 753/426/1
f 1359/1/1 1282/2/1 1281/3/1 1360/4/1
f 1360/4/2 1281/3/2 1283/5/2 1375/6/2
f 1375/6/3 1283/5/3 1284/7/3 1390/8/3
f 1390/8/4 1284/7/4 1285/9/4 1405/10/4
f 1405/10/5 1285/9/5 1286/7/5 1420/8/5
f 1420/8/6 1286/7/6 1287/5/6 1435/6/6
f 1435/6/7 1287/5/7 1288/3/7 1450/4/7
f 1450/4/8 1288/3/8 1289/2/8 1465/1/8
f 1465/1/9 1289/2/9 1290/11/9 1480/12/9
f 1480/12/10 1290/11/10 1291/13/10 1495/14/10
f 1495/14/11 1291/13/11 1292/15/11 1510/16/11
f 1510/16/12 1292/15/12 1293/17/12 1525/18/12
f 1525/19/13 1293/20/13 1294/21/13 1540/22/13
f 1540/22/14 1294/21/14 1295/23/14 1555/24/14
f 1555/24/15 1295/23/15 1296/25/15 1570/26/15
f 1570/26/16 1296/25/16 1297/27/16 1585/28/16
f 1585/28/17 1297/27/17 1298/29/17 1600/30/17
f 1600/30/18 1298/29/18 1299/31/18 1615/32/18
f 1615/32/19 1299/31/19 1300/33/19 1630/34/19
f 1630/34/20 1300/33/20 1301/35/20 1645/36/20
f 1645/36/21 1301/35/21 1302/33/21 1660/34/21
f 1660/34/22 1302/33/22 1303/31/22 1675/32/22
f 1675/32/23 1303/31/23 1304/29/23 1690/30/23
f 1690/30/24 1304/29/24 1305/27/24 1705/28/24
f 1705/28/25 1305/27/25 1306/25/25 1720/26/25
f 1720/26/26 1306/25/26 1307/23/26 1735/24/26
f 1735/24/27 1307/23/27 1308/21/27 1750/22/27
f 1750/22/28 1308/21/28 1309/20/28 1765/19/28
f 1765/18/29 1309/17/29 1310/15/29 1780/16/29
f 1780/16/30 1310/15/30 1311/13/30 1795/14/30
f 1266/37/31 1264/38/31 1336/39/31 1337/40/31
f 1795/14/32 1311/13/32 1312/11/32 1810/12/32
f 1810/12/33 1312/11/33 1282/2/33 1359/1/33
f 1217/41/34 1219/42/34 1221/43/34 1223/44/34 1225/45/34 1227/46/34 1229/47/34 1231/48/34 1233/49/34 1235/50/34 1237/51/34 1239/52/34 1241/53/34 1243/54/34 1245/55/34 1247/56/34 1249/57/34 1251/58/34 1253/59/34 1255/60/34 1257/61/34 1259/62/34 1261/63/34 1263/64/34 1265/65/34 1267/66/34 1269/67/34 1271/68/34 1273/69/34 1275/70/34 1277/71/34 1279/72/34
f 1218/73/35 1220/74/35 1281/75/35 1282/76/35
f 1220/74/35 1222/77/35 1283/78/35 1281/75/35
f 1222/77/35 1224/79/35 1284/80/35 1283/78/35
f 1224/79/35 1226/81/35 1285/82/35 1284/80/35
f 1226/81/35 1228/83/35 1286/84/35 1285/82/35
f 1228/83/35 1230/85/35 1287/86/35 1286/84/35
f 1230/85/35 1232/87/35 1288/88/35 1287/86/35
f 1232/87/35 1234/89/35 1289/90/35 1288/88/35
f 1234/89/35 1236/91/35 1290/92/35 1289/90/35
f 1236/91/35 1238/93/35 1291/94/35 1290/92/35
f 1238/93/35 1240/95/35 1292/96/35 1291/94/35
f 1240/95/35 1242/97/35 1293/98/35 1292/96/35
f 1242/97/35 1244/99/35 1294/100/35 1293/98/35
f 1244/99/35 1246/101/35 1295/102/35 1294/100/35
f 1246/101/35 1248/103/35 1296/104/35 1295/102/35
f 1248/103/35 1250/105/35 1297/106/35 1296/104/35
f 1250/105/35 1252/107/35 1298/108/35 1297/106/35
f 1252/107/35 1254/109/35 1299/110/35 1298/108/35
f 1254/109/35 1256/111/35 1300/112/35 1299/110/35
f 1256/111/35 1258/113/35 1301/114/35 1300/112/35
f 1258/113/35 1260/115/35 1302/116/35 1301/114/35
f 1260/115/35 1262/117/35 1303/118/35 1302/116/35
f 1262/117/35 1264/119/35 1304/120/35 1303/118/35
f 1264/119/35 1266/121/35 1305/122/35 1304/120/35
f 1266/121/35 1268/123/35 1306/124/35 1305/122/35
f 1268/123/35 1270/125/35 1307/126/35 1306/124/35
f 1270/125/35 1272/127/35 1308/128/35 1307/126/35
f 1272/127/35 1274/129/35 1309/130/35 1308/128/35
f 1274/129/35 1276/131/35 1310/132/35 1309/130/35
f 1276/131/35 1278/133/35 1311/134/35 1310/132/35
f 1278/133/35 1280/135/35 1312/136/35 1311/134/35
f 1280/135/35 1218/73/35 1282/76/35 1312/136/35
f 1313/137/35 1314/138/35 1344/139/35 1343/140/35 1342/141/35 1341/142/35 1340/143/35 1339/144/35 1338/145/35 1337/146/35 1336/147/35 1335/148/35 1334/149/35 1333/150/35 1332/151/35 1331/152/35 1330/153/35 1329/154/35 1328/155/35 1327/156/35 1326/157/35 1325/158/35 1324/159/35 1323/160/35 1322/161/35 1321/162/35 1320/163/35 1319/164/35 1318/165/35 1317/166/35 1316/167/35 1315/168/35
f 1240/169/36 1238/170/36 1323/171/36 1324/172/36
f 1268/173/37 1266/37/37 1337/40/37 1338/174/37
f 1242/175/38 1240/169/38 1324/172/38 1325/176/38
f 1270/177/39 1268/173/39 1338/174/39 1339/178/39
f 1244/179/40 1242/180/40 1325/181/40 1326/182/40
f 1272/179/41 1270/177/41 1339/178/41 1340/182/41
f 1246/177/42 1244/179/42 1326/182/42 1327/178/42
f 1220/183/43 1218/184/43 1314/185/43 1313/186/43
f 1274/180/44 1272/179/44 1340/182/44 1341/181/44
f 1248/173/45 1246/177/45 1327/178/45 1328/174/45
f 1222/187/46 1220/183/46 1313/186/46 1315/188/46
f 1276/169/47 1274/175/47 1341/176/47 1342/172/47
f 1250/37/48 1248/173/48 1328/174/48 1329/40/48
f 1224/189/49 1222/187/49 1315/188/49 1316/190/49
f 1278/170/50 1276/169/50 1342/172/50 1343/171/50
f 1252/38/51 1250/37/51 1329/40/51 1330/39/51
f 1226/191/52 1224/189/52 1316/190/52 1317/192/52
f 1280/193/53 1278/170/53 1343/171/53 1344/194/53
f 1254/195/54 1252/38/54 1330/39/54 1331/196/54
f 1228/189/55 1226/191/55 1317/192/55 1318/190/55
f 1218/184/56 1280/193/56 1344/194/56 1314/185/56
f 1256/197/57 1254/195/57 1331/196/57 1332/198/57
f 1230/187/58 1228/189/58 1318/190/58 1319/188/58
f 1258/199/59 1256/197/59 1332/198/59 1333/200/59
f 1232/183/60 1230/187/60 1319/188/60 1320/186/60
f 1260/201/61 1258/199/61 1333/200/61 1334/198/61
f 1234/184/62 1232/183/62 1320/186/62 1321/185/62
f 1262/195/63 1260/201/63 1334/198/63 1335/196/63
f 1236/193/64 1234/184/64 1321/185/64 1322/194/64
f 1264/38/65 1262/195/65 1335/196/65 1336/39/65
f 1238/170/66 1236/193/66 1322/194/66 1323/171/66
f 1279/202/33 1824/203/33 1345/204/33 1217/205/33
f 1824/203/33 1823/206/33 1346/207/33 1345/204/33
f 1823/206/33 1822/208/33 1347/209/33 1346/207/33
f 1822/208/33 1821/210/33 1348/211/33 1347/209/33
f 1821/210/33 1820/212/33 1349/213/33 1348/211/33
f 1820/212/33 1819/214/33 1350/215/33 1349/213/33
f 1819/214/33 1818/216/33 1351/217/33 1350/215/33
f 1818/216/33 1817/218/33 1352/219/33 1351/217/33
f 1817/218/33 1816/220/33 1353/221/33 1352/219/33
f 1816/220/33 1815/222/33 1354/223/33 1353/221/33
f 1815/222/33 1814/224/33 1355/225/33 1354/223/33
f 1814/224/33 1813/226/33 1356/227/33 1355/225/33
f 1813/226/33 1812/228/33 1357/229/33 1356/227/33
f 1812/228/33 1811/230/33 1358/231/33 1357/229/33
f 1811/230/33 1810/12/33 1359/1/33 1358/231/33
f 1277/232/32 1809/233/32 1824/203/32 1279/202/32
f 1809/233/32 1808/234/32 1823/206/32 1824/203/32
f 1808/234/32 1807/235/32 1822/208/32 1823/206/32
f 1807/235/32 1806/236/32 1821/210/32 1822/208/32
f 1806/236/32 1805/237/32 1820/212/32 1821/210/32
f 1805/237/32 1804/238/32 1819/214/32 1820/212/32
f 1804/238/32 1803/239/32 1818/216/32 1819/214/32
f 1803/239/32 1802/240/32 1817/218/32 1818/216/32
f 1802/240/32 1801/241/32 1816/220/32 1817/218/32
f 1801/241/32 1800/242/32 1815/222/32 1816/220/32
f 1800/242/32 1799/243/32 1814/224/32 1815/222/32
f 1799/243/32 1798/244/32 1813/226/32 1814/224/32
f 1798/244/32 1797/245/32 1812/228/32 1813/226/32
f 1797/245/32 1796/246/32 1811/230/32 1812/228/32
f 1796/246/32 1795/14/32 1810/12/32 1811/230/32
f 1275/247/30 1794/248/30 1809/233/30 1277/232/30
f 1794/248/30 1793/249/30 1808/234/30 1809/233/30
f 1793/249/30 1792/250/30 1807/235/30 1808/234/30
f 1792/250/30 1791/251/30 1806/236/30 1807/235/30
f 1791/251/30 1790/252/30 1805/237/30 1806/236/30
f 1790/252/30 1789/253/30 1804/238/30 1805/237/30
f 1789/253/30 1788/254/30 1803/239/30 1804/238/30
f 1788/254/30 1787/255/30 1802/240/30 1803/239/30
f 1787/255/30 1786/256/30 1801/241/30 1802/240/30
f 1786/256/30 1785/257/30 1800/242/30 1801/241/30
f 1785/257/30 1784/258/30 1799/243/30 1800/242/30
f 1784/258/30 1783/259/30 1798/244/30 1799/243/30
f 1783/259/30 1782/260/30 1797/245/30 1798/244/30
f 1782/260/30 1781/261/30 1796/246/30 1797/245/30
f 1781/261/30 1780/16/30 1795/14/30 1796/246/30
f 1273/262/29 1779/263/29 1794/248/29 1275/247/29
f 1779/263/29 1778/264/29 1793/249/29 1794/248/29
f 1778/264/29 1777/265/29 1792/250/29 1793/249/29
f 1777/265/29 1776/266/29 1791/251/29 1792/250/29
f 1776/266/29 1775/267/29 1790/252/29 1791/251/29
f 1775/267/29 1774/268/29 1789/253/29 1790/252/29
f 1774/268/29 1773/269/29 1788/254/29 1789/253/29
f 1773/269/29 1772/270/29 1787/255/29 1788/254/29
f 1772/270/29 1771/271/29 1786/256/29 1787/255/29
f 1771/271/29 1770/272/29 1785/257/29 1786/256/29
f 1770/272/29 1769/273/29 1784/258/29 1785/257/29
f 1769/273/29 1768/274/29 1783/259/29 1784/258/29
f 1768/274/29 1767/275/29 1782/260/29 1783/259/29
f 1767/275/29 1766/276/29 1781/261/29 1782/260/29
f 1766/276/29 1765/18/29 1780/16/29 1781/261/29
f 1271/277/28 1764/278/28 1779/279/28 1273/280/28
f 1764/278/28 1763/281/28 1778/282/28 1779/279/28
f 1763/281/28 1762/283/28 1777/284/28 1778/282/28
f 1762/283/28 1761/285/28 1776/286/28 1777/284/28
f 1761/285/28 1760/287/28 1775/288/28 1776/286/28
f 1760/287/28 1759/289/28 1774/290/28 1775/288/28
f 1759/289/28 1758/291/28 1773/292/28 1774/290/28
f 1758/291/28 1757/293/28 1772/294/28 1773/292/28
f 1757/293/28 1756/295/28 1771/296/28 1772/294/28
f 1756/295/28 1755/297/28 1770/298/28 1771/296/28
f 1755/297/28 1754/299/28 1769/300/28 1770/298/28
f 1754/299/28 1753/301/28 1768/302/28 1769/300/28
f 1753/301/28 1752/303/28 1767/304/28 1768/302/28
f 1752/303/28 1751/305/28 1766/306/28 1767/304/28
f 1751/305/28 1750/22/28 1765/19/28 1766/306/28
f 1269/307/27 1749/308/27 1764/278/27 1271/277/27
f 1749/308/27 1748/309/27 1763/281/27 1764/278/27
f 1748/309/27 1747/310/27 1762/283/27 1763/281/27
f 1747/310/27 1746/311/27 1761/285/27 1762/283/27
f 1746/311/27 1745/312/27 1760/287/27 1761/285/27
f 1745/312/27 1744/313/27 1759/289/27 1760/287/27
f 1744/313/27 1743/314/27 1758/291/27 1759/289/27
f 1743/314/27 1742/315/27 1757/293/27 1758/291/27
f 1742/315/27 1741/316/27 1756/295/27 1757/293/27
f 1741/316/27 1740/317/27 1755/297/27 1756/295/27
f 1740/317/27 1739/318/27 1754/299/27 1755/297/27
f 1739/318/27 1738/319/27 1753/301/27 1754/299/27
f 1738/319/27 1737/320/27 1752/303/27 1753/301/27
f 1737/320/27 1736/321/27 1751/305/27 1752/303/27
f 1736/321/27 1735/24/27 1750/22/27 1751/305/27
f 1267/322/26 1734/323/26 1749/308/26 1269/307/26
f 1734/323/26 1733/324/26 1748/309/26 1749/308/26
f 1733/324/26 1732/325/26 1747/310/26 1748/309/26
f 1732/325/26 1731/326/26 1746/311/26 1747/310/26
f 1731/326/26 1730/327/26 1745/312/26 1746/311/26
f 1730/327/26 1729/328/26 1744/313/26 1745/312/26
f 1729/328/26 1728/329/26 1743/314/26 1744/313/26
f 1728/329/26 1727/330/26 1742/315/26 1743/314/26
f 1727/330/26 1726/331/26 1741/316/26 1742/315/26
f 1726/331/26 1725/332/26 1740/317/26 1741/316/26
f 1725/332/26 1724/333/26 1739/318/26 1740/317/26
f 1724/333/26 1723/334/26 1738/319/26 1739/318/26
f 1723/334/26 1722/335/26 1737/320/26 1738/319/26
f 1722/335/26 1721/336/26 1736/321/26 1737/320/26
f 1721/336/26 1720/26/26 1735/24/26 1736/321/26
f 1265/337/25 1719/338/25 1734/323/25 1267/322/25
f 1719/338/25 1718/339/25 1733/324/25 1734/323/25
f 1718/339/25 1717/340/25 1732/325/25 1733/324/25
f 1717/340/25 1716/341/25 1731/326/25 1732/325/25
f 1716/341/25 1715/342/25 1730/327/25 1731/326/25
f 1715/342/25 1714/343/25 1729/328/25 1730/327/25
f 1714/343/25 1713/344/25 1728/329/25 1729/328/25
f 1713/344/25 1712/345/25 1727/330/25 1728/329/25
f 1712/345/25 1711/346/25 1726/331/25 1727/330/25
f 1711/346/25 1710/347/25 1725/332/25 1726/331/25
f 1710/347/25 1709/348/25 1724/333/25 1725/332/25
f 1709/348/25 1708/349/25 1723/334/25 1724/333/25
f 1708/349/25 1707/350/25 1722/335/25 1723/334/25
f 1707/350/25 1706/351/25 1721/336/25 1722/335/25
f 1706/351/25 1705/28/25 1720/26/25 1721/336/25
f 1263/352/24 1704/353/24 1719/338/24 1265/337/24
f 1704/353/24 1703/354/24 1718/339/24 1719/338/24
f 1703/354/24 1702/355/24 1717/340/24 1718/339/24
f 1702/355/24 1701/356/24 1716/341/24 1717/340/24
f 1701/356/24 1700/357/24 1715/342/24 1716/341/24
f 1700/357/24 1699/358/24 1714/343/24 1715/342/24
f 1699/358/24 1698/359/24 1713/344/24 1714/343/24
f 1698/359/24 1697/360/24 1712/345/24 1713/344/24
f 1697/360/24 1696/361/24 1711/346/24 1712/345/24
f 1696/361/24 1695/362/24 1710/347/24 1711/346/24
f 1695/362/24 1694/363/24 1709/348/24 1710/347/24
f 1694/363/24 1693/364/24 1708/349/24 1709/348/24
f 1693/364/24 1692/365/24 1707/350/24 1708/349/24
f 1692/365/24 1691/366/24 1706/351/24 1707/350/24
f 1691/366/24 1690/30/24 1705/28/24 1706/351/24
f 1261/367/23 1689/368/23 1704/353/23 1263/352/23
f 1689/368/23 1688/369/23 1703/354/23 1704/353/23
f 1688/369/23 1687/370/23 1702/355/23 1703/354/23
f 1687/370/23 1686/371/23 1701/356/23 1702/355/23
f 1686/371/23 1685/372/23 1700/357/23 1701/356/23
f 1685/372/23 1684/373/23 1699/358/23 1700/357/23
f 1684/373/23 1683/374/23 1698/359/23 1699/358/23
f 1683/374/23 1682/375/23 1697/360/23 1698/359/23
f 1682/375/23 1681/376/23 1696/361/23 1697/360/23
f 1681/376/23 1680/377/23 1695/362/23 1696/361/23
f 1680/377/23 1679/378/23 1694/363/23 1695/362/23
f 1679/378/23 1678/379/23 1693/364/23 1694/363/23
f 1678/379/23 1677/380/23 1692/365/23 1693/364/23
f 1677/380/23 1676/381/23 1691/366/23 1692/365/23
f 1676/381/23 1675/32/23 1690/30/23 1691/366/23
f 1259/382/22 1674/383/22 1689/368/22 1261/367/22
f 1674/383/22 1673/384/22 1688/369/22 1689/368/22
f 1673/384/22 1672/385/22 1687/370/22 1688/369/22
f 1672/385/22 1671/386/22 1686/371/22 1687/370/22
f 1671/386/22 1670/387/22 1685/372/22 1686/371/22
f 1670/387/22 1669/388/22 1684/373/22 1685/372/22
f 1669/388/22 1668/389/22 1683/374/22 1684/373/22
f 1668/389/22 1667/390/22 1682/375/22 1683/374/22
f 1667/390/22 1666/391/22 1681/376/22 1682/375/22
f 1666/391/22 1665/392/22 1680/377/22 1681/376/22
f 1665/392/22 1664/393/22 1679/378/22 1680/377/22
f 1664/393/22 1663/394/22 1678/379/22 1679/378/22
f 1663/394/22 1662/395/22 1677/380/22 1678/379/22
f 1662/395/22 1661/396/22 1676/381/22 1677/380/22
f 1661/396/22 1660/34/22 1675/32/22 1676/381/22
f 1257/397/21 1659/398/21 1674/383/21 1259/382/21
f 1659/398/21 1658/399/21 1673/384/21 1674/383/21
f 1658/399/21 1657/400/21 1672/385/21 1673/384/21
f 1657/400/21 1656/401/21 1671/386/21 1672/385/21
f 1656/401/21 1655/402/21 1670/387/21 1671/386/21
f 1655/402/21 1654/403/21 1669/388/21 1670/387/21
f 1654/403/21 1653/404/21 1668/389/21 1669/388/21
f 1653/404/21 1652/405/21 1667/390/21 1668/389/21
f 1652/405/21 1651/406/21 1666/391/21 1667/390/21
f 1651/406/21 1650/407/21 1665/392/21 1666/391/21
f 1650/407/21 1649/408/21 1664/393/21 1665/392/21
f 1649/408/21 1648/409/21 1663/394/21 1664/393/21
f 1648/409/21 1647/410/21 1662/395/21 1663/394/21
f 1647/410/21 1646/411/21 1661/396/21 1662/395/21
f 1646/411/21 1645/36/21 1660/34/21 1661/396/21
f 1255/382/20 1644/383/20 1659/398/20 1257/397/20
f 1644/383/20 1643/384/20 1658/399/20 1659/398/20
f 1643/384/20 1642/385/20 1657/400/20 1658/399/20
f 1642/385/20 1641/386/20 1656/401/20 1657/400/20
f 1641/386/20 1640/387/20 1655/402/20 1656/401/20
f 1640/387/20 1639/388/20 1654/403/20 1655/402/20
f 1639/388/20 1638/389/20 1653/404/20 1654/403/20
f 1638/389/20 1637/390/20 1652/405/20 1653/404/20
f 1637/390/20 1636/391/20 1651/406/20 1652/405/20
f 1636/391/20 1635/392/20 1650/407/20 1651/406/20
f 1635/392/20 1634/393/20 1649/408/20 1650/407/20
f 1634/393/20 1633/394/20 1648/409/20 1649/408/20
f 1633/394/20 1632/395/20 1647/410/20 1648/409/20
f 1632/395/20 1631/396/20 1646/411/20 1647/410/20
f 1631/396/20 1630/34/20 1645/36/20 1646/411/20
f 1253/367/19 1629/368/19 1644/383/19 1255/382/19
f 1629/368/19 1628/369/19 1643/384/19 1644/383/19
f 1628/369/19 1627/370/19 1642/385/19 1643/384/19
f 1627/370/19 1626/371/19 1641/386/19 1642/385/19
f 1626/371/19 1625/372/19 1640/387/19 1641/386/19
f 1625/372/19 1624/373/19 1639/388/19 1640/387/19
f 1624/373/19 1623/374/19 1638/389/19 1639/388/19
f 1623/374/19 1622/375/19 1637/390/19 1638/389/19
f 1622/375/19 1621/376/19 1636/391/19 1637/390/19
f 1621/376/19 1620/377/19 1635/392/19 1636/391/19
f 1620/377/19 1619/378/19 1634/393/19 1635/392/19
f 1619/378/19 1618/379/19 1633/394/19 1634/393/19
f 1618/379/19 1617/380/19 1632/395/19 1633/394/19
f 1617/380/19 1616/381/19 1631/396/19 1632/395/19
f 1616/381/19 1615/32/19 1630/34/19 1631/396/19
f 1251/352/18 1614/353/18 1629/368/18 1253/367/18
f 1614/353/18 1613/354/18 1628/369/18 1629/368/18
f 1613/354/18 1612/355/18 1627/370/18 1628/369/18
f 1612/355/18 1611/356/18 1626/371/18 1627/370/18
f 1611/356/18 1610/357/18 1625/372/18 1626/371/18
f 1610/357/18 1609/358/18 1624/373/18 1625/372/18
f 1609/358/18 1608/359/18 1623/374/18 1624/373/18
f 1608/359/18 1607/360/18 1622/375/18 1623/374/18
f 1607/360/18 1606/361/18 1621/376/18 1622/375/18
f 1606/361/18 1605/362/18 1620/377/18 1621/376/18
f 1605/362/18 1604/363/18 1619/378/18 1620/377/18
f 1604/363/18 1603/364/18 1618/379/18 1619/378/18
f 1603/364/18 1602/365/18 1617/380/18 1618/379/18
f 1602/365/18 1601/366/18 1616/381/18 1617/380/18
f 1601/366/18 1600/30/18 1615/32/18 1616/381/18
f 1249/337/17 1599/338/17 1614/353/17 1251/352/17
f 1599/338/17 1598/339/17 1613/354/17 1614/353/17
f 1598/339/17 1597/340/17 1612/355/17 1613/354/17
f 1597/340/17 1596/341/17 1611/356/17 1612/355/17
f 1596/341/17 1595/342/17 1610/357/17 1611/356/17
f 1595/342/17 1594/343/17 1609/358/17 1610/357/17
f 1594/343/17 1593/344/17 1608/359/17 1609/358/17
f 1593/344/17 1592/345/17 1607/360/17 1608/359/17
f 1592/345/17 1591/346/17 1606/361/17 1607/360/17
f 1591/346/17 1590/347/17 1605/362/17 1606/361/17
f 1590/347/17 1589/348/17 1604/363/17 1605/362/17
f 1589/348/17 1588/349/17 1603/364/17 1604/363/17
f 1588/349/17 1587/350/17 1602/365/17 1603/364/17
f 1587/350/17 1586/351/17 1601/366/17 1602/365/17
f 1586/351/17 1585/28/17 1600/30/17 1601/366/17
f 1247/322/16 1584/323/16 1599/338/16 1249/337/16
f 1584/323/16 1583/324/16 1598/339/16 1599/338/16
f 1583/324/16 1582/325/16 1597/340/16 1598/339/16
f 1582/325/16 1581/326/16 1596/341/16 1597/340/16
f 1581/326/16 1580/327/16 1595/342/16 1596/341/16
f 1580/327/16 1579/328/16 1594/343/16 1595/342/16
f 1579/328/16 1578/329/16 1593/344/16 1594/343/16
f 1578/329/16 1577/330/16 1592/345/16 1593/344/16
f 1577/330/16 1576/331/16 1591/346/16 1592/345/16
f 1576/331/16 1575/332/16 1590/347/16 1591/346/16
f 1575/332/16 1574/333/16 1589/348/16 1590/347/16
f 1574/333/16 1573/334/16 1588/349/16 1589/348/16
f 1573/334/16 1572/335/16 1587/350/16 1588/349/16
f 1572/335/16 1571/336/16 1586/351/16 1587/350/16
f 1571/336/16 1570/26/16 1585/28/16 1586/351/16
f 1245/307/15 1569/308/15 1584/323/15 1247/322/15
f 1569/308/15 1568/309/15 1583/324/15 1584/323/15
f 1568/309/15 1567/310/15 1582/325/15 1583/324/15
f 1567/310/15 1566/311/15 1581/326/15 1582/325/15
f 1566/311/15 1565/312/15 1580/327/15 1581/326/15
f 1565/312/15 1564/313/15 1579/328/15 1580/327/15
f 1564/313/15 1563/314/15 1578/329/15 1579/328/15
f 1563/314/15 1562/315/15 1577/330/15 1578/329/15
f 1562/315/15 1561/316/15 1576/331/15 1577/330/15
f 1561/316/15 1560/317/15 1575/332/15 1576/331/15
f 1560/317/15 1559/318/15 1574/333/15 1575/332/15
f 1559/318/15 1558/319/15 1573/334/15 1574/333/15
f 1558/319/15 1557/320/15 1572/335/15 1573/334/15
f 1557/320/15 1556/321/15 1571/336/15 1572/335/15
f 1556/321/15 1555/24/15 1570/26/15 1571/336/15
f 1243/277/14 1554/278/14 1569/308/14 1245/307/14
f 1554/278/14 1553/281/14 1568/309/14 1569/308/14
f 1553/281/14 1552/283/14 1567/310/14 1568/309/14
f 1552/283/14 1551/285/14 1566/311/14 1567/310/14
f 1551/285/14 1550/287/14 1565/312/14 1566/311/14
f 1550/287/14 1549/289/14 1564/313/14 1565/312/14
f 1549/289/14 1548/291/14 1563/314/14 1564/313/14
f 1548/291/14 1547/293/14 1562/315/14 1563/314/14
f 1547/293/14 1546/295/14 1561/316/14 1562/315/14
f 1546/295/14 1545/297/14 1560/317/14 1561/316/14
f 1545/297/14 1544/299/14 1559/318/14 1560/317/14
f 1544/299/14 1543/301/14 1558/319/14 1559/318/14
f 1543/301/14 1542/303/14 1557/320/14 1558/319/14
f 1542/303/14 1541/305/14 1556/321/14 1557/320/14
f 1541/305/14 1540/22/14 1555/24/14 1556/321/14
f 1241/280/13 1539/279/13 1554/278/13 1243/277/13
f 1539/279/13 1538/282/13 1553/281/13 1554/278/13
f 1538/282/13 1537/284/13 1552/283/13 1553/281/13
f 1537/284/13 1536/286/13 1551/285/13 1552/283/13
f 1536/286/13 1535/288/13 1550/287/13 1551/285/13
f 1535/288/13 1534/290/13 1549/289/13 1550/287/13
f 1534/290/13 1533/292/13 1548/291/13 1549/289/13
f 1533/292/13 1532/294/13 1547/293/13 1548/291/13
f 1532/294/13 1531/296/13 1546/295/13 1547/293/13
f 1531/296/13 1530/298/13 1545/297/13 1546/295/13
f 1530/298/13 1529/300/13 1544/299/13 1545/297/13
f 1529/300/13 1528/302/13 1543/301/13 1544/299/13
f 1528/302/13 1527/304/13 1542/303/13 1543/301/13
f 1527/304/13 1526/306/13 1541/305/13 1542/303/13
f 1526/306/13 1525/19/13 1540/22/13 1541/305/13
f 1239/247/12 1524/248/12 1539/263/12 1241/262/12
f 1524/248/12 1523/249/12 1538/264/12 1539/263/12
f 1523/249/12 1522/250/12 1537/265/12 1538/264/12
f 1522/250/12 1521/251/12 1536/266/12 1537/265/12
f 1521/251/12 1520/252/12 1535/267/12 1536/266/12
f 1520/252/12 1519/253/12 1534/268/12 1535/267/12
f 1519/253/12 1518/254/12 1533/269/12 1534/268/12
f 1518/254/12 1517/255/12 1532/270/12 1533/269/12
f 1517/255/12 1516/256/12 1531/271/12 1532/270/12
f 1516/256/12 1515/257/12 1530/272/12 1531/271/12
f 1515/257/12 1514/258/12 1529/273/12 1530/272/12
f 1514/258/12 1513/259/12 1528/274/12 1529/273/12
f 1513/259/12 1512/260/12 1527/275/12 1528/274/12
f 1512/260/12 1511/261/12 1526/276/12 1527/275/12
f 1511/261/12 1510/16/12 1525/18/12 1526/276/12
f 1237/232/11 1509/233/11 1524/248/11 1239/247/11
f 1509/233/11 1508/234/11 1523/249/11 1524/248/11
f 1508/234/11 1507/235/11 1522/250/11 1523/249/11
f 1507/235/11 1506/236/11 1521/251/11 1522/250/11
f 1506/236/11 1505/237/11 1520/252/11 1521/251/11
f 1505/237/11 1504/238/11 1519/253/11 1520/252/11
f 1504/238/11 1503/239/11 1518/254/11 1519/253/11
f 1503/239/11 1502/240/11 1517/255/11 1518/254/11
f 1502/240/11 1501/241/11 1516/256/11 1517/255/11
f 1501/241/11 1500/242/11 1515/257/11 1516/256/11
f 1500/242/11 1499/243/11 1514/258/11 1515/257/11
f 1499/243/11 1498/244/11 1513/259/11 1514/258/11
f 1498/244/11 1497/245/11 1512/260/11 1513/259/11
f 1497/245/11 1496/246/11 1511/261/11 1512/260/11
f 1496/246/11 1495/14/11 1510/16/11 1511/261/11
f 1235/202/10 1494/203/10 1509/233/10 1237/232/10
f 1494/203/10 1493/206/10 1508/234/10 1509/233/10
f 1493/206/10 1492/208/10 1507/235/10 1508/234/10
f 1492/208/10 1491/210/10 1506/236/10 1507/235/10
f 1491/210/10 1490/212/10 1505/237/10 1506/236/10
f 1490/212/10 1489/214/10 1504/238/10 1505/237/10
f 1489/214/10 1488/216/10 1503/239/10 1504/238/10
f 1488/216/10 1487/218/10 1502/240/10 1503/239/10
f 1487/218/10 1486/220/10 1501/241/10 1502/240/10
f 1486/220/10 1485/222/10 1500/242/10 1501/241/10
f 1485/222/10 1484/224/10 1499/243/10 1500/242/10
f 1484/224/10 1483/226/10 1498/244/10 1499/243/10
f 1483/226/10 1482/228/10 1497/245/10 1498/244/10
f 1482/228/10 1481/230/10 1496/246/10 1497/245/10
f 1481/230/10 1480/12/10 1495/14/10 1496/246/10
f 1233/205/9 1479/204/9 1494/203/9 1235/202/9
f 1479/204/9 1478/207/9 1493/206/9 1494/203/9
f 1478/207/9 1477/209/9 1492/208/9 1493/206/9
f 1477/209/9 1476/211/9 1491/210/9 1492/208/9
f 1476/211/9 1475/213/9 1490/212/9 1491/210/9
f 1475/213/9 1474/215/9 1489/214/9 1490/212/9
f 1474/215/9 1473/217/9 1488/216/9 1489/214/9
f 1473/217/9 1472/219/9 1487/218/9 1488/216/9
f 1472/219/9 1471/221/9 1486/220/9 1487/218/9
f 1471/221/9 1470/223/9 1485/222/9 1486/220/9
f 1470/223/9 1469/225/9 1484/224/9 1485/222/9
f 1469/225/9 1468/227/9 1483/226/9 1484/224/9
f 1468/227/9 1467/229/9 1482/228/9 1483/226/9
f 1467/229/9 1466/231/9 1481/230/9 1482/228/9
f 1466/231/9 1465/1/9 1480/12/9 1481/230/9
f 1231/412/8 1464/413/8 1479/204/8 1233/205/8
f 1464/413/8 1463/414/8 1478/207/8 1479/204/8
f 1463/414/8 1462/415/8 1477/209/8 1478/207/8
f 1462/415/8 1461/416/8 1476/211/8 1477/209/8
f 1461/416/8 1460/417/8 1475/213/8 1476/211/8
f 1460/417/8 1459/418/8 1474/215/8 1475/213/8
f 1459/418/8 1458/419/8 1473/217/8 1474/215/8
f 1458/419/8 1457/420/8 1472/219/8 1473/217/8
f 1457/420/8 1456/421/8 1471/221/8 1472/219/8
f 1456/421/8 1455/422/8 1470/223/8 1471/221/8
f 1455/422/8 1454/423/8 1469/225/8 1470/223/8
f 1454/423/8 1453/424/8 1468/227/8 1469/225/8
f 1453/424/8 1452/425/8 1467/229/8 1468/227/8
f 1452/425/8 1451/426/8 1466/231/8 1467/229/8
f 1451/426/8 1450/4/8 1465/1/8 1466/231/8
f 1229/427/7 1449/428/7 1464/413/7 1231/412/7
f 1449/428/7 1448/429/7 1463/414/7 1464/413/7
f 1448/429/7 1447/430/7 1462/415/7 1463/414/7
f 1447/430/7 1446/431/7 1461/416/7 1462/415/7
f 1446/431/7 1445/432/7 1460/417/7 1461/416/7
f 1445/432/7 1444/433/7 1459/418/7 1460/417/7
f 1444/433/7 1443/434/7 1458/419/7 1459/418/7
f 1443/434/7 1442/435/7 1457/420/7 1458/419/7
f 1442/435/7 1441/436/7 1456/421/7 1457/420/7
f 1441/436/7 1440/437/7 1455/422/7 1456/421/7
f 1440/437/7 1439/438/7 1454/423/7 1455/422/7
f 1439/438/7 1438/439/7 1453/424/7 1454/423/7
f 1438/439/7 1437/440/7 1452/425/7 1453/424/7
f 1437/440/7 1436/441/7 1451/426/7 1452/425/7
f 1436/441/7 1435/6/7 1450/4/7 1451/426/7
f 1227/442/6 1434/443/6 1449/428/6 1229/427/6
f 1434/443/6 1433/444/6 1448/429/6 1449/428/6
f 1433/444/6 1432/445/6 1447/430/6 1448/429/6
f 1432/445/6 1431/446/6 1446/431/6 1447/430/6
f 1431/446/6 1430/447/6 1445/432/6 1446/431/6
f 1430/447/6 1429/448/6 1444/433/6 1445/432/6
f 1429/448/6 1428/449/6 1443/434/6 1444/433/6
f 1428/449/6 1427/450/6 1442/435/6 1443/434/6
f 1427/450/6 1426/451/6 1441/436/6 1442/435/6
f 1426/451/6 1425/452/6 1440/437/6 1441/436/6
f 1425/452/6 1424/453/6 1439/438/6 1440/437/6
f 1424/453/6 1423/454/6 1438/439/6 1439/438/6
f 1423/454/6 1422/455/6 1437/440/6 1438/439/6
f 1422/455/6 1421/456/6 1436/441/6 1437/440/6
f 1421/456/6 1420/8/6 1435/6/6 1436/441/6
f 1225/457/5 1419/458/5 1434/443/5 1227/442/5
f 1419/458/5 1418/459/5 1433/444/5 1434/443/5
f 1418/459/5 1417/460/5 1432/445/5 1433/444/5
f 1417/460/5 1416/461/5 1431/446/5 1432/445/5
f 1416/461/5 1415/462/5 1430/447/5 1431/446/5
f 1415/462/5 1414/463/5 1429/448/5 1430/447/5
f 1414/463/5 1413/464/5 1428/449/5 1429/448/5
f 1413/464/5 1412/465/5 1427/450/5 1428/449/5
f 1412/465/5 1411/466/5 1426/451/5 1427/450/5
f 1411/466/5 1410/467/5 1425/452/5 1426/451/5
f 1410/467/5 1409/468/5 1424/453/5 1425/452/5
f 1409/468/5 1408/469/5 1423/454/5 1424/453/5
f 1408/469/5 1407/470/5 1422/455/5 1423/454/5
f 1407/470/5 1406/471/5 1421/456/5 1422/455/5
f 1406/471/5 1405/10/5 1420/8/5 1421/456/5
f 1223/442/4 1404/443/4 1419/458/4 1225/457/4
f 1404/443/4 1403/444/4 1418/459/4 1419/458/4
f 1403/444/4 1402/445/4 1417/460/4 1418/459/4
f 1402/445/4 1401/446/4 1416/461/4 1417/460/4
f 1401/446/4 1400/447/4 1415/462/4 1416/461/4
f 1400/447/4 1399/448/4 1414/463/4 1415/462/4
f 1399/448/4 1398/449/4 1413/464/4 1414/463/4
f 1398/449/4 1397/450/4 1412/465/4 1413/464/4
f 1397/450/4 1396/451/4 1411/466/4 1412/465/4
f 1396/451/4 1395/452/4 1410/467/4 1411/466/4
f 1395/452/4 1394/453/4 1409/468/4 1410/467/4
f 1394/453/4 1393/454/4 1408/469/4 1409/468/4
f 1393/454/4 1392/455/4 1407/470/4 1408/469/4
f 1392/455/4 1391/456/4 1406/471/4 1407/470/4
f 1391/456/4 1390/8/4 1405/10/4 1406/471/4
f 1221/427/3 1389/428/3 1404/443/3 1223/442/3
f 1389/428/3 1388/429/3 1403/444/3 1404/443/3
f 1388/429/3 1387/430/3 1402/445/3 1403/444/3
f 1387/430/3 1386/431/3 1401/446/3 1402/445/3
f 1386/431/3 1385/432/3 1400/447/3 1401/446/3
f 1385/432/3 1384/433/3 1399/448/3 1400/447/3
f 1384/433/3 1383/434/3 1398/449/3 1399/448/3
f 1383/434/3 1382/435/3 1397/450/3 1398/449/3
f 1382/435/3 1381/436/3 1396/451/3 1397/450/3
f 1381/436/3 1380/437/3 1395/452/3 1396/451/3
f 1380/437/3 1379/438/3 1394/453/3 1395/452/3
f 1379/438/3 1378/439/3 1393/454/3 1394/453/3
f 1378/439/3 1377/440/3 1392/455/3 1393/454/3
f 1377/440/3 1376/441/3 1391/456/3 1392/455/3
f 1376/441/3 1375/6/3 1390/8/3 1391/456/3
f 1219/412/2 1374/413/2 1389/428/2 1221/427/2
f 1374/413/2 1373/414/2 1388/429/2 1389/428/2
f 1373/414/2 1372/415/2 1387/430/2 1388/429/2
f 1372/415/2 1371/416/2 1386/431/2 1387/430/2
f 1371/416/2 1370/417/2 1385/432/2 1386/431/2
f 1370/417/2 1369/418/2 1384/433/2 1385/432/2
f 1369/418/2 1368/419/2 1383/434/2 1384/433/2
f 1368/419/2 1367/420/2 1382/435/2 1383/434/2
f 1367/420/2 1366/421/2 1381/436/2 1382/435/2
f 1366/421/2 1365/422/2 1380/437/2 1381/436/2
f 1365/422/2 1364/423/2 1379/438/2 1380/437/2
f 1364/423/2 1363/424/2 1378/439/2 1379/438/2
f 1363/424/2 1362/425/2 1377/440/2 1378/439/2
f 1362/425/2 1361/426/2 1376/441/2 1377/440/2
f 1361/426/2 1360/4/2 1375/6/2 1376/441/2
f 1217/205/1 1345/204/1 1374/413/1 1219/412/1
f 1345/204/1 1346/207/1 1373/414/1 1374/413/1
f 1346/207/1 1347/209/1 1372/415/1 1373/414/1
f 1347/209/1 1348/211/1 1371/416/1 1372/415/1
f 1348/211/1 1349/213/1 1370/417/1 1371/416/1
f 1349/213/1 1350/215/1 1369/418/1 1370/417/1
f 1350/215/1 1351/217/1 1368/419/1 1369/418/1
f 1351/217/1 1352/219/1 1367/420/1 1368/419/1
f 1352/219/1 1353/221/1 1366/421/1 1367/420/1
f 1353/221/1 1354/223/1 1365/422/1 1366/421/1
f 1354/223/1 1355/225/1 1364/423/1 1365/422/1
f 1355/225/1 1356/227/1 1363/424/1 1364/423/1
f 1356/227/1 1357/229/1 1362/425/1 1363/424/1
f 1357/229/1 1358/231/1 1361/426/1 1362/425/1
f 1358/231/1 1359/1/1 1360/4/1 1361/426/1
