# Blender 5.0.0
# www.blender.org
mtllib Assets3.mtl
o Bed
v -6.207963 -2.788354 7.992653
v 6.207963 -2.788354 7.992653
v -6.207963 -2.788354 -11.236040
v 6.207963 -2.788354 -11.236040
v -5.098399 2.507400 7.992653
v -6.207963 1.397835 7.992653
v -5.385575 2.469593 7.992653
v -5.653181 2.358747 7.992653
v -5.882979 2.182416 7.992653
v -6.059310 1.952618 7.992653
v -6.170156 1.685012 7.992653
v 6.207963 1.397835 7.992653
v 5.098399 2.507400 7.992653
v 6.170156 1.685012 7.992653
v 6.059310 1.952618 7.992653
v 5.882979 2.182416 7.992653
v 5.653181 2.358747 7.992653
v 5.385575 2.469593 7.992653
v -5.098399 2.507400 -10.126475
v -6.207963 1.397835 -11.236040
v -5.385574 2.469593 -10.413651
v -5.653181 2.358747 -10.681257
v -5.882979 2.182416 -10.911057
v -6.059309 1.952618 -11.087386
v -6.170156 1.685012 -11.198233
v 6.207963 1.397835 -11.236040
v 5.098399 2.507400 -10.126475
v 6.170156 1.685012 -11.198233
v 6.059309 1.952618 -11.087386
v 5.882979 2.182416 -10.911056
v 5.653181 2.358747 -10.681257
v 5.385574 2.469593 -10.413651
v -6.060000 -0.552672 11.089802
v -6.060000 0.552672 11.089802
v -6.060000 -0.552672 -11.089802
v -6.060000 0.552672 -11.089802
v 6.060000 -0.552672 11.089802
v 6.060000 0.552672 11.089802
v 6.060000 -0.552672 -11.089802
v 6.060000 0.552672 -11.089802
v -6.060000 -0.552672 10.091721
v -6.060000 0.552672 10.091721
v 6.060000 -0.552672 10.091721
v 6.060000 0.552672 10.091721
v -6.060000 0.552672 -10.030725
v 6.060000 -0.552672 -10.030725
v -6.060000 -0.552672 -10.030725
v 6.060000 0.552672 -10.030725
v 5.029800 -0.552672 -11.089802
v 5.029800 0.552672 -11.089802
v 5.029800 -0.552672 11.089802
v 5.029800 0.552672 11.089802
v 5.029800 0.552672 10.091721
v 5.029800 -0.552672 10.091721
v 5.029800 -0.552672 -10.030725
v 5.029800 0.552672 -10.030725
v -5.061919 -0.552672 -11.089802
v -5.061919 0.552672 11.089802
v -5.061919 -0.552672 10.091721
v -5.061919 -0.552672 -10.030725
v -5.061919 0.552672 -11.089802
v -5.061919 -0.552672 11.089802
v -5.061919 0.552672 10.091721
v -5.061919 0.552672 -10.030725
v -6.060000 -4.987872 10.091721
v -6.060000 -4.987872 11.089802
v -5.061919 -4.987872 -11.089802
v -6.060000 -4.987872 -11.089802
v 6.060000 -4.987872 -10.030725
v 6.060000 -4.987872 -11.089802
v 5.029800 -4.987872 11.089802
v 6.060000 -4.987872 11.089802
v 6.060000 -4.987872 10.091721
v -5.061919 -4.987872 10.091721
v -6.060000 -4.987872 -10.030725
v -5.061919 -4.987872 -10.030725
v 5.029800 -4.987872 -11.089802
v 5.029800 -4.987872 10.091721
v 5.029800 -4.987872 -10.030725
v -5.061919 -4.987872 11.089802
v 6.060000 6.042321 10.091721
v 6.060000 6.042321 11.089802
v -5.061919 6.042321 11.089802
v -6.060000 6.042321 11.089802
v -6.060000 6.042321 10.091721
v 5.029800 6.042321 10.091721
v 5.029800 6.042321 11.089802
v -5.061919 6.042321 10.091721
v 6.060000 5.054184 10.091721
v 6.060000 5.054184 11.089802
v 5.029800 5.054184 11.089802
v 5.029800 5.054184 10.091721
v -6.060000 5.054184 10.091721
v -5.061919 5.054184 10.091721
v -6.060000 5.054184 11.089802
v -5.061919 5.054184 11.089802
v -5.061919 3.523670 10.091721
v -6.060000 3.523670 10.091721
v -6.060000 3.523670 11.089802
v -5.061919 3.523670 11.089802
v -5.061919 2.528386 10.091721
v -6.060000 2.528386 10.091721
v -6.060000 2.528386 11.089802
v -5.061919 2.528386 11.089802
v 6.060000 3.529479 11.089802
v 5.029800 3.529479 11.089802
v 5.029800 3.529479 10.091721
v 6.060000 3.529479 10.091721
v 6.060000 2.532248 11.089802
v 5.029800 2.532248 11.089802
v 5.029800 2.532248 10.091721
v 6.060000 2.532248 10.091721
v 5.029800 -0.134542 -10.030725
v 5.029800 -0.134542 10.091721
v -5.061919 -0.134542 10.091721
v -5.061919 -0.134542 -10.030725
v -5.643696 0.797999 9.711923
v -5.643696 2.163001 9.711922
v -5.643696 0.797999 -10.518323
v -5.643695 2.163001 -10.518323
v 5.643696 0.797999 9.711923
v 5.643695 2.163001 9.711923
v 5.643696 0.797999 -10.518323
v 5.643696 2.163001 -10.518322
v -5.718946 0.722166 -9.304507
v -5.718946 0.722166 -7.686090
v -5.718946 0.722166 -6.067668
v -5.718946 0.722166 -4.449250
v -5.718946 0.722166 -2.830830
v -5.718946 0.722166 -1.212410
v -5.718946 0.722166 0.406010
v -5.718946 0.722166 2.024430
v -5.718946 0.722166 3.642849
v -5.718946 0.722166 5.261269
v -5.718946 0.722166 6.879688
v -5.718946 0.722166 8.498107
v -5.718946 2.238834 8.498107
v -5.718946 2.238834 6.879688
v -5.718946 2.238834 5.261268
v -5.718946 2.238834 3.642850
v -5.718946 2.238834 2.024430
v -5.718946 2.238834 0.406010
v -5.718946 2.238834 -1.212410
v -5.718946 2.238834 -2.830829
v -5.718946 2.238834 -4.449249
v -5.718946 2.238834 -6.067669
v -5.718946 2.238834 -7.686089
v -5.718945 2.238834 -9.304507
v 5.718945 0.722166 8.498107
v 5.718945 0.722166 6.879688
v 5.718945 0.722166 5.261269
v 5.718945 0.722166 3.642850
v 5.718945 0.722166 2.024430
v 5.718945 0.722166 0.406010
v 5.718945 0.722166 -1.212410
v 5.718945 0.722166 -2.830829
v 5.718945 0.722166 -4.449250
v 5.718945 0.722166 -6.067669
v 5.718945 0.722166 -7.686088
v 5.718945 0.722166 -9.304509
v 5.718945 2.238834 -9.304509
v 5.718945 2.238834 -7.686088
v 5.718945 2.238834 -6.067669
v 5.718945 2.238834 -4.449250
v 5.718945 2.238834 -2.830830
v 5.718945 2.238834 -1.212410
v 5.718945 2.238834 0.406010
v 5.718945 2.238834 2.024430
v 5.718945 2.238834 3.642849
v 5.718945 2.238834 5.261269
v 5.718945 2.238834 6.879688
v 5.718945 2.238834 8.498107
v -5.718946 1.480500 9.846792
v -5.718945 1.480500 -10.653192
v 5.718945 1.480500 -10.653192
v 5.718945 1.480500 9.846791
v 5.869443 1.480500 -9.304508
v 5.869443 1.480500 -7.686088
v 5.869443 1.480500 -6.067669
v 5.869443 1.480500 -4.449250
v 5.869443 1.480500 -2.830829
v 5.869443 1.480500 -1.212410
v 5.869443 1.480500 0.406010
v 5.869443 1.480500 2.024430
v 5.869443 1.480500 3.642850
v 5.869443 1.480500 5.261269
v 5.869443 1.480500 6.879688
v 5.869443 1.480500 8.498107
v -5.869443 1.480500 8.498108
v -5.869443 1.480500 6.879688
v -5.869443 1.480500 5.261269
v -5.869443 1.480500 3.642849
v -5.869443 1.480500 2.024430
v -5.869443 1.480500 0.406010
v -5.869443 1.480500 -1.212410
v -5.869443 1.480500 -2.830829
v -5.869443 1.480500 -4.449249
v -5.869443 1.480500 -6.067669
v -5.869443 1.480500 -7.686089
v -5.869443 1.480500 -9.304507
v 4.966453 0.722166 -10.653193
v 4.063461 0.722166 -10.653193
v 3.160470 0.722166 -10.653193
v 2.257479 0.722166 -10.653193
v 1.354487 0.722166 -10.653193
v 0.451496 0.722166 -10.653193
v -0.451496 0.722166 -10.653193
v -1.354487 0.722166 -10.653193
v -2.257478 0.722166 -10.653193
v -3.160470 0.722166 -10.653193
v -4.063461 0.722166 -10.653193
v -4.966453 0.722166 -10.653193
v -4.966453 2.238834 -10.653193
v -4.063461 2.238834 -10.653193
v -3.160469 2.238834 -10.653193
v -2.257479 2.238834 -10.653193
v -1.354487 2.238834 -10.653193
v -0.451496 2.238834 -10.653193
v 0.451496 2.238834 -10.653193
v 1.354487 2.238834 -10.653193
v 2.257478 2.238834 -10.653193
v 3.160470 2.238834 -10.653193
v 4.063461 2.238834 -10.653193
v 4.966453 2.238834 -10.653192
v -4.966452 0.722166 9.846792
v -4.063461 0.722166 9.846792
v -3.160470 0.722166 9.846792
v -2.257479 0.722166 9.846792
v -1.354487 0.722166 9.846792
v -0.451496 0.722166 9.846792
v 0.451496 0.722166 9.846792
v 1.354487 0.722166 9.846792
v 2.257478 0.722166 9.846792
v 3.160470 0.722166 9.846792
v 4.063461 0.722166 9.846792
v 4.966452 0.722166 9.846792
v 4.966452 2.238834 9.846791
v 4.063461 2.238834 9.846791
v 3.160470 2.238834 9.846791
v 2.257478 2.238834 9.846791
v 1.354487 2.238834 9.846791
v 0.451496 2.238834 9.846791
v -0.451496 2.238834 9.846791
v -1.354487 2.238834 9.846791
v -2.257478 2.238834 9.846791
v -3.160469 2.238834 9.846791
v -4.063461 2.238834 9.846791
v -4.966453 2.238834 9.846791
v -4.966452 2.390501 -9.304508
v -4.063461 2.390501 -9.304508
v -3.160470 2.390501 -9.304508
v -2.257478 2.390501 -9.304508
v -1.354487 2.390501 -9.304508
v -0.451496 2.390501 -9.304508
v 0.451496 2.390501 -9.304508
v 1.354487 2.390501 -9.304508
v 2.257478 2.390501 -9.304508
v 3.160470 2.390501 -9.304508
v 4.063461 2.390501 -9.304508
v 4.966452 2.390501 -9.304508
v -4.966452 2.390501 -7.686089
v -4.063461 2.390501 -7.686088
v -3.160470 2.390501 -7.686088
v -2.257478 2.390501 -7.686088
v -1.354487 2.390501 -7.686088
v -0.451496 2.390501 -7.686088
v 0.451496 2.390501 -7.686088
v 1.354487 2.390501 -7.686088
v 2.257478 2.390501 -7.686088
v 3.160470 2.390501 -7.686088
v 4.063461 2.390501 -7.686088
v 4.966452 2.390501 -7.686088
v -4.966452 2.390501 -6.067669
v -4.063461 2.390501 -6.067669
v -3.160470 2.390501 -6.067669
v -2.257478 2.390501 -6.067669
v -1.354487 2.390501 -6.067669
v -0.451496 2.390501 -6.067669
v 0.451496 2.390501 -6.067669
v 1.354487 2.390501 -6.067669
v 2.257478 2.390501 -6.067669
v 3.160470 2.390501 -6.067669
v 4.063461 2.390501 -6.067669
v 4.966452 2.390501 -6.067669
v -4.966452 2.390501 -4.449249
v -4.063461 2.390501 -4.449250
v -3.160470 2.390501 -4.449250
v -2.257478 2.390501 -4.449250
v -1.354487 2.390501 -4.449250
v -0.451496 2.390501 -4.449250
v 0.451496 2.390501 -4.449250
v 1.354487 2.390501 -4.449250
v 2.257478 2.390501 -4.449250
v 3.160470 2.390501 -4.449250
v 4.063461 2.390501 -4.449250
v 4.966452 2.390501 -4.449250
v -4.966452 2.390501 -2.830829
v -4.063461 2.390501 -2.830829
v -3.160470 2.390501 -2.830829
v -2.257478 2.390501 -2.830829
v -1.354487 2.390501 -2.830829
v -0.451496 2.390501 -2.830829
v 0.451496 2.390501 -2.830829
v 1.354487 2.390501 -2.830829
v 2.257478 2.390501 -2.830829
v 3.160470 2.390501 -2.830829
v 4.063461 2.390501 -2.830829
v 4.966452 2.390501 -2.830829
v -4.966452 2.390501 -1.212410
v -4.063461 2.390501 -1.212410
v -3.160470 2.390501 -1.212410
v -2.257478 2.390501 -1.212410
v -1.354487 2.390501 -1.212410
v -0.451496 2.390501 -1.212410
v 0.451496 2.390501 -1.212410
v 1.354487 2.390501 -1.212410
v 2.257478 2.390501 -1.212410
v 3.160470 2.390501 -1.212410
v 4.063461 2.390501 -1.212410
v 4.966452 2.390501 -1.212410
v -4.966452 2.390501 0.406010
v -4.063461 2.390501 0.406010
v -3.160470 2.390501 0.406010
v -2.257478 2.390501 0.406010
v -1.354487 2.390501 0.406010
v -0.451496 2.390501 0.406010
v 0.451496 2.390501 0.406010
v 1.354487 2.390501 0.406010
v 2.257478 2.390501 0.406010
v 3.160470 2.390501 0.406010
v 4.063461 2.390501 0.406010
v 4.966452 2.390501 0.406010
v -4.966452 2.390501 2.024430
v -4.063461 2.390501 2.024430
v -3.160470 2.390501 2.024430
v -2.257478 2.390501 2.024430
v -1.354487 2.390501 2.024430
v -0.451496 2.390501 2.024430
v 0.451496 2.390501 2.024430
v 1.354487 2.390501 2.024430
v 2.257478 2.390501 2.024430
v 3.160470 2.390501 2.024430
v 4.063461 2.390501 2.024430
v 4.966452 2.390501 2.024430
v -4.966452 2.390501 3.642849
v -4.063461 2.390501 3.642850
v -3.160470 2.390501 3.642850
v -2.257478 2.390501 3.642850
v -1.354487 2.390501 3.642850
v -0.451496 2.390501 3.642850
v 0.451496 2.390501 3.642850
v 1.354487 2.390501 3.642850
v 2.257478 2.390501 3.642850
v 3.160470 2.390501 3.642850
v 4.063461 2.390501 3.642850
v 4.966452 2.390501 3.642850
v -4.966452 2.390501 5.261269
v -4.063461 2.390501 5.261269
v -3.160470 2.390501 5.261269
v -2.257478 2.390501 5.261269
v -1.354487 2.390501 5.261269
v -0.451496 2.390501 5.261269
v 0.451496 2.390501 5.261269
v 1.354487 2.390501 5.261269
v 2.257478 2.390501 5.261269
v 3.160470 2.390501 5.261269
v 4.063461 2.390501 5.261269
v 4.966452 2.390501 5.261269
v -4.966452 2.390501 6.879688
v -4.063461 2.390501 6.879688
v -3.160470 2.390501 6.879688
v -2.257478 2.390501 6.879688
v -1.354487 2.390501 6.879688
v -0.451496 2.390501 6.879688
v 0.451496 2.390501 6.879688
v 1.354487 2.390501 6.879688
v 2.257478 2.390501 6.879688
v 3.160470 2.390501 6.879688
v 4.063461 2.390501 6.879688
v 4.966452 2.390501 6.879688
v -4.966452 2.390501 8.498107
v -4.063461 2.390501 8.498108
v -3.160470 2.390501 8.498108
v -2.257478 2.390501 8.498108
v -1.354487 2.390501 8.498108
v -0.451496 2.390501 8.498108
v 0.451496 2.390501 8.498108
v 1.354487 2.390501 8.498108
v 2.257478 2.390501 8.498108
v 3.160470 2.390501 8.498108
v 4.063461 2.390501 8.498108
v 4.966452 2.390501 8.498108
v 4.966452 0.570499 -9.304508
v 4.063461 0.570499 -9.304508
v 3.160470 0.570499 -9.304508
v 2.257478 0.570499 -9.304508
v 1.354487 0.570499 -9.304508
v 0.451496 0.570499 -9.304508
v -0.451496 0.570499 -9.304508
v -1.354487 0.570499 -9.304508
v -2.257478 0.570499 -9.304508
v -3.160470 0.570499 -9.304508
v -4.063461 0.570499 -9.304508
v -4.966452 0.570499 -9.304508
v 4.966452 0.570499 -7.686088
v 4.063461 0.570499 -7.686088
v 3.160470 0.570499 -7.686088
v 2.257478 0.570499 -7.686088
v 1.354487 0.570499 -7.686088
v 0.451496 0.570499 -7.686088
v -0.451496 0.570499 -7.686088
v -1.354487 0.570499 -7.686088
v -2.257478 0.570499 -7.686088
v -3.160470 0.570499 -7.686088
v -4.063461 0.570499 -7.686088
v -4.966452 0.570499 -7.686089
v 4.966452 0.570499 -6.067669
v 4.063461 0.570499 -6.067669
v 3.160470 0.570499 -6.067669
v 2.257478 0.570499 -6.067669
v 1.354487 0.570499 -6.067669
v 0.451496 0.570499 -6.067669
v -0.451496 0.570499 -6.067669
v -1.354487 0.570499 -6.067669
v -2.257478 0.570499 -6.067669
v -3.160470 0.570499 -6.067669
v -4.063461 0.570499 -6.067669
v -4.966452 0.570499 -6.067670
v 4.966452 0.570499 -4.449250
v 4.063461 0.570499 -4.449250
v 3.160470 0.570499 -4.449250
v 2.257478 0.570499 -4.449250
v 1.354487 0.570499 -4.449250
v 0.451496 0.570499 -4.449250
v -0.451496 0.570499 -4.449250
v -1.354487 0.570499 -4.449250
v -2.257478 0.570499 -4.449250
v -3.160470 0.570499 -4.449250
v -4.063461 0.570499 -4.449250
v -4.966452 0.570499 -4.449249
v 4.966452 0.570499 -2.830829
v 4.063461 0.570499 -2.830829
v 3.160470 0.570499 -2.830829
v 2.257478 0.570499 -2.830829
v 1.354487 0.570499 -2.830829
v 0.451496 0.570499 -2.830829
v -0.451496 0.570499 -2.830829
v -1.354487 0.570499 -2.830829
v -2.257478 0.570499 -2.830829
v -3.160470 0.570499 -2.830829
v -4.063461 0.570499 -2.830829
v -4.966452 0.570499 -2.830829
v 4.966452 0.570499 -1.212410
v 4.063461 0.570499 -1.212410
v 3.160470 0.570499 -1.212410
v 2.257478 0.570499 -1.212410
v 1.354487 0.570499 -1.212410
v 0.451496 0.570499 -1.212410
v -0.451496 0.570499 -1.212410
v -1.354487 0.570499 -1.212410
v -2.257478 0.570499 -1.212410
v -3.160470 0.570499 -1.212410
v -4.063461 0.570499 -1.212410
v -4.966452 0.570499 -1.212410
v 4.966452 0.570499 0.406010
v 4.063461 0.570499 0.406010
v 3.160470 0.570499 0.406010
v 2.257478 0.570499 0.406010
v 1.354487 0.570499 0.406010
v 0.451496 0.570499 0.406010
v -0.451496 0.570499 0.406010
v -1.354487 0.570499 0.406010
v -2.257478 0.570499 0.406010
v -3.160470 0.570499 0.406010
v -4.063461 0.570499 0.406010
v -4.966452 0.570499 0.406010
v 4.966452 0.570499 2.024430
v 4.063461 0.570499 2.024430
v 3.160470 0.570499 2.024430
v 2.257478 0.570499 2.024430
v 1.354487 0.570499 2.024430
v 0.451496 0.570499 2.024430
v -0.451496 0.570499 2.024430
v -1.354487 0.570499 2.024430
v -2.257478 0.570499 2.024430
v -3.160470 0.570499 2.024430
v -4.063461 0.570499 2.024430
v -4.966452 0.570499 2.024430
v 4.966452 0.570499 3.642850
v 4.063461 0.570499 3.642850
v 3.160470 0.570499 3.642850
v 2.257478 0.570499 3.642850
v 1.354487 0.570499 3.642850
v 0.451496 0.570499 3.642850
v -0.451496 0.570499 3.642850
v -1.354487 0.570499 3.642850
v -2.257478 0.570499 3.642850
v -3.160470 0.570499 3.642850
v -4.063461 0.570499 3.642850
v -4.966452 0.570499 3.642849
v 4.966452 0.570499 5.261269
v 4.063461 0.570499 5.261269
v 3.160470 0.570499 5.261269
v 2.257478 0.570499 5.261269
v 1.354487 0.570499 5.261269
v 0.451496 0.570499 5.261269
v -0.451496 0.570499 5.261269
v -1.354487 0.570499 5.261269
v -2.257478 0.570499 5.261269
v -3.160470 0.570499 5.261269
v -4.063461 0.570499 5.261269
v -4.966452 0.570499 5.261269
v 4.966452 0.570499 6.879688
v 4.063461 0.570499 6.879688
v 3.160470 0.570499 6.879688
v 2.257478 0.570499 6.879688
v 1.354487 0.570499 6.879688
v 0.451496 0.570499 6.879688
v -0.451496 0.570499 6.879688
v -1.354487 0.570499 6.879688
v -2.257478 0.570499 6.879688
v -3.160470 0.570499 6.879688
v -4.063461 0.570499 6.879688
v -4.966452 0.570499 6.879688
v 4.966452 0.570499 8.498107
v 4.063461 0.570499 8.498108
v 3.160470 0.570499 8.498108
v 2.257478 0.570499 8.498108
v 1.354487 0.570499 8.498108
v 0.451496 0.570499 8.498108
v -0.451496 0.570499 8.498108
v -1.354487 0.570499 8.498108
v -2.257478 0.570499 8.498108
v -3.160470 0.570499 8.498108
v -4.063461 0.570499 8.498108
v -4.966452 0.570499 8.498108
v 4.966453 1.480500 10.116527
v 4.063461 1.480500 10.116527
v 3.160470 1.480500 10.116527
v 2.257478 1.480500 10.116527
v 1.354487 1.480500 10.116527
v 0.451496 1.480500 10.116527
v -0.451496 1.480500 10.116527
v -1.354487 1.480500 10.116527
v -2.257478 1.480500 10.116527
v -3.160470 1.480500 10.116527
v -4.063461 1.480500 10.116527
v -4.966452 1.480500 10.116527
v -4.966453 1.480500 -10.922927
v -4.063461 1.480500 -10.922927
v -3.160470 1.480500 -10.922927
v -2.257478 1.480500 -10.922927
v -1.354487 1.480500 -10.922927
v -0.451496 1.480500 -10.922927
v 0.451496 1.480500 -10.922927
v 1.354487 1.480500 -10.922927
v 2.257478 1.480500 -10.922927
v 3.160470 1.480500 -10.922927
v 4.063461 1.480500 -10.922927
v 4.966452 1.480500 -10.922927
v -5.717333 0.723790 8.896313
v -5.706055 0.735156 9.256119
v -5.678236 0.763191 9.540970
v -5.717334 1.704402 9.843903
v -5.706055 1.906712 9.823689
v -5.678236 2.066878 9.773829
v -5.717334 2.237211 -9.702713
v -5.706055 2.225844 -10.062519
v -5.678236 2.197809 -10.347371
v -5.717334 1.256598 -10.650304
v -5.706055 1.054288 -10.630090
v -5.678236 0.894122 -10.580229
v -5.188629 0.723790 -10.650304
v -5.389381 0.735156 -10.630088
v -5.548313 0.763191 -10.580229
v 5.188629 2.237211 -10.650303
v 5.389381 2.225844 -10.630090
v 5.548314 2.197809 -10.580229
v 5.717334 1.256598 -10.650304
v 5.706055 1.054288 -10.630089
v 5.678236 0.894122 -10.580229
v 5.717334 0.723789 -9.702714
v 5.706055 0.735156 -10.062518
v 5.678236 0.763191 -10.347370
v 5.717334 2.237210 8.896314
v 5.706055 2.225844 9.256119
v 5.678236 2.197809 9.540971
v 5.717334 1.256598 9.843904
v 5.706055 1.054288 9.823689
v 5.678236 0.894122 9.773829
v 5.188629 0.723790 9.843904
v 5.389381 0.735156 9.823689
v 5.548313 0.763191 9.773829
v -5.188629 2.237211 9.843903
v -5.389381 2.225844 9.823689
v -5.548314 2.197809 9.773829
v -5.678236 0.763191 -10.347371
v -5.706055 0.735156 -10.062519
v -5.717334 0.723790 -9.702713
v -5.718945 0.722166 -8.899903
v -5.718945 0.722166 -8.495298
v -5.718945 0.722166 -8.090694
v -5.718945 0.722166 -7.281485
v -5.718945 0.722166 -6.876878
v -5.718945 0.722166 -6.472274
v -5.718945 0.722166 -5.663065
v -5.718945 0.722166 -5.258460
v -5.718945 0.722166 -4.853854
v -5.718945 0.722166 -4.044644
v -5.718945 0.722166 -3.640040
v -5.718945 0.722166 -3.235434
v -5.718945 0.722166 -2.426225
v -5.718945 0.722166 -2.021620
v -5.718945 0.722166 -1.617015
v -5.718945 0.722166 -0.807805
v -5.718945 0.722166 -0.403200
v -5.718945 0.722166 0.001405
v -5.718945 0.722166 0.810615
v -5.718945 0.722166 1.215220
v -5.718945 0.722166 1.619825
v -5.718945 0.722166 2.429035
v -5.718945 0.722166 2.833639
v -5.718945 0.722166 3.238244
v -5.718945 0.722166 4.047454
v -5.718945 0.722166 4.452059
v -5.718945 0.722166 4.856665
v -5.718945 0.722166 5.665874
v -5.718945 0.722166 6.070479
v -5.718945 0.722166 6.475084
v -5.718945 0.722166 7.284294
v -5.718945 0.722166 7.688898
v -5.718945 0.722166 8.093503
v -5.678236 2.197809 9.540971
v -5.706055 2.225844 9.256119
v -5.717334 2.237211 8.896313
v -5.718945 2.238834 8.093503
v -5.718945 2.238834 7.688898
v -5.718945 2.238834 7.284294
v -5.718945 2.238834 6.475084
v -5.718945 2.238834 6.070478
v -5.718945 2.238834 5.665874
v -5.718945 2.238834 4.856665
v -5.718945 2.238834 4.452059
v -5.718945 2.238834 4.047454
v -5.718945 2.238834 3.238244
v -5.718945 2.238834 2.833640
v -5.718945 2.238834 2.429034
v -5.718945 2.238834 1.619825
v -5.718945 2.238834 1.215220
v -5.718945 2.238834 0.810615
v -5.718945 2.238834 0.001405
v -5.718945 2.238834 -0.403200
v -5.718945 2.238834 -0.807805
v -5.718945 2.238834 -1.617015
v -5.718945 2.238834 -2.021620
v -5.718945 2.238834 -2.426224
v -5.718945 2.238834 -3.235435
v -5.718945 2.238834 -3.640039
v -5.718945 2.238834 -4.044644
v -5.718945 2.238834 -4.853855
v -5.718945 2.238834 -5.258459
v -5.718945 2.238834 -5.663064
v -5.718945 2.238834 -6.472274
v -5.718945 2.238834 -6.876879
v -5.718945 2.238834 -7.281484
v -5.718945 2.238834 -8.090693
v -5.718945 2.238834 -8.495299
v -5.718945 2.238834 -8.899903
v 5.678236 0.763191 9.540971
v 5.706055 0.735156 9.256119
v 5.717334 0.723790 8.896314
v 5.718945 0.722166 8.093503
v 5.718945 0.722166 7.688898
v 5.718945 0.722166 7.284294
v 5.718945 0.722166 6.475083
v 5.718945 0.722166 6.070479
v 5.718945 0.722166 5.665874
v 5.718945 0.722166 4.856664
v 5.718945 0.722166 4.452060
v 5.718945 0.722166 4.047454
v 5.718945 0.722166 3.238245
v 5.718945 0.722166 2.833640
v 5.718945 0.722166 2.429035
v 5.718945 0.722166 1.619825
v 5.718945 0.722166 1.215220
v 5.718945 0.722166 0.810615
v 5.718945 0.722166 0.001405
v 5.718945 0.722166 -0.403200
v 5.718945 0.722166 -0.807805
v 5.718945 0.722166 -1.617015
v 5.718945 0.722166 -2.021620
v 5.718945 0.722166 -2.426224
v 5.718945 0.722166 -3.235434
v 5.718945 0.722166 -3.640039
v 5.718945 0.722166 -4.044644
v 5.718945 0.722166 -4.853855
v 5.718945 0.722166 -5.258460
v 5.718945 0.722166 -5.663064
v 5.718945 0.722166 -6.472273
v 5.718945 0.722166 -6.876878
v 5.718945 0.722166 -7.281485
v 5.718945 0.722166 -8.090693
v 5.718945 0.722166 -8.495299
v 5.718945 0.722166 -8.899903
v 5.678236 2.197809 -10.347370
v 5.706055 2.225844 -10.062518
v 5.717334 2.237211 -9.702714
v 5.718945 2.238834 -8.899903
v 5.718945 2.238834 -8.495299
v 5.718945 2.238834 -8.090693
v 5.718945 2.238834 -7.281485
v 5.718945 2.238834 -6.876878
v 5.718945 2.238834 -6.472273
v 5.718945 2.238834 -5.663064
v 5.718945 2.238834 -5.258460
v 5.718945 2.238834 -4.853855
v 5.718945 2.238834 -4.044644
v 5.718945 2.238834 -3.640039
v 5.718945 2.238834 -3.235434
v 5.718945 2.238834 -2.426224
v 5.718945 2.238834 -2.021620
v 5.718945 2.238834 -1.617015
v 5.718945 2.238834 -0.807805
v 5.718945 2.238834 -0.403200
v 5.718945 2.238834 0.001405
v 5.718945 2.238834 0.810615
v 5.718945 2.238834 1.215220
v 5.718945 2.238834 1.619825
v 5.718945 2.238834 2.429035
v 5.718945 2.238834 2.833639
v 5.718945 2.238834 3.238245
v 5.718945 2.238834 4.047454
v 5.718945 2.238834 4.452059
v 5.718945 2.238834 4.856664
v 5.718945 2.238834 5.665874
v 5.718945 2.238834 6.070479
v 5.718945 2.238834 6.475083
v 5.718945 2.238834 7.284294
v 5.718945 2.238834 7.688898
v 5.718945 2.238834 8.093503
v 5.189848 2.388131 -9.304507
v 5.399136 2.371543 -9.304509
v 5.580204 2.326517 -9.304507
v 5.189848 2.388131 -7.686089
v 5.399136 2.371543 -7.686089
v 5.580204 2.326517 -7.686089
v 5.189848 2.388131 -6.067669
v 5.399136 2.371543 -6.067669
v 5.580204 2.326517 -6.067669
v 5.189848 2.388131 -4.449250
v 5.399136 2.371543 -4.449250
v 5.580204 2.326517 -4.449249
v 5.189848 2.388131 -2.830830
v 5.399136 2.371543 -2.830829
v 5.580204 2.326517 -2.830830
v 5.189848 2.388131 -1.212410
v 5.399136 2.371543 -1.212410
v 5.580204 2.326517 -1.212410
v 5.189848 2.388131 0.406010
v 5.399136 2.371543 0.406010
v 5.580204 2.326517 0.406010
v 5.189848 2.388131 2.024430
v 5.399136 2.371543 2.024430
v 5.580204 2.326517 2.024430
v 5.189848 2.388131 3.642850
v 5.399136 2.371543 3.642849
v 5.580204 2.326517 3.642849
v 5.189848 2.388131 5.261269
v 5.399136 2.371543 5.261269
v 5.580204 2.326517 5.261269
v 5.189848 2.388131 6.879689
v 5.399136 2.371543 6.879688
v 5.580204 2.326517 6.879689
v 5.189848 2.388131 8.498108
v 5.399136 2.371543 8.498107
v 5.580204 2.326517 8.498108
v -5.189849 0.572869 -9.304509
v -5.399136 0.589457 -9.304508
v -5.580204 0.634483 -9.304508
v -5.189849 0.572869 -7.686089
v -5.399136 0.589457 -7.686089
v -5.580204 0.634483 -7.686089
v -5.189849 0.572869 -6.067669
v -5.399136 0.589457 -6.067669
v -5.580204 0.634483 -6.067669
v -5.189849 0.572869 -4.449250
v -5.399136 0.589457 -4.449249
v -5.580204 0.634483 -4.449250
v -5.189849 0.572869 -2.830830
v -5.399136 0.589457 -2.830829
v -5.580204 0.634483 -2.830830
v -5.189849 0.572869 -1.212410
v -5.399136 0.589457 -1.212410
v -5.580204 0.634483 -1.212410
v -5.189849 0.572869 0.406010
v -5.399136 0.589457 0.406010
v -5.580204 0.634483 0.406010
v -5.189849 0.572869 2.024430
v -5.399136 0.589457 2.024430
v -5.580204 0.634483 2.024430
v -5.189849 0.572869 3.642850
v -5.399136 0.589457 3.642849
v -5.580204 0.634483 3.642849
v -5.189849 0.572869 5.261269
v -5.399136 0.589457 5.261269
v -5.580204 0.634483 5.261269
v -5.189849 0.572869 6.879688
v -5.399136 0.589457 6.879689
v -5.580204 0.634483 6.879688
v -5.189849 0.572869 8.498107
v -5.399136 0.589457 8.498108
v -5.580204 0.634483 8.498109
v 5.867092 1.255370 -9.304507
v 5.850631 1.044458 -9.304509
v 5.805952 0.861984 -9.304507
v 5.867092 1.255370 -7.686089
v 5.850631 1.044458 -7.686089
v 5.805952 0.861984 -7.686089
v 5.867092 1.255370 -6.067669
v 5.850631 1.044458 -6.067669
v 5.805952 0.861984 -6.067669
v 5.867092 1.255370 -4.449250
v 5.850631 1.044458 -4.449250
v 5.805952 0.861984 -4.449249
v 5.867092 1.255370 -2.830830
v 5.850631 1.044458 -2.830829
v 5.805952 0.861984 -2.830830
v 5.867092 1.255370 -1.212410
v 5.850631 1.044458 -1.212410
v 5.805952 0.861984 -1.212410
v 5.867092 1.255370 0.406010
v 5.850631 1.044458 0.406010
v 5.805952 0.861984 0.406010
v 5.867092 1.255370 2.024430
v 5.850631 1.044458 2.024430
v 5.805952 0.861984 2.024430
v 5.867092 1.255370 3.642850
v 5.850631 1.044458 3.642850
v 5.805952 0.861984 3.642850
v 5.867092 1.255370 5.261269
v 5.850631 1.044458 5.261269
v 5.805952 0.861984 5.261269
v 5.867092 1.255370 6.879689
v 5.850631 1.044458 6.879688
v 5.805952 0.861984 6.879689
v 5.867092 1.255370 8.498108
v 5.850631 1.044458 8.498107
v 5.805952 0.861984 8.498108
v -5.867092 1.255370 8.498109
v -5.850631 1.044458 8.498108
v -5.805952 0.861984 8.498108
v -5.867092 1.255370 6.879688
v -5.850631 1.044458 6.879688
v -5.805952 0.861984 6.879688
v -5.867092 1.255370 5.261269
v -5.850631 1.044458 5.261269
v -5.805952 0.861984 5.261269
v -5.867092 1.255370 3.642850
v -5.850631 1.044458 3.642849
v -5.805952 0.861984 3.642850
v -5.867092 1.255370 2.024430
v -5.850631 1.044458 2.024430
v -5.805952 0.861984 2.024430
v -5.867092 1.255370 0.406010
v -5.850631 1.044458 0.406010
v -5.805952 0.861984 0.406010
v -5.867092 1.255370 -1.212410
v -5.850631 1.044458 -1.212410
v -5.805952 0.861984 -1.212410
v -5.867092 1.255370 -2.830830
v -5.850631 1.044458 -2.830829
v -5.805952 0.861984 -2.830830
v -5.867092 1.255370 -4.449250
v -5.850631 1.044458 -4.449249
v -5.805952 0.861984 -4.449249
v -5.867092 1.255370 -6.067669
v -5.850631 1.044458 -6.067669
v -5.805952 0.861984 -6.067670
v -5.867092 1.255370 -7.686089
v -5.850631 1.044458 -7.686090
v -5.805952 0.861984 -7.686089
v -5.867092 1.255370 -9.304507
v -5.850631 1.044458 -9.304508
v -5.805952 0.861984 -9.304509
v -5.678236 0.894122 9.773829
v -5.706055 1.054288 9.823688
v -5.717334 1.256598 9.843904
v -5.678236 2.066878 -10.580229
v -5.706055 1.906712 -10.630090
v -5.717334 1.704402 -10.650304
v 5.678236 2.066878 -10.580229
v 5.706055 1.906712 -10.630089
v 5.717334 1.704402 -10.650304
v 5.678236 2.066878 9.773829
v 5.706055 1.906712 9.823689
v 5.717334 1.704402 9.843904
v 5.805952 2.099016 -9.304509
v 5.850631 1.916542 -9.304508
v 5.867092 1.705630 -9.304509
v 5.805952 2.099016 -7.686089
v 5.850631 1.916542 -7.686089
v 5.867092 1.705630 -7.686089
v 5.805952 2.099016 -6.067669
v 5.850631 1.916542 -6.067669
v 5.867092 1.705630 -6.067669
v 5.805952 2.099016 -4.449250
v 5.850631 1.916542 -4.449250
v 5.867092 1.705630 -4.449249
v 5.805952 2.099016 -2.830830
v 5.850631 1.916542 -2.830830
v 5.867092 1.705630 -2.830830
v 5.805952 2.099016 -1.212410
v 5.850631 1.916542 -1.212410
v 5.867092 1.705630 -1.212410
v 5.805952 2.099016 0.406010
v 5.850631 1.916542 0.406010
v 5.867092 1.705630 0.406010
v 5.805952 2.099016 2.024430
v 5.850631 1.916542 2.024430
v 5.867092 1.705630 2.024430
v 5.805952 2.099016 3.642850
v 5.850631 1.916542 3.642850
v 5.867092 1.705630 3.642850
v 5.805952 2.099016 5.261269
v 5.850631 1.916542 5.261269
v 5.867092 1.705630 5.261269
v 5.805952 2.099016 6.879689
v 5.850631 1.916542 6.879688
v 5.867092 1.705630 6.879689
v 5.805952 2.099016 8.498107
v 5.850631 1.916542 8.498108
v 5.867092 1.705630 8.498107
v -5.805952 2.099016 8.498109
v -5.850631 1.916542 8.498108
v -5.867092 1.705630 8.498109
v -5.805952 2.099016 6.879688
v -5.850631 1.916542 6.879687
v -5.867092 1.705630 6.879688
v -5.805952 2.099016 5.261269
v -5.850631 1.916542 5.261269
v -5.867092 1.705630 5.261269
v -5.805952 2.099016 3.642850
v -5.850631 1.916542 3.642850
v -5.867092 1.705630 3.642850
v -5.805952 2.099016 2.024430
v -5.850631 1.916542 2.024430
v -5.867092 1.705630 2.024430
v -5.805952 2.099016 0.406010
v -5.850631 1.916542 0.406010
v -5.867092 1.705630 0.406010
v -5.805952 2.099016 -1.212410
v -5.850631 1.916542 -1.212410
v -5.867092 1.705630 -1.212410
v -5.805952 2.099016 -2.830829
v -5.850631 1.916542 -2.830830
v -5.867092 1.705630 -2.830830
v -5.805952 2.099016 -4.449249
v -5.850631 1.916542 -4.449249
v -5.867092 1.705630 -4.449250
v -5.805952 2.099016 -6.067669
v -5.850631 1.916542 -6.067670
v -5.867092 1.705630 -6.067669
v -5.805952 2.099016 -7.686089
v -5.850631 1.916542 -7.686088
v -5.867092 1.705630 -7.686090
v -5.805952 2.099016 -9.304509
v -5.850631 1.916542 -9.304509
v -5.867092 1.705630 -9.304507
v -5.869443 1.480500 -8.090693
v -5.869443 1.480500 -8.495297
v -5.869443 1.480500 -8.899903
v -5.869443 1.480500 -6.472274
v -5.869443 1.480500 -6.876879
v -5.869443 1.480500 -7.281484
v -5.869443 1.480500 -4.853854
v -5.869443 1.480500 -5.258460
v -5.869443 1.480500 -5.663065
v -5.869443 1.480500 -3.235435
v -5.869443 1.480500 -3.640040
v -5.869443 1.480500 -4.044645
v -5.869443 1.480500 -1.617015
v -5.869443 1.480500 -2.021620
v -5.869443 1.480500 -2.426225
v -5.869443 1.480500 0.001405
v -5.869443 1.480500 -0.403200
v -5.869443 1.480500 -0.807805
v -5.869443 1.480500 1.619825
v -5.869443 1.480500 1.215220
v -5.869443 1.480500 0.810615
v -5.869443 1.480500 3.238245
v -5.869443 1.480500 2.833640
v -5.869443 1.480500 2.429035
v -5.869443 1.480500 4.856664
v -5.869443 1.480500 4.452059
v -5.869443 1.480500 4.047454
v -5.869443 1.480500 6.475084
v -5.869443 1.480500 6.070478
v -5.869443 1.480500 5.665874
v -5.869443 1.480500 8.093503
v -5.869443 1.480500 7.688899
v -5.869443 1.480500 7.284294
v -5.805952 1.480500 9.598127
v -5.850631 1.480500 9.273601
v -5.867092 1.480500 8.898499
v 5.869443 1.480500 7.284294
v 5.869443 1.480500 7.688898
v 5.869443 1.480500 8.093503
v 5.869443 1.480500 5.665874
v 5.869443 1.480500 6.070479
v 5.869443 1.480500 6.475083
v 5.869443 1.480500 4.047454
v 5.869443 1.480500 4.452059
v 5.869443 1.480500 4.856664
v 5.869443 1.480500 2.429035
v 5.869443 1.480500 2.833640
v 5.869443 1.480500 3.238245
v 5.869443 1.480500 0.810615
v 5.869443 1.480500 1.215220
v 5.869443 1.480500 1.619825
v 5.869443 1.480500 -0.807805
v 5.869443 1.480500 -0.403200
v 5.869443 1.480500 0.001405
v 5.869443 1.480500 -2.426224
v 5.869443 1.480500 -2.021620
v 5.869443 1.480500 -1.617015
v 5.869443 1.480500 -4.044644
v 5.869443 1.480500 -3.640039
v 5.869443 1.480500 -3.235434
v 5.869443 1.480500 -5.663064
v 5.869443 1.480500 -5.258460
v 5.869443 1.480500 -4.853855
v 5.869443 1.480500 -7.281485
v 5.869443 1.480500 -6.876878
v 5.869443 1.480500 -6.472273
v 5.869443 1.480500 -8.899903
v 5.869443 1.480500 -8.495299
v 5.869443 1.480500 -8.090693
v 5.805952 1.480500 -10.404528
v 5.850631 1.480500 -10.080001
v 5.867092 1.480500 -9.704899
v -5.189849 1.480500 10.112313
v -5.399135 1.480500 10.082810
v -5.580204 1.480500 10.002731
v 5.867092 1.480500 8.898499
v 5.850631 1.480500 9.273602
v 5.805952 1.480500 9.598127
v 5.189849 1.480500 -10.918714
v 5.399136 1.480500 -10.889211
v 5.580204 1.480500 -10.809134
v -5.867092 1.480500 -9.704899
v -5.850631 1.480500 -10.080002
v -5.805952 1.480500 -10.404528
v 5.548313 0.763191 -10.580229
v 5.389381 0.735156 -10.630089
v 5.188629 0.723790 -10.650303
v 4.740705 0.722166 -10.653192
v 4.514956 0.722166 -10.653191
v 4.289209 0.722166 -10.653191
v 3.837713 0.722166 -10.653192
v 3.611965 0.722166 -10.653191
v 3.386217 0.722166 -10.653191
v 2.934722 0.722166 -10.653192
v 2.708974 0.722166 -10.653191
v 2.483226 0.722166 -10.653191
v 2.031730 0.722166 -10.653192
v 1.805983 0.722166 -10.653191
v 1.580235 0.722166 -10.653191
v 1.128739 0.722166 -10.653192
v 0.902992 0.722166 -10.653191
v 0.677243 0.722166 -10.653191
v 0.225748 0.722166 -10.653192
v 0.000000 0.722166 -10.653191
v -0.225748 0.722166 -10.653191
v -0.677244 0.722166 -10.653192
v -0.902991 0.722166 -10.653191
v -1.128739 0.722166 -10.653191
v -1.580235 0.722166 -10.653192
v -1.805982 0.722166 -10.653191
v -2.031730 0.722166 -10.653191
v -2.483226 0.722166 -10.653192
v -2.708974 0.722166 -10.653191
v -2.934722 0.722166 -10.653191
v -3.386217 0.722166 -10.653192
v -3.611965 0.722166 -10.653191
v -3.837713 0.722166 -10.653191
v -4.289209 0.722166 -10.653192
v -4.514956 0.722166 -10.653191
v -4.740705 0.722166 -10.653191
v -5.548314 2.197809 -10.580229
v -5.389381 2.225844 -10.630089
v -5.188629 2.237211 -10.650303
v -4.740705 2.238834 -10.653192
v -4.514956 2.238834 -10.653190
v -4.289209 2.238834 -10.653191
v -3.837713 2.238834 -10.653192
v -3.611965 2.238834 -10.653190
v -3.386217 2.238834 -10.653191
v -2.934722 2.238834 -10.653192
v -2.708974 2.238834 -10.653190
v -2.483226 2.238834 -10.653191
v -2.031730 2.238834 -10.653192
v -1.805983 2.238834 -10.653190
v -1.580235 2.238834 -10.653191
v -1.128739 2.238834 -10.653192
v -0.902992 2.238834 -10.653190
v -0.677244 2.238834 -10.653191
v -0.225748 2.238834 -10.653192
v -0.000000 2.238834 -10.653190
v 0.225748 2.238834 -10.653191
v 0.677244 2.238834 -10.653192
v 0.902991 2.238834 -10.653190
v 1.128739 2.238834 -10.653191
v 1.580235 2.238834 -10.653192
v 1.805983 2.238834 -10.653190
v 2.031730 2.238834 -10.653191
v 2.483226 2.238834 -10.653192
v 2.708974 2.238834 -10.653190
v 2.934722 2.238834 -10.653191
v 3.386217 2.238834 -10.653192
v 3.611965 2.238834 -10.653190
v 3.837713 2.238834 -10.653191
v 4.289209 2.238834 -10.653192
v 4.514956 2.238834 -10.653190
v 4.740704 2.238834 -10.653191
v -5.548314 0.763191 9.773829
v -5.389381 0.735156 9.823689
v -5.188629 0.723790 9.843904
v -4.740705 0.722166 9.846791
v -4.514956 0.722166 9.846790
v -4.289209 0.722166 9.846790
v -3.837714 0.722166 9.846791
v -3.611965 0.722166 9.846790
v -3.386217 0.722166 9.846790
v -2.934722 0.722166 9.846791
v -2.708974 0.722166 9.846790
v -2.483226 0.722166 9.846790
v -2.031731 0.722166 9.846791
v -1.805983 0.722166 9.846790
v -1.580235 0.722166 9.846790
v -1.128739 0.722166 9.846791
v -0.902992 0.722166 9.846790
v -0.677243 0.722166 9.846790
v -0.225748 0.722166 9.846791
v -0.000000 0.722166 9.846790
v 0.225748 0.722166 9.846790
v 0.677244 0.722166 9.846791
v 0.902991 0.722166 9.846790
v 1.128739 0.722166 9.846790
v 1.580235 0.722166 9.846791
v 1.805982 0.722166 9.846790
v 2.031730 0.722166 9.846790
v 2.483226 0.722166 9.846791
v 2.708974 0.722166 9.846790
v 2.934722 0.722166 9.846790
v 3.386217 0.722166 9.846791
v 3.611965 0.722166 9.846790
v 3.837713 0.722166 9.846790
v 4.289209 0.722166 9.846791
v 4.514956 0.722166 9.846790
v 4.740705 0.722166 9.846790
v 5.548313 2.197809 9.773829
v 5.389381 2.225844 9.823689
v 5.188629 2.237211 9.843904
v 4.740704 2.238834 9.846791
v 4.514956 2.238834 9.846791
v 4.289209 2.238834 9.846791
v 3.837713 2.238834 9.846791
v 3.611965 2.238834 9.846791
v 3.386217 2.238834 9.846791
v 2.934722 2.238834 9.846791
v 2.708974 2.238834 9.846791
v 2.483226 2.238834 9.846791
v 2.031730 2.238834 9.846791
v 1.805983 2.238834 9.846791
v 1.580235 2.238834 9.846791
v 1.128739 2.238834 9.846791
v 0.902991 2.238834 9.846791
v 0.677244 2.238834 9.846791
v 0.225748 2.238834 9.846791
v 0.000000 2.238834 9.846791
v -0.225748 2.238834 9.846791
v -0.677243 2.238834 9.846791
v -0.902991 2.238834 9.846791
v -1.128739 2.238834 9.846791
v -1.580235 2.238834 9.846791
v -1.805982 2.238834 9.846791
v -2.031730 2.238834 9.846791
v -2.483226 2.238834 9.846791
v -2.708974 2.238834 9.846791
v -2.934722 2.238834 9.846791
v -3.386217 2.238834 9.846791
v -3.611965 2.238834 9.846791
v -3.837713 2.238834 9.846791
v -4.289209 2.238834 9.846791
v -4.514956 2.238834 9.846791
v -4.740705 2.238834 9.846791
v -5.580204 2.326517 -9.304509
v -5.399135 2.371543 -9.304508
v -5.189849 2.388131 -9.304509
v -4.740705 2.390501 -9.304507
v -4.514957 2.390501 -9.304509
v -4.289208 2.390501 -9.304507
v -3.837713 2.390501 -9.304507
v -3.611965 2.390501 -9.304509
v -3.386218 2.390501 -9.304507
v -2.934722 2.390501 -9.304507
v -2.708974 2.390501 -9.304509
v -2.483226 2.390501 -9.304507
v -2.031731 2.390501 -9.304507
v -1.805983 2.390501 -9.304509
v -1.580235 2.390501 -9.304507
v -1.128739 2.390501 -9.304507
v -0.902992 2.390501 -9.304509
v -0.677244 2.390501 -9.304507
v -0.225748 2.390501 -9.304507
v -0.000000 2.390501 -9.304509
v 0.225748 2.390501 -9.304507
v 0.677243 2.390501 -9.304507
v 0.902991 2.390501 -9.304509
v 1.128739 2.390501 -9.304507
v 1.580235 2.390501 -9.304507
v 1.805983 2.390501 -9.304509
v 2.031730 2.390501 -9.304507
v 2.483226 2.390501 -9.304507
v 2.708974 2.390501 -9.304509
v 2.934721 2.390501 -9.304507
v 3.386217 2.390501 -9.304507
v 3.611965 2.390501 -9.304509
v 3.837713 2.390501 -9.304507
v 4.289208 2.390501 -9.304507
v 4.514957 2.390501 -9.304509
v 4.740705 2.390501 -9.304507
v -5.580204 2.326517 -7.686089
v -5.399135 2.371543 -7.686088
v -5.189849 2.388131 -7.686089
v -4.740705 2.390501 -7.686089
v -4.514957 2.390501 -7.686089
v -4.289208 2.390501 -7.686089
v -3.837713 2.390501 -7.686089
v -3.611965 2.390501 -7.686089
v -3.386218 2.390501 -7.686089
v -2.934722 2.390501 -7.686089
v -2.708974 2.390501 -7.686089
v -2.483226 2.390501 -7.686089
v -2.031731 2.390501 -7.686089
v -1.805983 2.390501 -7.686089
v -1.580235 2.390501 -7.686089
v -1.128739 2.390501 -7.686089
v -0.902992 2.390501 -7.686089
v -0.677244 2.390501 -7.686089
v -0.225748 2.390501 -7.686089
v -0.000000 2.390501 -7.686089
v 0.225748 2.390501 -7.686089
v 0.677243 2.390501 -7.686089
v 0.902991 2.390501 -7.686089
v 1.128739 2.390501 -7.686089
v 1.580235 2.390501 -7.686089
v 1.805983 2.390501 -7.686089
v 2.031730 2.390501 -7.686089
v 2.483226 2.390501 -7.686089
v 2.708974 2.390501 -7.686089
v 2.934721 2.390501 -7.686089
v 3.386217 2.390501 -7.686089
v 3.611965 2.390501 -7.686089
v 3.837713 2.390501 -7.686089
v 4.289208 2.390501 -7.686089
v 4.514957 2.390501 -7.686089
v 4.740705 2.390501 -7.686089
v -5.580204 2.326517 -6.067669
v -5.399135 2.371543 -6.067669
v -5.189849 2.388131 -6.067669
v -4.740705 2.390501 -6.067669
v -4.514957 2.390501 -6.067669
v -4.289208 2.390501 -6.067669
v -3.837713 2.390501 -6.067669
v -3.611965 2.390501 -6.067669
v -3.386218 2.390501 -6.067669
v -2.934722 2.390501 -6.067669
v -2.708974 2.390501 -6.067669
v -2.483226 2.390501 -6.067669
v -2.031731 2.390501 -6.067669
v -1.805983 2.390501 -6.067669
v -1.580235 2.390501 -6.067669
v -1.128739 2.390501 -6.067669
v -0.902992 2.390501 -6.067669
v -0.677244 2.390501 -6.067669
v -0.225748 2.390501 -6.067669
v -0.000000 2.390501 -6.067669
v 0.225748 2.390501 -6.067669
v 0.677243 2.390501 -6.067669
v 0.902991 2.390501 -6.067669
v 1.128739 2.390501 -6.067669
v 1.580235 2.390501 -6.067669
v 1.805983 2.390501 -6.067669
v 2.031730 2.390501 -6.067669
v 2.483226 2.390501 -6.067669
v 2.708974 2.390501 -6.067669
v 2.934721 2.390501 -6.067669
v 3.386217 2.390501 -6.067669
v 3.611965 2.390501 -6.067669
v 3.837713 2.390501 -6.067669
v 4.289208 2.390501 -6.067669
v 4.514957 2.390501 -6.067669
v 4.740705 2.390501 -6.067669
v -5.580204 2.326517 -4.449250
v -5.399135 2.371543 -4.449250
v -5.189849 2.388131 -4.449249
v -4.740705 2.390501 -4.449250
v -4.514957 2.390501 -4.449250
v -4.289208 2.390501 -4.449249
v -3.837713 2.390501 -4.449250
v -3.611965 2.390501 -4.449250
v -3.386218 2.390501 -4.449249
v -2.934722 2.390501 -4.449250
v -2.708974 2.390501 -4.449250
v -2.483226 2.390501 -4.449249
v -2.031731 2.390501 -4.449250
v -1.805983 2.390501 -4.449250
v -1.580235 2.390501 -4.449249
v -1.128739 2.390501 -4.449250
v -0.902992 2.390501 -4.449250
v -0.677244 2.390501 -4.449249
v -0.225748 2.390501 -4.449250
v -0.000000 2.390501 -4.449250
v 0.225748 2.390501 -4.449249
v 0.677243 2.390501 -4.449250
v 0.902991 2.390501 -4.449250
v 1.128739 2.390501 -4.449249
v 1.580235 2.390501 -4.449250
v 1.805983 2.390501 -4.449250
v 2.031730 2.390501 -4.449249
v 2.483226 2.390501 -4.449250
v 2.708974 2.390501 -4.449250
v 2.934721 2.390501 -4.449249
v 3.386217 2.390501 -4.449250
v 3.611965 2.390501 -4.449250
v 3.837713 2.390501 -4.449249
v 4.289208 2.390501 -4.449250
v 4.514957 2.390501 -4.449250
v 4.740705 2.390501 -4.449249
v -5.580204 2.326517 -2.830829
v -5.399135 2.371543 -2.830829
v -5.189849 2.388131 -2.830829
v -4.740705 2.390501 -2.830829
v -4.514957 2.390501 -2.830829
v -4.289208 2.390501 -2.830830
v -3.837713 2.390501 -2.830829
v -3.611965 2.390501 -2.830829
v -3.386218 2.390501 -2.830830
v -2.934722 2.390501 -2.830829
v -2.708974 2.390501 -2.830829
v -2.483226 2.390501 -2.830830
v -2.031731 2.390501 -2.830829
v -1.805983 2.390501 -2.830829
v -1.580235 2.390501 -2.830830
v -1.128739 2.390501 -2.830829
v -0.902992 2.390501 -2.830829
v -0.677244 2.390501 -2.830830
v -0.225748 2.390501 -2.830829
v -0.000000 2.390501 -2.830829
v 0.225748 2.390501 -2.830830
v 0.677243 2.390501 -2.830829
v 0.902991 2.390501 -2.830829
v 1.128739 2.390501 -2.830830
v 1.580235 2.390501 -2.830829
v 1.805983 2.390501 -2.830829
v 2.031730 2.390501 -2.830830
v 2.483226 2.390501 -2.830829
v 2.708974 2.390501 -2.830829
v 2.934721 2.390501 -2.830830
v 3.386217 2.390501 -2.830830
v 3.611965 2.390501 -2.830829
v 3.837713 2.390501 -2.830830
v 4.289208 2.390501 -2.830830
v 4.514957 2.390501 -2.830829
v 4.740705 2.390501 -2.830830
v -5.580204 2.326517 -1.212410
v -5.399135 2.371543 -1.212410
v -5.189849 2.388131 -1.212410
v -4.740705 2.390501 -1.212410
v -4.514957 2.390501 -1.212410
v -4.289208 2.390501 -1.212409
v -3.837713 2.390501 -1.212410
v -3.611965 2.390501 -1.212410
v -3.386218 2.390501 -1.212409
v -2.934722 2.390501 -1.212410
v -2.708974 2.390501 -1.212410
v -2.483226 2.390501 -1.212409
v -2.031731 2.390501 -1.212410
v -1.805983 2.390501 -1.212410
v -1.580235 2.390501 -1.212409
v -1.128739 2.390501 -1.212410
v -0.902992 2.390501 -1.212410
v -0.677244 2.390501 -1.212409
v -0.225748 2.390501 -1.212410
v -0.000000 2.390501 -1.212410
v 0.225748 2.390501 -1.212410
v 0.677243 2.390501 -1.212410
v 0.902991 2.390501 -1.212410
v 1.128739 2.390501 -1.212410
v 1.580235 2.390501 -1.212410
v 1.805983 2.390501 -1.212410
v 2.031730 2.390501 -1.212410
v 2.483226 2.390501 -1.212410
v 2.708974 2.390501 -1.212410
v 2.934721 2.390501 -1.212410
v 3.386217 2.390501 -1.212410
v 3.611965 2.390501 -1.212410
v 3.837713 2.390501 -1.212410
v 4.289208 2.390501 -1.212410
v 4.514957 2.390501 -1.212410
v 4.740705 2.390501 -1.212410
v -5.580204 2.326517 0.406010
v -5.399135 2.371543 0.406010
v -5.189849 2.388131 0.406010
v -4.740705 2.390501 0.406010
v -4.514957 2.390501 0.406010
v -4.289208 2.390501 0.406010
v -3.837713 2.390501 0.406010
v -3.611965 2.390501 0.406010
v -3.386218 2.390501 0.406010
v -2.934722 2.390501 0.406010
v -2.708974 2.390501 0.406010
v -2.483226 2.390501 0.406010
v -2.031731 2.390501 0.406010
v -1.805983 2.390501 0.406010
v -1.580235 2.390501 0.406010
v -1.128739 2.390501 0.406010
v -0.902992 2.390501 0.406010
v -0.677244 2.390501 0.406010
v -0.225748 2.390501 0.406010
v -0.000000 2.390501 0.406010
v 0.225748 2.390501 0.406010
v 0.677243 2.390501 0.406010
v 0.902991 2.390501 0.406010
v 1.128739 2.390501 0.406010
v 1.580235 2.390501 0.406010
v 1.805983 2.390501 0.406010
v 2.031730 2.390501 0.406010
v 2.483226 2.390501 0.406010
v 2.708974 2.390501 0.406010
v 2.934721 2.390501 0.406010
v 3.386217 2.390501 0.406010
v 3.611965 2.390501 0.406010
v 3.837713 2.390501 0.406010
v 4.289208 2.390501 0.406010
v 4.514957 2.390501 0.406010
v 4.740705 2.390501 0.406010
v -5.580204 2.326517 2.024430
v -5.399135 2.371543 2.024430
v -5.189849 2.388131 2.024430
v -4.740705 2.390501 2.024430
v -4.514957 2.390501 2.024430
v -4.289208 2.390501 2.024430
v -3.837713 2.390501 2.024430
v -3.611965 2.390501 2.024430
v -3.386218 2.390501 2.024430
v -2.934722 2.390501 2.024430
v -2.708974 2.390501 2.024430
v -2.483226 2.390501 2.024430
v -2.031731 2.390501 2.024430
v -1.805983 2.390501 2.024430
v -1.580235 2.390501 2.024430
v -1.128739 2.390501 2.024430
v -0.902992 2.390501 2.024430
v -0.677244 2.390501 2.024430
v -0.225748 2.390501 2.024430
v -0.000000 2.390501 2.024430
v 0.225748 2.390501 2.024430
v 0.677243 2.390501 2.024430
v 0.902991 2.390501 2.024430
v 1.128739 2.390501 2.024430
v 1.580235 2.390501 2.024430
v 1.805983 2.390501 2.024430
v 2.031730 2.390501 2.024430
v 2.483226 2.390501 2.024430
v 2.708974 2.390501 2.024430
v 2.934721 2.390501 2.024430
v 3.386217 2.390501 2.024430
v 3.611965 2.390501 2.024430
v 3.837713 2.390501 2.024430
v 4.289208 2.390501 2.024430
v 4.514957 2.390501 2.024430
v 4.740705 2.390501 2.024430
v -5.580204 2.326517 3.642850
v -5.399135 2.371543 3.642849
v -5.189849 2.388131 3.642850
v -4.740705 2.390501 3.642850
v -4.514957 2.390501 3.642850
v -4.289208 2.390501 3.642850
v -3.837713 2.390501 3.642850
v -3.611965 2.390501 3.642850
v -3.386218 2.390501 3.642850
v -2.934722 2.390501 3.642850
v -2.708974 2.390501 3.642850
v -2.483226 2.390501 3.642850
v -2.031731 2.390501 3.642850
v -1.805983 2.390501 3.642850
v -1.580235 2.390501 3.642850
v -1.128739 2.390501 3.642850
v -0.902992 2.390501 3.642850
v -0.677244 2.390501 3.642850
v -0.225748 2.390501 3.642850
v -0.000000 2.390501 3.642850
v 0.225748 2.390501 3.642850
v 0.677243 2.390501 3.642850
v 0.902991 2.390501 3.642850
v 1.128739 2.390501 3.642850
v 1.580235 2.390501 3.642850
v 1.805983 2.390501 3.642850
v 2.031730 2.390501 3.642850
v 2.483226 2.390501 3.642850
v 2.708974 2.390501 3.642850
v 2.934721 2.390501 3.642850
v 3.386217 2.390501 3.642850
v 3.611965 2.390501 3.642850
v 3.837713 2.390501 3.642850
v 4.289208 2.390501 3.642850
v 4.514957 2.390501 3.642850
v 4.740705 2.390501 3.642850
v -5.580204 2.326517 5.261269
v -5.399135 2.371543 5.261270
v -5.189849 2.388131 5.261269
v -4.740705 2.390501 5.261269
v -4.514957 2.390501 5.261269
v -4.289208 2.390501 5.261269
v -3.837713 2.390501 5.261269
v -3.611965 2.390501 5.261269
v -3.386218 2.390501 5.261269
v -2.934722 2.390501 5.261269
v -2.708974 2.390501 5.261269
v -2.483226 2.390501 5.261269
v -2.031731 2.390501 5.261269
v -1.805983 2.390501 5.261269
v -1.580235 2.390501 5.261269
v -1.128739 2.390501 5.261269
v -0.902992 2.390501 5.261269
v -0.677244 2.390501 5.261269
v -0.225748 2.390501 5.261269
v -0.000000 2.390501 5.261269
v 0.225748 2.390501 5.261269
v 0.677243 2.390501 5.261269
v 0.902991 2.390501 5.261269
v 1.128739 2.390501 5.261269
v 1.580235 2.390501 5.261269
v 1.805983 2.390501 5.261269
v 2.031730 2.390501 5.261269
v 2.483226 2.390501 5.261269
v 2.708974 2.390501 5.261269
v 2.934721 2.390501 5.261269
v 3.386217 2.390501 5.261269
v 3.611965 2.390501 5.261269
v 3.837713 2.390501 5.261269
v 4.289208 2.390501 5.261269
v 4.514957 2.390501 5.261269
v 4.740705 2.390501 5.261269
v -5.580204 2.326517 6.879688
v -5.399135 2.371543 6.879687
v -5.189849 2.388131 6.879689
v -4.740705 2.390501 6.879689
v -4.514957 2.390501 6.879688
v -4.289208 2.390501 6.879689
v -3.837713 2.390501 6.879689
v -3.611965 2.390501 6.879688
v -3.386218 2.390501 6.879689
v -2.934722 2.390501 6.879689
v -2.708974 2.390501 6.879688
v -2.483226 2.390501 6.879689
v -2.031731 2.390501 6.879689
v -1.805983 2.390501 6.879688
v -1.580235 2.390501 6.879689
v -1.128739 2.390501 6.879689
v -0.902992 2.390501 6.879688
v -0.677244 2.390501 6.879689
v -0.225748 2.390501 6.879689
v -0.000000 2.390501 6.879688
v 0.225748 2.390501 6.879689
v 0.677243 2.390501 6.879689
v 0.902991 2.390501 6.879688
v 1.128739 2.390501 6.879689
v 1.580235 2.390501 6.879689
v 1.805983 2.390501 6.879688
v 2.031730 2.390501 6.879689
v 2.483226 2.390501 6.879689
v 2.708974 2.390501 6.879688
v 2.934721 2.390501 6.879689
v 3.386217 2.390501 6.879689
v 3.611965 2.390501 6.879688
v 3.837713 2.390501 6.879689
v 4.289208 2.390501 6.879689
v 4.514957 2.390501 6.879688
v 4.740705 2.390501 6.879689
v -5.580204 2.326517 8.498109
v -5.399135 2.371543 8.498109
v -5.189849 2.388131 8.498107
v -4.740705 2.390501 8.498108
v -4.514957 2.390501 8.498107
v -4.289208 2.390501 8.498108
v -3.837713 2.390501 8.498108
v -3.611965 2.390501 8.498107
v -3.386218 2.390501 8.498108
v -2.934722 2.390501 8.498108
v -2.708974 2.390501 8.498107
v -2.483226 2.390501 8.498108
v -2.031731 2.390501 8.498108
v -1.805983 2.390501 8.498107
v -1.580235 2.390501 8.498108
v -1.128739 2.390501 8.498108
v -0.902992 2.390501 8.498107
v -0.677244 2.390501 8.498108
v -0.225748 2.390501 8.498108
v -0.000000 2.390501 8.498107
v 0.225748 2.390501 8.498108
v 0.677243 2.390501 8.498108
v 0.902991 2.390501 8.498107
v 1.128739 2.390501 8.498108
v 1.580235 2.390501 8.498108
v 1.805983 2.390501 8.498107
v 2.031730 2.390501 8.498108
v 2.483226 2.390501 8.498108
v 2.708974 2.390501 8.498107
v 2.934721 2.390501 8.498108
v 3.386217 2.390501 8.498108
v 3.611965 2.390501 8.498107
v 3.837713 2.390501 8.498108
v 4.289208 2.390501 8.498108
v 4.514957 2.390501 8.498107
v 4.740705 2.390501 8.498108
v 5.580204 0.634483 -9.304509
v 5.399136 0.589457 -9.304508
v 5.189849 0.572869 -9.304509
v 4.740705 0.570499 -9.304507
v 4.514957 0.570499 -9.304509
v 4.289208 0.570499 -9.304507
v 3.837713 0.570499 -9.304507
v 3.611965 0.570499 -9.304509
v 3.386218 0.570499 -9.304507
v 2.934722 0.570499 -9.304507
v 2.708974 0.570499 -9.304509
v 2.483226 0.570499 -9.304507
v 2.031731 0.570499 -9.304507
v 1.805983 0.570499 -9.304509
v 1.580235 0.570499 -9.304507
v 1.128739 0.570499 -9.304507
v 0.902992 0.570499 -9.304509
v 0.677244 0.570499 -9.304507
v 0.225748 0.570499 -9.304507
v 0.000000 0.570499 -9.304509
v -0.225748 0.570499 -9.304507
v -0.677243 0.570499 -9.304507
v -0.902991 0.570499 -9.304509
v -1.128739 0.570499 -9.304507
v -1.580235 0.570499 -9.304507
v -1.805983 0.570499 -9.304509
v -2.031730 0.570499 -9.304507
v -2.483226 0.570499 -9.304507
v -2.708974 0.570499 -9.304509
v -2.934721 0.570499 -9.304507
v -3.386217 0.570499 -9.304507
v -3.611965 0.570499 -9.304509
v -3.837713 0.570499 -9.304507
v -4.289208 0.570499 -9.304507
v -4.514957 0.570499 -9.304509
v -4.740705 0.570499 -9.304507
v 5.580204 0.634483 -7.686089
v 5.399136 0.589457 -7.686089
v 5.189848 0.572869 -7.686089
v 4.740705 0.570499 -7.686089
v 4.514957 0.570499 -7.686089
v 4.289208 0.570499 -7.686089
v 3.837713 0.570499 -7.686089
v 3.611965 0.570499 -7.686089
v 3.386218 0.570499 -7.686089
v 2.934722 0.570499 -7.686089
v 2.708974 0.570499 -7.686089
v 2.483226 0.570499 -7.686089
v 2.031731 0.570499 -7.686089
v 1.805983 0.570499 -7.686089
v 1.580235 0.570499 -7.686089
v 1.128739 0.570499 -7.686089
v 0.902992 0.570499 -7.686089
v 0.677244 0.570499 -7.686089
v 0.225748 0.570499 -7.686089
v 0.000000 0.570499 -7.686089
v -0.225748 0.570499 -7.686089
v -0.677243 0.570499 -7.686089
v -0.902991 0.570499 -7.686089
v -1.128739 0.570499 -7.686089
v -1.580235 0.570499 -7.686089
v -1.805983 0.570499 -7.686089
v -2.031730 0.570499 -7.686089
v -2.483226 0.570499 -7.686089
v -2.708974 0.570499 -7.686089
v -2.934721 0.570499 -7.686089
v -3.386217 0.570499 -7.686089
v -3.611965 0.570499 -7.686089
v -3.837713 0.570499 -7.686089
v -4.289208 0.570499 -7.686089
v -4.514957 0.570499 -7.686089
v -4.740705 0.570499 -7.686089
v 5.580204 0.634483 -6.067669
v 5.399136 0.589457 -6.067669
v 5.189848 0.572869 -6.067669
v 4.740705 0.570499 -6.067669
v 4.514957 0.570499 -6.067669
v 4.289208 0.570499 -6.067669
v 3.837713 0.570499 -6.067669
v 3.611965 0.570499 -6.067669
v 3.386218 0.570499 -6.067669
v 2.934722 0.570499 -6.067669
v 2.708974 0.570499 -6.067669
v 2.483226 0.570499 -6.067669
v 2.031731 0.570499 -6.067669
v 1.805983 0.570499 -6.067669
v 1.580235 0.570499 -6.067669
v 1.128739 0.570499 -6.067669
v 0.902992 0.570499 -6.067669
v 0.677244 0.570499 -6.067669
v 0.225748 0.570499 -6.067669
v 0.000000 0.570499 -6.067669
v -0.225748 0.570499 -6.067669
v -0.677243 0.570499 -6.067669
v -0.902991 0.570499 -6.067669
v -1.128739 0.570499 -6.067669
v -1.580235 0.570499 -6.067669
v -1.805983 0.570499 -6.067669
v -2.031730 0.570499 -6.067669
v -2.483226 0.570499 -6.067669
v -2.708974 0.570499 -6.067669
v -2.934721 0.570499 -6.067669
v -3.386217 0.570499 -6.067669
v -3.611965 0.570499 -6.067669
v -3.837713 0.570499 -6.067669
v -4.289208 0.570499 -6.067669
v -4.514957 0.570499 -6.067669
v -4.740705 0.570499 -6.067669
v 5.580204 0.634483 -4.449250
v 5.399136 0.589457 -4.449250
v 5.189848 0.572869 -4.449249
v 4.740705 0.570499 -4.449250
v 4.514957 0.570499 -4.449250
v 4.289208 0.570499 -4.449249
v 3.837713 0.570499 -4.449250
v 3.611965 0.570499 -4.449250
v 3.386218 0.570499 -4.449249
v 2.934722 0.570499 -4.449250
v 2.708974 0.570499 -4.449250
v 2.483226 0.570499 -4.449249
v 2.031731 0.570499 -4.449250
v 1.805983 0.570499 -4.449250
v 1.580235 0.570499 -4.449249
v 1.128739 0.570499 -4.449250
v 0.902992 0.570499 -4.449250
v 0.677244 0.570499 -4.449249
v 0.225748 0.570499 -4.449250
v 0.000000 0.570499 -4.449250
v -0.225748 0.570499 -4.449249
v -0.677243 0.570499 -4.449250
v -0.902991 0.570499 -4.449250
v -1.128739 0.570499 -4.449249
v -1.580235 0.570499 -4.449250
v -1.805983 0.570499 -4.449250
v -2.031730 0.570499 -4.449249
v -2.483226 0.570499 -4.449250
v -2.708974 0.570499 -4.449250
v -2.934721 0.570499 -4.449249
v -3.386217 0.570499 -4.449250
v -3.611965 0.570499 -4.449250
v -3.837713 0.570499 -4.449249
v -4.289208 0.570499 -4.449250
v -4.514957 0.570499 -4.449250
v -4.740705 0.570499 -4.449249
v 5.580204 0.634483 -2.830829
v 5.399136 0.589457 -2.830829
v 5.189848 0.572869 -2.830830
v 4.740705 0.570499 -2.830829
v 4.514957 0.570499 -2.830829
v 4.289208 0.570499 -2.830830
v 3.837713 0.570499 -2.830829
v 3.611965 0.570499 -2.830829
v 3.386218 0.570499 -2.830830
v 2.934722 0.570499 -2.830829
v 2.708974 0.570499 -2.830829
v 2.483226 0.570499 -2.830830
v 2.031731 0.570499 -2.830829
v 1.805983 0.570499 -2.830829
v 1.580235 0.570499 -2.830830
v 1.128739 0.570499 -2.830829
v 0.902992 0.570499 -2.830829
v 0.677244 0.570499 -2.830830
v 0.225748 0.570499 -2.830829
v 0.000000 0.570499 -2.830829
v -0.225748 0.570499 -2.830830
v -0.677243 0.570499 -2.830829
v -0.902991 0.570499 -2.830829
v -1.128739 0.570499 -2.830830
v -1.580235 0.570499 -2.830829
v -1.805983 0.570499 -2.830829
v -2.031730 0.570499 -2.830830
v -2.483226 0.570499 -2.830829
v -2.708974 0.570499 -2.830829
v -2.934721 0.570499 -2.830830
v -3.386217 0.570499 -2.830830
v -3.611965 0.570499 -2.830829
v -3.837713 0.570499 -2.830830
v -4.289208 0.570499 -2.830830
v -4.514957 0.570499 -2.830829
v -4.740705 0.570499 -2.830830
v 5.580204 0.634483 -1.212410
v 5.399136 0.589457 -1.212410
v 5.189848 0.572869 -1.212409
v 4.740705 0.570499 -1.212410
v 4.514957 0.570499 -1.212410
v 4.289208 0.570499 -1.212409
v 3.837713 0.570499 -1.212410
v 3.611965 0.570499 -1.212410
v 3.386218 0.570499 -1.212409
v 2.934722 0.570499 -1.212410
v 2.708974 0.570499 -1.212410
v 2.483226 0.570499 -1.212409
v 2.031731 0.570499 -1.212410
v 1.805983 0.570499 -1.212410
v 1.580235 0.570499 -1.212409
v 1.128739 0.570499 -1.212410
v 0.902992 0.570499 -1.212410
v 0.677244 0.570499 -1.212409
v 0.225748 0.570499 -1.212410
v 0.000000 0.570499 -1.212410
v -0.225748 0.570499 -1.212410
v -0.677243 0.570499 -1.212410
v -0.902991 0.570499 -1.212410
v -1.128739 0.570499 -1.212410
v -1.580235 0.570499 -1.212410
v -1.805983 0.570499 -1.212410
v -2.031730 0.570499 -1.212410
v -2.483226 0.570499 -1.212410
v -2.708974 0.570499 -1.212410
v -2.934721 0.570499 -1.212410
v -3.386217 0.570499 -1.212410
v -3.611965 0.570499 -1.212410
v -3.837713 0.570499 -1.212410
v -4.289208 0.570499 -1.212410
v -4.514957 0.570499 -1.212410
v -4.740705 0.570499 -1.212410
v 5.580204 0.634483 0.406010
v 5.399136 0.589457 0.406010
v 5.189848 0.572869 0.406010
v 4.740705 0.570499 0.406010
v 4.514957 0.570499 0.406010
v 4.289208 0.570499 0.406010
v 3.837713 0.570499 0.406010
v 3.611965 0.570499 0.406010
v 3.386218 0.570499 0.406010
v 2.934722 0.570499 0.406010
v 2.708974 0.570499 0.406010
v 2.483226 0.570499 0.406010
v 2.031731 0.570499 0.406010
v 1.805983 0.570499 0.406010
v 1.580235 0.570499 0.406010
v 1.128739 0.570499 0.406010
v 0.902992 0.570499 0.406010
v 0.677244 0.570499 0.406010
v 0.225748 0.570499 0.406010
v 0.000000 0.570499 0.406010
v -0.225748 0.570499 0.406010
v -0.677243 0.570499 0.406010
v -0.902991 0.570499 0.406010
v -1.128739 0.570499 0.406010
v -1.580235 0.570499 0.406010
v -1.805983 0.570499 0.406010
v -2.031730 0.570499 0.406010
v -2.483226 0.570499 0.406010
v -2.708974 0.570499 0.406010
v -2.934721 0.570499 0.406010
v -3.386217 0.570499 0.406010
v -3.611965 0.570499 0.406010
v -3.837713 0.570499 0.406010
v -4.289208 0.570499 0.406010
v -4.514957 0.570499 0.406010
v -4.740705 0.570499 0.406010
v 5.580204 0.634483 2.024430
v 5.399136 0.589457 2.024430
v 5.189848 0.572869 2.024430
v 4.740705 0.570499 2.024430
v 4.514957 0.570499 2.024430
v 4.289208 0.570499 2.024430
v 3.837713 0.570499 2.024430
v 3.611965 0.570499 2.024430
v 3.386218 0.570499 2.024430
v 2.934722 0.570499 2.024430
v 2.708974 0.570499 2.024430
v 2.483226 0.570499 2.024430
v 2.031731 0.570499 2.024430
v 1.805983 0.570499 2.024430
v 1.580235 0.570499 2.024430
v 1.128739 0.570499 2.024430
v 0.902992 0.570499 2.024430
v 0.677244 0.570499 2.024430
v 0.225748 0.570499 2.024430
v 0.000000 0.570499 2.024430
v -0.225748 0.570499 2.024430
v -0.677243 0.570499 2.024430
v -0.902991 0.570499 2.024430
v -1.128739 0.570499 2.024430
v -1.580235 0.570499 2.024430
v -1.805983 0.570499 2.024430
v -2.031730 0.570499 2.024430
v -2.483226 0.570499 2.024430
v -2.708974 0.570499 2.024430
v -2.934721 0.570499 2.024430
v -3.386217 0.570499 2.024430
v -3.611965 0.570499 2.024430
v -3.837713 0.570499 2.024430
v -4.289208 0.570499 2.024430
v -4.514957 0.570499 2.024430
v -4.740705 0.570499 2.024430
v 5.580204 0.634483 3.642850
v 5.399136 0.589457 3.642850
v 5.189848 0.572869 3.642850
v 4.740705 0.570499 3.642850
v 4.514957 0.570499 3.642850
v 4.289208 0.570499 3.642850
v 3.837713 0.570499 3.642850
v 3.611965 0.570499 3.642850
v 3.386218 0.570499 3.642850
v 2.934722 0.570499 3.642850
v 2.708974 0.570499 3.642850
v 2.483226 0.570499 3.642850
v 2.031731 0.570499 3.642850
v 1.805983 0.570499 3.642850
v 1.580235 0.570499 3.642850
v 1.128739 0.570499 3.642850
v 0.902992 0.570499 3.642850
v 0.677244 0.570499 3.642850
v 0.225748 0.570499 3.642850
v 0.000000 0.570499 3.642850
v -0.225748 0.570499 3.642850
v -0.677243 0.570499 3.642850
v -0.902991 0.570499 3.642850
v -1.128739 0.570499 3.642850
v -1.580235 0.570499 3.642850
v -1.805983 0.570499 3.642850
v -2.031730 0.570499 3.642850
v -2.483226 0.570499 3.642850
v -2.708974 0.570499 3.642850
v -2.934721 0.570499 3.642850
v -3.386217 0.570499 3.642850
v -3.611965 0.570499 3.642850
v -3.837713 0.570499 3.642850
v -4.289208 0.570499 3.642850
v -4.514957 0.570499 3.642850
v -4.740705 0.570499 3.642850
v 5.580204 0.634483 5.261269
v 5.399136 0.589457 5.261269
v 5.189848 0.572869 5.261269
v 4.740705 0.570499 5.261269
v 4.514957 0.570499 5.261269
v 4.289208 0.570499 5.261269
v 3.837713 0.570499 5.261269
v 3.611965 0.570499 5.261269
v 3.386218 0.570499 5.261269
v 2.934722 0.570499 5.261269
v 2.708974 0.570499 5.261269
v 2.483226 0.570499 5.261269
v 2.031731 0.570499 5.261269
v 1.805983 0.570499 5.261269
v 1.580235 0.570499 5.261269
v 1.128739 0.570499 5.261269
v 0.902992 0.570499 5.261269
v 0.677244 0.570499 5.261269
v 0.225748 0.570499 5.261269
v 0.000000 0.570499 5.261269
v -0.225748 0.570499 5.261269
v -0.677243 0.570499 5.261269
v -0.902991 0.570499 5.261269
v -1.128739 0.570499 5.261269
v -1.580235 0.570499 5.261269
v -1.805983 0.570499 5.261269
v -2.031730 0.570499 5.261269
v -2.483226 0.570499 5.261269
v -2.708974 0.570499 5.261269
v -2.934721 0.570499 5.261269
v -3.386217 0.570499 5.261269
v -3.611965 0.570499 5.261269
v -3.837713 0.570499 5.261269
v -4.289208 0.570499 5.261269
v -4.514957 0.570499 5.261269
v -4.740705 0.570499 5.261269
v 5.580204 0.634483 6.879689
v 5.399136 0.589457 6.879688
v 5.189848 0.572869 6.879689
v 4.740705 0.570499 6.879689
v 4.514957 0.570499 6.879688
v 4.289208 0.570499 6.879689
v 3.837713 0.570499 6.879689
v 3.611965 0.570499 6.879688
v 3.386218 0.570499 6.879689
v 2.934722 0.570499 6.879689
v 2.708974 0.570499 6.879688
v 2.483226 0.570499 6.879689
v 2.031731 0.570499 6.879689
v 1.805983 0.570499 6.879688
v 1.580235 0.570499 6.879689
v 1.128739 0.570499 6.879689
v 0.902992 0.570499 6.879688
v 0.677244 0.570499 6.879689
v 0.225748 0.570499 6.879689
v 0.000000 0.570499 6.879688
v -0.225748 0.570499 6.879689
v -0.677243 0.570499 6.879689
v -0.902991 0.570499 6.879688
v -1.128739 0.570499 6.879689
v -1.580235 0.570499 6.879689
v -1.805983 0.570499 6.879688
v -2.031730 0.570499 6.879689
v -2.483226 0.570499 6.879689
v -2.708974 0.570499 6.879688
v -2.934721 0.570499 6.879689
v -3.386217 0.570499 6.879689
v -3.611965 0.570499 6.879688
v -3.837713 0.570499 6.879689
v -4.289208 0.570499 6.879689
v -4.514957 0.570499 6.879688
v -4.740705 0.570499 6.879689
v 5.580204 0.634483 8.498107
v 5.399136 0.589457 8.498108
v 5.189849 0.572869 8.498107
v 4.740705 0.570499 8.498108
v 4.514957 0.570499 8.498107
v 4.289208 0.570499 8.498108
v 3.837713 0.570499 8.498108
v 3.611965 0.570499 8.498107
v 3.386218 0.570499 8.498108
v 2.934722 0.570499 8.498108
v 2.708974 0.570499 8.498107
v 2.483226 0.570499 8.498108
v 2.031731 0.570499 8.498108
v 1.805983 0.570499 8.498107
v 1.580235 0.570499 8.498108
v 1.128739 0.570499 8.498108
v 0.902992 0.570499 8.498107
v 0.677244 0.570499 8.498108
v 0.225748 0.570499 8.498108
v 0.000000 0.570499 8.498107
v -0.225748 0.570499 8.498108
v -0.677243 0.570499 8.498108
v -0.902991 0.570499 8.498107
v -1.128739 0.570499 8.498108
v -1.580235 0.570499 8.498108
v -1.805983 0.570499 8.498107
v -2.031730 0.570499 8.498108
v -2.483226 0.570499 8.498108
v -2.708974 0.570499 8.498107
v -2.934721 0.570499 8.498108
v -3.386217 0.570499 8.498108
v -3.611965 0.570499 8.498107
v -3.837713 0.570499 8.498108
v -4.289208 0.570499 8.498108
v -4.514957 0.570499 8.498107
v -4.740705 0.570499 8.498108
v 5.580204 1.480500 10.002732
v 5.399136 1.480500 10.082810
v 5.189848 1.480500 10.112312
v 4.740705 1.480500 10.116528
v 4.514957 1.480500 10.116527
v 4.289209 1.480500 10.116528
v 3.837713 1.480500 10.116528
v 3.611965 1.480500 10.116527
v 3.386218 1.480500 10.116528
v 2.934722 1.480500 10.116528
v 2.708974 1.480500 10.116527
v 2.483226 1.480500 10.116528
v 2.031731 1.480500 10.116528
v 1.805983 1.480500 10.116527
v 1.580235 1.480500 10.116528
v 1.128739 1.480500 10.116528
v 0.902991 1.480500 10.116527
v 0.677244 1.480500 10.116528
v 0.225748 1.480500 10.116528
v 0.000000 1.480500 10.116527
v -0.225748 1.480500 10.116528
v -0.677243 1.480500 10.116528
v -0.902991 1.480500 10.116527
v -1.128739 1.480500 10.116528
v -1.580235 1.480500 10.116528
v -1.805983 1.480500 10.116527
v -2.031731 1.480500 10.116528
v -2.483226 1.480500 10.116528
v -2.708974 1.480500 10.116527
v -2.934722 1.480500 10.116528
v -3.386217 1.480500 10.116528
v -3.611965 1.480500 10.116527
v -3.837713 1.480500 10.116528
v -4.289208 1.480500 10.116528
v -4.514956 1.480500 10.116527
v -4.740705 1.480500 10.116528
v -5.580204 1.480500 -10.809133
v -5.399136 1.480500 -10.889211
v -5.189848 1.480500 -10.918713
v -4.740705 1.480500 -10.922928
v -4.514957 1.480500 -10.922927
v -4.289209 1.480500 -10.922928
v -3.837713 1.480500 -10.922928
v -3.611965 1.480500 -10.922927
v -3.386218 1.480500 -10.922928
v -2.934722 1.480500 -10.922928
v -2.708974 1.480500 -10.922927
v -2.483226 1.480500 -10.922928
v -2.031731 1.480500 -10.922928
v -1.805983 1.480500 -10.922927
v -1.580235 1.480500 -10.922928
v -1.128739 1.480500 -10.922928
v -0.902991 1.480500 -10.922927
v -0.677244 1.480500 -10.922928
v -0.225748 1.480500 -10.922928
v -0.000000 1.480500 -10.922927
v 0.225748 1.480500 -10.922928
v 0.677243 1.480500 -10.922928
v 0.902991 1.480500 -10.922927
v 1.128739 1.480500 -10.922928
v 1.580235 1.480500 -10.922928
v 1.805983 1.480500 -10.922927
v 2.031731 1.480500 -10.922928
v 2.483226 1.480500 -10.922928
v 2.708974 1.480500 -10.922927
v 2.934722 1.480500 -10.922928
v 3.386217 1.480500 -10.922928
v 3.611965 1.480500 -10.922927
v 3.837713 1.480500 -10.922928
v 4.289208 1.480500 -10.922928
v 4.514956 1.480500 -10.922927
v 4.740705 1.480500 -10.922928
v -4.966453 1.255370 -10.918713
v -4.966452 1.044458 -10.889211
v -4.966452 0.861984 -10.809134
v -4.063461 1.255370 -10.918713
v -4.063461 1.044458 -10.889211
v -4.063461 0.861984 -10.809134
v -3.160470 1.255370 -10.918713
v -3.160470 1.044458 -10.889211
v -3.160470 0.861984 -10.809134
v -2.257479 1.255370 -10.918713
v -2.257478 1.044458 -10.889211
v -2.257478 0.861984 -10.809134
v -1.354487 1.255370 -10.918713
v -1.354487 1.044458 -10.889211
v -1.354487 0.861984 -10.809134
v -0.451496 1.255370 -10.918713
v -0.451496 1.044458 -10.889211
v -0.451496 0.861984 -10.809134
v 0.451496 1.255370 -10.918713
v 0.451496 1.044458 -10.889211
v 0.451496 0.861984 -10.809134
v 1.354487 1.255370 -10.918713
v 1.354487 1.044458 -10.889211
v 1.354487 0.861984 -10.809134
v 2.257478 1.255370 -10.918713
v 2.257478 1.044458 -10.889211
v 2.257478 0.861984 -10.809134
v 3.160470 1.255370 -10.918713
v 3.160470 1.044458 -10.889211
v 3.160470 0.861984 -10.809134
v 4.063461 1.255370 -10.918713
v 4.063461 1.044458 -10.889211
v 4.063461 0.861984 -10.809134
v 4.966452 1.255370 -10.918713
v 4.966452 1.044458 -10.889211
v 4.966453 0.861984 -10.809134
v 4.966453 1.255370 10.112312
v 4.966452 1.044458 10.082810
v 4.966452 0.861984 10.002733
v 4.063461 1.255370 10.112312
v 4.063461 1.044458 10.082810
v 4.063461 0.861984 10.002733
v 3.160470 1.255370 10.112312
v 3.160470 1.044458 10.082810
v 3.160470 0.861984 10.002733
v 2.257479 1.255370 10.112312
v 2.257478 1.044458 10.082810
v 2.257478 0.861984 10.002733
v 1.354487 1.255370 10.112312
v 1.354487 1.044458 10.082810
v 1.354487 0.861984 10.002733
v 0.451496 1.255370 10.112312
v 0.451496 1.044458 10.082810
v 0.451496 0.861984 10.002733
v -0.451496 1.255370 10.112312
v -0.451496 1.044458 10.082810
v -0.451496 0.861984 10.002733
v -1.354487 1.255370 10.112312
v -1.354487 1.044458 10.082810
v -1.354487 0.861984 10.002733
v -2.257478 1.255370 10.112312
v -2.257478 1.044458 10.082810
v -2.257478 0.861984 10.002733
v -3.160470 1.255370 10.112312
v -3.160470 1.044458 10.082810
v -3.160470 0.861984 10.002733
v -4.063461 1.255370 10.112312
v -4.063461 1.044458 10.082810
v -4.063461 0.861984 10.002733
v -4.966452 1.255370 10.112312
v -4.966452 1.044458 10.082810
v -4.966453 0.861984 10.002733
v -4.966453 0.570499 7.284293
v -4.966452 0.570499 7.688897
v -4.966452 0.570499 8.093503
v -4.063461 0.570499 7.284294
v -4.063461 0.570499 7.688898
v -4.063461 0.570499 8.093503
v -3.160470 0.570499 7.284294
v -3.160470 0.570499 7.688898
v -3.160470 0.570499 8.093503
v -2.257478 0.570499 7.284294
v -2.257478 0.570499 7.688898
v -2.257478 0.570499 8.093503
v -1.354487 0.570499 7.284294
v -1.354487 0.570499 7.688898
v -1.354487 0.570499 8.093503
v -0.451496 0.570499 7.284294
v -0.451496 0.570499 7.688898
v -0.451496 0.570499 8.093503
v 0.451496 0.570499 7.284294
v 0.451496 0.570499 7.688898
v 0.451496 0.570499 8.093503
v 1.354487 0.570499 7.284294
v 1.354487 0.570499 7.688898
v 1.354487 0.570499 8.093503
v 2.257478 0.570499 7.284294
v 2.257479 0.570499 7.688898
v 2.257478 0.570499 8.093503
v 3.160470 0.570499 7.284294
v 3.160470 0.570499 7.688898
v 3.160469 0.570499 8.093503
v 4.063461 0.570499 7.284294
v 4.063461 0.570499 7.688898
v 4.063461 0.570499 8.093503
v 4.966452 0.570499 7.284294
v 4.966452 0.570499 7.688898
v 4.966453 0.570499 8.093503
v -4.966453 0.570499 5.665874
v -4.966452 0.570499 6.070479
v -4.966452 0.570499 6.475084
v -4.063461 0.570499 5.665874
v -4.063461 0.570499 6.070479
v -4.063461 0.570499 6.475083
v -3.160470 0.570499 5.665874
v -3.160470 0.570499 6.070479
v -3.160470 0.570499 6.475083
v -2.257478 0.570499 5.665874
v -2.257478 0.570499 6.070479
v -2.257478 0.570499 6.475083
v -1.354487 0.570499 5.665874
v -1.354487 0.570499 6.070479
v -1.354487 0.570499 6.475083
v -0.451496 0.570499 5.665874
v -0.451496 0.570499 6.070479
v -0.451496 0.570499 6.475083
v 0.451496 0.570499 5.665874
v 0.451496 0.570499 6.070479
v 0.451496 0.570499 6.475083
v 1.354487 0.570499 5.665874
v 1.354487 0.570499 6.070479
v 1.354487 0.570499 6.475083
v 2.257478 0.570499 5.665874
v 2.257479 0.570499 6.070479
v 2.257478 0.570499 6.475083
v 3.160470 0.570499 5.665874
v 3.160470 0.570499 6.070479
v 3.160469 0.570499 6.475083
v 4.063461 0.570499 5.665874
v 4.063461 0.570499 6.070479
v 4.063461 0.570499 6.475083
v 4.966452 0.570499 5.665874
v 4.966452 0.570499 6.070479
v 4.966453 0.570499 6.475083
v -4.966453 0.570499 4.047454
v -4.966452 0.570499 4.452059
v -4.966452 0.570499 4.856665
v -4.063461 0.570499 4.047454
v -4.063461 0.570499 4.452060
v -4.063461 0.570499 4.856664
v -3.160470 0.570499 4.047454
v -3.160470 0.570499 4.452060
v -3.160470 0.570499 4.856664
v -2.257478 0.570499 4.047454
v -2.257478 0.570499 4.452060
v -2.257478 0.570499 4.856664
v -1.354487 0.570499 4.047454
v -1.354487 0.570499 4.452060
v -1.354487 0.570499 4.856664
v -0.451496 0.570499 4.047454
v -0.451496 0.570499 4.452060
v -0.451496 0.570499 4.856664
v 0.451496 0.570499 4.047454
v 0.451496 0.570499 4.452060
v 0.451496 0.570499 4.856664
v 1.354487 0.570499 4.047454
v 1.354487 0.570499 4.452060
v 1.354487 0.570499 4.856664
v 2.257478 0.570499 4.047454
v 2.257479 0.570499 4.452060
v 2.257478 0.570499 4.856664
v 3.160470 0.570499 4.047454
v 3.160470 0.570499 4.452060
v 3.160469 0.570499 4.856664
v 4.063461 0.570499 4.047454
v 4.063461 0.570499 4.452060
v 4.063461 0.570499 4.856664
v 4.966452 0.570499 4.047454
v 4.966452 0.570499 4.452060
v 4.966453 0.570499 4.856664
v -4.966453 0.570499 2.429035
v -4.966452 0.570499 2.833640
v -4.966452 0.570499 3.238245
v -4.063461 0.570499 2.429035
v -4.063461 0.570499 2.833640
v -4.063461 0.570499 3.238245
v -3.160470 0.570499 2.429035
v -3.160470 0.570499 2.833640
v -3.160470 0.570499 3.238245
v -2.257478 0.570499 2.429035
v -2.257478 0.570499 2.833640
v -2.257478 0.570499 3.238245
v -1.354487 0.570499 2.429035
v -1.354487 0.570499 2.833640
v -1.354487 0.570499 3.238245
v -0.451496 0.570499 2.429035
v -0.451496 0.570499 2.833640
v -0.451496 0.570499 3.238245
v 0.451496 0.570499 2.429035
v 0.451496 0.570499 2.833640
v 0.451496 0.570499 3.238245
v 1.354487 0.570499 2.429035
v 1.354487 0.570499 2.833640
v 1.354487 0.570499 3.238245
v 2.257478 0.570499 2.429035
v 2.257479 0.570499 2.833640
v 2.257478 0.570499 3.238245
v 3.160470 0.570499 2.429035
v 3.160470 0.570499 2.833640
v 3.160469 0.570499 3.238245
v 4.063461 0.570499 2.429035
v 4.063461 0.570499 2.833640
v 4.063461 0.570499 3.238245
v 4.966452 0.570499 2.429035
v 4.966452 0.570499 2.833640
v 4.966453 0.570499 3.238245
v -4.966453 0.570499 0.810615
v -4.966452 0.570499 1.215219
v -4.966452 0.570499 1.619825
v -4.063461 0.570499 0.810615
v -4.063461 0.570499 1.215220
v -4.063461 0.570499 1.619825
v -3.160470 0.570499 0.810615
v -3.160470 0.570499 1.215220
v -3.160470 0.570499 1.619825
v -2.257478 0.570499 0.810615
v -2.257478 0.570499 1.215220
v -2.257478 0.570499 1.619825
v -1.354487 0.570499 0.810615
v -1.354487 0.570499 1.215220
v -1.354487 0.570499 1.619825
v -0.451496 0.570499 0.810615
v -0.451496 0.570499 1.215220
v -0.451496 0.570499 1.619825
v 0.451496 0.570499 0.810615
v 0.451496 0.570499 1.215220
v 0.451496 0.570499 1.619825
v 1.354487 0.570499 0.810615
v 1.354487 0.570499 1.215220
v 1.354487 0.570499 1.619825
v 2.257478 0.570499 0.810615
v 2.257479 0.570499 1.215220
v 2.257478 0.570499 1.619825
v 3.160470 0.570499 0.810615
v 3.160470 0.570499 1.215220
v 3.160469 0.570499 1.619825
v 4.063461 0.570499 0.810615
v 4.063461 0.570499 1.215220
v 4.063461 0.570499 1.619825
v 4.966452 0.570499 0.810615
v 4.966452 0.570499 1.215220
v 4.966453 0.570499 1.619825
v -4.966453 0.570499 -0.807805
v -4.966452 0.570499 -0.403200
v -4.966452 0.570499 0.001405
v -4.063461 0.570499 -0.807805
v -4.063461 0.570499 -0.403200
v -4.063461 0.570499 0.001405
v -3.160470 0.570499 -0.807805
v -3.160470 0.570499 -0.403200
v -3.160470 0.570499 0.001405
v -2.257478 0.570499 -0.807805
v -2.257478 0.570499 -0.403200
v -2.257478 0.570499 0.001405
v -1.354487 0.570499 -0.807805
v -1.354487 0.570499 -0.403200
v -1.354487 0.570499 0.001405
v -0.451496 0.570499 -0.807805
v -0.451496 0.570499 -0.403200
v -0.451496 0.570499 0.001405
v 0.451496 0.570499 -0.807805
v 0.451496 0.570499 -0.403200
v 0.451496 0.570499 0.001405
v 1.354487 0.570499 -0.807805
v 1.354487 0.570499 -0.403200
v 1.354487 0.570499 0.001405
v 2.257478 0.570499 -0.807805
v 2.257479 0.570499 -0.403200
v 2.257478 0.570499 0.001405
v 3.160470 0.570499 -0.807805
v 3.160470 0.570499 -0.403200
v 3.160469 0.570499 0.001405
v 4.063461 0.570499 -0.807805
v 4.063461 0.570499 -0.403200
v 4.063461 0.570499 0.001405
v 4.966452 0.570499 -0.807805
v 4.966452 0.570499 -0.403200
v 4.966453 0.570499 0.001405
v -4.966453 0.570499 -2.426225
v -4.966452 0.570499 -2.021620
v -4.966452 0.570499 -1.617015
v -4.063461 0.570499 -2.426224
v -4.063461 0.570499 -2.021620
v -4.063461 0.570499 -1.617015
v -3.160470 0.570499 -2.426224
v -3.160470 0.570499 -2.021620
v -3.160470 0.570499 -1.617015
v -2.257478 0.570499 -2.426224
v -2.257478 0.570499 -2.021620
v -2.257478 0.570499 -1.617015
v -1.354487 0.570499 -2.426224
v -1.354487 0.570499 -2.021620
v -1.354487 0.570499 -1.617015
v -0.451496 0.570499 -2.426224
v -0.451496 0.570499 -2.021620
v -0.451496 0.570499 -1.617015
v 0.451496 0.570499 -2.426224
v 0.451496 0.570499 -2.021620
v 0.451496 0.570499 -1.617015
v 1.354487 0.570499 -2.426224
v 1.354487 0.570499 -2.021620
v 1.354487 0.570499 -1.617015
v 2.257478 0.570499 -2.426224
v 2.257479 0.570499 -2.021620
v 2.257478 0.570499 -1.617015
v 3.160470 0.570499 -2.426224
v 3.160470 0.570499 -2.021620
v 3.160469 0.570499 -1.617015
v 4.063461 0.570499 -2.426224
v 4.063461 0.570499 -2.021620
v 4.063461 0.570499 -1.617015
v 4.966452 0.570499 -2.426224
v 4.966452 0.570499 -2.021620
v 4.966453 0.570499 -1.617015
v -4.966453 0.570499 -4.044645
v -4.966452 0.570499 -3.640040
v -4.966452 0.570499 -3.235435
v -4.063461 0.570499 -4.044644
v -4.063461 0.570499 -3.640039
v -4.063461 0.570499 -3.235434
v -3.160470 0.570499 -4.044644
v -3.160470 0.570499 -3.640039
v -3.160470 0.570499 -3.235434
v -2.257478 0.570499 -4.044644
v -2.257478 0.570499 -3.640039
v -2.257478 0.570499 -3.235434
v -1.354487 0.570499 -4.044644
v -1.354487 0.570499 -3.640039
v -1.354487 0.570499 -3.235434
v -0.451496 0.570499 -4.044644
v -0.451496 0.570499 -3.640039
v -0.451496 0.570499 -3.235434
v 0.451496 0.570499 -4.044644
v 0.451496 0.570499 -3.640039
v 0.451496 0.570499 -3.235434
v 1.354487 0.570499 -4.044644
v 1.354487 0.570499 -3.640039
v 1.354487 0.570499 -3.235434
v 2.257478 0.570499 -4.044644
v 2.257479 0.570499 -3.640039
v 2.257478 0.570499 -3.235434
v 3.160470 0.570499 -4.044644
v 3.160470 0.570499 -3.640039
v 3.160469 0.570499 -3.235434
v 4.063461 0.570499 -4.044644
v 4.063461 0.570499 -3.640039
v 4.063461 0.570499 -3.235434
v 4.966452 0.570499 -4.044644
v 4.966452 0.570499 -3.640039
v 4.966453 0.570499 -3.235434
v -4.966453 0.570499 -5.663064
v -4.966452 0.570499 -5.258460
v -4.966452 0.570499 -4.853855
v -4.063461 0.570499 -5.663064
v -4.063461 0.570499 -5.258460
v -4.063461 0.570499 -4.853855
v -3.160470 0.570499 -5.663064
v -3.160470 0.570499 -5.258460
v -3.160470 0.570499 -4.853855
v -2.257478 0.570499 -5.663064
v -2.257478 0.570499 -5.258460
v -2.257478 0.570499 -4.853855
v -1.354487 0.570499 -5.663064
v -1.354487 0.570499 -5.258460
v -1.354487 0.570499 -4.853855
v -0.451496 0.570499 -5.663064
v -0.451496 0.570499 -5.258460
v -0.451496 0.570499 -4.853855
v 0.451496 0.570499 -5.663064
v 0.451496 0.570499 -5.258460
v 0.451496 0.570499 -4.853855
v 1.354487 0.570499 -5.663064
v 1.354487 0.570499 -5.258460
v 1.354487 0.570499 -4.853855
v 2.257478 0.570499 -5.663064
v 2.257479 0.570499 -5.258460
v 2.257478 0.570499 -4.853855
v 3.160470 0.570499 -5.663064
v 3.160470 0.570499 -5.258460
v 3.160469 0.570499 -4.853855
v 4.063461 0.570499 -5.663064
v 4.063461 0.570499 -5.258460
v 4.063461 0.570499 -4.853855
v 4.966452 0.570499 -5.663064
v 4.966452 0.570499 -5.258460
v 4.966453 0.570499 -4.853855
v -4.966453 0.570499 -7.281484
v -4.966452 0.570499 -6.876878
v -4.966452 0.570499 -6.472274
v -4.063461 0.570499 -7.281485
v -4.063461 0.570499 -6.876878
v -4.063461 0.570499 -6.472273
v -3.160470 0.570499 -7.281485
v -3.160470 0.570499 -6.876878
v -3.160470 0.570499 -6.472273
v -2.257478 0.570499 -7.281485
v -2.257478 0.570499 -6.876878
v -2.257478 0.570499 -6.472273
v -1.354487 0.570499 -7.281485
v -1.354487 0.570499 -6.876878
v -1.354487 0.570499 -6.472273
v -0.451496 0.570499 -7.281485
v -0.451496 0.570499 -6.876878
v -0.451496 0.570499 -6.472273
v 0.451496 0.570499 -7.281485
v 0.451496 0.570499 -6.876878
v 0.451496 0.570499 -6.472273
v 1.354487 0.570499 -7.281485
v 1.354487 0.570499 -6.876878
v 1.354487 0.570499 -6.472273
v 2.257478 0.570499 -7.281485
v 2.257479 0.570499 -6.876878
v 2.257478 0.570499 -6.472273
v 3.160470 0.570499 -7.281485
v 3.160470 0.570499 -6.876878
v 3.160469 0.570499 -6.472273
v 4.063461 0.570499 -7.281485
v 4.063461 0.570499 -6.876878
v 4.063461 0.570499 -6.472273
v 4.966452 0.570499 -7.281485
v 4.966452 0.570499 -6.876878
v 4.966453 0.570499 -6.472273
v -4.966453 0.570499 -8.899903
v -4.966452 0.570499 -8.495299
v -4.966452 0.570499 -8.090694
v -4.063461 0.570499 -8.899903
v -4.063461 0.570499 -8.495299
v -4.063461 0.570499 -8.090693
v -3.160470 0.570499 -8.899903
v -3.160470 0.570499 -8.495299
v -3.160470 0.570499 -8.090693
v -2.257478 0.570499 -8.899903
v -2.257478 0.570499 -8.495299
v -2.257478 0.570499 -8.090693
v -1.354487 0.570499 -8.899903
v -1.354487 0.570499 -8.495299
v -1.354487 0.570499 -8.090693
v -0.451496 0.570499 -8.899903
v -0.451496 0.570499 -8.495299
v -0.451496 0.570499 -8.090693
v 0.451496 0.570499 -8.899903
v 0.451496 0.570499 -8.495299
v 0.451496 0.570499 -8.090693
v 1.354487 0.570499 -8.899903
v 1.354487 0.570499 -8.495299
v 1.354487 0.570499 -8.090693
v 2.257478 0.570499 -8.899903
v 2.257479 0.570499 -8.495299
v 2.257478 0.570499 -8.090693
v 3.160470 0.570499 -8.899903
v 3.160470 0.570499 -8.495299
v 3.160469 0.570499 -8.090693
v 4.063461 0.570499 -8.899903
v 4.063461 0.570499 -8.495299
v 4.063461 0.570499 -8.090693
v 4.966452 0.570499 -8.899903
v 4.966452 0.570499 -8.495299
v 4.966453 0.570499 -8.090693
v -4.966453 0.634483 -10.404528
v -4.966452 0.589457 -10.080001
v -4.966452 0.572869 -9.704899
v -4.063461 0.634483 -10.404528
v -4.063461 0.589457 -10.080001
v -4.063461 0.572869 -9.704899
v -3.160470 0.634483 -10.404528
v -3.160470 0.589457 -10.080001
v -3.160470 0.572869 -9.704899
v -2.257478 0.634483 -10.404528
v -2.257478 0.589457 -10.080001
v -2.257478 0.572869 -9.704899
v -1.354487 0.634483 -10.404528
v -1.354487 0.589457 -10.080001
v -1.354487 0.572869 -9.704899
v -0.451496 0.634483 -10.404528
v -0.451496 0.589457 -10.080001
v -0.451496 0.572869 -9.704899
v 0.451496 0.634483 -10.404528
v 0.451496 0.589457 -10.080001
v 0.451496 0.572869 -9.704899
v 1.354487 0.634483 -10.404528
v 1.354487 0.589457 -10.080001
v 1.354487 0.572869 -9.704899
v 2.257478 0.634483 -10.404528
v 2.257478 0.589457 -10.080001
v 2.257479 0.572869 -9.704899
v 3.160470 0.634483 -10.404528
v 3.160470 0.589457 -10.080001
v 3.160470 0.572869 -9.704899
v 4.063461 0.634483 -10.404528
v 4.063461 0.589457 -10.080001
v 4.063461 0.572869 -9.704899
v 4.966453 0.634483 -10.404528
v 4.966452 0.589457 -10.080001
v 4.966452 0.572869 -9.704899
v 4.966452 2.390501 7.284294
v 4.966452 2.390501 7.688898
v 4.966452 2.390501 8.093503
v 4.063461 2.390501 7.284294
v 4.063461 2.390501 7.688898
v 4.063461 2.390501 8.093503
v 3.160470 2.390501 7.284294
v 3.160470 2.390501 7.688898
v 3.160470 2.390501 8.093503
v 2.257478 2.390501 7.284294
v 2.257478 2.390501 7.688898
v 2.257478 2.390501 8.093503
v 1.354487 2.390501 7.284294
v 1.354487 2.390501 7.688898
v 1.354487 2.390501 8.093503
v 0.451496 2.390501 7.284294
v 0.451496 2.390501 7.688898
v 0.451496 2.390501 8.093503
v -0.451496 2.390501 7.284294
v -0.451496 2.390501 7.688898
v -0.451496 2.390501 8.093503
v -1.354487 2.390501 7.284294
v -1.354487 2.390501 7.688898
v -1.354487 2.390501 8.093503
v -2.257478 2.390501 7.284294
v -2.257479 2.390501 7.688898
v -2.257478 2.390501 8.093503
v -3.160470 2.390501 7.284294
v -3.160470 2.390501 7.688898
v -3.160469 2.390501 8.093503
v -4.063461 2.390501 7.284294
v -4.063461 2.390501 7.688898
v -4.063461 2.390501 8.093503
v -4.966452 2.390501 7.284293
v -4.966452 2.390501 7.688897
v -4.966452 2.390501 8.093503
v 4.966452 2.390501 5.665874
v 4.966452 2.390501 6.070479
v 4.966452 2.390501 6.475083
v 4.063461 2.390501 5.665874
v 4.063461 2.390501 6.070479
v 4.063461 2.390501 6.475083
v 3.160470 2.390501 5.665874
v 3.160470 2.390501 6.070479
v 3.160470 2.390501 6.475083
v 2.257478 2.390501 5.665874
v 2.257478 2.390501 6.070479
v 2.257478 2.390501 6.475083
v 1.354487 2.390501 5.665874
v 1.354487 2.390501 6.070479
v 1.354487 2.390501 6.475083
v 0.451496 2.390501 5.665874
v 0.451496 2.390501 6.070479
v 0.451496 2.390501 6.475083
v -0.451496 2.390501 5.665874
v -0.451496 2.390501 6.070479
v -0.451496 2.390501 6.475083
v -1.354487 2.390501 5.665874
v -1.354487 2.390501 6.070479
v -1.354487 2.390501 6.475083
v -2.257478 2.390501 5.665874
v -2.257479 2.390501 6.070479
v -2.257478 2.390501 6.475083
v -3.160470 2.390501 5.665874
v -3.160470 2.390501 6.070479
v -3.160469 2.390501 6.475083
v -4.063461 2.390501 5.665874
v -4.063461 2.390501 6.070479
v -4.063461 2.390501 6.475083
v -4.966452 2.390501 5.665874
v -4.966452 2.390501 6.070479
v -4.966452 2.390501 6.475084
v 4.966452 2.390501 4.047454
v 4.966452 2.390501 4.452060
v 4.966452 2.390501 4.856664
v 4.063461 2.390501 4.047454
v 4.063461 2.390501 4.452060
v 4.063461 2.390501 4.856664
v 3.160470 2.390501 4.047454
v 3.160470 2.390501 4.452060
v 3.160470 2.390501 4.856664
v 2.257478 2.390501 4.047454
v 2.257478 2.390501 4.452060
v 2.257478 2.390501 4.856664
v 1.354487 2.390501 4.047454
v 1.354487 2.390501 4.452060
v 1.354487 2.390501 4.856664
v 0.451496 2.390501 4.047454
v 0.451496 2.390501 4.452060
v 0.451496 2.390501 4.856664
v -0.451496 2.390501 4.047454
v -0.451496 2.390501 4.452060
v -0.451496 2.390501 4.856664
v -1.354487 2.390501 4.047454
v -1.354487 2.390501 4.452060
v -1.354487 2.390501 4.856664
v -2.257478 2.390501 4.047454
v -2.257479 2.390501 4.452060
v -2.257478 2.390501 4.856664
v -3.160470 2.390501 4.047454
v -3.160470 2.390501 4.452060
v -3.160469 2.390501 4.856664
v -4.063461 2.390501 4.047454
v -4.063461 2.390501 4.452060
v -4.063461 2.390501 4.856664
v -4.966452 2.390501 4.047454
v -4.966452 2.390501 4.452059
v -4.966452 2.390501 4.856665
v 4.966452 2.390501 2.429035
v 4.966452 2.390501 2.833639
v 4.966452 2.390501 3.238245
v 4.063461 2.390501 2.429035
v 4.063461 2.390501 2.833640
v 4.063461 2.390501 3.238245
v 3.160470 2.390501 2.429035
v 3.160470 2.390501 2.833640
v 3.160470 2.390501 3.238245
v 2.257478 2.390501 2.429035
v 2.257478 2.390501 2.833640
v 2.257478 2.390501 3.238245
v 1.354487 2.390501 2.429035
v 1.354487 2.390501 2.833640
v 1.354487 2.390501 3.238245
v 0.451496 2.390501 2.429035
v 0.451496 2.390501 2.833640
v 0.451496 2.390501 3.238245
v -0.451496 2.390501 2.429035
v -0.451496 2.390501 2.833640
v -0.451496 2.390501 3.238245
v -1.354487 2.390501 2.429035
v -1.354487 2.390501 2.833640
v -1.354487 2.390501 3.238245
v -2.257478 2.390501 2.429035
v -2.257479 2.390501 2.833640
v -2.257478 2.390501 3.238245
v -3.160470 2.390501 2.429035
v -3.160470 2.390501 2.833640
v -3.160469 2.390501 3.238245
v -4.063461 2.390501 2.429035
v -4.063461 2.390501 2.833640
v -4.063461 2.390501 3.238245
v -4.966452 2.390501 2.429035
v -4.966452 2.390501 2.833640
v -4.966452 2.390501 3.238245
v 4.966452 2.390501 0.810615
v 4.966452 2.390501 1.215220
v 4.966452 2.390501 1.619825
v 4.063461 2.390501 0.810615
v 4.063461 2.390501 1.215220
v 4.063461 2.390501 1.619825
v 3.160470 2.390501 0.810615
v 3.160470 2.390501 1.215220
v 3.160470 2.390501 1.619825
v 2.257478 2.390501 0.810615
v 2.257478 2.390501 1.215220
v 2.257478 2.390501 1.619825
v 1.354487 2.390501 0.810615
v 1.354487 2.390501 1.215220
v 1.354487 2.390501 1.619825
v 0.451496 2.390501 0.810615
v 0.451496 2.390501 1.215220
v 0.451496 2.390501 1.619825
v -0.451496 2.390501 0.810615
v -0.451496 2.390501 1.215220
v -0.451496 2.390501 1.619825
v -1.354487 2.390501 0.810615
v -1.354487 2.390501 1.215220
v -1.354487 2.390501 1.619825
v -2.257478 2.390501 0.810615
v -2.257479 2.390501 1.215220
v -2.257478 2.390501 1.619825
v -3.160470 2.390501 0.810615
v -3.160470 2.390501 1.215220
v -3.160469 2.390501 1.619825
v -4.063461 2.390501 0.810615
v -4.063461 2.390501 1.215220
v -4.063461 2.390501 1.619825
v -4.966452 2.390501 0.810615
v -4.966452 2.390501 1.215220
v -4.966452 2.390501 1.619825
v 4.966452 2.390501 -0.807805
v 4.966452 2.390501 -0.403200
v 4.966452 2.390501 0.001405
v 4.063461 2.390501 -0.807805
v 4.063461 2.390501 -0.403200
v 4.063461 2.390501 0.001405
v 3.160470 2.390501 -0.807805
v 3.160470 2.390501 -0.403200
v 3.160470 2.390501 0.001405
v 2.257478 2.390501 -0.807805
v 2.257478 2.390501 -0.403200
v 2.257478 2.390501 0.001405
v 1.354487 2.390501 -0.807805
v 1.354487 2.390501 -0.403200
v 1.354487 2.390501 0.001405
v 0.451496 2.390501 -0.807805
v 0.451496 2.390501 -0.403200
v 0.451496 2.390501 0.001405
v -0.451496 2.390501 -0.807805
v -0.451496 2.390501 -0.403200
v -0.451496 2.390501 0.001405
v -1.354487 2.390501 -0.807805
v -1.354487 2.390501 -0.403200
v -1.354487 2.390501 0.001405
v -2.257478 2.390501 -0.807805
v -2.257479 2.390501 -0.403200
v -2.257478 2.390501 0.001405
v -3.160470 2.390501 -0.807805
v -3.160470 2.390501 -0.403200
v -3.160469 2.390501 0.001405
v -4.063461 2.390501 -0.807805
v -4.063461 2.390501 -0.403200
v -4.063461 2.390501 0.001405
v -4.966452 2.390501 -0.807805
v -4.966452 2.390501 -0.403200
v -4.966452 2.390501 0.001405
v 4.966452 2.390501 -2.426224
v 4.966452 2.390501 -2.021620
v 4.966452 2.390501 -1.617015
v 4.063461 2.390501 -2.426224
v 4.063461 2.390501 -2.021620
v 4.063461 2.390501 -1.617015
v 3.160470 2.390501 -2.426224
v 3.160470 2.390501 -2.021620
v 3.160470 2.390501 -1.617015
v 2.257478 2.390501 -2.426224
v 2.257478 2.390501 -2.021620
v 2.257478 2.390501 -1.617015
v 1.354487 2.390501 -2.426224
v 1.354487 2.390501 -2.021620
v 1.354487 2.390501 -1.617015
v 0.451496 2.390501 -2.426224
v 0.451496 2.390501 -2.021620
v 0.451496 2.390501 -1.617015
v -0.451496 2.390501 -2.426224
v -0.451496 2.390501 -2.021620
v -0.451496 2.390501 -1.617015
v -1.354487 2.390501 -2.426224
v -1.354487 2.390501 -2.021620
v -1.354487 2.390501 -1.617015
v -2.257478 2.390501 -2.426224
v -2.257479 2.390501 -2.021620
v -2.257478 2.390501 -1.617015
v -3.160470 2.390501 -2.426224
v -3.160470 2.390501 -2.021620
v -3.160469 2.390501 -1.617015
v -4.063461 2.390501 -2.426224
v -4.063461 2.390501 -2.021620
v -4.063461 2.390501 -1.617015
v -4.966452 2.390501 -2.426224
v -4.966452 2.390501 -2.021620
v -4.966452 2.390501 -1.617015
v 4.966452 2.390501 -4.044644
v 4.966452 2.390501 -3.640039
v 4.966452 2.390501 -3.235435
v 4.063461 2.390501 -4.044644
v 4.063461 2.390501 -3.640039
v 4.063461 2.390501 -3.235434
v 3.160470 2.390501 -4.044644
v 3.160470 2.390501 -3.640039
v 3.160470 2.390501 -3.235434
v 2.257478 2.390501 -4.044644
v 2.257478 2.390501 -3.640039
v 2.257478 2.390501 -3.235434
v 1.354487 2.390501 -4.044644
v 1.354487 2.390501 -3.640039
v 1.354487 2.390501 -3.235434
v 0.451496 2.390501 -4.044644
v 0.451496 2.390501 -3.640039
v 0.451496 2.390501 -3.235434
v -0.451496 2.390501 -4.044644
v -0.451496 2.390501 -3.640039
v -0.451496 2.390501 -3.235434
v -1.354487 2.390501 -4.044644
v -1.354487 2.390501 -3.640039
v -1.354487 2.390501 -3.235434
v -2.257478 2.390501 -4.044644
v -2.257479 2.390501 -3.640039
v -2.257478 2.390501 -3.235434
v -3.160470 2.390501 -4.044644
v -3.160470 2.390501 -3.640039
v -3.160469 2.390501 -3.235434
v -4.063461 2.390501 -4.044644
v -4.063461 2.390501 -3.640039
v -4.063461 2.390501 -3.235434
v -4.966452 2.390501 -4.044644
v -4.966452 2.390501 -3.640039
v -4.966452 2.390501 -3.235434
v 4.966452 2.390501 -5.663064
v 4.966452 2.390501 -5.258460
v 4.966452 2.390501 -4.853855
v 4.063461 2.390501 -5.663064
v 4.063461 2.390501 -5.258460
v 4.063461 2.390501 -4.853855
v 3.160470 2.390501 -5.663064
v 3.160470 2.390501 -5.258460
v 3.160470 2.390501 -4.853855
v 2.257478 2.390501 -5.663064
v 2.257478 2.390501 -5.258460
v 2.257478 2.390501 -4.853855
v 1.354487 2.390501 -5.663064
v 1.354487 2.390501 -5.258460
v 1.354487 2.390501 -4.853855
v 0.451496 2.390501 -5.663064
v 0.451496 2.390501 -5.258460
v 0.451496 2.390501 -4.853855
v -0.451496 2.390501 -5.663064
v -0.451496 2.390501 -5.258460
v -0.451496 2.390501 -4.853855
v -1.354487 2.390501 -5.663064
v -1.354487 2.390501 -5.258460
v -1.354487 2.390501 -4.853855
v -2.257478 2.390501 -5.663064
v -2.257479 2.390501 -5.258460
v -2.257478 2.390501 -4.853855
v -3.160470 2.390501 -5.663064
v -3.160470 2.390501 -5.258460
v -3.160469 2.390501 -4.853855
v -4.063461 2.390501 -5.663064
v -4.063461 2.390501 -5.258460
v -4.063461 2.390501 -4.853855
v -4.966452 2.390501 -5.663064
v -4.966452 2.390501 -5.258460
v -4.966452 2.390501 -4.853855
v 4.966452 2.390501 -7.281485
v 4.966452 2.390501 -6.876878
v 4.966452 2.390501 -6.472273
v 4.063461 2.390501 -7.281485
v 4.063461 2.390501 -6.876878
v 4.063461 2.390501 -6.472273
v 3.160470 2.390501 -7.281485
v 3.160470 2.390501 -6.876878
v 3.160470 2.390501 -6.472273
v 2.257478 2.390501 -7.281485
v 2.257478 2.390501 -6.876878
v 2.257478 2.390501 -6.472273
v 1.354487 2.390501 -7.281485
v 1.354487 2.390501 -6.876878
v 1.354487 2.390501 -6.472273
v 0.451496 2.390501 -7.281485
v 0.451496 2.390501 -6.876878
v 0.451496 2.390501 -6.472273
v -0.451496 2.390501 -7.281485
v -0.451496 2.390501 -6.876878
v -0.451496 2.390501 -6.472273
v -1.354487 2.390501 -7.281485
v -1.354487 2.390501 -6.876878
v -1.354487 2.390501 -6.472273
v -2.257478 2.390501 -7.281485
v -2.257479 2.390501 -6.876878
v -2.257478 2.390501 -6.472273
v -3.160470 2.390501 -7.281485
v -3.160470 2.390501 -6.876878
v -3.160469 2.390501 -6.472273
v -4.063461 2.390501 -7.281485
v -4.063461 2.390501 -6.876878
v -4.063461 2.390501 -6.472273
v -4.966452 2.390501 -7.281484
v -4.966452 2.390501 -6.876878
v -4.966452 2.390501 -6.472274
v 4.966452 2.390501 -8.899903
v 4.966452 2.390501 -8.495299
v 4.966452 2.390501 -8.090693
v 4.063461 2.390501 -8.899903
v 4.063461 2.390501 -8.495299
v 4.063461 2.390501 -8.090693
v 3.160470 2.390501 -8.899903
v 3.160470 2.390501 -8.495299
v 3.160470 2.390501 -8.090693
v 2.257478 2.390501 -8.899903
v 2.257478 2.390501 -8.495299
v 2.257478 2.390501 -8.090693
v 1.354487 2.390501 -8.899903
v 1.354487 2.390501 -8.495299
v 1.354487 2.390501 -8.090693
v 0.451496 2.390501 -8.899903
v 0.451496 2.390501 -8.495299
v 0.451496 2.390501 -8.090693
v -0.451496 2.390501 -8.899903
v -0.451496 2.390501 -8.495299
v -0.451496 2.390501 -8.090693
v -1.354487 2.390501 -8.899903
v -1.354487 2.390501 -8.495299
v -1.354487 2.390501 -8.090693
v -2.257478 2.390501 -8.899903
v -2.257479 2.390501 -8.495299
v -2.257478 2.390501 -8.090693
v -3.160470 2.390501 -8.899903
v -3.160470 2.390501 -8.495299
v -3.160469 2.390501 -8.090693
v -4.063461 2.390501 -8.899903
v -4.063461 2.390501 -8.495299
v -4.063461 2.390501 -8.090693
v -4.966452 2.390501 -8.899903
v -4.966452 2.390501 -8.495299
v -4.966452 2.390501 -8.090694
v 4.966453 2.326517 -10.404528
v 4.966452 2.371543 -10.080001
v 4.966452 2.388131 -9.704899
v 4.063461 2.326517 -10.404529
v 4.063461 2.371543 -10.080001
v 4.063461 2.388131 -9.704899
v 3.160470 2.326517 -10.404529
v 3.160470 2.371543 -10.080001
v 3.160470 2.388131 -9.704899
v 2.257478 2.326517 -10.404529
v 2.257478 2.371543 -10.080001
v 2.257478 2.388131 -9.704899
v 1.354487 2.326517 -10.404529
v 1.354487 2.371543 -10.080001
v 1.354487 2.388131 -9.704899
v 0.451496 2.326517 -10.404529
v 0.451496 2.371543 -10.080001
v 0.451496 2.388131 -9.704899
v -0.451496 2.326517 -10.404529
v -0.451496 2.371543 -10.080001
v -0.451496 2.388131 -9.704899
v -1.354487 2.326517 -10.404529
v -1.354487 2.371543 -10.080001
v -1.354487 2.388131 -9.704899
v -2.257478 2.326517 -10.404529
v -2.257478 2.371543 -10.080001
v -2.257479 2.388131 -9.704899
v -3.160470 2.326517 -10.404529
v -3.160470 2.371543 -10.080001
v -3.160470 2.388131 -9.704899
v -4.063461 2.326517 -10.404529
v -4.063461 2.371543 -10.080001
v -4.063461 2.388131 -9.704899
v -4.966453 2.326517 -10.404528
v -4.966452 2.371543 -10.080001
v -4.966452 2.388131 -9.704899
v 4.966453 2.388131 8.898499
v 4.966453 2.371543 9.273600
v 4.966453 2.326517 9.598127
v 4.063461 2.388131 8.898499
v 4.063461 2.371543 9.273600
v 4.063461 2.326517 9.598127
v 3.160470 2.388131 8.898499
v 3.160470 2.371543 9.273600
v 3.160470 2.326517 9.598127
v 2.257479 2.388131 8.898499
v 2.257478 2.371543 9.273600
v 2.257478 2.326517 9.598127
v 1.354487 2.388131 8.898499
v 1.354487 2.371543 9.273600
v 1.354487 2.326517 9.598127
v 0.451496 2.388131 8.898499
v 0.451496 2.371543 9.273600
v 0.451496 2.326517 9.598127
v -0.451496 2.388131 8.898499
v -0.451496 2.371543 9.273600
v -0.451496 2.326517 9.598127
v -1.354487 2.388131 8.898499
v -1.354487 2.371543 9.273600
v -1.354487 2.326517 9.598127
v -2.257478 2.388131 8.898499
v -2.257478 2.371543 9.273600
v -2.257478 2.326517 9.598127
v -3.160470 2.388131 8.898499
v -3.160470 2.371543 9.273600
v -3.160470 2.326517 9.598127
v -4.063461 2.388131 8.898499
v -4.063460 2.371543 9.273600
v -4.063461 2.326517 9.598127
v -4.966452 2.388131 8.898499
v -4.966453 2.371543 9.273600
v -4.966453 2.326517 9.598127
v -4.966453 0.572869 8.898499
v -4.966453 0.589457 9.273600
v -4.966453 0.634483 9.598127
v -4.063461 0.572869 8.898499
v -4.063461 0.589457 9.273600
v -4.063461 0.634483 9.598127
v -3.160470 0.572869 8.898499
v -3.160470 0.589457 9.273600
v -3.160470 0.634483 9.598127
v -2.257479 0.572869 8.898499
v -2.257478 0.589457 9.273600
v -2.257478 0.634483 9.598127
v -1.354487 0.572869 8.898499
v -1.354487 0.589457 9.273600
v -1.354487 0.634483 9.598127
v -0.451496 0.572869 8.898499
v -0.451496 0.589457 9.273600
v -0.451496 0.634483 9.598127
v 0.451496 0.572869 8.898499
v 0.451496 0.589457 9.273600
v 0.451496 0.634483 9.598127
v 1.354487 0.572869 8.898499
v 1.354487 0.589457 9.273600
v 1.354487 0.634483 9.598127
v 2.257478 0.572869 8.898499
v 2.257478 0.589457 9.273600
v 2.257478 0.634483 9.598127
v 3.160470 0.572869 8.898499
v 3.160470 0.589457 9.273600
v 3.160470 0.634483 9.598127
v 4.063461 0.572869 8.898499
v 4.063460 0.589457 9.273600
v 4.063461 0.634483 9.598127
v 4.966452 0.572869 8.898499
v 4.966453 0.589457 9.273600
v 4.966453 0.634483 9.598127
v 4.966453 2.099016 10.002733
v 4.966452 1.916542 10.082810
v 4.966453 1.705630 10.112313
v 4.063461 2.099016 10.002733
v 4.063461 1.916542 10.082810
v 4.063461 1.705630 10.112313
v 3.160470 2.099016 10.002733
v 3.160470 1.916542 10.082810
v 3.160470 1.705630 10.112313
v 2.257478 2.099016 10.002733
v 2.257478 1.916542 10.082810
v 2.257478 1.705630 10.112313
v 1.354487 2.099016 10.002733
v 1.354487 1.916542 10.082810
v 1.354487 1.705630 10.112313
v 0.451496 2.099016 10.002733
v 0.451496 1.916542 10.082810
v 0.451496 1.705630 10.112313
v -0.451496 2.099016 10.002733
v -0.451496 1.916542 10.082810
v -0.451496 1.705630 10.112313
v -1.354487 2.099016 10.002733
v -1.354487 1.916542 10.082810
v -1.354487 1.705630 10.112313
v -2.257478 2.099016 10.002733
v -2.257478 1.916542 10.082810
v -2.257478 1.705630 10.112313
v -3.160470 2.099016 10.002733
v -3.160470 1.916542 10.082810
v -3.160470 1.705630 10.112313
v -4.063461 2.099016 10.002733
v -4.063461 1.916542 10.082810
v -4.063461 1.705630 10.112313
v -4.966453 2.099016 10.002733
v -4.966453 1.916542 10.082810
v -4.966452 1.705630 10.112313
v -4.966453 2.099016 -10.809134
v -4.966452 1.916542 -10.889211
v -4.966453 1.705630 -10.918714
v -4.063461 2.099016 -10.809134
v -4.063461 1.916542 -10.889211
v -4.063461 1.705630 -10.918714
v -3.160470 2.099016 -10.809134
v -3.160470 1.916542 -10.889211
v -3.160470 1.705630 -10.918714
v -2.257478 2.099016 -10.809134
v -2.257478 1.916542 -10.889211
v -2.257478 1.705630 -10.918714
v -1.354487 2.099016 -10.809134
v -1.354487 1.916542 -10.889211
v -1.354487 1.705630 -10.918714
v -0.451496 2.099016 -10.809134
v -0.451496 1.916542 -10.889211
v -0.451496 1.705630 -10.918714
v 0.451496 2.099016 -10.809134
v 0.451496 1.916542 -10.889211
v 0.451496 1.705630 -10.918714
v 1.354487 2.099016 -10.809134
v 1.354487 1.916542 -10.889211
v 1.354487 1.705630 -10.918714
v 2.257478 2.099016 -10.809134
v 2.257478 1.916542 -10.889211
v 2.257478 1.705630 -10.918714
v 3.160470 2.099016 -10.809134
v 3.160470 1.916542 -10.889211
v 3.160470 1.705630 -10.918714
v 4.063461 2.099016 -10.809134
v 4.063461 1.916542 -10.889211
v 4.063461 1.705630 -10.918714
v 4.966453 2.099016 -10.809134
v 4.966453 1.916542 -10.889211
v 4.966452 1.705630 -10.918714
v -5.864751 1.705592 -9.704831
v -5.848367 1.916235 -9.704353
v -5.803900 2.098084 -9.703328
v -5.848367 1.705323 -10.079456
v -5.832516 1.914085 -10.075631
v -5.789535 2.091556 -10.067435
v -5.803900 1.704747 -10.402870
v -5.789535 1.909477 -10.391259
v -5.751177 2.076993 -10.365360
v 5.189811 1.705592 -10.914518
v 5.189544 1.916235 -10.885153
v 5.188972 2.098084 -10.805454
v 5.398831 1.705323 -10.885153
v 5.396698 1.914085 -10.856744
v 5.392125 2.091556 -10.779708
v 5.579279 1.704747 -10.805455
v 5.572801 1.909477 -10.779708
v 5.558351 2.076993 -10.710960
v 5.864751 1.705592 8.898431
v 5.848367 1.916235 8.897953
v 5.803900 2.098084 8.896928
v 5.848367 1.705323 9.273056
v 5.832516 1.914085 9.269231
v 5.789535 2.091556 9.261035
v 5.803900 1.704747 9.596470
v 5.789535 1.909477 9.584859
v 5.751177 2.076993 9.558960
v -5.189811 1.705592 10.108118
v -5.189544 1.916235 10.078753
v -5.188972 2.098084 9.999054
v -5.398831 1.705323 10.078753
v -5.396698 1.914085 10.050344
v -5.392125 2.091556 9.973308
v -5.579279 1.704747 9.999054
v -5.572801 1.909477 9.973308
v -5.558351 2.076993 9.904560
v 5.189811 0.575227 8.898431
v 5.398831 0.591739 8.897953
v 5.579279 0.636551 8.896928
v 5.189544 0.591739 9.273055
v 5.396698 0.607713 9.269231
v 5.572801 0.651028 9.261035
v 5.188972 0.636551 9.596470
v 5.392125 0.651028 9.584859
v 5.558351 0.689683 9.558960
v -5.189811 2.385773 8.898431
v -5.398831 2.369261 8.897953
v -5.579279 2.324449 8.896928
v -5.189544 2.369261 9.273055
v -5.396698 2.353287 9.269231
v -5.572801 2.309972 9.261035
v -5.188972 2.324449 9.596470
v -5.392125 2.309972 9.584859
v -5.558351 2.271317 9.558960
v -5.188972 2.324449 -10.402869
v -5.392125 2.309972 -10.391259
v -5.558351 2.271317 -10.365361
v -5.189544 2.369261 -10.079455
v -5.396697 2.353287 -10.075631
v -5.572801 2.309972 -10.067436
v -5.189810 2.385772 -9.704829
v -5.398831 2.369261 -9.704352
v -5.579279 2.324449 -9.703326
v -5.189848 2.388131 -8.899902
v -5.399136 2.371543 -8.899903
v -5.580204 2.326517 -8.899903
v -5.189848 2.388131 -8.495299
v -5.399136 2.371543 -8.495299
v -5.580204 2.326517 -8.495298
v -5.189848 2.388131 -8.090693
v -5.399136 2.371543 -8.090694
v -5.580204 2.326517 -8.090693
v -5.189848 2.388131 -7.281484
v -5.399136 2.371543 -7.281484
v -5.580204 2.326517 -7.281484
v -5.189848 2.388131 -6.876879
v -5.399136 2.371543 -6.876880
v -5.580204 2.326517 -6.876880
v -5.189848 2.388131 -6.472274
v -5.399136 2.371543 -6.472274
v -5.580204 2.326517 -6.472274
v -5.189848 2.388131 -5.663064
v -5.399136 2.371543 -5.663064
v -5.580204 2.326517 -5.663064
v -5.189848 2.388131 -5.258460
v -5.399136 2.371543 -5.258459
v -5.580204 2.326517 -5.258459
v -5.189848 2.388131 -4.853854
v -5.399136 2.371543 -4.853855
v -5.580204 2.326517 -4.853855
v -5.189848 2.388131 -4.044644
v -5.399136 2.371543 -4.044644
v -5.580204 2.326517 -4.044644
v -5.189848 2.388131 -3.640040
v -5.399136 2.371543 -3.640039
v -5.580204 2.326517 -3.640039
v -5.189848 2.388131 -3.235435
v -5.399136 2.371543 -3.235434
v -5.580204 2.326517 -3.235435
v -5.189848 2.388131 -2.426225
v -5.399136 2.371543 -2.426224
v -5.580204 2.326517 -2.426224
v -5.189848 2.388131 -2.021620
v -5.399136 2.371543 -2.021620
v -5.580204 2.326517 -2.021620
v -5.189848 2.388131 -1.617015
v -5.399136 2.371543 -1.617015
v -5.580204 2.326517 -1.617015
v -5.189848 2.388131 -0.807805
v -5.399136 2.371543 -0.807805
v -5.580204 2.326517 -0.807805
v -5.189848 2.388131 -0.403200
v -5.399136 2.371543 -0.403200
v -5.580204 2.326517 -0.403200
v -5.189848 2.388131 0.001405
v -5.399136 2.371543 0.001405
v -5.580204 2.326517 0.001405
v -5.189848 2.388131 0.810615
v -5.399136 2.371543 0.810615
v -5.580204 2.326517 0.810615
v -5.189848 2.388131 1.215220
v -5.399136 2.371543 1.215220
v -5.580204 2.326517 1.215220
v -5.189848 2.388131 1.619825
v -5.399136 2.371543 1.619825
v -5.580204 2.326517 1.619825
v -5.189848 2.388131 2.429034
v -5.399136 2.371543 2.429034
v -5.580204 2.326517 2.429034
v -5.189848 2.388131 2.833640
v -5.399136 2.371543 2.833640
v -5.580204 2.326517 2.833640
v -5.189848 2.388131 3.238245
v -5.399136 2.371543 3.238245
v -5.580204 2.326517 3.238244
v -5.189848 2.388131 4.047454
v -5.399136 2.371543 4.047454
v -5.580204 2.326517 4.047454
v -5.189848 2.388131 4.452059
v -5.399136 2.371543 4.452059
v -5.580204 2.326517 4.452059
v -5.189848 2.388131 4.856664
v -5.399136 2.371543 4.856665
v -5.580204 2.326517 4.856665
v -5.189848 2.388131 5.665873
v -5.399136 2.371543 5.665874
v -5.580204 2.326517 5.665874
v -5.189848 2.388131 6.070479
v -5.399136 2.371543 6.070478
v -5.580204 2.326517 6.070478
v -5.189848 2.388131 6.475082
v -5.399136 2.371543 6.475083
v -5.580204 2.326517 6.475083
v -5.189848 2.388131 7.284295
v -5.399136 2.371543 7.284294
v -5.580204 2.326517 7.284294
v -5.189848 2.388131 7.688899
v -5.399136 2.371543 7.688898
v -5.580204 2.326517 7.688899
v -5.189848 2.388131 8.093504
v -5.399136 2.371543 8.093503
v -5.580204 2.326517 8.093502
v 5.188972 0.636551 -10.402869
v 5.392125 0.651028 -10.391259
v 5.558351 0.689683 -10.365361
v 5.189544 0.591739 -10.079455
v 5.396697 0.607713 -10.075629
v 5.572801 0.651028 -10.067435
v 5.189810 0.575227 -9.704829
v 5.398831 0.591739 -9.704351
v 5.579279 0.636551 -9.703327
v 5.189849 0.572869 -8.899902
v 5.399136 0.589457 -8.899903
v 5.580204 0.634483 -8.899902
v 5.189848 0.572869 -8.495297
v 5.399136 0.589457 -8.495297
v 5.580204 0.634483 -8.495298
v 5.189849 0.572869 -8.090693
v 5.399136 0.589457 -8.090693
v 5.580204 0.634483 -8.090693
v 5.189849 0.572869 -7.281484
v 5.399136 0.589457 -7.281484
v 5.580204 0.634483 -7.281484
v 5.189848 0.572869 -6.876878
v 5.399136 0.589457 -6.876880
v 5.580204 0.634483 -6.876878
v 5.189849 0.572869 -6.472274
v 5.399136 0.589457 -6.472273
v 5.580204 0.634483 -6.472274
v 5.189849 0.572869 -5.663064
v 5.399136 0.589457 -5.663064
v 5.580204 0.634483 -5.663064
v 5.189848 0.572869 -5.258459
v 5.399136 0.589457 -5.258459
v 5.580204 0.634483 -5.258459
v 5.189849 0.572869 -4.853854
v 5.399136 0.589457 -4.853855
v 5.580204 0.634483 -4.853855
v 5.189849 0.572869 -4.044645
v 5.399136 0.589457 -4.044644
v 5.580204 0.634483 -4.044644
v 5.189848 0.572869 -3.640039
v 5.399136 0.589457 -3.640039
v 5.580204 0.634483 -3.640039
v 5.189849 0.572869 -3.235435
v 5.399136 0.589457 -3.235434
v 5.580204 0.634483 -3.235435
v 5.189849 0.572869 -2.426224
v 5.399136 0.589457 -2.426224
v 5.580204 0.634483 -2.426224
v 5.189848 0.572869 -2.021620
v 5.399136 0.589457 -2.021619
v 5.580204 0.634483 -2.021620
v 5.189849 0.572869 -1.617015
v 5.399136 0.589457 -1.617015
v 5.580204 0.634483 -1.617015
v 5.189849 0.572869 -0.807805
v 5.399136 0.589457 -0.807805
v 5.580204 0.634483 -0.807805
v 5.189848 0.572869 -0.403200
v 5.399136 0.589457 -0.403200
v 5.580204 0.634483 -0.403200
v 5.189849 0.572869 0.001405
v 5.399136 0.589457 0.001405
v 5.580204 0.634483 0.001405
v 5.189849 0.572869 0.810615
v 5.399136 0.589457 0.810615
v 5.580204 0.634483 0.810615
v 5.189848 0.572869 1.215220
v 5.399136 0.589457 1.215220
v 5.580204 0.634483 1.215219
v 5.189849 0.572869 1.619825
v 5.399136 0.589457 1.619825
v 5.580204 0.634483 1.619825
v 5.189849 0.572869 2.429035
v 5.399136 0.589457 2.429035
v 5.580204 0.634483 2.429035
v 5.189848 0.572869 2.833639
v 5.399136 0.589457 2.833640
v 5.580204 0.634483 2.833639
v 5.189849 0.572869 3.238244
v 5.399136 0.589457 3.238245
v 5.580204 0.634483 3.238244
v 5.189849 0.572869 4.047454
v 5.399136 0.589457 4.047454
v 5.580204 0.634483 4.047454
v 5.189848 0.572869 4.452058
v 5.399136 0.589457 4.452059
v 5.580204 0.634483 4.452059
v 5.189849 0.572869 4.856665
v 5.399136 0.589457 4.856664
v 5.580204 0.634483 4.856664
v 5.189849 0.572869 5.665873
v 5.399136 0.589457 5.665873
v 5.580204 0.634483 5.665873
v 5.189848 0.572869 6.070479
v 5.399136 0.589457 6.070479
v 5.580204 0.634483 6.070479
v 5.189849 0.572869 6.475082
v 5.399136 0.589457 6.475084
v 5.580204 0.634483 6.475083
v 5.189849 0.572869 7.284293
v 5.399136 0.589457 7.284294
v 5.580204 0.634483 7.284294
v 5.189848 0.572869 7.688897
v 5.399136 0.589457 7.688899
v 5.580204 0.634483 7.688898
v 5.189849 0.572869 8.093503
v 5.399136 0.589457 8.093503
v 5.580204 0.634483 8.093503
v 5.803900 1.704747 -10.402871
v 5.789535 1.909477 -10.391259
v 5.751177 2.076993 -10.365361
v 5.848367 1.705323 -10.079455
v 5.832516 1.914085 -10.075629
v 5.789535 2.091556 -10.067435
v 5.864751 1.705592 -9.704829
v 5.848367 1.916235 -9.704351
v 5.803900 2.098084 -9.703327
v 5.867092 1.705630 -8.899902
v 5.850631 1.916542 -8.899903
v 5.805952 2.099016 -8.899902
v 5.867092 1.705630 -8.495297
v 5.850632 1.916542 -8.495297
v 5.805952 2.099016 -8.495298
v 5.867092 1.705630 -8.090693
v 5.850631 1.916542 -8.090693
v 5.805952 2.099016 -8.090693
v 5.867092 1.705630 -7.281484
v 5.850631 1.916542 -7.281484
v 5.805952 2.099016 -7.281484
v 5.867092 1.705630 -6.876878
v 5.850632 1.916542 -6.876880
v 5.805952 2.099016 -6.876878
v 5.867092 1.705630 -6.472274
v 5.850631 1.916542 -6.472273
v 5.805952 2.099016 -6.472274
v 5.867092 1.705630 -5.663064
v 5.850631 1.916542 -5.663064
v 5.805952 2.099016 -5.663064
v 5.867092 1.705630 -5.258459
v 5.850632 1.916542 -5.258459
v 5.805952 2.099016 -5.258459
v 5.867092 1.705630 -4.853854
v 5.850631 1.916542 -4.853855
v 5.805952 2.099016 -4.853855
v 5.867092 1.705630 -4.044645
v 5.850631 1.916542 -4.044645
v 5.805952 2.099016 -4.044644
v 5.867092 1.705630 -3.640039
v 5.850632 1.916542 -3.640039
v 5.805952 2.099016 -3.640039
v 5.867092 1.705630 -3.235435
v 5.850631 1.916542 -3.235435
v 5.805952 2.099016 -3.235435
v 5.867092 1.705630 -2.426224
v 5.850631 1.916542 -2.426224
v 5.805952 2.099016 -2.426225
v 5.867092 1.705630 -2.021620
v 5.850632 1.916542 -2.021620
v 5.805952 2.099016 -2.021620
v 5.867092 1.705630 -1.617015
v 5.850631 1.916542 -1.617015
v 5.805952 2.099016 -1.617015
v 5.867092 1.705630 -0.807805
v 5.850631 1.916542 -0.807805
v 5.805952 2.099016 -0.807805
v 5.867092 1.705630 -0.403200
v 5.850632 1.916542 -0.403200
v 5.805952 2.099016 -0.403200
v 5.867092 1.705630 0.001405
v 5.850631 1.916542 0.001405
v 5.805952 2.099016 0.001405
v 5.867092 1.705630 0.810615
v 5.850631 1.916542 0.810615
v 5.805952 2.099016 0.810615
v 5.867092 1.705630 1.215219
v 5.850632 1.916542 1.215220
v 5.805952 2.099016 1.215219
v 5.867092 1.705630 1.619825
v 5.850631 1.916542 1.619824
v 5.805952 2.099016 1.619825
v 5.867092 1.705630 2.429035
v 5.850631 1.916542 2.429035
v 5.805952 2.099016 2.429035
v 5.867092 1.705630 2.833639
v 5.850632 1.916542 2.833640
v 5.805952 2.099016 2.833639
v 5.867092 1.705630 3.238244
v 5.850631 1.916542 3.238244
v 5.805952 2.099016 3.238244
v 5.867092 1.705630 4.047454
v 5.850631 1.916542 4.047454
v 5.805952 2.099016 4.047454
v 5.867092 1.705630 4.452058
v 5.850632 1.916542 4.452059
v 5.805952 2.099016 4.452059
v 5.867092 1.705630 4.856665
v 5.850631 1.916542 4.856664
v 5.805952 2.099016 4.856664
v 5.867092 1.705630 5.665873
v 5.850631 1.916542 5.665873
v 5.805952 2.099016 5.665873
v 5.867092 1.705630 6.070479
v 5.850632 1.916542 6.070479
v 5.805952 2.099016 6.070479
v 5.867092 1.705630 6.475082
v 5.850631 1.916542 6.475084
v 5.805952 2.099016 6.475083
v 5.867092 1.705630 7.284293
v 5.850631 1.916542 7.284294
v 5.805952 2.099016 7.284294
v 5.867092 1.705630 7.688897
v 5.850632 1.916542 7.688899
v 5.805952 2.099016 7.688898
v 5.867092 1.705630 8.093503
v 5.850631 1.916542 8.093503
v 5.805952 2.099016 8.093503
v -5.803900 1.704747 9.596469
v -5.789535 1.909477 9.584859
v -5.751177 2.076993 9.558961
v -5.848367 1.705323 9.273055
v -5.832516 1.914085 9.269231
v -5.789535 2.091556 9.261036
v -5.864751 1.705592 8.898429
v -5.848367 1.916235 8.897952
v -5.803900 2.098084 8.896926
v -5.867092 1.705630 8.093502
v -5.850631 1.916542 8.093503
v -5.805952 2.099016 8.093503
v -5.867092 1.705630 7.688899
v -5.850631 1.916542 7.688899
v -5.805952 2.099016 7.688898
v -5.867092 1.705630 7.284293
v -5.850631 1.916542 7.284294
v -5.805952 2.099016 7.284294
v -5.867092 1.705630 6.475083
v -5.850631 1.916542 6.475083
v -5.805952 2.099016 6.475084
v -5.867092 1.705630 6.070479
v -5.850631 1.916542 6.070479
v -5.805952 2.099016 6.070479
v -5.867092 1.705630 5.665874
v -5.850631 1.916542 5.665874
v -5.805952 2.099016 5.665874
v -5.867092 1.705630 4.856664
v -5.850631 1.916542 4.856664
v -5.805952 2.099016 4.856664
v -5.867092 1.705630 4.452060
v -5.850631 1.916542 4.452059
v -5.805952 2.099016 4.452058
v -5.867092 1.705630 4.047454
v -5.850631 1.916542 4.047455
v -5.805952 2.099016 4.047454
v -5.867092 1.705630 3.238245
v -5.850631 1.916542 3.238244
v -5.805952 2.099016 3.238244
v -5.867092 1.705630 2.833640
v -5.850631 1.916542 2.833639
v -5.805952 2.099016 2.833639
v -5.867092 1.705630 2.429035
v -5.850631 1.916542 2.429035
v -5.805952 2.099016 2.429035
v -5.867092 1.705630 1.619825
v -5.850631 1.916542 1.619825
v -5.805952 2.099016 1.619825
v -5.867092 1.705630 1.215220
v -5.850631 1.916542 1.215220
v -5.805952 2.099016 1.215220
v -5.867092 1.705630 0.810615
v -5.850631 1.916542 0.810615
v -5.805952 2.099016 0.810615
v -5.867092 1.705630 0.001405
v -5.850631 1.916542 0.001405
v -5.805952 2.099016 0.001405
v -5.867092 1.705630 -0.403200
v -5.850631 1.916542 -0.403200
v -5.805952 2.099016 -0.403200
v -5.867092 1.705630 -0.807805
v -5.850631 1.916542 -0.807805
v -5.805952 2.099016 -0.807805
v -5.867092 1.705630 -1.617015
v -5.850631 1.916542 -1.617015
v -5.805952 2.099016 -1.617015
v -5.867092 1.705630 -2.021620
v -5.850631 1.916542 -2.021620
v -5.805952 2.099016 -2.021620
v -5.867092 1.705630 -2.426224
v -5.850631 1.916542 -2.426224
v -5.805952 2.099016 -2.426224
v -5.867092 1.705630 -3.235434
v -5.850631 1.916542 -3.235434
v -5.805952 2.099016 -3.235434
v -5.867092 1.705630 -3.640040
v -5.850631 1.916542 -3.640039
v -5.805952 2.099016 -3.640039
v -5.867092 1.705630 -4.044645
v -5.850631 1.916542 -4.044645
v -5.805952 2.099016 -4.044644
v -5.867092 1.705630 -4.853855
v -5.850631 1.916542 -4.853855
v -5.805952 2.099016 -4.853854
v -5.867092 1.705630 -5.258459
v -5.850631 1.916542 -5.258459
v -5.805952 2.099016 -5.258459
v -5.867092 1.705630 -5.663064
v -5.850631 1.916542 -5.663065
v -5.805952 2.099016 -5.663065
v -5.867092 1.705630 -6.472273
v -5.850631 1.916542 -6.472274
v -5.805952 2.099016 -6.472274
v -5.867092 1.705630 -6.876880
v -5.850631 1.916542 -6.876878
v -5.805952 2.099016 -6.876878
v -5.867092 1.705630 -7.281483
v -5.850631 1.916542 -7.281484
v -5.805952 2.099016 -7.281484
v -5.867092 1.705630 -8.090694
v -5.850631 1.916542 -8.090694
v -5.805952 2.099016 -8.090694
v -5.867092 1.705630 -8.495299
v -5.850631 1.916542 -8.495298
v -5.805952 2.099016 -8.495299
v -5.867092 1.705630 -8.899904
v -5.850631 1.916542 -8.899903
v -5.805952 2.099016 -8.899902
v -5.805952 0.861984 -8.090694
v -5.850631 1.044458 -8.090693
v -5.867092 1.255370 -8.090694
v -5.805952 0.861984 -8.495299
v -5.850631 1.044458 -8.495297
v -5.867092 1.255370 -8.495299
v -5.805952 0.861984 -8.899903
v -5.850631 1.044458 -8.899903
v -5.867092 1.255370 -8.899904
v -5.805952 0.861984 -6.472274
v -5.850631 1.044458 -6.472274
v -5.867092 1.255370 -6.472273
v -5.805952 0.861984 -6.876878
v -5.850631 1.044458 -6.876879
v -5.867092 1.255370 -6.876879
v -5.805952 0.861984 -7.281484
v -5.850631 1.044458 -7.281484
v -5.867092 1.255370 -7.281482
v -5.805952 0.861984 -4.853855
v -5.850631 1.044458 -4.853854
v -5.867092 1.255370 -4.853855
v -5.805952 0.861984 -5.258460
v -5.850631 1.044458 -5.258460
v -5.867092 1.255370 -5.258459
v -5.805952 0.861984 -5.663065
v -5.850631 1.044458 -5.663065
v -5.867092 1.255370 -5.663064
v -5.805952 0.861984 -3.235435
v -5.850631 1.044458 -3.235435
v -5.867092 1.255370 -3.235434
v -5.805952 0.861984 -3.640039
v -5.850631 1.044458 -3.640040
v -5.867092 1.255370 -3.640040
v -5.805952 0.861984 -4.044644
v -5.850631 1.044458 -4.044645
v -5.867092 1.255370 -4.044645
v -5.805952 0.861984 -1.617015
v -5.850631 1.044458 -1.617015
v -5.867092 1.255370 -1.617015
v -5.805952 0.861984 -2.021620
v -5.850631 1.044458 -2.021620
v -5.867092 1.255370 -2.021620
v -5.805952 0.861984 -2.426225
v -5.850631 1.044458 -2.426225
v -5.867092 1.255370 -2.426225
v -5.805952 0.861984 0.001405
v -5.850631 1.044458 0.001405
v -5.867092 1.255370 0.001405
v -5.805952 0.861984 -0.403200
v -5.850631 1.044458 -0.403200
v -5.867092 1.255370 -0.403200
v -5.805952 0.861984 -0.807805
v -5.850631 1.044458 -0.807805
v -5.867092 1.255370 -0.807805
v -5.805952 0.861984 1.619825
v -5.850631 1.044458 1.619825
v -5.867092 1.255370 1.619825
v -5.805952 0.861984 1.215220
v -5.850631 1.044458 1.215220
v -5.867092 1.255370 1.215220
v -5.805952 0.861984 0.810615
v -5.850631 1.044458 0.810615
v -5.867092 1.255370 0.810615
v -5.805952 0.861984 3.238244
v -5.850631 1.044458 3.238245
v -5.867092 1.255370 3.238245
v -5.805952 0.861984 2.833639
v -5.850631 1.044458 2.833640
v -5.867092 1.255370 2.833640
v -5.805952 0.861984 2.429035
v -5.850631 1.044458 2.429035
v -5.867092 1.255370 2.429035
v -5.805952 0.861984 4.856664
v -5.850631 1.044458 4.856664
v -5.867092 1.255370 4.856664
v -5.805952 0.861984 4.452058
v -5.850631 1.044458 4.452059
v -5.867092 1.255370 4.452060
v -5.805952 0.861984 4.047454
v -5.850631 1.044458 4.047454
v -5.867092 1.255370 4.047454
v -5.805952 0.861984 6.475084
v -5.850631 1.044458 6.475084
v -5.867092 1.255370 6.475083
v -5.805952 0.861984 6.070479
v -5.850631 1.044458 6.070478
v -5.867092 1.255370 6.070479
v -5.805952 0.861984 5.665874
v -5.850631 1.044458 5.665874
v -5.867092 1.255370 5.665874
v -5.805952 0.861984 8.093503
v -5.850631 1.044458 8.093503
v -5.867092 1.255370 8.093502
v -5.805952 0.861984 7.688898
v -5.850631 1.044458 7.688898
v -5.867092 1.255370 7.688899
v -5.805952 0.861984 7.284294
v -5.850631 1.044458 7.284294
v -5.867092 1.255370 7.284293
v -5.751177 0.884007 9.558961
v -5.789535 1.051523 9.584859
v -5.803900 1.256253 9.596469
v -5.789535 0.869444 9.261036
v -5.832516 1.046915 9.269229
v -5.848366 1.255677 9.273055
v -5.803900 0.862916 8.896928
v -5.848367 1.044765 8.897951
v -5.864751 1.255408 8.898429
v 5.805952 0.861984 7.284293
v 5.850631 1.044458 7.284294
v 5.867092 1.255370 7.284294
v 5.805952 0.861984 7.688897
v 5.850632 1.044458 7.688899
v 5.867092 1.255369 7.688898
v 5.805952 0.861984 8.093503
v 5.850631 1.044458 8.093503
v 5.867092 1.255370 8.093503
v 5.805952 0.861984 5.665873
v 5.850631 1.044458 5.665873
v 5.867092 1.255370 5.665873
v 5.805952 0.861984 6.070479
v 5.850632 1.044458 6.070479
v 5.867092 1.255369 6.070479
v 5.805952 0.861984 6.475082
v 5.850631 1.044458 6.475084
v 5.867092 1.255370 6.475083
v 5.805952 0.861984 4.047454
v 5.850631 1.044458 4.047454
v 5.867092 1.255370 4.047454
v 5.805952 0.861984 4.452058
v 5.850632 1.044458 4.452059
v 5.867092 1.255369 4.452059
v 5.805952 0.861984 4.856665
v 5.850631 1.044458 4.856664
v 5.867092 1.255370 4.856664
v 5.805952 0.861984 2.429035
v 5.850631 1.044458 2.429035
v 5.867092 1.255370 2.429035
v 5.805952 0.861984 2.833639
v 5.850632 1.044458 2.833640
v 5.867092 1.255369 2.833639
v 5.805952 0.861984 3.238244
v 5.850631 1.044458 3.238245
v 5.867092 1.255370 3.238244
v 5.805952 0.861984 0.810615
v 5.850631 1.044458 0.810615
v 5.867092 1.255370 0.810615
v 5.805952 0.861984 1.215220
v 5.850632 1.044458 1.215220
v 5.867092 1.255369 1.215219
v 5.805952 0.861984 1.619825
v 5.850631 1.044458 1.619825
v 5.867092 1.255370 1.619825
v 5.805952 0.861984 -0.807805
v 5.850631 1.044458 -0.807805
v 5.867092 1.255370 -0.807805
v 5.805952 0.861984 -0.403200
v 5.850632 1.044458 -0.403200
v 5.867092 1.255369 -0.403200
v 5.805952 0.861984 0.001405
v 5.850631 1.044458 0.001405
v 5.867092 1.255370 0.001405
v 5.805952 0.861984 -2.426224
v 5.850631 1.044458 -2.426224
v 5.867092 1.255370 -2.426224
v 5.805952 0.861984 -2.021620
v 5.850632 1.044458 -2.021620
v 5.867092 1.255369 -2.021620
v 5.805952 0.861984 -1.617015
v 5.850631 1.044458 -1.617015
v 5.867092 1.255370 -1.617015
v 5.805952 0.861984 -4.044645
v 5.850631 1.044458 -4.044645
v 5.867092 1.255370 -4.044644
v 5.805952 0.861984 -3.640039
v 5.850632 1.044458 -3.640039
v 5.867092 1.255369 -3.640039
v 5.805952 0.861984 -3.235435
v 5.850631 1.044458 -3.235435
v 5.867092 1.255370 -3.235435
v 5.805952 0.861984 -5.663064
v 5.850631 1.044458 -5.663064
v 5.867092 1.255370 -5.663064
v 5.805952 0.861984 -5.258459
v 5.850632 1.044458 -5.258459
v 5.867092 1.255369 -5.258459
v 5.805952 0.861984 -4.853854
v 5.850631 1.044458 -4.853855
v 5.867092 1.255370 -4.853855
v 5.805952 0.861984 -7.281484
v 5.850631 1.044458 -7.281484
v 5.867092 1.255370 -7.281484
v 5.805952 0.861984 -6.876878
v 5.850632 1.044458 -6.876880
v 5.867092 1.255369 -6.876878
v 5.805952 0.861984 -6.472274
v 5.850631 1.044458 -6.472273
v 5.867092 1.255370 -6.472274
v 5.805952 0.861984 -8.899902
v 5.850631 1.044458 -8.899903
v 5.867092 1.255370 -8.899902
v 5.805952 0.861984 -8.495297
v 5.850632 1.044458 -8.495297
v 5.867092 1.255369 -8.495298
v 5.805952 0.861984 -8.090693
v 5.850631 1.044458 -8.090693
v 5.867092 1.255370 -8.090693
v 5.751177 0.884007 -10.365361
v 5.789535 1.051523 -10.391259
v 5.803900 1.256253 -10.402871
v 5.789535 0.869444 -10.067435
v 5.832516 1.046915 -10.075629
v 5.848366 1.255677 -10.079455
v 5.803900 0.862916 -9.703327
v 5.848367 1.044765 -9.704351
v 5.864751 1.255408 -9.704829
v -5.188972 0.862916 9.999055
v -5.189544 1.044765 10.078753
v -5.189811 1.255408 10.108118
v -5.392125 0.869444 9.973308
v -5.396698 1.046915 10.050343
v -5.398831 1.255677 10.078752
v -5.558351 0.884007 9.904560
v -5.572801 1.051523 9.973308
v -5.579279 1.256253 9.999054
v 5.803900 0.862916 8.896928
v 5.848367 1.044765 8.897953
v 5.864751 1.255408 8.898431
v 5.789535 0.869444 9.261036
v 5.832516 1.046915 9.269230
v 5.848367 1.255677 9.273056
v 5.751177 0.884007 9.558960
v 5.789535 1.051523 9.584860
v 5.803900 1.256253 9.596470
v 5.188972 0.862916 -10.805455
v 5.189544 1.044765 -10.885153
v 5.189811 1.255408 -10.914518
v 5.392125 0.869444 -10.779708
v 5.396697 1.046915 -10.856743
v 5.398831 1.255677 -10.885153
v 5.558351 0.884007 -10.710960
v 5.572802 1.051523 -10.779709
v 5.579279 1.256253 -10.805455
v -5.803900 0.862916 -9.703328
v -5.848367 1.044765 -9.704353
v -5.864751 1.255408 -9.704831
v -5.789535 0.869444 -10.067436
v -5.832516 1.046915 -10.075630
v -5.848367 1.255677 -10.079456
v -5.751177 0.884007 -10.365360
v -5.789535 1.051523 -10.391260
v -5.803900 1.256253 -10.402870
v -5.558351 0.884007 -10.710961
v -5.572801 1.051523 -10.779709
v -5.579279 1.256253 -10.805455
v -5.392125 0.869444 -10.779710
v -5.396696 1.046915 -10.856743
v -5.398831 1.255677 -10.885152
v -5.188972 0.862916 -10.805455
v -5.189543 1.044765 -10.885153
v -5.189810 1.255408 -10.914518
v -4.740705 0.861984 -10.809134
v -4.740705 1.044458 -10.889211
v -4.740704 1.255370 -10.918714
v -4.514956 0.861984 -10.809132
v -4.514956 1.044458 -10.889211
v -4.514957 1.255370 -10.918713
v -4.289209 0.861984 -10.809132
v -4.289209 1.044458 -10.889211
v -4.289208 1.255370 -10.918714
v -3.837713 0.861984 -10.809134
v -3.837714 1.044458 -10.889211
v -3.837713 1.255370 -10.918714
v -3.611966 0.861984 -10.809132
v -3.611965 1.044458 -10.889211
v -3.611965 1.255370 -10.918713
v -3.386217 0.861984 -10.809132
v -3.386217 1.044458 -10.889211
v -3.386217 1.255370 -10.918714
v -2.934722 0.861984 -10.809134
v -2.934722 1.044458 -10.889211
v -2.934722 1.255370 -10.918714
v -2.708974 0.861984 -10.809132
v -2.708974 1.044458 -10.889211
v -2.708974 1.255370 -10.918713
v -2.483226 0.861984 -10.809132
v -2.483226 1.044458 -10.889211
v -2.483226 1.255370 -10.918714
v -2.031730 0.861984 -10.809134
v -2.031731 1.044458 -10.889211
v -2.031731 1.255370 -10.918714
v -1.805982 0.861984 -10.809132
v -1.805983 1.044458 -10.889211
v -1.805983 1.255370 -10.918713
v -1.580235 0.861984 -10.809132
v -1.580235 1.044458 -10.889211
v -1.580235 1.255370 -10.918714
v -1.128739 0.861984 -10.809134
v -1.128739 1.044458 -10.889211
v -1.128739 1.255370 -10.918714
v -0.902991 0.861984 -10.809132
v -0.902991 1.044458 -10.889211
v -0.902991 1.255370 -10.918713
v -0.677244 0.861984 -10.809132
v -0.677244 1.044458 -10.889211
v -0.677244 1.255370 -10.918714
v -0.225748 0.861984 -10.809134
v -0.225748 1.044458 -10.889211
v -0.225748 1.255370 -10.918714
v 0.000000 0.861984 -10.809132
v 0.000000 1.044458 -10.889211
v -0.000000 1.255370 -10.918713
v 0.225748 0.861984 -10.809132
v 0.225748 1.044458 -10.889211
v 0.225748 1.255370 -10.918714
v 0.677244 0.861984 -10.809134
v 0.677244 1.044458 -10.889211
v 0.677244 1.255370 -10.918714
v 0.902992 0.861984 -10.809132
v 0.902991 1.044458 -10.889211
v 0.902991 1.255370 -10.918713
v 1.128739 0.861984 -10.809132
v 1.128739 1.044458 -10.889211
v 1.128739 1.255370 -10.918714
v 1.580235 0.861984 -10.809134
v 1.580235 1.044458 -10.889211
v 1.580235 1.255370 -10.918714
v 1.805983 0.861984 -10.809132
v 1.805983 1.044458 -10.889211
v 1.805983 1.255370 -10.918713
v 2.031730 0.861984 -10.809132
v 2.031731 1.044458 -10.889211
v 2.031731 1.255370 -10.918714
v 2.483226 0.861984 -10.809134
v 2.483226 1.044458 -10.889211
v 2.483226 1.255370 -10.918714
v 2.708974 0.861984 -10.809132
v 2.708974 1.044458 -10.889211
v 2.708974 1.255370 -10.918713
v 2.934722 0.861984 -10.809132
v 2.934722 1.044458 -10.889211
v 2.934722 1.255370 -10.918714
v 3.386217 0.861984 -10.809134
v 3.386217 1.044458 -10.889211
v 3.386217 1.255370 -10.918714
v 3.611965 0.861984 -10.809132
v 3.611965 1.044458 -10.889211
v 3.611965 1.255370 -10.918713
v 3.837713 0.861984 -10.809132
v 3.837713 1.044458 -10.889211
v 3.837712 1.255370 -10.918714
v 4.289209 0.861984 -10.809134
v 4.289209 1.044458 -10.889211
v 4.289210 1.255370 -10.918714
v 4.514957 0.861984 -10.809132
v 4.514956 1.044458 -10.889211
v 4.514957 1.255370 -10.918713
v 4.740704 0.861984 -10.809132
v 4.740705 1.044458 -10.889211
v 4.740705 1.255370 -10.918714
v 5.558351 0.884007 9.904560
v 5.572801 1.051523 9.973309
v 5.579279 1.256253 9.999055
v 5.392125 0.869444 9.973309
v 5.396696 1.046915 10.050343
v 5.398831 1.255677 10.078752
v 5.188972 0.862916 9.999055
v 5.189543 1.044765 10.078753
v 5.189810 1.255408 10.108118
v 4.740705 0.861984 10.002733
v 4.740705 1.044458 10.082810
v 4.740704 1.255370 10.112313
v 4.514956 0.861984 10.002732
v 4.514956 1.044458 10.082810
v 4.514957 1.255370 10.112312
v 4.289209 0.861984 10.002731
v 4.289209 1.044458 10.082810
v 4.289208 1.255370 10.112313
v 3.837713 0.861984 10.002733
v 3.837714 1.044458 10.082810
v 3.837713 1.255370 10.112313
v 3.611966 0.861984 10.002731
v 3.611965 1.044458 10.082810
v 3.611965 1.255370 10.112312
v 3.386217 0.861984 10.002731
v 3.386217 1.044458 10.082810
v 3.386217 1.255370 10.112313
v 2.934722 0.861984 10.002733
v 2.934722 1.044458 10.082810
v 2.934722 1.255370 10.112313
v 2.708974 0.861984 10.002731
v 2.708974 1.044458 10.082810
v 2.708974 1.255370 10.112312
v 2.483226 0.861984 10.002731
v 2.483226 1.044458 10.082810
v 2.483226 1.255370 10.112313
v 2.031730 0.861984 10.002733
v 2.031731 1.044458 10.082810
v 2.031731 1.255370 10.112313
v 1.805982 0.861984 10.002731
v 1.805983 1.044458 10.082810
v 1.805983 1.255370 10.112312
v 1.580235 0.861984 10.002731
v 1.580235 1.044458 10.082810
v 1.580235 1.255370 10.112313
v 1.128739 0.861984 10.002733
v 1.128739 1.044458 10.082810
v 1.128739 1.255370 10.112313
v 0.902992 0.861984 10.002731
v 0.902991 1.044458 10.082810
v 0.902991 1.255370 10.112312
v 0.677244 0.861984 10.002731
v 0.677244 1.044458 10.082810
v 0.677244 1.255370 10.112313
v 0.225748 0.861984 10.002733
v 0.225748 1.044458 10.082810
v 0.225748 1.255370 10.112313
v -0.000000 0.861984 10.002731
v -0.000000 1.044458 10.082810
v 0.000000 1.255370 10.112312
v -0.225748 0.861984 10.002731
v -0.225748 1.044458 10.082810
v -0.225748 1.255370 10.112313
v -0.677244 0.861984 10.002733
v -0.677244 1.044458 10.082810
v -0.677244 1.255370 10.112313
v -0.902992 0.861984 10.002731
v -0.902991 1.044458 10.082810
v -0.902991 1.255370 10.112312
v -1.128739 0.861984 10.002731
v -1.128739 1.044458 10.082810
v -1.128739 1.255370 10.112313
v -1.580235 0.861984 10.002733
v -1.580235 1.044458 10.082810
v -1.580235 1.255370 10.112313
v -1.805983 0.861984 10.002731
v -1.805983 1.044458 10.082810
v -1.805983 1.255370 10.112312
v -2.031730 0.861984 10.002731
v -2.031731 1.044458 10.082810
v -2.031731 1.255370 10.112313
v -2.483226 0.861984 10.002733
v -2.483226 1.044458 10.082810
v -2.483226 1.255370 10.112313
v -2.708974 0.861984 10.002731
v -2.708974 1.044458 10.082810
v -2.708974 1.255370 10.112312
v -2.934722 0.861984 10.002731
v -2.934722 1.044458 10.082810
v -2.934722 1.255370 10.112313
v -3.386217 0.861984 10.002733
v -3.386217 1.044458 10.082810
v -3.386217 1.255370 10.112313
v -3.611965 0.861984 10.002731
v -3.611965 1.044458 10.082810
v -3.611965 1.255370 10.112312
v -3.837713 0.861984 10.002731
v -3.837713 1.044458 10.082810
v -3.837712 1.255370 10.112313
v -4.289209 0.861984 10.002733
v -4.289209 1.044458 10.082810
v -4.289210 1.255370 10.112313
v -4.514957 0.861984 10.002731
v -4.514956 1.044458 10.082810
v -4.514957 1.255370 10.112312
v -4.740704 0.861984 10.002731
v -4.740705 1.044458 10.082810
v -4.740705 1.255370 10.112313
v -5.580204 0.634483 7.284294
v -5.399136 0.589457 7.284294
v -5.189848 0.572869 7.284295
v -5.580204 0.634483 7.688899
v -5.399136 0.589457 7.688897
v -5.189849 0.572869 7.688899
v -5.580204 0.634483 8.093503
v -5.399136 0.589457 8.093503
v -5.189848 0.572869 8.093504
v -4.740704 0.570499 7.284293
v -4.514956 0.570499 7.284294
v -4.289209 0.570499 7.284294
v -4.740705 0.570499 7.688897
v -4.514956 0.570499 7.688899
v -4.289208 0.570499 7.688898
v -4.740704 0.570499 8.093503
v -4.514956 0.570499 8.093503
v -4.289209 0.570499 8.093503
v -3.837713 0.570499 7.284293
v -3.611965 0.570499 7.284294
v -3.386217 0.570499 7.284294
v -3.837713 0.570499 7.688897
v -3.611965 0.570499 7.688899
v -3.386217 0.570499 7.688898
v -3.837713 0.570499 8.093503
v -3.611965 0.570499 8.093503
v -3.386217 0.570499 8.093503
v -2.934722 0.570499 7.284293
v -2.708974 0.570499 7.284294
v -2.483226 0.570499 7.284294
v -2.934722 0.570499 7.688897
v -2.708974 0.570499 7.688899
v -2.483226 0.570499 7.688898
v -2.934721 0.570499 8.093503
v -2.708974 0.570499 8.093503
v -2.483226 0.570499 8.093503
v -2.031731 0.570499 7.284293
v -1.805983 0.570499 7.284294
v -1.580235 0.570499 7.284294
v -2.031730 0.570499 7.688897
v -1.805982 0.570499 7.688899
v -1.580235 0.570499 7.688898
v -2.031730 0.570499 8.093503
v -1.805982 0.570499 8.093503
v -1.580235 0.570499 8.093503
v -1.128739 0.570499 7.284293
v -0.902991 0.570499 7.284294
v -0.677243 0.570499 7.284294
v -1.128739 0.570499 7.688897
v -0.902991 0.570499 7.688899
v -0.677243 0.570499 7.688898
v -1.128739 0.570499 8.093503
v -0.902991 0.570499 8.093503
v -0.677244 0.570499 8.093503
v -0.225748 0.570499 7.284293
v 0.000000 0.570499 7.284294
v 0.225748 0.570499 7.284294
v -0.225748 0.570499 7.688897
v 0.000000 0.570499 7.688899
v 0.225748 0.570499 7.688898
v -0.225748 0.570499 8.093503
v 0.000000 0.570499 8.093503
v 0.225748 0.570499 8.093503
v 0.677244 0.570499 7.284293
v 0.902991 0.570499 7.284294
v 1.128739 0.570499 7.284294
v 0.677244 0.570499 7.688897
v 0.902992 0.570499 7.688899
v 1.128739 0.570499 7.688898
v 0.677244 0.570499 8.093503
v 0.902991 0.570499 8.093503
v 1.128739 0.570499 8.093503
v 1.580235 0.570499 7.284293
v 1.805983 0.570499 7.284294
v 2.031730 0.570499 7.284294
v 1.580235 0.570499 7.688897
v 1.805983 0.570499 7.688899
v 2.031730 0.570499 7.688898
v 1.580235 0.570499 8.093503
v 1.805982 0.570499 8.093503
v 2.031730 0.570499 8.093503
v 2.483226 0.570499 7.284293
v 2.708974 0.570499 7.284294
v 2.934722 0.570499 7.284294
v 2.483226 0.570499 7.688897
v 2.708974 0.570499 7.688899
v 2.934722 0.570499 7.688898
v 2.483226 0.570499 8.093503
v 2.708974 0.570499 8.093503
v 2.934722 0.570499 8.093503
v 3.386217 0.570499 7.284293
v 3.611965 0.570499 7.284294
v 3.837713 0.570499 7.284294
v 3.386217 0.570499 7.688897
v 3.611965 0.570499 7.688899
v 3.837713 0.570499 7.688898
v 3.386217 0.570499 8.093503
v 3.611965 0.570499 8.093503
v 3.837713 0.570499 8.093503
v 4.289209 0.570499 7.284293
v 4.514956 0.570499 7.284294
v 4.740705 0.570499 7.284294
v 4.289209 0.570499 7.688897
v 4.514956 0.570499 7.688899
v 4.740705 0.570499 7.688898
v 4.289209 0.570499 8.093503
v 4.514956 0.570499 8.093503
v 4.740704 0.570499 8.093503
v -5.580204 0.634483 5.665874
v -5.399136 0.589457 5.665874
v -5.189848 0.572869 5.665873
v -5.580204 0.634483 6.070478
v -5.399136 0.589457 6.070479
v -5.189849 0.572869 6.070479
v -5.580204 0.634483 6.475084
v -5.399136 0.589457 6.475084
v -5.189848 0.572869 6.475082
v -4.740704 0.570499 5.665873
v -4.514956 0.570499 5.665873
v -4.289209 0.570499 5.665873
v -4.740705 0.570499 6.070479
v -4.514956 0.570499 6.070479
v -4.289208 0.570499 6.070479
v -4.740704 0.570499 6.475082
v -4.514956 0.570499 6.475084
v -4.289209 0.570499 6.475083
v -3.837713 0.570499 5.665873
v -3.611965 0.570499 5.665873
v -3.386217 0.570499 5.665873
v -3.837713 0.570499 6.070479
v -3.611965 0.570499 6.070479
v -3.386217 0.570499 6.070479
v -3.837713 0.570499 6.475082
v -3.611965 0.570499 6.475084
v -3.386217 0.570499 6.475083
v -2.934722 0.570499 5.665873
v -2.708974 0.570499 5.665873
v -2.483226 0.570499 5.665873
v -2.934722 0.570499 6.070479
v -2.708974 0.570499 6.070479
v -2.483226 0.570499 6.070479
v -2.934721 0.570499 6.475082
v -2.708974 0.570499 6.475084
v -2.483226 0.570499 6.475083
v -2.031731 0.570499 5.665873
v -1.805983 0.570499 5.665873
v -1.580235 0.570499 5.665873
v -2.031730 0.570499 6.070479
v -1.805982 0.570499 6.070479
v -1.580235 0.570499 6.070479
v -2.031730 0.570499 6.475082
v -1.805982 0.570499 6.475084
v -1.580235 0.570499 6.475083
v -1.128739 0.570499 5.665873
v -0.902991 0.570499 5.665873
v -0.677243 0.570499 5.665873
v -1.128739 0.570499 6.070479
v -0.902991 0.570499 6.070479
v -0.677243 0.570499 6.070479
v -1.128739 0.570499 6.475082
v -0.902991 0.570499 6.475084
v -0.677243 0.570499 6.475083
v -0.225748 0.570499 5.665873
v 0.000000 0.570499 5.665873
v 0.225748 0.570499 5.665873
v -0.225748 0.570499 6.070479
v 0.000000 0.570499 6.070479
v 0.225748 0.570499 6.070479
v -0.225748 0.570499 6.475082
v 0.000000 0.570499 6.475084
v 0.225748 0.570499 6.475083
v 0.677244 0.570499 5.665873
v 0.902991 0.570499 5.665873
v 1.128739 0.570499 5.665873
v 0.677244 0.570499 6.070479
v 0.902992 0.570499 6.070479
v 1.128739 0.570499 6.070479
v 0.677244 0.570499 6.475082
v 0.902991 0.570499 6.475084
v 1.128739 0.570499 6.475083
v 1.580235 0.570499 5.665873
v 1.805983 0.570499 5.665873
v 2.031730 0.570499 5.665873
v 1.580235 0.570499 6.070479
v 1.805983 0.570499 6.070479
v 2.031730 0.570499 6.070479
v 1.580235 0.570499 6.475082
v 1.805982 0.570499 6.475084
v 2.031730 0.570499 6.475083
v 2.483226 0.570499 5.665873
v 2.708974 0.570499 5.665873
v 2.934722 0.570499 5.665873
v 2.483226 0.570499 6.070479
v 2.708974 0.570499 6.070479
v 2.934722 0.570499 6.070479
v 2.483226 0.570499 6.475082
v 2.708974 0.570499 6.475084
v 2.934722 0.570499 6.475083
v 3.386217 0.570499 5.665873
v 3.611965 0.570499 5.665873
v 3.837713 0.570499 5.665873
v 3.386217 0.570499 6.070479
v 3.611965 0.570499 6.070479
v 3.837713 0.570499 6.070479
v 3.386217 0.570499 6.475082
v 3.611965 0.570499 6.475084
v 3.837713 0.570499 6.475083
v 4.289209 0.570499 5.665873
v 4.514956 0.570499 5.665873
v 4.740705 0.570499 5.665873
v 4.289209 0.570499 6.070479
v 4.514956 0.570499 6.070479
v 4.740705 0.570499 6.070479
v 4.289209 0.570499 6.475082
v 4.514956 0.570499 6.475084
v 4.740704 0.570499 6.475083
v -5.580204 0.634483 4.047454
v -5.399136 0.589457 4.047454
v -5.189848 0.572869 4.047454
v -5.580204 0.634483 4.452059
v -5.399136 0.589457 4.452059
v -5.189849 0.572869 4.452059
v -5.580204 0.634483 4.856665
v -5.399136 0.589457 4.856664
v -5.189848 0.572869 4.856664
v -4.740704 0.570499 4.047454
v -4.514956 0.570499 4.047454
v -4.289209 0.570499 4.047454
v -4.740705 0.570499 4.452058
v -4.514956 0.570499 4.452059
v -4.289208 0.570499 4.452059
v -4.740704 0.570499 4.856665
v -4.514956 0.570499 4.856664
v -4.289209 0.570499 4.856664
v -3.837713 0.570499 4.047454
v -3.611965 0.570499 4.047454
v -3.386217 0.570499 4.047454
v -3.837713 0.570499 4.452058
v -3.611965 0.570499 4.452059
v -3.386217 0.570499 4.452059
v -3.837713 0.570499 4.856665
v -3.611965 0.570499 4.856664
v -3.386217 0.570499 4.856664
v -2.934722 0.570499 4.047454
v -2.708974 0.570499 4.047454
v -2.483226 0.570499 4.047454
v -2.934722 0.570499 4.452058
v -2.708974 0.570499 4.452059
v -2.483226 0.570499 4.452059
v -2.934721 0.570499 4.856665
v -2.708974 0.570499 4.856664
v -2.483226 0.570499 4.856664
v -2.031731 0.570499 4.047454
v -1.805983 0.570499 4.047454
v -1.580235 0.570499 4.047454
v -2.031730 0.570499 4.452058
v -1.805982 0.570499 4.452059
v -1.580235 0.570499 4.452059
v -2.031730 0.570499 4.856665
v -1.805982 0.570499 4.856664
v -1.580235 0.570499 4.856664
v -1.128739 0.570499 4.047454
v -0.902991 0.570499 4.047454
v -0.677243 0.570499 4.047454
v -1.128739 0.570499 4.452058
v -0.902991 0.570499 4.452059
v -0.677243 0.570499 4.452059
v -1.128739 0.570499 4.856665
v -0.902991 0.570499 4.856664
v -0.677243 0.570499 4.856664
v -0.225748 0.570499 4.047454
v 0.000000 0.570499 4.047454
v 0.225748 0.570499 4.047454
v -0.225748 0.570499 4.452058
v 0.000000 0.570499 4.452059
v 0.225748 0.570499 4.452059
v -0.225748 0.570499 4.856665
v 0.000000 0.570499 4.856664
v 0.225748 0.570499 4.856664
v 0.677244 0.570499 4.047454
v 0.902991 0.570499 4.047454
v 1.128739 0.570499 4.047454
v 0.677244 0.570499 4.452058
v 0.902992 0.570499 4.452059
v 1.128739 0.570499 4.452059
v 0.677244 0.570499 4.856665
v 0.902991 0.570499 4.856664
v 1.128739 0.570499 4.856664
v 1.580235 0.570499 4.047454
v 1.805983 0.570499 4.047454
v 2.031730 0.570499 4.047454
v 1.580235 0.570499 4.452058
v 1.805983 0.570499 4.452059
v 2.031730 0.570499 4.452059
v 1.580235 0.570499 4.856665
v 1.805982 0.570499 4.856664
v 2.031730 0.570499 4.856664
v 2.483226 0.570499 4.047454
v 2.708974 0.570499 4.047454
v 2.934722 0.570499 4.047454
v 2.483226 0.570499 4.452058
v 2.708974 0.570499 4.452059
v 2.934722 0.570499 4.452059
v 2.483226 0.570499 4.856665
v 2.708974 0.570499 4.856664
v 2.934722 0.570499 4.856664
v 3.386217 0.570499 4.047454
v 3.611965 0.570499 4.047454
v 3.837713 0.570499 4.047454
v 3.386217 0.570499 4.452058
v 3.611965 0.570499 4.452059
v 3.837713 0.570499 4.452059
v 3.386217 0.570499 4.856665
v 3.611965 0.570499 4.856664
v 3.837713 0.570499 4.856664
v 4.289209 0.570499 4.047454
v 4.514956 0.570499 4.047454
v 4.740705 0.570499 4.047454
v 4.289209 0.570499 4.452058
v 4.514956 0.570499 4.452059
v 4.740705 0.570499 4.452059
v 4.289209 0.570499 4.856665
v 4.514956 0.570499 4.856664
v 4.740704 0.570499 4.856664
v -5.580204 0.634483 2.429034
v -5.399136 0.589457 2.429035
v -5.189848 0.572869 2.429034
v -5.580204 0.634483 2.833640
v -5.399136 0.589457 2.833640
v -5.189849 0.572869 2.833640
v -5.580204 0.634483 3.238244
v -5.399136 0.589457 3.238245
v -5.189848 0.572869 3.238245
v -4.740704 0.570499 2.429035
v -4.514956 0.570499 2.429035
v -4.289209 0.570499 2.429035
v -4.740705 0.570499 2.833639
v -4.514956 0.570499 2.833640
v -4.289208 0.570499 2.833639
v -4.740704 0.570499 3.238244
v -4.514956 0.570499 3.238244
v -4.289209 0.570499 3.238244
v -3.837713 0.570499 2.429035
v -3.611965 0.570499 2.429035
v -3.386217 0.570499 2.429035
v -3.837713 0.570499 2.833639
v -3.611965 0.570499 2.833640
v -3.386217 0.570499 2.833639
v -3.837713 0.570499 3.238244
v -3.611965 0.570499 3.238245
v -3.386217 0.570499 3.238244
v -2.934722 0.570499 2.429035
v -2.708974 0.570499 2.429035
v -2.483226 0.570499 2.429035
v -2.934722 0.570499 2.833639
v -2.708974 0.570499 2.833640
v -2.483226 0.570499 2.833639
v -2.934721 0.570499 3.238244
v -2.708974 0.570499 3.238245
v -2.483226 0.570499 3.238244
v -2.031731 0.570499 2.429035
v -1.805983 0.570499 2.429035
v -1.580235 0.570499 2.429035
v -2.031730 0.570499 2.833639
v -1.805982 0.570499 2.833640
v -1.580235 0.570499 2.833639
v -2.031730 0.570499 3.238244
v -1.805982 0.570499 3.238245
v -1.580235 0.570499 3.238244
v -1.128739 0.570499 2.429035
v -0.902991 0.570499 2.429035
v -0.677243 0.570499 2.429035
v -1.128739 0.570499 2.833639
v -0.902991 0.570499 2.833640
v -0.677243 0.570499 2.833639
v -1.128739 0.570499 3.238244
v -0.902991 0.570499 3.238245
v -0.677243 0.570499 3.238244
v -0.225748 0.570499 2.429035
v 0.000000 0.570499 2.429035
v 0.225748 0.570499 2.429035
v -0.225748 0.570499 2.833639
v 0.000000 0.570499 2.833640
v 0.225748 0.570499 2.833639
v -0.225748 0.570499 3.238244
v 0.000000 0.570499 3.238245
v 0.225748 0.570499 3.238244
v 0.677244 0.570499 2.429035
v 0.902991 0.570499 2.429035
v 1.128739 0.570499 2.429035
v 0.677244 0.570499 2.833639
v 0.902992 0.570499 2.833640
v 1.128739 0.570499 2.833639
v 0.677244 0.570499 3.238244
v 0.902991 0.570499 3.238245
v 1.128739 0.570499 3.238244
v 1.580235 0.570499 2.429035
v 1.805983 0.570499 2.429035
v 2.031730 0.570499 2.429035
v 1.580235 0.570499 2.833639
v 1.805983 0.570499 2.833640
v 2.031730 0.570499 2.833639
v 1.580235 0.570499 3.238244
v 1.805982 0.570499 3.238245
v 2.031730 0.570499 3.238244
v 2.483226 0.570499 2.429035
v 2.708974 0.570499 2.429035
v 2.934722 0.570499 2.429035
v 2.483226 0.570499 2.833639
v 2.708974 0.570499 2.833640
v 2.934722 0.570499 2.833639
v 2.483226 0.570499 3.238244
v 2.708974 0.570499 3.238245
v 2.934722 0.570499 3.238244
v 3.386217 0.570499 2.429035
v 3.611965 0.570499 2.429035
v 3.837713 0.570499 2.429035
v 3.386217 0.570499 2.833639
v 3.611965 0.570499 2.833640
v 3.837713 0.570499 2.833639
v 3.386217 0.570499 3.238244
v 3.611965 0.570499 3.238245
v 3.837713 0.570499 3.238244
v 4.289209 0.570499 2.429035
v 4.514956 0.570499 2.429035
v 4.740705 0.570499 2.429035
v 4.289209 0.570499 2.833639
v 4.514956 0.570499 2.833640
v 4.740705 0.570499 2.833639
v 4.289209 0.570499 3.238244
v 4.514956 0.570499 3.238245
v 4.740704 0.570499 3.238244
v -5.580204 0.634483 0.810615
v -5.399136 0.589457 0.810615
v -5.189848 0.572869 0.810615
v -5.580204 0.634483 1.215220
v -5.399136 0.589457 1.215219
v -5.189849 0.572869 1.215219
v -5.580204 0.634483 1.619825
v -5.399136 0.589457 1.619825
v -5.189848 0.572869 1.619825
v -4.740704 0.570499 0.810615
v -4.514956 0.570499 0.810615
v -4.289209 0.570499 0.810615
v -4.740705 0.570499 1.215219
v -4.514956 0.570499 1.215220
v -4.289208 0.570499 1.215219
v -4.740704 0.570499 1.619825
v -4.514956 0.570499 1.619825
v -4.289209 0.570499 1.619825
v -3.837713 0.570499 0.810615
v -3.611965 0.570499 0.810615
v -3.386217 0.570499 0.810615
v -3.837713 0.570499 1.215219
v -3.611965 0.570499 1.215220
v -3.386217 0.570499 1.215219
v -3.837713 0.570499 1.619825
v -3.611965 0.570499 1.619825
v -3.386217 0.570499 1.619825
v -2.934722 0.570499 0.810615
v -2.708974 0.570499 0.810615
v -2.483226 0.570499 0.810615
v -2.934722 0.570499 1.215219
v -2.708974 0.570499 1.215220
v -2.483226 0.570499 1.215219
v -2.934721 0.570499 1.619825
v -2.708974 0.570499 1.619825
v -2.483226 0.570499 1.619825
v -2.031731 0.570499 0.810615
v -1.805983 0.570499 0.810615
v -1.580235 0.570499 0.810615
v -2.031730 0.570499 1.215219
v -1.805982 0.570499 1.215220
v -1.580235 0.570499 1.215219
v -2.031730 0.570499 1.619825
v -1.805982 0.570499 1.619825
v -1.580235 0.570499 1.619825
v -1.128739 0.570499 0.810615
v -0.902991 0.570499 0.810615
v -0.677243 0.570499 0.810615
v -1.128739 0.570499 1.215219
v -0.902991 0.570499 1.215220
v -0.677243 0.570499 1.215219
v -1.128739 0.570499 1.619825
v -0.902991 0.570499 1.619825
v -0.677243 0.570499 1.619825
v -0.225748 0.570499 0.810615
v 0.000000 0.570499 0.810615
v 0.225748 0.570499 0.810615
v -0.225748 0.570499 1.215220
v 0.000000 0.570499 1.215220
v 0.225748 0.570499 1.215219
v -0.225748 0.570499 1.619825
v 0.000000 0.570499 1.619825
v 0.225748 0.570499 1.619825
v 0.677244 0.570499 0.810615
v 0.902991 0.570499 0.810615
v 1.128739 0.570499 0.810615
v 0.677244 0.570499 1.215220
v 0.902992 0.570499 1.215220
v 1.128739 0.570499 1.215219
v 0.677244 0.570499 1.619825
v 0.902991 0.570499 1.619825
v 1.128739 0.570499 1.619825
v 1.580235 0.570499 0.810615
v 1.805983 0.570499 0.810615
v 2.031730 0.570499 0.810615
v 1.580235 0.570499 1.215220
v 1.805983 0.570499 1.215220
v 2.031730 0.570499 1.215219
v 1.580235 0.570499 1.619825
v 1.805982 0.570499 1.619825
v 2.031730 0.570499 1.619825
v 2.483226 0.570499 0.810615
v 2.708974 0.570499 0.810615
v 2.934722 0.570499 0.810615
v 2.483226 0.570499 1.215220
v 2.708974 0.570499 1.215220
v 2.934722 0.570499 1.215219
v 2.483226 0.570499 1.619825
v 2.708974 0.570499 1.619825
v 2.934722 0.570499 1.619825
v 3.386217 0.570499 0.810615
v 3.611965 0.570499 0.810615
v 3.837713 0.570499 0.810615
v 3.386217 0.570499 1.215220
v 3.611965 0.570499 1.215220
v 3.837713 0.570499 1.215219
v 3.386217 0.570499 1.619825
v 3.611965 0.570499 1.619825
v 3.837713 0.570499 1.619825
v 4.289209 0.570499 0.810615
v 4.514956 0.570499 0.810615
v 4.740705 0.570499 0.810615
v 4.289209 0.570499 1.215220
v 4.514956 0.570499 1.215220
v 4.740705 0.570499 1.215219
v 4.289209 0.570499 1.619825
v 4.514956 0.570499 1.619825
v 4.740704 0.570499 1.619825
v -5.580204 0.634483 -0.807805
v -5.399136 0.589457 -0.807805
v -5.189848 0.572869 -0.807805
v -5.580204 0.634483 -0.403200
v -5.399136 0.589457 -0.403200
v -5.189849 0.572869 -0.403200
v -5.580204 0.634483 0.001405
v -5.399136 0.589457 0.001405
v -5.189848 0.572869 0.001405
v -4.740704 0.570499 -0.807805
v -4.514956 0.570499 -0.807805
v -4.289209 0.570499 -0.807805
v -4.740705 0.570499 -0.403200
v -4.514956 0.570499 -0.403200
v -4.289208 0.570499 -0.403200
v -4.740704 0.570499 0.001405
v -4.514956 0.570499 0.001405
v -4.289209 0.570499 0.001405
v -3.837713 0.570499 -0.807805
v -3.611965 0.570499 -0.807805
v -3.386217 0.570499 -0.807805
v -3.837713 0.570499 -0.403200
v -3.611965 0.570499 -0.403200
v -3.386217 0.570499 -0.403200
v -3.837713 0.570499 0.001405
v -3.611965 0.570499 0.001405
v -3.386217 0.570499 0.001405
v -2.934722 0.570499 -0.807805
v -2.708974 0.570499 -0.807805
v -2.483226 0.570499 -0.807805
v -2.934722 0.570499 -0.403200
v -2.708974 0.570499 -0.403200
v -2.483226 0.570499 -0.403200
v -2.934721 0.570499 0.001405
v -2.708974 0.570499 0.001405
v -2.483226 0.570499 0.001405
v -2.031731 0.570499 -0.807805
v -1.805983 0.570499 -0.807805
v -1.580235 0.570499 -0.807805
v -2.031730 0.570499 -0.403200
v -1.805982 0.570499 -0.403200
v -1.580235 0.570499 -0.403200
v -2.031730 0.570499 0.001405
v -1.805982 0.570499 0.001405
v -1.580235 0.570499 0.001405
v -1.128739 0.570499 -0.807805
v -0.902991 0.570499 -0.807805
v -0.677243 0.570499 -0.807805
v -1.128739 0.570499 -0.403200
v -0.902991 0.570499 -0.403200
v -0.677243 0.570499 -0.403200
v -1.128739 0.570499 0.001405
v -0.902991 0.570499 0.001405
v -0.677243 0.570499 0.001405
v -0.225748 0.570499 -0.807805
v 0.000000 0.570499 -0.807805
v 0.225748 0.570499 -0.807805
v -0.225748 0.570499 -0.403200
v 0.000000 0.570499 -0.403200
v 0.225748 0.570499 -0.403200
v -0.225748 0.570499 0.001405
v 0.000000 0.570499 0.001405
v 0.225748 0.570499 0.001405
v 0.677244 0.570499 -0.807805
v 0.902991 0.570499 -0.807805
v 1.128739 0.570499 -0.807805
v 0.677244 0.570499 -0.403200
v 0.902992 0.570499 -0.403200
v 1.128739 0.570499 -0.403200
v 0.677244 0.570499 0.001405
v 0.902991 0.570499 0.001405
v 1.128739 0.570499 0.001405
v 1.580235 0.570499 -0.807805
v 1.805983 0.570499 -0.807805
v 2.031730 0.570499 -0.807805
v 1.580235 0.570499 -0.403200
v 1.805983 0.570499 -0.403200
v 2.031730 0.570499 -0.403200
v 1.580235 0.570499 0.001405
v 1.805982 0.570499 0.001405
v 2.031730 0.570499 0.001405
v 2.483226 0.570499 -0.807805
v 2.708974 0.570499 -0.807805
v 2.934722 0.570499 -0.807805
v 2.483226 0.570499 -0.403200
v 2.708974 0.570499 -0.403200
v 2.934722 0.570499 -0.403200
v 2.483226 0.570499 0.001405
v 2.708974 0.570499 0.001405
v 2.934722 0.570499 0.001405
v 3.386217 0.570499 -0.807805
v 3.611965 0.570499 -0.807805
v 3.837713 0.570499 -0.807805
v 3.386217 0.570499 -0.403200
v 3.611965 0.570499 -0.403200
v 3.837713 0.570499 -0.403200
v 3.386217 0.570499 0.001405
v 3.611965 0.570499 0.001405
v 3.837713 0.570499 0.001405
v 4.289209 0.570499 -0.807805
v 4.514956 0.570499 -0.807805
v 4.740705 0.570499 -0.807805
v 4.289209 0.570499 -0.403200
v 4.514956 0.570499 -0.403200
v 4.740705 0.570499 -0.403200
v 4.289209 0.570499 0.001405
v 4.514956 0.570499 0.001405
v 4.740704 0.570499 0.001405
v -5.580204 0.634483 -2.426225
v -5.399136 0.589457 -2.426225
v -5.189848 0.572869 -2.426225
v -5.580204 0.634483 -2.021620
v -5.399136 0.589457 -2.021620
v -5.189849 0.572869 -2.021620
v -5.580204 0.634483 -1.617015
v -5.399136 0.589457 -1.617015
v -5.189848 0.572869 -1.617015
v -4.740704 0.570499 -2.426225
v -4.514956 0.570499 -2.426224
v -4.289209 0.570499 -2.426224
v -4.740705 0.570499 -2.021620
v -4.514956 0.570499 -2.021620
v -4.289208 0.570499 -2.021620
v -4.740704 0.570499 -1.617015
v -4.514956 0.570499 -1.617015
v -4.289209 0.570499 -1.617015
v -3.837713 0.570499 -2.426224
v -3.611965 0.570499 -2.426224
v -3.386217 0.570499 -2.426224
v -3.837713 0.570499 -2.021620
v -3.611965 0.570499 -2.021620
v -3.386217 0.570499 -2.021620
v -3.837713 0.570499 -1.617015
v -3.611965 0.570499 -1.617015
v -3.386217 0.570499 -1.617015
v -2.934722 0.570499 -2.426224
v -2.708974 0.570499 -2.426224
v -2.483226 0.570499 -2.426224
v -2.934722 0.570499 -2.021620
v -2.708974 0.570499 -2.021620
v -2.483226 0.570499 -2.021620
v -2.934721 0.570499 -1.617015
v -2.708974 0.570499 -1.617015
v -2.483226 0.570499 -1.617015
v -2.031731 0.570499 -2.426224
v -1.805983 0.570499 -2.426224
v -1.580235 0.570499 -2.426224
v -2.031730 0.570499 -2.021620
v -1.805982 0.570499 -2.021620
v -1.580235 0.570499 -2.021620
v -2.031730 0.570499 -1.617015
v -1.805982 0.570499 -1.617015
v -1.580235 0.570499 -1.617015
v -1.128739 0.570499 -2.426224
v -0.902991 0.570499 -2.426224
v -0.677243 0.570499 -2.426224
v -1.128739 0.570499 -2.021620
v -0.902991 0.570499 -2.021620
v -0.677243 0.570499 -2.021620
v -1.128739 0.570499 -1.617015
v -0.902991 0.570499 -1.617015
v -0.677243 0.570499 -1.617015
v -0.225748 0.570499 -2.426224
v 0.000000 0.570499 -2.426224
v 0.225748 0.570499 -2.426224
v -0.225748 0.570499 -2.021620
v 0.000000 0.570499 -2.021619
v 0.225748 0.570499 -2.021620
v -0.225748 0.570499 -1.617015
v 0.000000 0.570499 -1.617015
v 0.225748 0.570499 -1.617015
v 0.677244 0.570499 -2.426224
v 0.902991 0.570499 -2.426224
v 1.128739 0.570499 -2.426224
v 0.677244 0.570499 -2.021620
v 0.902992 0.570499 -2.021619
v 1.128739 0.570499 -2.021620
v 0.677244 0.570499 -1.617015
v 0.902991 0.570499 -1.617015
v 1.128739 0.570499 -1.617015
v 1.580235 0.570499 -2.426224
v 1.805983 0.570499 -2.426224
v 2.031730 0.570499 -2.426224
v 1.580235 0.570499 -2.021620
v 1.805983 0.570499 -2.021619
v 2.031730 0.570499 -2.021620
v 1.580235 0.570499 -1.617015
v 1.805982 0.570499 -1.617015
v 2.031730 0.570499 -1.617015
v 2.483226 0.570499 -2.426224
v 2.708974 0.570499 -2.426224
v 2.934722 0.570499 -2.426224
v 2.483226 0.570499 -2.021620
v 2.708974 0.570499 -2.021619
v 2.934722 0.570499 -2.021620
v 2.483226 0.570499 -1.617015
v 2.708974 0.570499 -1.617015
v 2.934722 0.570499 -1.617015
v 3.386217 0.570499 -2.426224
v 3.611965 0.570499 -2.426224
v 3.837713 0.570499 -2.426224
v 3.386217 0.570499 -2.021620
v 3.611965 0.570499 -2.021619
v 3.837713 0.570499 -2.021620
v 3.386217 0.570499 -1.617015
v 3.611965 0.570499 -1.617015
v 3.837713 0.570499 -1.617015
v 4.289209 0.570499 -2.426224
v 4.514956 0.570499 -2.426224
v 4.740705 0.570499 -2.426224
v 4.289209 0.570499 -2.021620
v 4.514956 0.570499 -2.021619
v 4.740705 0.570499 -2.021620
v 4.289209 0.570499 -1.617015
v 4.514956 0.570499 -1.617015
v 4.740704 0.570499 -1.617015
v -5.580204 0.634483 -4.044644
v -5.399136 0.589457 -4.044645
v -5.189848 0.572869 -4.044645
v -5.580204 0.634483 -3.640039
v -5.399136 0.589457 -3.640040
v -5.189849 0.572869 -3.640040
v -5.580204 0.634483 -3.235435
v -5.399136 0.589457 -3.235435
v -5.189848 0.572869 -3.235435
v -4.740704 0.570499 -4.044645
v -4.514956 0.570499 -4.044644
v -4.289209 0.570499 -4.044644
v -4.740705 0.570499 -3.640039
v -4.514956 0.570499 -3.640039
v -4.289208 0.570499 -3.640039
v -4.740704 0.570499 -3.235435
v -4.514956 0.570499 -3.235435
v -4.289209 0.570499 -3.235435
v -3.837713 0.570499 -4.044645
v -3.611965 0.570499 -4.044644
v -3.386217 0.570499 -4.044644
v -3.837713 0.570499 -3.640039
v -3.611965 0.570499 -3.640039
v -3.386217 0.570499 -3.640039
v -3.837713 0.570499 -3.235435
v -3.611965 0.570499 -3.235435
v -3.386217 0.570499 -3.235435
v -2.934722 0.570499 -4.044645
v -2.708974 0.570499 -4.044644
v -2.483226 0.570499 -4.044644
v -2.934722 0.570499 -3.640039
v -2.708974 0.570499 -3.640039
v -2.483226 0.570499 -3.640039
v -2.934721 0.570499 -3.235435
v -2.708974 0.570499 -3.235434
v -2.483226 0.570499 -3.235435
v -2.031731 0.570499 -4.044645
v -1.805983 0.570499 -4.044644
v -1.580235 0.570499 -4.044644
v -2.031730 0.570499 -3.640039
v -1.805982 0.570499 -3.640039
v -1.580235 0.570499 -3.640039
v -2.031730 0.570499 -3.235435
v -1.805982 0.570499 -3.235434
v -1.580235 0.570499 -3.235435
v -1.128739 0.570499 -4.044645
v -0.902991 0.570499 -4.044644
v -0.677243 0.570499 -4.044644
v -1.128739 0.570499 -3.640039
v -0.902991 0.570499 -3.640039
v -0.677243 0.570499 -3.640039
v -1.128739 0.570499 -3.235435
v -0.902991 0.570499 -3.235434
v -0.677243 0.570499 -3.235435
v -0.225748 0.570499 -4.044645
v 0.000000 0.570499 -4.044644
v 0.225748 0.570499 -4.044644
v -0.225748 0.570499 -3.640039
v 0.000000 0.570499 -3.640039
v 0.225748 0.570499 -3.640039
v -0.225748 0.570499 -3.235435
v 0.000000 0.570499 -3.235434
v 0.225748 0.570499 -3.235435
v 0.677244 0.570499 -4.044645
v 0.902991 0.570499 -4.044644
v 1.128739 0.570499 -4.044644
v 0.677244 0.570499 -3.640039
v 0.902992 0.570499 -3.640039
v 1.128739 0.570499 -3.640039
v 0.677244 0.570499 -3.235435
v 0.902991 0.570499 -3.235434
v 1.128739 0.570499 -3.235435
v 1.580235 0.570499 -4.044645
v 1.805983 0.570499 -4.044644
v 2.031730 0.570499 -4.044644
v 1.580235 0.570499 -3.640039
v 1.805983 0.570499 -3.640039
v 2.031730 0.570499 -3.640039
v 1.580235 0.570499 -3.235435
v 1.805982 0.570499 -3.235434
v 2.031730 0.570499 -3.235435
v 2.483226 0.570499 -4.044645
v 2.708974 0.570499 -4.044644
v 2.934722 0.570499 -4.044644
v 2.483226 0.570499 -3.640039
v 2.708974 0.570499 -3.640039
v 2.934722 0.570499 -3.640039
v 2.483226 0.570499 -3.235435
v 2.708974 0.570499 -3.235434
v 2.934722 0.570499 -3.235435
v 3.386217 0.570499 -4.044645
v 3.611965 0.570499 -4.044644
v 3.837713 0.570499 -4.044644
v 3.386217 0.570499 -3.640039
v 3.611965 0.570499 -3.640039
v 3.837713 0.570499 -3.640039
v 3.386217 0.570499 -3.235435
v 3.611965 0.570499 -3.235434
v 3.837713 0.570499 -3.235435
v 4.289209 0.570499 -4.044645
v 4.514956 0.570499 -4.044644
v 4.740705 0.570499 -4.044644
v 4.289209 0.570499 -3.640039
v 4.514956 0.570499 -3.640039
v 4.740705 0.570499 -3.640039
v 4.289209 0.570499 -3.235435
v 4.514956 0.570499 -3.235434
v 4.740704 0.570499 -3.235435
v -5.580204 0.634483 -5.663064
v -5.399136 0.589457 -5.663065
v -5.189848 0.572869 -5.663064
v -5.580204 0.634483 -5.258459
v -5.399136 0.589457 -5.258460
v -5.189849 0.572869 -5.258460
v -5.580204 0.634483 -4.853855
v -5.399136 0.589457 -4.853855
v -5.189848 0.572869 -4.853854
v -4.740704 0.570499 -5.663064
v -4.514956 0.570499 -5.663064
v -4.289209 0.570499 -5.663064
v -4.740705 0.570499 -5.258459
v -4.514956 0.570499 -5.258459
v -4.289208 0.570499 -5.258459
v -4.740704 0.570499 -4.853854
v -4.514956 0.570499 -4.853855
v -4.289209 0.570499 -4.853855
v -3.837713 0.570499 -5.663064
v -3.611965 0.570499 -5.663064
v -3.386217 0.570499 -5.663064
v -3.837713 0.570499 -5.258459
v -3.611965 0.570499 -5.258459
v -3.386217 0.570499 -5.258459
v -3.837713 0.570499 -4.853854
v -3.611965 0.570499 -4.853855
v -3.386217 0.570499 -4.853855
v -2.934722 0.570499 -5.663064
v -2.708974 0.570499 -5.663064
v -2.483226 0.570499 -5.663064
v -2.934722 0.570499 -5.258459
v -2.708974 0.570499 -5.258459
v -2.483226 0.570499 -5.258459
v -2.934721 0.570499 -4.853854
v -2.708974 0.570499 -4.853855
v -2.483226 0.570499 -4.853855
v -2.031731 0.570499 -5.663064
v -1.805983 0.570499 -5.663064
v -1.580235 0.570499 -5.663064
v -2.031730 0.570499 -5.258459
v -1.805982 0.570499 -5.258459
v -1.580235 0.570499 -5.258459
v -2.031730 0.570499 -4.853854
v -1.805982 0.570499 -4.853855
v -1.580235 0.570499 -4.853855
v -1.128739 0.570499 -5.663064
v -0.902991 0.570499 -5.663064
v -0.677243 0.570499 -5.663064
v -1.128739 0.570499 -5.258459
v -0.902991 0.570499 -5.258459
v -0.677243 0.570499 -5.258459
v -1.128739 0.570499 -4.853854
v -0.902991 0.570499 -4.853855
v -0.677243 0.570499 -4.853855
v -0.225748 0.570499 -5.663064
v 0.000000 0.570499 -5.663064
v 0.225748 0.570499 -5.663064
v -0.225748 0.570499 -5.258459
v 0.000000 0.570499 -5.258459
v 0.225748 0.570499 -5.258459
v -0.225748 0.570499 -4.853854
v 0.000000 0.570499 -4.853855
v 0.225748 0.570499 -4.853855
v 0.677244 0.570499 -5.663064
v 0.902991 0.570499 -5.663064
v 1.128739 0.570499 -5.663064
v 0.677244 0.570499 -5.258459
v 0.902992 0.570499 -5.258459
v 1.128739 0.570499 -5.258459
v 0.677244 0.570499 -4.853854
v 0.902991 0.570499 -4.853855
v 1.128739 0.570499 -4.853855
v 1.580235 0.570499 -5.663064
v 1.805983 0.570499 -5.663064
v 2.031730 0.570499 -5.663064
v 1.580235 0.570499 -5.258459
v 1.805983 0.570499 -5.258459
v 2.031730 0.570499 -5.258459
v 1.580235 0.570499 -4.853854
v 1.805982 0.570499 -4.853855
v 2.031730 0.570499 -4.853855
v 2.483226 0.570499 -5.663064
v 2.708974 0.570499 -5.663064
v 2.934722 0.570499 -5.663064
v 2.483226 0.570499 -5.258459
v 2.708974 0.570499 -5.258459
v 2.934722 0.570499 -5.258459
v 2.483226 0.570499 -4.853854
v 2.708974 0.570499 -4.853855
v 2.934722 0.570499 -4.853855
v 3.386217 0.570499 -5.663064
v 3.611965 0.570499 -5.663064
v 3.837713 0.570499 -5.663064
v 3.386217 0.570499 -5.258459
v 3.611965 0.570499 -5.258459
v 3.837713 0.570499 -5.258459
v 3.386217 0.570499 -4.853854
v 3.611965 0.570499 -4.853855
v 3.837713 0.570499 -4.853855
v 4.289209 0.570499 -5.663064
v 4.514956 0.570499 -5.663064
v 4.740705 0.570499 -5.663064
v 4.289209 0.570499 -5.258459
v 4.514956 0.570499 -5.258459
v 4.740705 0.570499 -5.258459
v 4.289209 0.570499 -4.853854
v 4.514956 0.570499 -4.853855
v 4.740704 0.570499 -4.853855
v -5.580204 0.634483 -7.281484
v -5.399136 0.589457 -7.281485
v -5.189848 0.572869 -7.281484
v -5.580204 0.634483 -6.876880
v -5.399136 0.589457 -6.876878
v -5.189849 0.572869 -6.876879
v -5.580204 0.634483 -6.472274
v -5.399136 0.589457 -6.472274
v -5.189848 0.572869 -6.472274
v -4.740704 0.570499 -7.281484
v -4.514956 0.570499 -7.281484
v -4.289209 0.570499 -7.281484
v -4.740705 0.570499 -6.876878
v -4.514956 0.570499 -6.876880
v -4.289208 0.570499 -6.876878
v -4.740704 0.570499 -6.472274
v -4.514956 0.570499 -6.472273
v -4.289209 0.570499 -6.472274
v -3.837713 0.570499 -7.281484
v -3.611965 0.570499 -7.281484
v -3.386217 0.570499 -7.281484
v -3.837713 0.570499 -6.876878
v -3.611965 0.570499 -6.876880
v -3.386217 0.570499 -6.876878
v -3.837713 0.570499 -6.472274
v -3.611965 0.570499 -6.472273
v -3.386217 0.570499 -6.472274
v -2.934722 0.570499 -7.281484
v -2.708974 0.570499 -7.281484
v -2.483226 0.570499 -7.281484
v -2.934722 0.570499 -6.876878
v -2.708974 0.570499 -6.876880
v -2.483226 0.570499 -6.876878
v -2.934721 0.570499 -6.472274
v -2.708974 0.570499 -6.472273
v -2.483226 0.570499 -6.472274
v -2.031731 0.570499 -7.281484
v -1.805983 0.570499 -7.281484
v -1.580235 0.570499 -7.281484
v -2.031730 0.570499 -6.876878
v -1.805982 0.570499 -6.876880
v -1.580235 0.570499 -6.876878
v -2.031730 0.570499 -6.472274
v -1.805982 0.570499 -6.472273
v -1.580235 0.570499 -6.472274
v -1.128739 0.570499 -7.281484
v -0.902991 0.570499 -7.281484
v -0.677243 0.570499 -7.281484
v -1.128739 0.570499 -6.876878
v -0.902991 0.570499 -6.876880
v -0.677243 0.570499 -6.876878
v -1.128739 0.570499 -6.472274
v -0.902991 0.570499 -6.472273
v -0.677243 0.570499 -6.472274
v -0.225748 0.570499 -7.281484
v 0.000000 0.570499 -7.281484
v 0.225748 0.570499 -7.281484
v -0.225748 0.570499 -6.876878
v 0.000000 0.570499 -6.876880
v 0.225748 0.570499 -6.876878
v -0.225748 0.570499 -6.472274
v 0.000000 0.570499 -6.472273
v 0.225748 0.570499 -6.472274
v 0.677244 0.570499 -7.281484
v 0.902991 0.570499 -7.281484
v 1.128739 0.570499 -7.281484
v 0.677244 0.570499 -6.876878
v 0.902992 0.570499 -6.876880
v 1.128739 0.570499 -6.876878
v 0.677244 0.570499 -6.472274
v 0.902991 0.570499 -6.472273
v 1.128739 0.570499 -6.472274
v 1.580235 0.570499 -7.281484
v 1.805983 0.570499 -7.281484
v 2.031730 0.570499 -7.281484
v 1.580235 0.570499 -6.876878
v 1.805983 0.570499 -6.876880
v 2.031730 0.570499 -6.876878
v 1.580235 0.570499 -6.472274
v 1.805982 0.570499 -6.472273
v 2.031730 0.570499 -6.472274
v 2.483226 0.570499 -7.281484
v 2.708974 0.570499 -7.281484
v 2.934722 0.570499 -7.281484
v 2.483226 0.570499 -6.876878
v 2.708974 0.570499 -6.876880
v 2.934722 0.570499 -6.876878
v 2.483226 0.570499 -6.472274
v 2.708974 0.570499 -6.472273
v 2.934722 0.570499 -6.472274
v 3.386217 0.570499 -7.281484
v 3.611965 0.570499 -7.281484
v 3.837713 0.570499 -7.281484
v 3.386217 0.570499 -6.876878
v 3.611965 0.570499 -6.876880
v 3.837713 0.570499 -6.876878
v 3.386217 0.570499 -6.472274
v 3.611965 0.570499 -6.472273
v 3.837713 0.570499 -6.472274
v 4.289209 0.570499 -7.281484
v 4.514956 0.570499 -7.281484
v 4.740705 0.570499 -7.281484
v 4.289209 0.570499 -6.876878
v 4.514956 0.570499 -6.876880
v 4.740705 0.570499 -6.876878
v 4.289209 0.570499 -6.472274
v 4.514956 0.570499 -6.472273
v 4.740704 0.570499 -6.472274
v -5.580204 0.634483 -8.899903
v -5.399136 0.589457 -8.899903
v -5.189848 0.572869 -8.899902
v -5.580204 0.634483 -8.495299
v -5.399136 0.589457 -8.495298
v -5.189849 0.572869 -8.495299
v -5.580204 0.634483 -8.090693
v -5.399136 0.589457 -8.090693
v -5.189848 0.572869 -8.090693
v -4.740704 0.570499 -8.899902
v -4.514956 0.570499 -8.899903
v -4.289209 0.570499 -8.899902
v -4.740705 0.570499 -8.495297
v -4.514956 0.570499 -8.495297
v -4.289208 0.570499 -8.495298
v -4.740704 0.570499 -8.090693
v -4.514956 0.570499 -8.090693
v -4.289209 0.570499 -8.090693
v -3.837713 0.570499 -8.899902
v -3.611965 0.570499 -8.899903
v -3.386217 0.570499 -8.899902
v -3.837713 0.570499 -8.495297
v -3.611965 0.570499 -8.495297
v -3.386217 0.570499 -8.495298
v -3.837713 0.570499 -8.090693
v -3.611965 0.570499 -8.090693
v -3.386217 0.570499 -8.090693
v -2.934722 0.570499 -8.899902
v -2.708974 0.570499 -8.899903
v -2.483226 0.570499 -8.899902
v -2.934722 0.570499 -8.495297
v -2.708974 0.570499 -8.495297
v -2.483226 0.570499 -8.495298
v -2.934721 0.570499 -8.090693
v -2.708974 0.570499 -8.090693
v -2.483226 0.570499 -8.090693
v -2.031731 0.570499 -8.899902
v -1.805983 0.570499 -8.899903
v -1.580235 0.570499 -8.899902
v -2.031730 0.570499 -8.495297
v -1.805982 0.570499 -8.495297
v -1.580235 0.570499 -8.495298
v -2.031730 0.570499 -8.090693
v -1.805982 0.570499 -8.090693
v -1.580235 0.570499 -8.090693
v -1.128739 0.570499 -8.899902
v -0.902991 0.570499 -8.899903
v -0.677243 0.570499 -8.899902
v -1.128739 0.570499 -8.495297
v -0.902991 0.570499 -8.495297
v -0.677243 0.570499 -8.495298
v -1.128739 0.570499 -8.090693
v -0.902991 0.570499 -8.090693
v -0.677243 0.570499 -8.090693
v -0.225748 0.570499 -8.899902
v 0.000000 0.570499 -8.899903
v 0.225748 0.570499 -8.899902
v -0.225748 0.570499 -8.495297
v 0.000000 0.570499 -8.495297
v 0.225748 0.570499 -8.495298
v -0.225748 0.570499 -8.090693
v 0.000000 0.570499 -8.090693
v 0.225748 0.570499 -8.090693
v 0.677244 0.570499 -8.899902
v 0.902991 0.570499 -8.899903
v 1.128739 0.570499 -8.899902
v 0.677244 0.570499 -8.495297
v 0.902992 0.570499 -8.495297
v 1.128739 0.570499 -8.495298
v 0.677244 0.570499 -8.090693
v 0.902991 0.570499 -8.090693
v 1.128739 0.570499 -8.090693
v 1.580235 0.570499 -8.899902
v 1.805983 0.570499 -8.899903
v 2.031730 0.570499 -8.899902
v 1.580235 0.570499 -8.495297
v 1.805983 0.570499 -8.495297
v 2.031730 0.570499 -8.495298
v 1.580235 0.570499 -8.090693
v 1.805982 0.570499 -8.090693
v 2.031730 0.570499 -8.090693
v 2.483226 0.570499 -8.899902
v 2.708974 0.570499 -8.899903
v 2.934722 0.570499 -8.899902
v 2.483226 0.570499 -8.495297
v 2.708974 0.570499 -8.495297
v 2.934722 0.570499 -8.495298
v 2.483226 0.570499 -8.090693
v 2.708974 0.570499 -8.090693
v 2.934722 0.570499 -8.090693
v 3.386217 0.570499 -8.899902
v 3.611965 0.570499 -8.899903
v 3.837713 0.570499 -8.899902
v 3.386217 0.570499 -8.495297
v 3.611965 0.570499 -8.495297
v 3.837713 0.570499 -8.495298
v 3.386217 0.570499 -8.090693
v 3.611965 0.570499 -8.090693
v 3.837713 0.570499 -8.090693
v 4.289209 0.570499 -8.899902
v 4.514956 0.570499 -8.899903
v 4.740705 0.570499 -8.899902
v 4.289209 0.570499 -8.495297
v 4.514956 0.570499 -8.495297
v 4.740705 0.570499 -8.495298
v 4.289209 0.570499 -8.090693
v 4.514956 0.570499 -8.090693
v 4.740704 0.570499 -8.090693
v -5.558351 0.689683 -10.365361
v -5.392125 0.651028 -10.391260
v -5.188972 0.636551 -10.402869
v -5.572801 0.651028 -10.067436
v -5.396697 0.607713 -10.075629
v -5.189544 0.591739 -10.079455
v -5.579278 0.636551 -9.703328
v -5.398831 0.591739 -9.704351
v -5.189810 0.575227 -9.704829
v -4.740705 0.634483 -10.404529
v -4.514956 0.634483 -10.404529
v -4.289209 0.634483 -10.404528
v -4.740704 0.589457 -10.080002
v -4.514956 0.589457 -10.080000
v -4.289209 0.589457 -10.080002
v -4.740704 0.572869 -9.704898
v -4.514956 0.572869 -9.704899
v -4.289208 0.572869 -9.704897
v -3.837713 0.634483 -10.404529
v -3.611965 0.634483 -10.404529
v -3.386218 0.634483 -10.404528
v -3.837714 0.589457 -10.080002
v -3.611965 0.589457 -10.080000
v -3.386218 0.589457 -10.080002
v -3.837713 0.572869 -9.704898
v -3.611965 0.572869 -9.704899
v -3.386217 0.572869 -9.704897
v -2.934722 0.634483 -10.404529
v -2.708974 0.634483 -10.404529
v -2.483226 0.634483 -10.404528
v -2.934722 0.589457 -10.080002
v -2.708974 0.589457 -10.080000
v -2.483226 0.589457 -10.080002
v -2.934722 0.572869 -9.704898
v -2.708974 0.572869 -9.704899
v -2.483226 0.572869 -9.704897
v -2.031730 0.634483 -10.404529
v -1.805982 0.634483 -10.404529
v -1.580235 0.634483 -10.404528
v -2.031730 0.589457 -10.080002
v -1.805983 0.589457 -10.080000
v -1.580235 0.589457 -10.080002
v -2.031730 0.572869 -9.704898
v -1.805983 0.572869 -9.704899
v -1.580235 0.572869 -9.704897
v -1.128739 0.634483 -10.404529
v -0.902991 0.634483 -10.404529
v -0.677243 0.634483 -10.404528
v -1.128739 0.589457 -10.080002
v -0.902991 0.589457 -10.080000
v -0.677243 0.589457 -10.080002
v -1.128739 0.572869 -9.704898
v -0.902991 0.572869 -9.704899
v -0.677243 0.572869 -9.704897
v -0.225748 0.634483 -10.404529
v 0.000000 0.634483 -10.404529
v 0.225748 0.634483 -10.404528
v -0.225748 0.589457 -10.080002
v 0.000000 0.589457 -10.080000
v 0.225748 0.589457 -10.080002
v -0.225748 0.572869 -9.704898
v 0.000000 0.572869 -9.704899
v 0.225748 0.572869 -9.704897
v 0.677244 0.634483 -10.404529
v 0.902992 0.634483 -10.404529
v 1.128739 0.634483 -10.404528
v 0.677244 0.589457 -10.080002
v 0.902991 0.589457 -10.080000
v 1.128739 0.589457 -10.080002
v 0.677244 0.572869 -9.704898
v 0.902991 0.572869 -9.704899
v 1.128739 0.572869 -9.704897
v 1.580235 0.634483 -10.404529
v 1.805983 0.634483 -10.404529
v 2.031731 0.634483 -10.404528
v 1.580235 0.589457 -10.080002
v 1.805983 0.589457 -10.080000
v 2.031731 0.589457 -10.080002
v 1.580235 0.572869 -9.704898
v 1.805983 0.572869 -9.704899
v 2.031731 0.572869 -9.704897
v 2.483226 0.634483 -10.404529
v 2.708974 0.634483 -10.404529
v 2.934722 0.634483 -10.404528
v 2.483226 0.589457 -10.080002
v 2.708974 0.589457 -10.080000
v 2.934722 0.589457 -10.080002
v 2.483226 0.572869 -9.704898
v 2.708974 0.572869 -9.704899
v 2.934722 0.572869 -9.704897
v 3.386217 0.634483 -10.404529
v 3.611965 0.634483 -10.404529
v 3.837713 0.634483 -10.404528
v 3.386217 0.589457 -10.080002
v 3.611965 0.589457 -10.080000
v 3.837714 0.589457 -10.080002
v 3.386217 0.572869 -9.704898
v 3.611966 0.572869 -9.704899
v 3.837713 0.572869 -9.704897
v 4.289209 0.634483 -10.404529
v 4.514957 0.634483 -10.404529
v 4.740705 0.634483 -10.404528
v 4.289209 0.589457 -10.080002
v 4.514956 0.589457 -10.080000
v 4.740705 0.589457 -10.080002
v 4.289209 0.572869 -9.704898
v 4.514957 0.572869 -9.704899
v 4.740705 0.572869 -9.704897
v 5.580204 2.326517 7.284293
v 5.399135 2.371543 7.284294
v 5.189848 2.388131 7.284294
v 5.580204 2.326517 7.688897
v 5.399136 2.371543 7.688899
v 5.189848 2.388131 7.688898
v 5.580204 2.326517 8.093503
v 5.399136 2.371543 8.093503
v 5.189848 2.388131 8.093503
v 4.740704 2.390501 7.284293
v 4.514956 2.390501 7.284294
v 4.289209 2.390501 7.284294
v 4.740705 2.390501 7.688897
v 4.514956 2.390501 7.688899
v 4.289208 2.390501 7.688898
v 4.740704 2.390501 8.093503
v 4.514956 2.390501 8.093503
v 4.289209 2.390501 8.093503
v 3.837713 2.390501 7.284293
v 3.611965 2.390501 7.284294
v 3.386217 2.390501 7.284294
v 3.837713 2.390501 7.688897
v 3.611965 2.390501 7.688899
v 3.386217 2.390501 7.688898
v 3.837713 2.390501 8.093503
v 3.611965 2.390501 8.093503
v 3.386217 2.390501 8.093503
v 2.934722 2.390501 7.284293
v 2.708974 2.390501 7.284294
v 2.483226 2.390501 7.284294
v 2.934722 2.390501 7.688897
v 2.708974 2.390501 7.688899
v 2.483226 2.390501 7.688898
v 2.934721 2.390501 8.093503
v 2.708974 2.390501 8.093503
v 2.483226 2.390501 8.093503
v 2.031731 2.390501 7.284293
v 1.805983 2.390501 7.284294
v 1.580235 2.390501 7.284294
v 2.031730 2.390501 7.688897
v 1.805982 2.390501 7.688899
v 1.580235 2.390501 7.688898
v 2.031730 2.390501 8.093503
v 1.805982 2.390501 8.093503
v 1.580235 2.390501 8.093503
v 1.128739 2.390501 7.284293
v 0.902991 2.390501 7.284294
v 0.677243 2.390501 7.284294
v 1.128739 2.390501 7.688897
v 0.902991 2.390501 7.688899
v 0.677243 2.390501 7.688898
v 1.128739 2.390501 8.093503
v 0.902991 2.390501 8.093503
v 0.677244 2.390501 8.093503
v 0.225748 2.390501 7.284293
v -0.000000 2.390501 7.284294
v -0.225748 2.390501 7.284294
v 0.225748 2.390501 7.688897
v -0.000000 2.390501 7.688899
v -0.225748 2.390501 7.688898
v 0.225748 2.390501 8.093503
v -0.000000 2.390501 8.093503
v -0.225748 2.390501 8.093503
v -0.677244 2.390501 7.284293
v -0.902991 2.390501 7.284294
v -1.128739 2.390501 7.284294
v -0.677244 2.390501 7.688897
v -0.902992 2.390501 7.688899
v -1.128739 2.390501 7.688898
v -0.677244 2.390501 8.093503
v -0.902991 2.390501 8.093503
v -1.128739 2.390501 8.093503
v -1.580235 2.390501 7.284293
v -1.805983 2.390501 7.284294
v -2.031730 2.390501 7.284294
v -1.580235 2.390501 7.688897
v -1.805983 2.390501 7.688899
v -2.031730 2.390501 7.688898
v -1.580235 2.390501 8.093503
v -1.805982 2.390501 8.093503
v -2.031730 2.390501 8.093503
v -2.483226 2.390501 7.284293
v -2.708974 2.390501 7.284294
v -2.934722 2.390501 7.284294
v -2.483226 2.390501 7.688897
v -2.708974 2.390501 7.688899
v -2.934722 2.390501 7.688898
v -2.483226 2.390501 8.093503
v -2.708974 2.390501 8.093503
v -2.934722 2.390501 8.093503
v -3.386217 2.390501 7.284293
v -3.611965 2.390501 7.284294
v -3.837713 2.390501 7.284294
v -3.386217 2.390501 7.688897
v -3.611965 2.390501 7.688899
v -3.837713 2.390501 7.688898
v -3.386217 2.390501 8.093503
v -3.611965 2.390501 8.093503
v -3.837713 2.390501 8.093503
v -4.289209 2.390501 7.284293
v -4.514956 2.390501 7.284294
v -4.740705 2.390501 7.284294
v -4.289209 2.390501 7.688897
v -4.514956 2.390501 7.688899
v -4.740705 2.390501 7.688898
v -4.289209 2.390501 8.093503
v -4.514956 2.390501 8.093503
v -4.740704 2.390501 8.093503
v 5.580204 2.326517 5.665873
v 5.399135 2.371543 5.665873
v 5.189848 2.388131 5.665873
v 5.580204 2.326517 6.070479
v 5.399136 2.371543 6.070479
v 5.189848 2.388131 6.070479
v 5.580204 2.326517 6.475082
v 5.399136 2.371543 6.475084
v 5.189848 2.388131 6.475083
v 4.740704 2.390501 5.665873
v 4.514956 2.390501 5.665873
v 4.289209 2.390501 5.665873
v 4.740705 2.390501 6.070479
v 4.514956 2.390501 6.070479
v 4.289208 2.390501 6.070479
v 4.740704 2.390501 6.475082
v 4.514956 2.390501 6.475084
v 4.289209 2.390501 6.475083
v 3.837713 2.390501 5.665873
v 3.611965 2.390501 5.665873
v 3.386217 2.390501 5.665873
v 3.837713 2.390501 6.070479
v 3.611965 2.390501 6.070479
v 3.386217 2.390501 6.070479
v 3.837713 2.390501 6.475082
v 3.611965 2.390501 6.475084
v 3.386217 2.390501 6.475083
v 2.934722 2.390501 5.665873
v 2.708974 2.390501 5.665873
v 2.483226 2.390501 5.665873
v 2.934722 2.390501 6.070479
v 2.708974 2.390501 6.070479
v 2.483226 2.390501 6.070479
v 2.934721 2.390501 6.475082
v 2.708974 2.390501 6.475084
v 2.483226 2.390501 6.475083
v 2.031731 2.390501 5.665873
v 1.805983 2.390501 5.665873
v 1.580235 2.390501 5.665873
v 2.031730 2.390501 6.070479
v 1.805982 2.390501 6.070479
v 1.580235 2.390501 6.070479
v 2.031730 2.390501 6.475082
v 1.805982 2.390501 6.475084
v 1.580235 2.390501 6.475083
v 1.128739 2.390501 5.665873
v 0.902991 2.390501 5.665873
v 0.677243 2.390501 5.665873
v 1.128739 2.390501 6.070479
v 0.902991 2.390501 6.070479
v 0.677243 2.390501 6.070479
v 1.128739 2.390501 6.475082
v 0.902991 2.390501 6.475084
v 0.677243 2.390501 6.475083
v 0.225748 2.390501 5.665873
v -0.000000 2.390501 5.665873
v -0.225748 2.390501 5.665873
v 0.225748 2.390501 6.070479
v -0.000000 2.390501 6.070479
v -0.225748 2.390501 6.070479
v 0.225748 2.390501 6.475082
v -0.000000 2.390501 6.475084
v -0.225748 2.390501 6.475083
v -0.677244 2.390501 5.665873
v -0.902991 2.390501 5.665873
v -1.128739 2.390501 5.665873
v -0.677244 2.390501 6.070479
v -0.902992 2.390501 6.070479
v -1.128739 2.390501 6.070479
v -0.677244 2.390501 6.475082
v -0.902991 2.390501 6.475084
v -1.128739 2.390501 6.475083
v -1.580235 2.390501 5.665873
v -1.805983 2.390501 5.665873
v -2.031730 2.390501 5.665873
v -1.580235 2.390501 6.070479
v -1.805983 2.390501 6.070479
v -2.031730 2.390501 6.070479
v -1.580235 2.390501 6.475082
v -1.805982 2.390501 6.475084
v -2.031730 2.390501 6.475083
v -2.483226 2.390501 5.665873
v -2.708974 2.390501 5.665873
v -2.934722 2.390501 5.665873
v -2.483226 2.390501 6.070479
v -2.708974 2.390501 6.070479
v -2.934722 2.390501 6.070479
v -2.483226 2.390501 6.475082
v -2.708974 2.390501 6.475084
v -2.934722 2.390501 6.475083
v -3.386217 2.390501 5.665873
v -3.611965 2.390501 5.665873
v -3.837713 2.390501 5.665873
v -3.386217 2.390501 6.070479
v -3.611965 2.390501 6.070479
v -3.837713 2.390501 6.070479
v -3.386217 2.390501 6.475082
v -3.611965 2.390501 6.475084
v -3.837713 2.390501 6.475083
v -4.289209 2.390501 5.665873
v -4.514956 2.390501 5.665873
v -4.740705 2.390501 5.665873
v -4.289209 2.390501 6.070479
v -4.514956 2.390501 6.070479
v -4.740705 2.390501 6.070479
v -4.289209 2.390501 6.475082
v -4.514956 2.390501 6.475084
v -4.740704 2.390501 6.475083
v 5.580204 2.326517 4.047454
v 5.399135 2.371543 4.047454
v 5.189848 2.388131 4.047454
v 5.580204 2.326517 4.452058
v 5.399136 2.371543 4.452059
v 5.189848 2.388131 4.452059
v 5.580204 2.326517 4.856665
v 5.399136 2.371543 4.856664
v 5.189848 2.388131 4.856664
v 4.740704 2.390501 4.047454
v 4.514956 2.390501 4.047454
v 4.289209 2.390501 4.047454
v 4.740705 2.390501 4.452058
v 4.514956 2.390501 4.452059
v 4.289208 2.390501 4.452059
v 4.740704 2.390501 4.856665
v 4.514956 2.390501 4.856664
v 4.289209 2.390501 4.856664
v 3.837713 2.390501 4.047454
v 3.611965 2.390501 4.047454
v 3.386217 2.390501 4.047454
v 3.837713 2.390501 4.452058
v 3.611965 2.390501 4.452059
v 3.386217 2.390501 4.452059
v 3.837713 2.390501 4.856665
v 3.611965 2.390501 4.856664
v 3.386217 2.390501 4.856664
v 2.934722 2.390501 4.047454
v 2.708974 2.390501 4.047454
v 2.483226 2.390501 4.047454
v 2.934722 2.390501 4.452058
v 2.708974 2.390501 4.452059
v 2.483226 2.390501 4.452059
v 2.934721 2.390501 4.856665
v 2.708974 2.390501 4.856664
v 2.483226 2.390501 4.856664
v 2.031731 2.390501 4.047454
v 1.805983 2.390501 4.047454
v 1.580235 2.390501 4.047454
v 2.031730 2.390501 4.452058
v 1.805982 2.390501 4.452059
v 1.580235 2.390501 4.452059
v 2.031730 2.390501 4.856665
v 1.805982 2.390501 4.856664
v 1.580235 2.390501 4.856664
v 1.128739 2.390501 4.047454
v 0.902991 2.390501 4.047454
v 0.677243 2.390501 4.047454
v 1.128739 2.390501 4.452058
v 0.902991 2.390501 4.452059
v 0.677243 2.390501 4.452059
v 1.128739 2.390501 4.856665
v 0.902991 2.390501 4.856664
v 0.677243 2.390501 4.856664
v 0.225748 2.390501 4.047454
v -0.000000 2.390501 4.047454
v -0.225748 2.390501 4.047454
v 0.225748 2.390501 4.452058
v -0.000000 2.390501 4.452059
v -0.225748 2.390501 4.452059
v 0.225748 2.390501 4.856665
v -0.000000 2.390501 4.856664
v -0.225748 2.390501 4.856664
v -0.677244 2.390501 4.047454
v -0.902991 2.390501 4.047454
v -1.128739 2.390501 4.047454
v -0.677244 2.390501 4.452058
v -0.902992 2.390501 4.452059
v -1.128739 2.390501 4.452059
v -0.677244 2.390501 4.856665
v -0.902991 2.390501 4.856664
v -1.128739 2.390501 4.856664
v -1.580235 2.390501 4.047454
v -1.805983 2.390501 4.047454
v -2.031730 2.390501 4.047454
v -1.580235 2.390501 4.452058
v -1.805983 2.390501 4.452059
v -2.031730 2.390501 4.452059
v -1.580235 2.390501 4.856665
v -1.805982 2.390501 4.856664
v -2.031730 2.390501 4.856664
v -2.483226 2.390501 4.047454
v -2.708974 2.390501 4.047454
v -2.934722 2.390501 4.047454
v -2.483226 2.390501 4.452058
v -2.708974 2.390501 4.452059
v -2.934722 2.390501 4.452059
v -2.483226 2.390501 4.856665
v -2.708974 2.390501 4.856664
v -2.934722 2.390501 4.856664
v -3.386217 2.390501 4.047454
v -3.611965 2.390501 4.047454
v -3.837713 2.390501 4.047454
v -3.386217 2.390501 4.452058
v -3.611965 2.390501 4.452059
v -3.837713 2.390501 4.452059
v -3.386217 2.390501 4.856665
v -3.611965 2.390501 4.856664
v -3.837713 2.390501 4.856664
v -4.289209 2.390501 4.047454
v -4.514956 2.390501 4.047454
v -4.740705 2.390501 4.047454
v -4.289209 2.390501 4.452058
v -4.514956 2.390501 4.452059
v -4.740705 2.390501 4.452059
v -4.289209 2.390501 4.856665
v -4.514956 2.390501 4.856664
v -4.740704 2.390501 4.856664
v 5.580204 2.326517 2.429035
v 5.399135 2.371543 2.429035
v 5.189848 2.388131 2.429035
v 5.580204 2.326517 2.833639
v 5.399136 2.371543 2.833640
v 5.189848 2.388131 2.833639
v 5.580204 2.326517 3.238244
v 5.399136 2.371543 3.238244
v 5.189848 2.388131 3.238244
v 4.740704 2.390501 2.429035
v 4.514956 2.390501 2.429035
v 4.289209 2.390501 2.429035
v 4.740705 2.390501 2.833639
v 4.514956 2.390501 2.833640
v 4.289208 2.390501 2.833639
v 4.740704 2.390501 3.238244
v 4.514956 2.390501 3.238244
v 4.289209 2.390501 3.238244
v 3.837713 2.390501 2.429035
v 3.611965 2.390501 2.429035
v 3.386217 2.390501 2.429035
v 3.837713 2.390501 2.833639
v 3.611965 2.390501 2.833640
v 3.386217 2.390501 2.833639
v 3.837713 2.390501 3.238244
v 3.611965 2.390501 3.238245
v 3.386217 2.390501 3.238244
v 2.934722 2.390501 2.429035
v 2.708974 2.390501 2.429035
v 2.483226 2.390501 2.429035
v 2.934722 2.390501 2.833639
v 2.708974 2.390501 2.833640
v 2.483226 2.390501 2.833639
v 2.934721 2.390501 3.238244
v 2.708974 2.390501 3.238245
v 2.483226 2.390501 3.238244
v 2.031731 2.390501 2.429035
v 1.805983 2.390501 2.429035
v 1.580235 2.390501 2.429035
v 2.031730 2.390501 2.833639
v 1.805982 2.390501 2.833640
v 1.580235 2.390501 2.833639
v 2.031730 2.390501 3.238244
v 1.805982 2.390501 3.238245
v 1.580235 2.390501 3.238244
v 1.128739 2.390501 2.429035
v 0.902991 2.390501 2.429035
v 0.677243 2.390501 2.429035
v 1.128739 2.390501 2.833639
v 0.902991 2.390501 2.833640
v 0.677243 2.390501 2.833639
v 1.128739 2.390501 3.238244
v 0.902991 2.390501 3.238245
v 0.677243 2.390501 3.238244
v 0.225748 2.390501 2.429035
v -0.000000 2.390501 2.429035
v -0.225748 2.390501 2.429035
v 0.225748 2.390501 2.833639
v -0.000000 2.390501 2.833640
v -0.225748 2.390501 2.833639
v 0.225748 2.390501 3.238244
v -0.000000 2.390501 3.238245
v -0.225748 2.390501 3.238244
v -0.677244 2.390501 2.429035
v -0.902991 2.390501 2.429035
v -1.128739 2.390501 2.429035
v -0.677244 2.390501 2.833639
v -0.902992 2.390501 2.833640
v -1.128739 2.390501 2.833639
v -0.677244 2.390501 3.238244
v -0.902991 2.390501 3.238245
v -1.128739 2.390501 3.238244
v -1.580235 2.390501 2.429035
v -1.805983 2.390501 2.429035
v -2.031730 2.390501 2.429035
v -1.580235 2.390501 2.833639
v -1.805983 2.390501 2.833640
v -2.031730 2.390501 2.833639
v -1.580235 2.390501 3.238244
v -1.805982 2.390501 3.238245
v -2.031730 2.390501 3.238244
v -2.483226 2.390501 2.429035
v -2.708974 2.390501 2.429035
v -2.934722 2.390501 2.429035
v -2.483226 2.390501 2.833639
v -2.708974 2.390501 2.833640
v -2.934722 2.390501 2.833639
v -2.483226 2.390501 3.238244
v -2.708974 2.390501 3.238245
v -2.934722 2.390501 3.238244
v -3.386217 2.390501 2.429035
v -3.611965 2.390501 2.429035
v -3.837713 2.390501 2.429035
v -3.386217 2.390501 2.833639
v -3.611965 2.390501 2.833640
v -3.837713 2.390501 2.833639
v -3.386217 2.390501 3.238244
v -3.611965 2.390501 3.238245
v -3.837713 2.390501 3.238244
v -4.289209 2.390501 2.429035
v -4.514956 2.390501 2.429035
v -4.740705 2.390501 2.429035
v -4.289209 2.390501 2.833639
v -4.514956 2.390501 2.833640
v -4.740705 2.390501 2.833639
v -4.289209 2.390501 3.238244
v -4.514956 2.390501 3.238245
v -4.740704 2.390501 3.238244
v 5.580204 2.326517 0.810615
v 5.399135 2.371543 0.810615
v 5.189848 2.388131 0.810615
v 5.580204 2.326517 1.215219
v 5.399136 2.371543 1.215220
v 5.189848 2.388131 1.215219
v 5.580204 2.326517 1.619825
v 5.399136 2.371543 1.619824
v 5.189848 2.388131 1.619825
v 4.740704 2.390501 0.810615
v 4.514956 2.390501 0.810615
v 4.289209 2.390501 0.810615
v 4.740705 2.390501 1.215219
v 4.514956 2.390501 1.215220
v 4.289208 2.390501 1.215219
v 4.740704 2.390501 1.619825
v 4.514956 2.390501 1.619825
v 4.289209 2.390501 1.619825
v 3.837713 2.390501 0.810615
v 3.611965 2.390501 0.810615
v 3.386217 2.390501 0.810615
v 3.837713 2.390501 1.215219
v 3.611965 2.390501 1.215220
v 3.386217 2.390501 1.215219
v 3.837713 2.390501 1.619825
v 3.611965 2.390501 1.619825
v 3.386217 2.390501 1.619825
v 2.934722 2.390501 0.810615
v 2.708974 2.390501 0.810615
v 2.483226 2.390501 0.810615
v 2.934722 2.390501 1.215219
v 2.708974 2.390501 1.215220
v 2.483226 2.390501 1.215219
v 2.934721 2.390501 1.619825
v 2.708974 2.390501 1.619825
v 2.483226 2.390501 1.619825
v 2.031731 2.390501 0.810615
v 1.805983 2.390501 0.810615
v 1.580235 2.390501 0.810615
v 2.031730 2.390501 1.215219
v 1.805982 2.390501 1.215220
v 1.580235 2.390501 1.215219
v 2.031730 2.390501 1.619825
v 1.805982 2.390501 1.619825
v 1.580235 2.390501 1.619825
v 1.128739 2.390501 0.810615
v 0.902991 2.390501 0.810615
v 0.677243 2.390501 0.810615
v 1.128739 2.390501 1.215219
v 0.902991 2.390501 1.215220
v 0.677243 2.390501 1.215219
v 1.128739 2.390501 1.619825
v 0.902991 2.390501 1.619825
v 0.677243 2.390501 1.619825
v 0.225748 2.390501 0.810615
v -0.000000 2.390501 0.810615
v -0.225748 2.390501 0.810615
v 0.225748 2.390501 1.215220
v -0.000000 2.390501 1.215220
v -0.225748 2.390501 1.215219
v 0.225748 2.390501 1.619825
v -0.000000 2.390501 1.619825
v -0.225748 2.390501 1.619825
v -0.677244 2.390501 0.810615
v -0.902991 2.390501 0.810615
v -1.128739 2.390501 0.810615
v -0.677244 2.390501 1.215220
v -0.902992 2.390501 1.215220
v -1.128739 2.390501 1.215219
v -0.677244 2.390501 1.619825
v -0.902991 2.390501 1.619825
v -1.128739 2.390501 1.619825
v -1.580235 2.390501 0.810615
v -1.805983 2.390501 0.810615
v -2.031730 2.390501 0.810615
v -1.580235 2.390501 1.215220
v -1.805983 2.390501 1.215220
v -2.031730 2.390501 1.215219
v -1.580235 2.390501 1.619825
v -1.805982 2.390501 1.619825
v -2.031730 2.390501 1.619825
v -2.483226 2.390501 0.810615
v -2.708974 2.390501 0.810615
v -2.934722 2.390501 0.810615
v -2.483226 2.390501 1.215220
v -2.708974 2.390501 1.215220
v -2.934722 2.390501 1.215219
v -2.483226 2.390501 1.619825
v -2.708974 2.390501 1.619825
v -2.934722 2.390501 1.619825
v -3.386217 2.390501 0.810615
v -3.611965 2.390501 0.810615
v -3.837713 2.390501 0.810615
v -3.386217 2.390501 1.215220
v -3.611965 2.390501 1.215220
v -3.837713 2.390501 1.215219
v -3.386217 2.390501 1.619825
v -3.611965 2.390501 1.619825
v -3.837713 2.390501 1.619825
v -4.289209 2.390501 0.810615
v -4.514956 2.390501 0.810615
v -4.740705 2.390501 0.810615
v -4.289209 2.390501 1.215220
v -4.514956 2.390501 1.215220
v -4.740705 2.390501 1.215219
v -4.289209 2.390501 1.619825
v -4.514956 2.390501 1.619825
v -4.740704 2.390501 1.619825
v 5.580204 2.326517 -0.807805
v 5.399135 2.371543 -0.807805
v 5.189848 2.388131 -0.807805
v 5.580204 2.326517 -0.403200
v 5.399136 2.371543 -0.403200
v 5.189848 2.388131 -0.403200
v 5.580204 2.326517 0.001405
v 5.399136 2.371543 0.001405
v 5.189848 2.388131 0.001405
v 4.740704 2.390501 -0.807805
v 4.514956 2.390501 -0.807805
v 4.289209 2.390501 -0.807805
v 4.740705 2.390501 -0.403200
v 4.514956 2.390501 -0.403200
v 4.289208 2.390501 -0.403200
v 4.740704 2.390501 0.001405
v 4.514956 2.390501 0.001405
v 4.289209 2.390501 0.001405
v 3.837713 2.390501 -0.807805
v 3.611965 2.390501 -0.807805
v 3.386217 2.390501 -0.807805
v 3.837713 2.390501 -0.403200
v 3.611965 2.390501 -0.403200
v 3.386217 2.390501 -0.403200
v 3.837713 2.390501 0.001405
v 3.611965 2.390501 0.001405
v 3.386217 2.390501 0.001405
v 2.934722 2.390501 -0.807805
v 2.708974 2.390501 -0.807805
v 2.483226 2.390501 -0.807805
v 2.934722 2.390501 -0.403200
v 2.708974 2.390501 -0.403200
v 2.483226 2.390501 -0.403200
v 2.934721 2.390501 0.001405
v 2.708974 2.390501 0.001405
v 2.483226 2.390501 0.001405
v 2.031731 2.390501 -0.807805
v 1.805983 2.390501 -0.807805
v 1.580235 2.390501 -0.807805
v 2.031730 2.390501 -0.403200
v 1.805982 2.390501 -0.403200
v 1.580235 2.390501 -0.403200
v 2.031730 2.390501 0.001405
v 1.805982 2.390501 0.001405
v 1.580235 2.390501 0.001405
v 1.128739 2.390501 -0.807805
v 0.902991 2.390501 -0.807805
v 0.677243 2.390501 -0.807805
v 1.128739 2.390501 -0.403200
v 0.902991 2.390501 -0.403200
v 0.677243 2.390501 -0.403200
v 1.128739 2.390501 0.001405
v 0.902991 2.390501 0.001405
v 0.677243 2.390501 0.001405
v 0.225748 2.390501 -0.807805
v -0.000000 2.390501 -0.807805
v -0.225748 2.390501 -0.807805
v 0.225748 2.390501 -0.403200
v -0.000000 2.390501 -0.403200
v -0.225748 2.390501 -0.403200
v 0.225748 2.390501 0.001405
v -0.000000 2.390501 0.001405
v -0.225748 2.390501 0.001405
v -0.677244 2.390501 -0.807805
v -0.902991 2.390501 -0.807805
v -1.128739 2.390501 -0.807805
v -0.677244 2.390501 -0.403200
v -0.902992 2.390501 -0.403200
v -1.128739 2.390501 -0.403200
v -0.677244 2.390501 0.001405
v -0.902991 2.390501 0.001405
v -1.128739 2.390501 0.001405
v -1.580235 2.390501 -0.807805
v -1.805983 2.390501 -0.807805
v -2.031730 2.390501 -0.807805
v -1.580235 2.390501 -0.403200
v -1.805983 2.390501 -0.403200
v -2.031730 2.390501 -0.403200
v -1.580235 2.390501 0.001405
v -1.805982 2.390501 0.001405
v -2.031730 2.390501 0.001405
v -2.483226 2.390501 -0.807805
v -2.708974 2.390501 -0.807805
v -2.934722 2.390501 -0.807805
v -2.483226 2.390501 -0.403200
v -2.708974 2.390501 -0.403200
v -2.934722 2.390501 -0.403200
v -2.483226 2.390501 0.001405
v -2.708974 2.390501 0.001405
v -2.934722 2.390501 0.001405
v -3.386217 2.390501 -0.807805
v -3.611965 2.390501 -0.807805
v -3.837713 2.390501 -0.807805
v -3.386217 2.390501 -0.403200
v -3.611965 2.390501 -0.403200
v -3.837713 2.390501 -0.403200
v -3.386217 2.390501 0.001405
v -3.611965 2.390501 0.001405
v -3.837713 2.390501 0.001405
v -4.289209 2.390501 -0.807805
v -4.514956 2.390501 -0.807805
v -4.740705 2.390501 -0.807805
v -4.289209 2.390501 -0.403200
v -4.514956 2.390501 -0.403200
v -4.740705 2.390501 -0.403200
v -4.289209 2.390501 0.001405
v -4.514956 2.390501 0.001405
v -4.740704 2.390501 0.001405
v 5.580204 2.326517 -2.426225
v 5.399135 2.371543 -2.426224
v 5.189848 2.388131 -2.426224
v 5.580204 2.326517 -2.021620
v 5.399136 2.371543 -2.021620
v 5.189848 2.388131 -2.021620
v 5.580204 2.326517 -1.617015
v 5.399136 2.371543 -1.617015
v 5.189848 2.388131 -1.617015
v 4.740704 2.390501 -2.426225
v 4.514956 2.390501 -2.426224
v 4.289209 2.390501 -2.426224
v 4.740705 2.390501 -2.021620
v 4.514956 2.390501 -2.021620
v 4.289208 2.390501 -2.021620
v 4.740704 2.390501 -1.617015
v 4.514956 2.390501 -1.617015
v 4.289209 2.390501 -1.617015
v 3.837713 2.390501 -2.426224
v 3.611965 2.390501 -2.426224
v 3.386217 2.390501 -2.426224
v 3.837713 2.390501 -2.021620
v 3.611965 2.390501 -2.021620
v 3.386217 2.390501 -2.021620
v 3.837713 2.390501 -1.617015
v 3.611965 2.390501 -1.617015
v 3.386217 2.390501 -1.617015
v 2.934722 2.390501 -2.426224
v 2.708974 2.390501 -2.426224
v 2.483226 2.390501 -2.426224
v 2.934722 2.390501 -2.021620
v 2.708974 2.390501 -2.021620
v 2.483226 2.390501 -2.021620
v 2.934721 2.390501 -1.617015
v 2.708974 2.390501 -1.617015
v 2.483226 2.390501 -1.617015
v 2.031731 2.390501 -2.426224
v 1.805983 2.390501 -2.426224
v 1.580235 2.390501 -2.426224
v 2.031730 2.390501 -2.021620
v 1.805982 2.390501 -2.021620
v 1.580235 2.390501 -2.021620
v 2.031730 2.390501 -1.617015
v 1.805982 2.390501 -1.617015
v 1.580235 2.390501 -1.617015
v 1.128739 2.390501 -2.426224
v 0.902991 2.390501 -2.426224
v 0.677243 2.390501 -2.426224
v 1.128739 2.390501 -2.021620
v 0.902991 2.390501 -2.021620
v 0.677243 2.390501 -2.021620
v 1.128739 2.390501 -1.617015
v 0.902991 2.390501 -1.617015
v 0.677243 2.390501 -1.617015
v 0.225748 2.390501 -2.426224
v -0.000000 2.390501 -2.426224
v -0.225748 2.390501 -2.426224
v 0.225748 2.390501 -2.021620
v -0.000000 2.390501 -2.021619
v -0.225748 2.390501 -2.021620
v 0.225748 2.390501 -1.617015
v -0.000000 2.390501 -1.617015
v -0.225748 2.390501 -1.617015
v -0.677244 2.390501 -2.426224
v -0.902991 2.390501 -2.426224
v -1.128739 2.390501 -2.426224
v -0.677244 2.390501 -2.021620
v -0.902992 2.390501 -2.021619
v -1.128739 2.390501 -2.021620
v -0.677244 2.390501 -1.617015
v -0.902991 2.390501 -1.617015
v -1.128739 2.390501 -1.617015
v -1.580235 2.390501 -2.426224
v -1.805983 2.390501 -2.426224
v -2.031730 2.390501 -2.426224
v -1.580235 2.390501 -2.021620
v -1.805983 2.390501 -2.021619
v -2.031730 2.390501 -2.021620
v -1.580235 2.390501 -1.617015
v -1.805982 2.390501 -1.617015
v -2.031730 2.390501 -1.617015
v -2.483226 2.390501 -2.426224
v -2.708974 2.390501 -2.426224
v -2.934722 2.390501 -2.426224
v -2.483226 2.390501 -2.021620
v -2.708974 2.390501 -2.021619
v -2.934722 2.390501 -2.021620
v -2.483226 2.390501 -1.617015
v -2.708974 2.390501 -1.617015
v -2.934722 2.390501 -1.617015
v -3.386217 2.390501 -2.426224
v -3.611965 2.390501 -2.426224
v -3.837713 2.390501 -2.426224
v -3.386217 2.390501 -2.021620
v -3.611965 2.390501 -2.021619
v -3.837713 2.390501 -2.021620
v -3.386217 2.390501 -1.617015
v -3.611965 2.390501 -1.617015
v -3.837713 2.390501 -1.617015
v -4.289209 2.390501 -2.426224
v -4.514956 2.390501 -2.426224
v -4.740705 2.390501 -2.426224
v -4.289209 2.390501 -2.021620
v -4.514956 2.390501 -2.021619
v -4.740705 2.390501 -2.021620
v -4.289209 2.390501 -1.617015
v -4.514956 2.390501 -1.617015
v -4.740704 2.390501 -1.617015
v 5.580204 2.326517 -4.044645
v 5.399135 2.371543 -4.044645
v 5.189848 2.388131 -4.044644
v 5.580204 2.326517 -3.640039
v 5.399136 2.371543 -3.640039
v 5.189848 2.388131 -3.640040
v 5.580204 2.326517 -3.235435
v 5.399136 2.371543 -3.235435
v 5.189848 2.388131 -3.235435
v 4.740704 2.390501 -4.044645
v 4.514956 2.390501 -4.044644
v 4.289209 2.390501 -4.044644
v 4.740705 2.390501 -3.640039
v 4.514956 2.390501 -3.640039
v 4.289208 2.390501 -3.640039
v 4.740704 2.390501 -3.235435
v 4.514956 2.390501 -3.235435
v 4.289209 2.390501 -3.235435
v 3.837713 2.390501 -4.044645
v 3.611965 2.390501 -4.044644
v 3.386217 2.390501 -4.044644
v 3.837713 2.390501 -3.640039
v 3.611965 2.390501 -3.640039
v 3.386217 2.390501 -3.640039
v 3.837713 2.390501 -3.235435
v 3.611965 2.390501 -3.235435
v 3.386217 2.390501 -3.235435
v 2.934722 2.390501 -4.044645
v 2.708974 2.390501 -4.044644
v 2.483226 2.390501 -4.044644
v 2.934722 2.390501 -3.640039
v 2.708974 2.390501 -3.640039
v 2.483226 2.390501 -3.640039
v 2.934721 2.390501 -3.235435
v 2.708974 2.390501 -3.235434
v 2.483226 2.390501 -3.235435
v 2.031731 2.390501 -4.044645
v 1.805983 2.390501 -4.044644
v 1.580235 2.390501 -4.044644
v 2.031730 2.390501 -3.640039
v 1.805982 2.390501 -3.640039
v 1.580235 2.390501 -3.640039
v 2.031730 2.390501 -3.235435
v 1.805982 2.390501 -3.235434
v 1.580235 2.390501 -3.235435
v 1.128739 2.390501 -4.044645
v 0.902991 2.390501 -4.044644
v 0.677243 2.390501 -4.044644
v 1.128739 2.390501 -3.640039
v 0.902991 2.390501 -3.640039
v 0.677243 2.390501 -3.640039
v 1.128739 2.390501 -3.235435
v 0.902991 2.390501 -3.235434
v 0.677243 2.390501 -3.235435
v 0.225748 2.390501 -4.044645
v -0.000000 2.390501 -4.044644
v -0.225748 2.390501 -4.044644
v 0.225748 2.390501 -3.640039
v -0.000000 2.390501 -3.640039
v -0.225748 2.390501 -3.640039
v 0.225748 2.390501 -3.235435
v -0.000000 2.390501 -3.235434
v -0.225748 2.390501 -3.235435
v -0.677244 2.390501 -4.044645
v -0.902991 2.390501 -4.044644
v -1.128739 2.390501 -4.044644
v -0.677244 2.390501 -3.640039
v -0.902992 2.390501 -3.640039
v -1.128739 2.390501 -3.640039
v -0.677244 2.390501 -3.235435
v -0.902991 2.390501 -3.235434
v -1.128739 2.390501 -3.235435
v -1.580235 2.390501 -4.044645
v -1.805983 2.390501 -4.044644
v -2.031730 2.390501 -4.044644
v -1.580235 2.390501 -3.640039
v -1.805983 2.390501 -3.640039
v -2.031730 2.390501 -3.640039
v -1.580235 2.390501 -3.235435
v -1.805982 2.390501 -3.235434
v -2.031730 2.390501 -3.235435
v -2.483226 2.390501 -4.044645
v -2.708974 2.390501 -4.044644
v -2.934722 2.390501 -4.044644
v -2.483226 2.390501 -3.640039
v -2.708974 2.390501 -3.640039
v -2.934722 2.390501 -3.640039
v -2.483226 2.390501 -3.235435
v -2.708974 2.390501 -3.235434
v -2.934722 2.390501 -3.235435
v -3.386217 2.390501 -4.044645
v -3.611965 2.390501 -4.044644
v -3.837713 2.390501 -4.044644
v -3.386217 2.390501 -3.640039
v -3.611965 2.390501 -3.640039
v -3.837713 2.390501 -3.640039
v -3.386217 2.390501 -3.235435
v -3.611965 2.390501 -3.235434
v -3.837713 2.390501 -3.235435
v -4.289209 2.390501 -4.044645
v -4.514956 2.390501 -4.044644
v -4.740705 2.390501 -4.044644
v -4.289209 2.390501 -3.640039
v -4.514956 2.390501 -3.640039
v -4.740705 2.390501 -3.640039
v -4.289209 2.390501 -3.235435
v -4.514956 2.390501 -3.235434
v -4.740704 2.390501 -3.235435
v 5.580204 2.326517 -5.663064
v 5.399135 2.371543 -5.663064
v 5.189848 2.388131 -5.663064
v 5.580204 2.326517 -5.258459
v 5.399136 2.371543 -5.258459
v 5.189848 2.388131 -5.258459
v 5.580204 2.326517 -4.853854
v 5.399136 2.371543 -4.853855
v 5.189848 2.388131 -4.853855
v 4.740704 2.390501 -5.663064
v 4.514956 2.390501 -5.663064
v 4.289209 2.390501 -5.663064
v 4.740705 2.390501 -5.258459
v 4.514956 2.390501 -5.258459
v 4.289208 2.390501 -5.258459
v 4.740704 2.390501 -4.853854
v 4.514956 2.390501 -4.853855
v 4.289209 2.390501 -4.853855
v 3.837713 2.390501 -5.663064
v 3.611965 2.390501 -5.663064
v 3.386217 2.390501 -5.663064
v 3.837713 2.390501 -5.258459
v 3.611965 2.390501 -5.258459
v 3.386217 2.390501 -5.258459
v 3.837713 2.390501 -4.853854
v 3.611965 2.390501 -4.853855
v 3.386217 2.390501 -4.853855
v 2.934722 2.390501 -5.663064
v 2.708974 2.390501 -5.663064
v 2.483226 2.390501 -5.663064
v 2.934722 2.390501 -5.258459
v 2.708974 2.390501 -5.258459
v 2.483226 2.390501 -5.258459
v 2.934721 2.390501 -4.853854
v 2.708974 2.390501 -4.853855
v 2.483226 2.390501 -4.853855
v 2.031731 2.390501 -5.663064
v 1.805983 2.390501 -5.663064
v 1.580235 2.390501 -5.663064
v 2.031730 2.390501 -5.258459
v 1.805982 2.390501 -5.258459
v 1.580235 2.390501 -5.258459
v 2.031730 2.390501 -4.853854
v 1.805982 2.390501 -4.853855
v 1.580235 2.390501 -4.853855
v 1.128739 2.390501 -5.663064
v 0.902991 2.390501 -5.663064
v 0.677243 2.390501 -5.663064
v 1.128739 2.390501 -5.258459
v 0.902991 2.390501 -5.258459
v 0.677243 2.390501 -5.258459
v 1.128739 2.390501 -4.853854
v 0.902991 2.390501 -4.853855
v 0.677243 2.390501 -4.853855
v 0.225748 2.390501 -5.663064
v -0.000000 2.390501 -5.663064
v -0.225748 2.390501 -5.663064
v 0.225748 2.390501 -5.258459
v -0.000000 2.390501 -5.258459
v -0.225748 2.390501 -5.258459
v 0.225748 2.390501 -4.853854
v -0.000000 2.390501 -4.853855
v -0.225748 2.390501 -4.853855
v -0.677244 2.390501 -5.663064
v -0.902991 2.390501 -5.663064
v -1.128739 2.390501 -5.663064
v -0.677244 2.390501 -5.258459
v -0.902992 2.390501 -5.258459
v -1.128739 2.390501 -5.258459
v -0.677244 2.390501 -4.853854
v -0.902991 2.390501 -4.853855
v -1.128739 2.390501 -4.853855
v -1.580235 2.390501 -5.663064
v -1.805983 2.390501 -5.663064
v -2.031730 2.390501 -5.663064
v -1.580235 2.390501 -5.258459
v -1.805983 2.390501 -5.258459
v -2.031730 2.390501 -5.258459
v -1.580235 2.390501 -4.853854
v -1.805982 2.390501 -4.853855
v -2.031730 2.390501 -4.853855
v -2.483226 2.390501 -5.663064
v -2.708974 2.390501 -5.663064
v -2.934722 2.390501 -5.663064
v -2.483226 2.390501 -5.258459
v -2.708974 2.390501 -5.258459
v -2.934722 2.390501 -5.258459
v -2.483226 2.390501 -4.853854
v -2.708974 2.390501 -4.853855
v -2.934722 2.390501 -4.853855
v -3.386217 2.390501 -5.663064
v -3.611965 2.390501 -5.663064
v -3.837713 2.390501 -5.663064
v -3.386217 2.390501 -5.258459
v -3.611965 2.390501 -5.258459
v -3.837713 2.390501 -5.258459
v -3.386217 2.390501 -4.853854
v -3.611965 2.390501 -4.853855
v -3.837713 2.390501 -4.853855
v -4.289209 2.390501 -5.663064
v -4.514956 2.390501 -5.663064
v -4.740705 2.390501 -5.663064
v -4.289209 2.390501 -5.258459
v -4.514956 2.390501 -5.258459
v -4.740705 2.390501 -5.258459
v -4.289209 2.390501 -4.853854
v -4.514956 2.390501 -4.853855
v -4.740704 2.390501 -4.853855
v 5.580204 2.326517 -7.281484
v 5.399135 2.371543 -7.281484
v 5.189848 2.388131 -7.281484
v 5.580204 2.326517 -6.876878
v 5.399136 2.371543 -6.876880
v 5.189848 2.388131 -6.876878
v 5.580204 2.326517 -6.472274
v 5.399136 2.371543 -6.472273
v 5.189848 2.388131 -6.472274
v 4.740704 2.390501 -7.281484
v 4.514956 2.390501 -7.281484
v 4.289209 2.390501 -7.281484
v 4.740705 2.390501 -6.876878
v 4.514956 2.390501 -6.876880
v 4.289208 2.390501 -6.876878
v 4.740704 2.390501 -6.472274
v 4.514956 2.390501 -6.472273
v 4.289209 2.390501 -6.472274
v 3.837713 2.390501 -7.281484
v 3.611965 2.390501 -7.281484
v 3.386217 2.390501 -7.281484
v 3.837713 2.390501 -6.876878
v 3.611965 2.390501 -6.876880
v 3.386217 2.390501 -6.876878
v 3.837713 2.390501 -6.472274
v 3.611965 2.390501 -6.472273
v 3.386217 2.390501 -6.472274
v 2.934722 2.390501 -7.281484
v 2.708974 2.390501 -7.281484
v 2.483226 2.390501 -7.281484
v 2.934722 2.390501 -6.876878
v 2.708974 2.390501 -6.876880
v 2.483226 2.390501 -6.876878
v 2.934721 2.390501 -6.472274
v 2.708974 2.390501 -6.472273
v 2.483226 2.390501 -6.472274
v 2.031731 2.390501 -7.281484
v 1.805983 2.390501 -7.281484
v 1.580235 2.390501 -7.281484
v 2.031730 2.390501 -6.876878
v 1.805982 2.390501 -6.876880
v 1.580235 2.390501 -6.876878
v 2.031730 2.390501 -6.472274
v 1.805982 2.390501 -6.472273
v 1.580235 2.390501 -6.472274
v 1.128739 2.390501 -7.281484
v 0.902991 2.390501 -7.281484
v 0.677243 2.390501 -7.281484
v 1.128739 2.390501 -6.876878
v 0.902991 2.390501 -6.876880
v 0.677243 2.390501 -6.876878
v 1.128739 2.390501 -6.472274
v 0.902991 2.390501 -6.472273
v 0.677243 2.390501 -6.472274
v 0.225748 2.390501 -7.281484
v -0.000000 2.390501 -7.281484
v -0.225748 2.390501 -7.281484
v 0.225748 2.390501 -6.876878
v -0.000000 2.390501 -6.876880
v -0.225748 2.390501 -6.876878
v 0.225748 2.390501 -6.472274
v -0.000000 2.390501 -6.472273
v -0.225748 2.390501 -6.472274
v -0.677244 2.390501 -7.281484
v -0.902991 2.390501 -7.281484
v -1.128739 2.390501 -7.281484
v -0.677244 2.390501 -6.876878
v -0.902992 2.390501 -6.876880
v -1.128739 2.390501 -6.876878
v -0.677244 2.390501 -6.472274
v -0.902991 2.390501 -6.472273
v -1.128739 2.390501 -6.472274
v -1.580235 2.390501 -7.281484
v -1.805983 2.390501 -7.281484
v -2.031730 2.390501 -7.281484
v -1.580235 2.390501 -6.876878
v -1.805983 2.390501 -6.876880
v -2.031730 2.390501 -6.876878
v -1.580235 2.390501 -6.472274
v -1.805982 2.390501 -6.472273
v -2.031730 2.390501 -6.472274
v -2.483226 2.390501 -7.281484
v -2.708974 2.390501 -7.281484
v -2.934722 2.390501 -7.281484
v -2.483226 2.390501 -6.876878
v -2.708974 2.390501 -6.876880
v -2.934722 2.390501 -6.876878
v -2.483226 2.390501 -6.472274
v -2.708974 2.390501 -6.472273
v -2.934722 2.390501 -6.472274
v -3.386217 2.390501 -7.281484
v -3.611965 2.390501 -7.281484
v -3.837713 2.390501 -7.281484
v -3.386217 2.390501 -6.876878
v -3.611965 2.390501 -6.876880
v -3.837713 2.390501 -6.876878
v -3.386217 2.390501 -6.472274
v -3.611965 2.390501 -6.472273
v -3.837713 2.390501 -6.472274
v -4.289209 2.390501 -7.281484
v -4.514956 2.390501 -7.281484
v -4.740705 2.390501 -7.281484
v -4.289209 2.390501 -6.876878
v -4.514956 2.390501 -6.876880
v -4.740705 2.390501 -6.876878
v -4.289209 2.390501 -6.472274
v -4.514956 2.390501 -6.472273
v -4.740704 2.390501 -6.472274
v 5.580204 2.326517 -8.899902
v 5.399135 2.371543 -8.899903
v 5.189848 2.388131 -8.899902
v 5.580204 2.326517 -8.495297
v 5.399136 2.371543 -8.495297
v 5.189848 2.388131 -8.495298
v 5.580204 2.326517 -8.090693
v 5.399136 2.371543 -8.090693
v 5.189848 2.388131 -8.090693
v 4.740704 2.390501 -8.899902
v 4.514956 2.390501 -8.899903
v 4.289209 2.390501 -8.899902
v 4.740705 2.390501 -8.495297
v 4.514956 2.390501 -8.495297
v 4.289208 2.390501 -8.495298
v 4.740704 2.390501 -8.090693
v 4.514956 2.390501 -8.090693
v 4.289209 2.390501 -8.090693
v 3.837713 2.390501 -8.899902
v 3.611965 2.390501 -8.899903
v 3.386217 2.390501 -8.899902
v 3.837713 2.390501 -8.495297
v 3.611965 2.390501 -8.495297
v 3.386217 2.390501 -8.495298
v 3.837713 2.390501 -8.090693
v 3.611965 2.390501 -8.090693
v 3.386217 2.390501 -8.090693
v 2.934722 2.390501 -8.899902
v 2.708974 2.390501 -8.899903
v 2.483226 2.390501 -8.899902
v 2.934722 2.390501 -8.495297
v 2.708974 2.390501 -8.495297
v 2.483226 2.390501 -8.495298
v 2.934721 2.390501 -8.090693
v 2.708974 2.390501 -8.090693
v 2.483226 2.390501 -8.090693
v 2.031731 2.390501 -8.899902
v 1.805983 2.390501 -8.899903
v 1.580235 2.390501 -8.899902
v 2.031730 2.390501 -8.495297
v 1.805982 2.390501 -8.495297
v 1.580235 2.390501 -8.495298
v 2.031730 2.390501 -8.090693
v 1.805982 2.390501 -8.090693
v 1.580235 2.390501 -8.090693
v 1.128739 2.390501 -8.899902
v 0.902991 2.390501 -8.899903
v 0.677243 2.390501 -8.899902
v 1.128739 2.390501 -8.495297
v 0.902991 2.390501 -8.495297
v 0.677243 2.390501 -8.495298
v 1.128739 2.390501 -8.090693
v 0.902991 2.390501 -8.090693
v 0.677243 2.390501 -8.090693
v 0.225748 2.390501 -8.899902
v -0.000000 2.390501 -8.899903
v -0.225748 2.390501 -8.899902
v 0.225748 2.390501 -8.495297
v -0.000000 2.390501 -8.495297
v -0.225748 2.390501 -8.495298
v 0.225748 2.390501 -8.090693
v -0.000000 2.390501 -8.090693
v -0.225748 2.390501 -8.090693
v -0.677244 2.390501 -8.899902
v -0.902991 2.390501 -8.899903
v -1.128739 2.390501 -8.899902
v -0.677244 2.390501 -8.495297
v -0.902992 2.390501 -8.495297
v -1.128739 2.390501 -8.495298
v -0.677244 2.390501 -8.090693
v -0.902991 2.390501 -8.090693
v -1.128739 2.390501 -8.090693
v -1.580235 2.390501 -8.899902
v -1.805983 2.390501 -8.899903
v -2.031730 2.390501 -8.899902
v -1.580235 2.390501 -8.495297
v -1.805983 2.390501 -8.495297
v -2.031730 2.390501 -8.495298
v -1.580235 2.390501 -8.090693
v -1.805982 2.390501 -8.090693
v -2.031730 2.390501 -8.090693
v -2.483226 2.390501 -8.899902
v -2.708974 2.390501 -8.899903
v -2.934722 2.390501 -8.899902
v -2.483226 2.390501 -8.495297
v -2.708974 2.390501 -8.495297
v -2.934722 2.390501 -8.495298
v -2.483226 2.390501 -8.090693
v -2.708974 2.390501 -8.090693
v -2.934722 2.390501 -8.090693
v -3.386217 2.390501 -8.899902
v -3.611965 2.390501 -8.899903
v -3.837713 2.390501 -8.899902
v -3.386217 2.390501 -8.495297
v -3.611965 2.390501 -8.495297
v -3.837713 2.390501 -8.495298
v -3.386217 2.390501 -8.090693
v -3.611965 2.390501 -8.090693
v -3.837713 2.390501 -8.090693
v -4.289209 2.390501 -8.899902
v -4.514956 2.390501 -8.899903
v -4.740705 2.390501 -8.899902
v -4.289209 2.390501 -8.495297
v -4.514956 2.390501 -8.495297
v -4.740705 2.390501 -8.495298
v -4.289209 2.390501 -8.090693
v -4.514956 2.390501 -8.090693
v -4.740704 2.390501 -8.090693
v 5.558352 2.271317 -10.365361
v 5.392125 2.309972 -10.391259
v 5.188972 2.324449 -10.402869
v 5.572801 2.309972 -10.067435
v 5.396697 2.353287 -10.075629
v 5.189544 2.369261 -10.079455
v 5.579279 2.324449 -9.703327
v 5.398831 2.369261 -9.704351
v 5.189810 2.385772 -9.704829
v 4.740705 2.326517 -10.404529
v 4.514956 2.326517 -10.404529
v 4.289209 2.326517 -10.404528
v 4.740704 2.371543 -10.080002
v 4.514956 2.371543 -10.080000
v 4.289209 2.371543 -10.080002
v 4.740704 2.388131 -9.704898
v 4.514956 2.388131 -9.704899
v 4.289208 2.388131 -9.704897
v 3.837713 2.326517 -10.404529
v 3.611965 2.326517 -10.404529
v 3.386217 2.326517 -10.404528
v 3.837714 2.371543 -10.080002
v 3.611965 2.371543 -10.080000
v 3.386218 2.371543 -10.080002
v 3.837713 2.388131 -9.704898
v 3.611965 2.388131 -9.704899
v 3.386217 2.388131 -9.704897
v 2.934722 2.326517 -10.404529
v 2.708974 2.326517 -10.404529
v 2.483226 2.326517 -10.404528
v 2.934722 2.371543 -10.080002
v 2.708974 2.371543 -10.080000
v 2.483226 2.371543 -10.080002
v 2.934722 2.388131 -9.704898
v 2.708974 2.388131 -9.704899
v 2.483226 2.388131 -9.704897
v 2.031730 2.326517 -10.404529
v 1.805982 2.326517 -10.404529
v 1.580235 2.326517 -10.404528
v 2.031730 2.371543 -10.080002
v 1.805983 2.371543 -10.080000
v 1.580235 2.371543 -10.080002
v 2.031730 2.388131 -9.704898
v 1.805983 2.388131 -9.704899
v 1.580235 2.388131 -9.704897
v 1.128739 2.326517 -10.404529
v 0.902991 2.326517 -10.404529
v 0.677243 2.326517 -10.404528
v 1.128739 2.371543 -10.080002
v 0.902991 2.371543 -10.080000
v 0.677243 2.371543 -10.080002
v 1.128739 2.388131 -9.704898
v 0.902991 2.388131 -9.704899
v 0.677243 2.388131 -9.704897
v 0.225748 2.326517 -10.404529
v -0.000000 2.326517 -10.404529
v -0.225748 2.326517 -10.404528
v 0.225748 2.371543 -10.080002
v -0.000000 2.371543 -10.080000
v -0.225748 2.371543 -10.080002
v 0.225748 2.388131 -9.704898
v -0.000000 2.388131 -9.704899
v -0.225748 2.388131 -9.704897
v -0.677244 2.326517 -10.404529
v -0.902992 2.326517 -10.404529
v -1.128739 2.326517 -10.404528
v -0.677244 2.371543 -10.080002
v -0.902991 2.371543 -10.080000
v -1.128739 2.371543 -10.080002
v -0.677244 2.388131 -9.704898
v -0.902991 2.388131 -9.704899
v -1.128739 2.388131 -9.704897
v -1.580235 2.326517 -10.404529
v -1.805983 2.326517 -10.404529
v -2.031731 2.326517 -10.404528
v -1.580235 2.371543 -10.080002
v -1.805983 2.371543 -10.080000
v -2.031731 2.371543 -10.080002
v -1.580235 2.388131 -9.704898
v -1.805983 2.388131 -9.704899
v -2.031731 2.388131 -9.704897
v -2.483226 2.326517 -10.404529
v -2.708974 2.326517 -10.404529
v -2.934722 2.326517 -10.404528
v -2.483226 2.371543 -10.080002
v -2.708974 2.371543 -10.080000
v -2.934722 2.371543 -10.080002
v -2.483226 2.388131 -9.704898
v -2.708974 2.388131 -9.704899
v -2.934722 2.388131 -9.704897
v -3.386217 2.326517 -10.404529
v -3.611965 2.326517 -10.404529
v -3.837713 2.326517 -10.404528
v -3.386217 2.371543 -10.080002
v -3.611965 2.371543 -10.080000
v -3.837714 2.371543 -10.080002
v -3.386217 2.388131 -9.704898
v -3.611966 2.388131 -9.704899
v -3.837713 2.388131 -9.704897
v -4.289209 2.326517 -10.404529
v -4.514957 2.326517 -10.404529
v -4.740704 2.326517 -10.404528
v -4.289209 2.371543 -10.080002
v -4.514956 2.371543 -10.080000
v -4.740705 2.371543 -10.080002
v -4.289209 2.388131 -9.704898
v -4.514957 2.388131 -9.704899
v -4.740705 2.388131 -9.704897
v 5.579279 2.324449 8.896928
v 5.398831 2.369261 8.897953
v 5.189810 2.385772 8.898431
v 5.572801 2.309972 9.261036
v 5.396698 2.353287 9.269231
v 5.189544 2.369261 9.273054
v 5.558351 2.271317 9.558960
v 5.392125 2.309972 9.584859
v 5.188972 2.324449 9.596469
v 4.740704 2.388131 8.898499
v 4.514957 2.388131 8.898499
v 4.289208 2.388131 8.898499
v 4.740705 2.371543 9.273600
v 4.514957 2.371543 9.273600
v 4.289209 2.371543 9.273600
v 4.740705 2.326517 9.598127
v 4.514956 2.326517 9.598127
v 4.289208 2.326517 9.598127
v 3.837713 2.388131 8.898499
v 3.611965 2.388131 8.898499
v 3.386217 2.388131 8.898499
v 3.837713 2.371543 9.273600
v 3.611965 2.371543 9.273600
v 3.386218 2.371543 9.273600
v 3.837713 2.326517 9.598127
v 3.611965 2.326517 9.598127
v 3.386218 2.326517 9.598127
v 2.934721 2.388131 8.898499
v 2.708974 2.388131 8.898499
v 2.483226 2.388131 8.898499
v 2.934722 2.371543 9.273600
v 2.708974 2.371543 9.273600
v 2.483226 2.371543 9.273600
v 2.934722 2.326517 9.598127
v 2.708974 2.326517 9.598127
v 2.483226 2.326517 9.598127
v 2.031731 2.388131 8.898499
v 1.805983 2.388131 8.898499
v 1.580235 2.388131 8.898499
v 2.031730 2.371543 9.273600
v 1.805982 2.371543 9.273600
v 1.580235 2.371543 9.273600
v 2.031730 2.326517 9.598127
v 1.805983 2.326517 9.598127
v 1.580235 2.326517 9.598127
v 1.128739 2.388131 8.898499
v 0.902991 2.388131 8.898499
v 0.677243 2.388131 8.898499
v 1.128739 2.371543 9.273600
v 0.902991 2.371543 9.273600
v 0.677244 2.371543 9.273600
v 1.128739 2.326517 9.598127
v 0.902992 2.326517 9.598127
v 0.677244 2.326517 9.598127
v 0.225748 2.388131 8.898499
v -0.000000 2.388131 8.898499
v -0.225748 2.388131 8.898499
v 0.225748 2.371543 9.273600
v 0.000000 2.371543 9.273600
v -0.225748 2.371543 9.273600
v 0.225748 2.326517 9.598127
v 0.000000 2.326517 9.598127
v -0.225748 2.326517 9.598127
v -0.677244 2.388131 8.898499
v -0.902991 2.388131 8.898499
v -1.128739 2.388131 8.898499
v -0.677244 2.371543 9.273600
v -0.902992 2.371543 9.273600
v -1.128739 2.371543 9.273600
v -0.677244 2.326517 9.598127
v -0.902991 2.326517 9.598127
v -1.128739 2.326517 9.598127
v -1.580235 2.388131 8.898499
v -1.805983 2.388131 8.898499
v -2.031731 2.388131 8.898499
v -1.580235 2.371543 9.273600
v -1.805982 2.371543 9.273600
v -2.031730 2.371543 9.273600
v -1.580235 2.326517 9.598127
v -1.805983 2.326517 9.598127
v -2.031730 2.326517 9.598127
v -2.483226 2.388131 8.898499
v -2.708974 2.388131 8.898499
v -2.934722 2.388131 8.898499
v -2.483226 2.371543 9.273600
v -2.708974 2.371543 9.273600
v -2.934722 2.371543 9.273600
v -2.483226 2.326517 9.598127
v -2.708974 2.326517 9.598127
v -2.934722 2.326517 9.598127
v -3.386217 2.388131 8.898499
v -3.611966 2.388131 8.898499
v -3.837713 2.388131 8.898499
v -3.386218 2.371543 9.273600
v -3.611965 2.371543 9.273600
v -3.837713 2.371543 9.273600
v -3.386217 2.326517 9.598127
v -3.611965 2.326517 9.598127
v -3.837713 2.326517 9.598127
v -4.289209 2.388131 8.898499
v -4.514957 2.388131 8.898499
v -4.740705 2.388131 8.898499
v -4.289209 2.371543 9.273600
v -4.514956 2.371543 9.273600
v -4.740705 2.371543 9.273600
v -4.289209 2.326517 9.598127
v -4.514957 2.326517 9.598127
v -4.740705 2.326517 9.598127
v -5.579278 0.636551 8.896928
v -5.398831 0.591739 8.897953
v -5.189810 0.575227 8.898431
v -5.572801 0.651028 9.261036
v -5.396698 0.607713 9.269231
v -5.189544 0.591739 9.273054
v -5.558351 0.689683 9.558960
v -5.392125 0.651028 9.584859
v -5.188972 0.636551 9.596469
v -4.740704 0.572869 8.898499
v -4.514957 0.572869 8.898499
v -4.289208 0.572869 8.898499
v -4.740705 0.589457 9.273600
v -4.514957 0.589457 9.273600
v -4.289209 0.589457 9.273600
v -4.740705 0.634483 9.598127
v -4.514956 0.634483 9.598127
v -4.289208 0.634483 9.598127
v -3.837713 0.572869 8.898499
v -3.611965 0.572869 8.898499
v -3.386217 0.572869 8.898499
v -3.837713 0.589457 9.273600
v -3.611965 0.589457 9.273600
v -3.386218 0.589457 9.273600
v -3.837713 0.634483 9.598127
v -3.611965 0.634483 9.598127
v -3.386218 0.634483 9.598127
v -2.934721 0.572869 8.898499
v -2.708974 0.572869 8.898499
v -2.483226 0.572869 8.898499
v -2.934722 0.589457 9.273600
v -2.708974 0.589457 9.273600
v -2.483226 0.589457 9.273600
v -2.934722 0.634483 9.598127
v -2.708974 0.634483 9.598127
v -2.483226 0.634483 9.598127
v -2.031731 0.572869 8.898499
v -1.805983 0.572869 8.898499
v -1.580235 0.572869 8.898499
v -2.031730 0.589457 9.273600
v -1.805982 0.589457 9.273600
v -1.580235 0.589457 9.273600
v -2.031730 0.634483 9.598127
v -1.805983 0.634483 9.598127
v -1.580235 0.634483 9.598127
v -1.128739 0.572869 8.898499
v -0.902991 0.572869 8.898499
v -0.677243 0.572869 8.898499
v -1.128739 0.589457 9.273600
v -0.902991 0.589457 9.273600
v -0.677244 0.589457 9.273600
v -1.128739 0.634483 9.598127
v -0.902991 0.634483 9.598127
v -0.677244 0.634483 9.598127
v -0.225748 0.572869 8.898499
v 0.000000 0.572869 8.898499
v 0.225748 0.572869 8.898499
v -0.225748 0.589457 9.273600
v 0.000000 0.589457 9.273600
v 0.225748 0.589457 9.273600
v -0.225748 0.634483 9.598127
v -0.000000 0.634483 9.598127
v 0.225748 0.634483 9.598127
v 0.677244 0.572869 8.898499
v 0.902991 0.572869 8.898499
v 1.128739 0.572869 8.898499
v 0.677244 0.589457 9.273600
v 0.902992 0.589457 9.273600
v 1.128739 0.589457 9.273600
v 0.677244 0.634483 9.598127
v 0.902992 0.634483 9.598127
v 1.128739 0.634483 9.598127
v 1.580235 0.572869 8.898499
v 1.805983 0.572869 8.898499
v 2.031731 0.572869 8.898499
v 1.580235 0.589457 9.273600
v 1.805982 0.589457 9.273600
v 2.031730 0.589457 9.273600
v 1.580235 0.634483 9.598127
v 1.805983 0.634483 9.598127
v 2.031730 0.634483 9.598127
v 2.483226 0.572869 8.898499
v 2.708974 0.572869 8.898499
v 2.934722 0.572869 8.898499
v 2.483226 0.589457 9.273600
v 2.708974 0.589457 9.273600
v 2.934722 0.589457 9.273600
v 2.483226 0.634483 9.598127
v 2.708974 0.634483 9.598127
v 2.934722 0.634483 9.598127
v 3.386217 0.572869 8.898499
v 3.611966 0.572869 8.898499
v 3.837713 0.572869 8.898499
v 3.386218 0.589457 9.273600
v 3.611965 0.589457 9.273600
v 3.837713 0.589457 9.273600
v 3.386217 0.634483 9.598127
v 3.611965 0.634483 9.598127
v 3.837713 0.634483 9.598127
v 4.289209 0.572869 8.898499
v 4.514957 0.572869 8.898499
v 4.740705 0.572869 8.898499
v 4.289209 0.589457 9.273600
v 4.514956 0.589457 9.273600
v 4.740705 0.589457 9.273600
v 4.289209 0.634483 9.598127
v 4.514957 0.634483 9.598127
v 4.740705 0.634483 9.598127
v 5.579279 1.704747 9.999055
v 5.572801 1.909477 9.973309
v 5.558351 2.076993 9.904561
v 5.398831 1.705323 10.078753
v 5.396698 1.914085 10.050343
v 5.392125 2.091556 9.973309
v 5.189810 1.705592 10.108118
v 5.189544 1.916235 10.078753
v 5.188972 2.098084 9.999055
v 4.740704 1.705630 10.112313
v 4.740705 1.916542 10.082810
v 4.740705 2.099016 10.002732
v 4.514957 1.705630 10.112313
v 4.514956 1.916542 10.082810
v 4.514956 2.099016 10.002731
v 4.289208 1.705630 10.112313
v 4.289209 1.916542 10.082810
v 4.289208 2.099016 10.002733
v 3.837713 1.705630 10.112313
v 3.837713 1.916542 10.082810
v 3.837713 2.099016 10.002732
v 3.611965 1.705630 10.112313
v 3.611966 1.916542 10.082810
v 3.611966 2.099016 10.002731
v 3.386218 1.705630 10.112313
v 3.386218 1.916542 10.082810
v 3.386217 2.099016 10.002733
v 2.934722 1.705630 10.112313
v 2.934722 1.916542 10.082810
v 2.934722 2.099016 10.002732
v 2.708974 1.705630 10.112313
v 2.708974 1.916542 10.082810
v 2.708974 2.099016 10.002731
v 2.483226 1.705630 10.112313
v 2.483227 1.916542 10.082810
v 2.483226 2.099016 10.002733
v 2.031731 1.705630 10.112313
v 2.031730 1.916542 10.082810
v 2.031730 2.099016 10.002732
v 1.805983 1.705630 10.112313
v 1.805982 1.916542 10.082810
v 1.805982 2.099016 10.002731
v 1.580235 1.705630 10.112313
v 1.580235 1.916542 10.082810
v 1.580235 2.099016 10.002733
v 1.128739 1.705630 10.112313
v 1.128739 1.916542 10.082810
v 1.128739 2.099016 10.002732
v 0.902991 1.705630 10.112313
v 0.902992 1.916542 10.082810
v 0.902992 2.099016 10.002731
v 0.677244 1.705630 10.112313
v 0.677244 1.916542 10.082810
v 0.677244 2.099016 10.002733
v 0.225748 1.705630 10.112313
v 0.225748 1.916542 10.082810
v 0.225748 2.099016 10.002732
v 0.000000 1.705630 10.112313
v 0.000000 1.916542 10.082810
v 0.000000 2.099016 10.002731
v -0.225748 1.705630 10.112313
v -0.225748 1.916542 10.082810
v -0.225748 2.099016 10.002733
v -0.677243 1.705630 10.112313
v -0.677244 1.916542 10.082810
v -0.677243 2.099016 10.002732
v -0.902991 1.705630 10.112313
v -0.902992 1.916542 10.082810
v -0.902991 2.099016 10.002731
v -1.128739 1.705630 10.112313
v -1.128739 1.916542 10.082810
v -1.128739 2.099016 10.002733
v -1.580235 1.705630 10.112313
v -1.580235 1.916542 10.082810
v -1.580235 2.099016 10.002732
v -1.805983 1.705630 10.112313
v -1.805982 1.916542 10.082810
v -1.805983 2.099016 10.002731
v -2.031731 1.705630 10.112313
v -2.031731 1.916542 10.082810
v -2.031730 2.099016 10.002733
v -2.483226 1.705630 10.112313
v -2.483226 1.916542 10.082810
v -2.483226 2.099016 10.002732
v -2.708974 1.705630 10.112313
v -2.708974 1.916542 10.082810
v -2.708974 2.099016 10.002731
v -2.934722 1.705630 10.112313
v -2.934722 1.916542 10.082810
v -2.934722 2.099016 10.002733
v -3.386217 1.705630 10.112313
v -3.386218 1.916542 10.082810
v -3.386217 2.099016 10.002732
v -3.611966 1.705630 10.112313
v -3.611965 1.916542 10.082810
v -3.611965 2.099016 10.002731
v -3.837713 1.705630 10.112313
v -3.837713 1.916542 10.082810
v -3.837713 2.099016 10.002733
v -4.289210 1.705630 10.112313
v -4.289209 1.916542 10.082810
v -4.289209 2.099016 10.002732
v -4.514957 1.705630 10.112313
v -4.514956 1.916542 10.082810
v -4.514957 2.099016 10.002731
v -4.740705 1.705630 10.112313
v -4.740705 1.916542 10.082810
v -4.740704 2.099016 10.002733
v -5.579279 1.704747 -10.805455
v -5.572801 1.909477 -10.779709
v -5.558351 2.076993 -10.710961
v -5.398831 1.705323 -10.885153
v -5.396698 1.914085 -10.856743
v -5.392125 2.091556 -10.779709
v -5.189810 1.705592 -10.914518
v -5.189544 1.916235 -10.885153
v -5.188972 2.098084 -10.805455
v -4.740704 1.705630 -10.918714
v -4.740705 1.916542 -10.889211
v -4.740705 2.099016 -10.809133
v -4.514957 1.705630 -10.918714
v -4.514956 1.916542 -10.889211
v -4.514956 2.099016 -10.809132
v -4.289208 1.705630 -10.918714
v -4.289209 1.916542 -10.889211
v -4.289208 2.099016 -10.809134
v -3.837713 1.705630 -10.918714
v -3.837713 1.916542 -10.889211
v -3.837713 2.099016 -10.809133
v -3.611965 1.705630 -10.918714
v -3.611966 1.916542 -10.889211
v -3.611966 2.099016 -10.809132
v -3.386218 1.705630 -10.918714
v -3.386218 1.916542 -10.889211
v -3.386217 2.099016 -10.809134
v -2.934722 1.705630 -10.918714
v -2.934722 1.916542 -10.889211
v -2.934722 2.099016 -10.809133
v -2.708974 1.705630 -10.918714
v -2.708974 1.916542 -10.889211
v -2.708974 2.099016 -10.809132
v -2.483226 1.705630 -10.918714
v -2.483227 1.916542 -10.889211
v -2.483226 2.099016 -10.809134
v -2.031731 1.705630 -10.918714
v -2.031730 1.916542 -10.889211
v -2.031730 2.099016 -10.809133
v -1.805983 1.705630 -10.918714
v -1.805982 1.916542 -10.889211
v -1.805982 2.099016 -10.809132
v -1.580235 1.705630 -10.918714
v -1.580235 1.916542 -10.889211
v -1.580235 2.099016 -10.809134
v -1.128739 1.705630 -10.918714
v -1.128739 1.916542 -10.889211
v -1.128739 2.099016 -10.809133
v -0.902991 1.705630 -10.918714
v -0.902992 1.916542 -10.889211
v -0.902992 2.099016 -10.809132
v -0.677244 1.705630 -10.918714
v -0.677244 1.916542 -10.889211
v -0.677244 2.099016 -10.809134
v -0.225748 1.705630 -10.918714
v -0.225748 1.916542 -10.889211
v -0.225748 2.099016 -10.809133
v -0.000000 1.705630 -10.918714
v -0.000000 1.916542 -10.889211
v -0.000000 2.099016 -10.809132
v 0.225748 1.705630 -10.918714
v 0.225748 1.916542 -10.889211
v 0.225748 2.099016 -10.809134
v 0.677243 1.705630 -10.918714
v 0.677244 1.916542 -10.889211
v 0.677243 2.099016 -10.809133
v 0.902991 1.705630 -10.918714
v 0.902992 1.916542 -10.889211
v 0.902991 2.099016 -10.809132
v 1.128739 1.705630 -10.918714
v 1.128739 1.916542 -10.889211
v 1.128739 2.099016 -10.809134
v 1.580235 1.705630 -10.918714
v 1.580235 1.916542 -10.889211
v 1.580235 2.099016 -10.809133
v 1.805983 1.705630 -10.918714
v 1.805982 1.916542 -10.889211
v 1.805983 2.099016 -10.809132
v 2.031731 1.705630 -10.918714
v 2.031731 1.916542 -10.889211
v 2.031730 2.099016 -10.809134
v 2.483226 1.705630 -10.918714
v 2.483226 1.916542 -10.889211
v 2.483226 2.099016 -10.809133
v 2.708974 1.705630 -10.918714
v 2.708974 1.916542 -10.889211
v 2.708974 2.099016 -10.809132
v 2.934722 1.705630 -10.918714
v 2.934722 1.916542 -10.889211
v 2.934722 2.099016 -10.809134
v 3.386217 1.705630 -10.918714
v 3.386218 1.916542 -10.889211
v 3.386217 2.099016 -10.809133
v 3.611966 1.705630 -10.918714
v 3.611965 1.916542 -10.889211
v 3.611965 2.099016 -10.809132
v 3.837713 1.705630 -10.918714
v 3.837713 1.916542 -10.889211
v 3.837713 2.099016 -10.809134
v 4.289210 1.705630 -10.918714
v 4.289209 1.916542 -10.889211
v 4.289209 2.099016 -10.809133
v 4.514957 1.705630 -10.918714
v 4.514956 1.916542 -10.889211
v 4.514957 2.099016 -10.809132
v 4.740705 1.705630 -10.918714
v 4.740705 1.916542 -10.889211
v 4.740704 2.099016 -10.809134
vn -0.9914 0.1305 -0.0000
vn -0.9239 0.3827 -0.0000
vn -0.7934 0.6088 -0.0000
vn -0.6088 0.7934 -0.0000
vn -0.3827 0.9239 -0.0000
vn -0.1305 0.9914 -0.0000
vn 0.9914 0.1305 -0.0000
vn 0.9239 0.3827 -0.0000
vn 0.7934 0.6088 -0.0000
vn 0.6088 0.7934 -0.0000
vn 0.3827 0.9239 -0.0000
vn 0.1305 0.9914 -0.0000
vn -0.0000 0.1305 -0.9914
vn -0.0000 0.3827 -0.9239
vn -0.0000 0.6088 -0.7934
vn -0.0000 0.7934 -0.6088
vn -0.0000 0.9239 -0.3827
vn -0.0000 0.9914 -0.1305
vn -1.0000 -0.0000 -0.0000
vn -0.0000 1.0000 -0.0000
vn 1.0000 -0.0000 -0.0000
vn -0.0000 -0.0000 -1.0000
vn -0.0000 -0.0000 1.0000
vn -0.0000 -1.0000 -0.0000
vn -0.0006 1.0000 -0.0000
vn 0.0004 -1.0000 -0.0000
vn -0.9961 0.0770 -0.0433
vn -0.9705 0.2373 -0.0427
vn -0.9877 0.0772 -0.1358
vn -0.9613 0.2400 -0.1349
vn -0.9999 0.0104 -0.0059
vn -0.9970 0.0777 -0.0058
vn -0.9713 0.2377 -0.0056
vn -0.8490 0.5283 -0.0056
vn -0.8480 0.5283 -0.0431
vn -0.8394 0.5267 -0.1338
vn -0.8128 0.5078 -0.2855
vn -0.9110 0.2583 -0.3214
vn -0.9404 0.0850 -0.3294
vn -0.9438 0.0111 -0.3302
vn -0.9906 0.0102 -0.1363
vn -0.9990 0.0103 -0.0438
vn 0.1370 0.1359 -0.9812
vn 0.1283 0.3981 -0.9083
vn 0.4007 0.1272 -0.9073
vn 0.3806 0.3777 -0.8441
vn 0.0188 0.0187 -0.9996
vn 0.0184 0.1383 -0.9902
vn 0.0170 0.4016 -0.9157
vn 0.0141 0.7445 -0.6675
vn 0.1083 0.7405 -0.6632
vn 0.3221 0.7075 -0.6291
vn 0.6009 0.5962 -0.5324
vn 0.7107 0.3187 -0.6271
vn 0.7432 0.1070 -0.6605
vn 0.7470 0.0140 -0.6647
vn 0.4042 0.0169 -0.9145
vn 0.1393 0.0183 -0.9901
vn 0.9961 0.0770 0.0433
vn 0.9705 0.2373 0.0427
vn 0.9877 0.0772 0.1358
vn 0.9613 0.2400 0.1349
vn 0.9999 0.0104 0.0059
vn 0.9970 0.0777 0.0058
vn 0.9713 0.2377 0.0056
vn 0.8490 0.5283 0.0056
vn 0.8480 0.5283 0.0431
vn 0.8394 0.5267 0.1338
vn 0.8128 0.5078 0.2855
vn 0.9110 0.2583 0.3214
vn 0.9404 0.0850 0.3294
vn 0.9438 0.0111 0.3302
vn 0.9906 0.0102 0.1363
vn 0.9990 0.0103 0.0438
vn -0.1370 0.1359 0.9812
vn -0.1283 0.3981 0.9083
vn -0.4007 0.1272 0.9073
vn -0.3806 0.3777 0.8441
vn -0.0188 0.0187 0.9996
vn -0.0184 0.1383 0.9902
vn -0.0170 0.4016 0.9157
vn -0.0141 0.7445 0.6675
vn -0.1083 0.7405 0.6632
vn -0.3221 0.7075 0.6291
vn -0.6009 0.5962 0.5324
vn -0.7107 0.3187 0.6271
vn -0.7432 0.1070 0.6605
vn -0.7470 0.0140 0.6647
vn -0.4042 0.0169 0.9145
vn -0.1393 0.0183 0.9901
vn 0.0782 -0.9960 0.0436
vn 0.2408 -0.9696 0.0430
vn 0.0784 -0.9875 0.1368
vn 0.2435 -0.9603 0.1358
vn 0.0106 -0.9999 0.0059
vn 0.0789 -0.9969 0.0058
vn 0.2412 -0.9705 0.0057
vn 0.5342 -0.8453 0.0056
vn 0.5342 -0.8443 0.0432
vn 0.5325 -0.8357 0.1343
vn 0.5133 -0.8090 0.2864
vn 0.2618 -0.9093 0.3233
vn 0.0862 -0.9395 0.3316
vn 0.0112 -0.9430 0.3325
vn 0.0103 -0.9905 0.1373
vn 0.0104 -0.9990 0.0441
vn -0.0782 0.9960 0.0436
vn -0.2408 0.9696 0.0430
vn -0.0784 0.9875 0.1368
vn -0.2435 0.9603 0.1358
vn -0.0106 0.9999 0.0059
vn -0.0789 0.9969 0.0058
vn -0.2412 0.9705 0.0057
vn -0.5342 0.8453 0.0056
vn -0.5342 0.8443 0.0432
vn -0.5325 0.8357 0.1343
vn -0.5134 0.8090 0.2864
vn -0.2618 0.9093 0.3233
vn -0.0862 0.9395 0.3316
vn -0.0112 0.9430 0.3325
vn -0.0103 0.9905 0.1373
vn -0.0104 0.9990 0.0441
vn -0.0784 0.9875 -0.1368
vn -0.2435 0.9603 -0.1358
vn -0.0782 0.9960 -0.0436
vn -0.2408 0.9696 -0.0430
vn -0.0112 0.9430 -0.3325
vn -0.0862 0.9395 -0.3316
vn -0.2618 0.9093 -0.3233
vn -0.5134 0.8090 -0.2864
vn -0.5325 0.8357 -0.1343
vn -0.5342 0.8443 -0.0432
vn -0.5342 0.8453 -0.0056
vn -0.2412 0.9705 -0.0057
vn -0.0789 0.9969 -0.0058
vn -0.0106 0.9999 -0.0059
vn -0.0104 0.9990 -0.0441
vn -0.0103 0.9905 -0.1373
vn -0.0790 0.9969 -0.0000
vn -0.2413 0.9704 -0.0000
vn -0.0106 0.9999 -0.0000
vn -0.5342 0.8453 -0.0000
vn 0.0784 -0.9875 -0.1368
vn 0.2435 -0.9603 -0.1358
vn 0.0782 -0.9960 -0.0436
vn 0.2408 -0.9696 -0.0430
vn 0.0112 -0.9430 -0.3325
vn 0.0862 -0.9395 -0.3316
vn 0.2618 -0.9093 -0.3233
vn 0.5134 -0.8090 -0.2864
vn 0.5325 -0.8357 -0.1343
vn 0.5342 -0.8443 -0.0432
vn 0.5342 -0.8453 -0.0056
vn 0.2412 -0.9705 -0.0057
vn 0.0789 -0.9969 -0.0058
vn 0.0106 -0.9999 -0.0059
vn 0.0104 -0.9990 -0.0441
vn 0.0103 -0.9905 -0.1373
vn 0.0790 -0.9969 -0.0000
vn 0.2413 -0.9704 -0.0000
vn 0.0106 -0.9999 -0.0000
vn 0.5342 -0.8453 -0.0000
vn 0.9877 0.0772 -0.1358
vn 0.9613 0.2400 -0.1349
vn 0.9961 0.0770 -0.0433
vn 0.9705 0.2373 -0.0427
vn 0.9438 0.0111 -0.3302
vn 0.9404 0.0850 -0.3294
vn 0.9110 0.2583 -0.3214
vn 0.8127 0.5078 -0.2855
vn 0.8394 0.5267 -0.1338
vn 0.8480 0.5283 -0.0431
vn 0.8490 0.5283 -0.0056
vn 0.9713 0.2377 -0.0056
vn 0.9970 0.0777 -0.0058
vn 0.9999 0.0104 -0.0059
vn 0.9990 0.0103 -0.0438
vn 0.9906 0.0102 -0.1363
vn 0.9970 0.0778 -0.0000
vn 0.9713 0.2378 -0.0000
vn 0.9999 0.0104 -0.0000
vn 0.8490 0.5283 -0.0000
vn -0.9877 0.0772 0.1358
vn -0.9613 0.2400 0.1349
vn -0.9961 0.0770 0.0433
vn -0.9705 0.2373 0.0427
vn -0.9438 0.0111 0.3302
vn -0.9404 0.0850 0.3294
vn -0.9110 0.2583 0.3214
vn -0.8127 0.5078 0.2855
vn -0.8394 0.5267 0.1338
vn -0.8480 0.5283 0.0431
vn -0.8490 0.5283 0.0056
vn -0.9713 0.2377 0.0056
vn -0.9970 0.0777 0.0058
vn -0.9999 0.0104 0.0059
vn -0.9990 0.0103 0.0438
vn -0.9906 0.0102 0.1363
vn -0.9970 0.0778 -0.0000
vn -0.9713 0.2378 -0.0000
vn -0.9999 0.0104 -0.0000
vn -0.8490 0.5283 -0.0000
vn -0.9713 -0.2378 -0.0000
vn -0.9970 -0.0778 -0.0000
vn -0.8490 -0.5283 -0.0000
vn -0.9999 -0.0104 -0.0000
vn -0.9613 -0.2400 0.1349
vn -0.9877 -0.0772 0.1358
vn -0.9705 -0.2373 0.0427
vn -0.9961 -0.0770 0.0433
vn -0.8128 -0.5078 0.2855
vn -0.9110 -0.2583 0.3214
vn -0.9404 -0.0850 0.3294
vn -0.9438 -0.0111 0.3302
vn -0.9906 -0.0102 0.1363
vn -0.9990 -0.0103 0.0438
vn -0.9999 -0.0104 0.0059
vn -0.9970 -0.0777 0.0058
vn -0.9713 -0.2377 0.0056
vn -0.8490 -0.5283 0.0056
vn -0.8480 -0.5283 0.0431
vn -0.8394 -0.5267 0.1338
vn 0.9713 -0.2378 -0.0000
vn 0.9970 -0.0778 -0.0000
vn 0.8490 -0.5283 -0.0000
vn 0.9999 -0.0104 -0.0000
vn 0.9613 -0.2400 -0.1349
vn 0.9877 -0.0772 -0.1358
vn 0.9705 -0.2373 -0.0427
vn 0.9961 -0.0770 -0.0433
vn 0.8127 -0.5078 -0.2855
vn 0.9110 -0.2583 -0.3214
vn 0.9404 -0.0850 -0.3294
vn 0.9438 -0.0111 -0.3302
vn 0.9906 -0.0102 -0.1363
vn 0.9990 -0.0103 -0.0438
vn 0.9999 -0.0104 -0.0059
vn 0.9970 -0.0777 -0.0058
vn 0.9713 -0.2377 -0.0056
vn 0.8490 -0.5283 -0.0056
vn 0.8480 -0.5283 -0.0431
vn 0.8394 -0.5267 -0.1338
vn -0.1283 -0.3981 0.9083
vn -0.1370 -0.1359 0.9812
vn -0.3806 -0.3777 0.8441
vn -0.4007 -0.1272 0.9073
vn -0.0141 -0.7445 0.6675
vn -0.0170 -0.4016 0.9157
vn -0.0184 -0.1383 0.9902
vn -0.0188 -0.0187 0.9996
vn -0.1393 -0.0183 0.9901
vn -0.4042 -0.0169 0.9145
vn -0.7470 -0.0140 0.6647
vn -0.7432 -0.1070 0.6605
vn -0.7108 -0.3187 0.6271
vn -0.6009 -0.5962 0.5324
vn -0.3221 -0.7075 0.6291
vn -0.1083 -0.7405 0.6632
vn 0.9705 -0.2373 0.0427
vn 0.9961 -0.0770 0.0433
vn 0.9613 -0.2400 0.1349
vn 0.9877 -0.0772 0.1358
vn 0.8490 -0.5283 0.0056
vn 0.9713 -0.2377 0.0056
vn 0.9970 -0.0777 0.0058
vn 0.9999 -0.0104 0.0059
vn 0.9990 -0.0103 0.0438
vn 0.9906 -0.0102 0.1363
vn 0.9438 -0.0111 0.3302
vn 0.9404 -0.0850 0.3294
vn 0.9110 -0.2583 0.3214
vn 0.8127 -0.5078 0.2855
vn 0.8394 -0.5267 0.1338
vn 0.8480 -0.5283 0.0431
vn 0.1283 -0.3980 -0.9083
vn 0.1370 -0.1360 -0.9812
vn 0.3806 -0.3777 -0.8441
vn 0.4007 -0.1272 -0.9073
vn 0.0141 -0.7445 -0.6675
vn 0.0170 -0.4016 -0.9157
vn 0.0184 -0.1383 -0.9902
vn 0.0188 -0.0187 -0.9996
vn 0.1393 -0.0183 -0.9901
vn 0.4042 -0.0169 -0.9145
vn 0.7470 -0.0140 -0.6647
vn 0.7432 -0.1070 -0.6605
vn 0.7108 -0.3187 -0.6271
vn 0.6009 -0.5962 -0.5324
vn 0.3221 -0.7075 -0.6291
vn 0.1083 -0.7405 -0.6632
vn -0.9705 -0.2373 -0.0427
vn -0.9961 -0.0770 -0.0433
vn -0.9613 -0.2400 -0.1349
vn -0.9877 -0.0772 -0.1358
vn -0.8490 -0.5283 -0.0056
vn -0.9713 -0.2377 -0.0056
vn -0.9970 -0.0777 -0.0058
vn -0.9999 -0.0104 -0.0059
vn -0.9990 -0.0103 -0.0438
vn -0.9906 -0.0102 -0.1363
vn -0.9438 -0.0111 -0.3302
vn -0.9404 -0.0850 -0.3294
vn -0.9110 -0.2583 -0.3214
vn -0.8128 -0.5078 -0.2855
vn -0.8394 -0.5267 -0.1338
vn -0.8480 -0.5283 -0.0431
vn -0.3806 -0.3777 -0.8441
vn -0.4007 -0.1272 -0.9073
vn -0.1283 -0.3980 -0.9083
vn -0.1370 -0.1360 -0.9812
vn -0.6009 -0.5962 -0.5324
vn -0.7108 -0.3187 -0.6271
vn -0.7432 -0.1070 -0.6605
vn -0.7470 -0.0140 -0.6647
vn -0.4042 -0.0169 -0.9145
vn -0.1393 -0.0183 -0.9901
vn -0.0188 -0.0187 -0.9996
vn -0.0184 -0.1383 -0.9902
vn -0.0170 -0.4016 -0.9157
vn -0.0141 -0.7445 -0.6675
vn -0.1083 -0.7405 -0.6632
vn -0.3221 -0.7075 -0.6291
vn -0.0000 -0.4019 -0.9157
vn -0.0000 -0.1385 -0.9904
vn -0.0000 -0.7445 -0.6676
vn -0.0000 -0.0187 -0.9998
vn -0.0000 -0.7446 -0.6676
vn -0.0000 -0.4018 -0.9157
vn 0.3806 -0.3777 0.8441
vn 0.4007 -0.1272 0.9073
vn 0.1283 -0.3980 0.9083
vn 0.1370 -0.1360 0.9812
vn 0.6009 -0.5962 0.5324
vn 0.7108 -0.3187 0.6271
vn 0.7432 -0.1070 0.6605
vn 0.7470 -0.0140 0.6647
vn 0.4042 -0.0169 0.9145
vn 0.1393 -0.0183 0.9901
vn 0.0188 -0.0187 0.9996
vn 0.0184 -0.1383 0.9902
vn 0.0170 -0.4016 0.9157
vn 0.0141 -0.7445 0.6675
vn 0.1083 -0.7405 0.6632
vn 0.3221 -0.7075 0.6291
vn -0.0000 -0.4019 0.9157
vn -0.0000 -0.1385 0.9904
vn -0.0000 -0.7446 0.6676
vn -0.0000 -0.4018 0.9157
vn -0.0000 -0.0187 0.9998
vn -0.0000 -0.7445 0.6676
vn -0.2413 -0.9704 -0.0000
vn -0.0790 -0.9969 -0.0000
vn -0.5342 -0.8453 -0.0000
vn -0.0106 -0.9999 -0.0000
vn -0.2435 -0.9603 -0.1358
vn -0.0784 -0.9875 -0.1368
vn -0.2408 -0.9696 -0.0430
vn -0.0782 -0.9960 -0.0436
vn -0.5134 -0.8090 -0.2864
vn -0.2618 -0.9093 -0.3233
vn -0.0862 -0.9395 -0.3316
vn -0.0112 -0.9430 -0.3325
vn -0.0103 -0.9905 -0.1373
vn -0.0104 -0.9990 -0.0441
vn -0.0106 -0.9999 -0.0059
vn -0.0789 -0.9969 -0.0058
vn -0.2412 -0.9705 -0.0057
vn -0.5342 -0.8453 -0.0056
vn -0.5342 -0.8443 -0.0432
vn -0.5325 -0.8357 -0.1343
vn -0.0000 -0.9905 -0.1374
vn -0.0000 -0.9990 -0.0442
vn -0.0000 -0.9431 -0.3325
vn -0.0000 -1.0000 -0.0059
vn 0.2413 0.9704 -0.0000
vn 0.0790 0.9969 -0.0000
vn 0.5342 0.8453 -0.0000
vn 0.0106 0.9999 -0.0000
vn 0.2435 0.9603 -0.1358
vn 0.0784 0.9875 -0.1368
vn 0.2408 0.9696 -0.0430
vn 0.0782 0.9960 -0.0436
vn 0.5134 0.8090 -0.2864
vn 0.2618 0.9093 -0.3233
vn 0.0862 0.9395 -0.3316
vn 0.0112 0.9430 -0.3325
vn 0.0103 0.9905 -0.1373
vn 0.0104 0.9990 -0.0441
vn 0.0106 0.9999 -0.0059
vn 0.0789 0.9969 -0.0058
vn 0.2412 0.9705 -0.0057
vn 0.5342 0.8453 -0.0056
vn 0.5342 0.8443 -0.0432
vn 0.5326 0.8357 -0.1343
vn -0.0000 0.9905 -0.1374
vn -0.0000 0.9990 -0.0442
vn -0.0000 0.9431 -0.3325
vn -0.0000 1.0000 -0.0059
vn 0.2408 0.9696 0.0430
vn 0.0782 0.9960 0.0436
vn 0.2435 0.9603 0.1358
vn 0.0784 0.9875 0.1368
vn 0.5342 0.8453 0.0056
vn 0.2412 0.9705 0.0057
vn 0.0789 0.9969 0.0058
vn 0.0106 0.9999 0.0059
vn 0.0104 0.9990 0.0441
vn 0.0103 0.9905 0.1373
vn 0.0112 0.9430 0.3325
vn 0.0862 0.9395 0.3316
vn 0.2618 0.9093 0.3233
vn 0.5133 0.8090 0.2864
vn 0.5325 0.8357 0.1343
vn 0.5342 0.8443 0.0432
vn -0.0000 0.9990 0.0442
vn -0.0000 0.9905 0.1374
vn -0.0000 1.0000 0.0059
vn -0.0000 0.9431 0.3325
vn -0.2408 -0.9696 0.0430
vn -0.0782 -0.9960 0.0436
vn -0.2435 -0.9603 0.1358
vn -0.0784 -0.9875 0.1368
vn -0.5342 -0.8453 0.0056
vn -0.2412 -0.9705 0.0057
vn -0.0789 -0.9969 0.0058
vn -0.0106 -0.9999 0.0059
vn -0.0104 -0.9990 0.0441
vn -0.0103 -0.9905 0.1373
vn -0.0112 -0.9430 0.3325
vn -0.0862 -0.9395 0.3316
vn -0.2618 -0.9093 0.3233
vn -0.5134 -0.8090 0.2864
vn -0.5325 -0.8357 0.1343
vn -0.5342 -0.8443 0.0432
vn -0.0000 -0.9990 0.0442
vn -0.0000 -0.9905 0.1374
vn -0.0000 -1.0000 0.0059
vn -0.0000 -0.9431 0.3325
vn 0.4007 0.1272 0.9073
vn 0.3806 0.3777 0.8441
vn 0.1370 0.1360 0.9812
vn 0.1283 0.3981 0.9083
vn 0.7470 0.0140 0.6647
vn 0.7432 0.1070 0.6605
vn 0.7108 0.3187 0.6271
vn 0.6009 0.5962 0.5324
vn 0.3221 0.7075 0.6291
vn 0.1083 0.7405 0.6632
vn 0.0141 0.7445 0.6675
vn 0.0170 0.4016 0.9157
vn 0.0184 0.1383 0.9902
vn 0.0188 0.0187 0.9996
vn 0.1393 0.0183 0.9901
vn 0.4042 0.0169 0.9145
vn -0.0000 0.1385 0.9904
vn -0.0000 0.4019 0.9157
vn -0.0000 0.0187 0.9998
vn -0.0000 0.4018 0.9157
vn -0.0000 0.7445 0.6676
vn -0.0000 0.7446 0.6676
vn -0.4007 0.1272 -0.9073
vn -0.3806 0.3777 -0.8441
vn -0.1370 0.1360 -0.9812
vn -0.1283 0.3980 -0.9083
vn -0.7470 0.0140 -0.6647
vn -0.7432 0.1070 -0.6605
vn -0.7108 0.3187 -0.6271
vn -0.6009 0.5962 -0.5324
vn -0.3221 0.7075 -0.6291
vn -0.1083 0.7405 -0.6632
vn -0.0141 0.7445 -0.6675
vn -0.0170 0.4016 -0.9157
vn -0.0184 0.1383 -0.9902
vn -0.0188 0.0187 -0.9996
vn -0.1393 0.0183 -0.9901
vn -0.4042 0.0169 -0.9145
vn -0.0000 0.1385 -0.9904
vn -0.0000 0.4019 -0.9157
vn -0.0000 0.0187 -0.9998
vn -0.0000 0.7445 -0.6676
vn -0.0000 0.7446 -0.6676
vn -0.0000 0.4018 -0.9157
vt 0.664221 0.009255
vt 0.664221 0.773814
vt 0.675639 0.773814
vt 0.675639 0.010759
vt 0.686280 0.773814
vt 0.686280 0.015166
vt 0.695417 0.773814
vt 0.695417 0.022177
vt 0.009815 0.760748
vt 0.009815 0.009111
vt 0.018952 0.009111
vt 0.018952 0.751611
vt 0.029592 0.009111
vt 0.029592 0.740971
vt 0.041011 0.009111
vt 0.041011 0.729552
vt 0.879089 0.773814
vt 0.879089 0.009255
vt 0.890507 0.010759
vt 0.890507 0.773814
vt 0.901147 0.015166
vt 0.901147 0.773814
vt 0.910285 0.022177
vt 0.910285 0.773814
vt 0.477645 0.009111
vt 0.477645 0.760748
vt 0.468508 0.751611
vt 0.468508 0.009111
vt 0.457868 0.740971
vt 0.457868 0.009111
vt 0.446449 0.729552
vt 0.446449 0.009111
vt 0.008652 0.825137
vt 0.502326 0.825137
vt 0.500823 0.813719
vt 0.010155 0.813719
vt 0.496415 0.803078
vt 0.014563 0.803078
vt 0.489404 0.793941
vt 0.021574 0.793941
vt 0.497772 0.009256
vt 0.497772 0.773814
vt 0.712640 0.773814
vt 0.712640 0.009255
vt 0.008652 0.991586
vt 0.502326 0.991586
vt 0.116020 0.407782
vt 0.116020 0.502173
vt 0.120527 0.502173
vt 0.120527 0.407782
vt 0.467044 0.407782
vt 0.467044 0.502173
vt 0.475068 0.502173
vt 0.475068 0.407782
vt 0.148564 0.407782
vt 0.148564 0.502173
vt 0.144316 0.502173
vt 0.144316 0.407782
vt 0.270270 0.407782
vt 0.270270 0.502173
vt 0.262496 0.502173
vt 0.262496 0.407782
vt 0.748293 0.407781
vt 0.743786 0.407781
vt 0.743786 0.029038
vt 0.748293 0.029038
vt 0.506630 0.413445
vt 0.498857 0.413445
vt 0.498857 0.497827
vt 0.506630 0.497827
vt 0.506630 0.611500
vt 0.498857 0.611500
vt 0.498857 0.525864
vt 0.506630 0.525864
vt 0.747458 0.517207
vt 0.755481 0.517207
vt 0.755481 0.431571
vt 0.747458 0.431571
vt 0.234200 0.407782
vt 0.234200 0.502173
vt 0.026136 0.407782
vt 0.026136 0.502173
vt 0.030384 0.502173
vt 0.030384 0.407782
vt 0.238707 0.407782
vt 0.238707 0.502173
vt 0.688435 0.407783
vt 0.680662 0.407783
vt 0.680662 0.029037
vt 0.688435 0.029037
vt 0.506630 0.616007
vt 0.498857 0.616007
vt 0.593248 0.616007
vt 0.585225 0.616007
vt 0.585225 0.611500
vt 0.593248 0.611500
vt 0.498857 0.703799
vt 0.577452 0.703799
vt 0.577452 0.699292
vt 0.498857 0.699292
vt 0.380677 0.635388
vt 0.466313 0.635388
vt 0.466313 0.671094
vt 0.380677 0.671094
vt 0.585225 0.525864
vt 0.593248 0.525864
vt 0.144316 0.886580
vt 0.148564 0.886580
vt 0.148564 0.970962
vt 0.144316 0.970962
vt 0.380676 0.727167
vt 0.459272 0.727167
vt 0.459272 0.722920
vt 0.380676 0.722920
vt 0.356888 0.407782
vt 0.356888 0.502173
vt 0.348864 0.502173
vt 0.348864 0.407782
vt 0.388450 0.407782
vt 0.388450 0.502173
vt 0.380677 0.407782
vt 0.380677 0.502173
vt 0.348864 0.029037
vt 0.356888 0.029037
vt 0.757220 0.636198
vt 0.764994 0.636198
vt 0.764994 0.550562
vt 0.757220 0.550562
vt 0.712224 0.407782
vt 0.719997 0.407782
vt 0.719997 0.029037
vt 0.712224 0.029037
vt 0.506630 0.521616
vt 0.585225 0.521616
vt 0.747458 0.747645
vt 0.755481 0.747645
vt 0.755481 0.743397
vt 0.747458 0.743397
vt 0.701147 0.709557
vt 0.709170 0.709557
vt 0.709170 0.705049
vt 0.701147 0.705049
vt 0.498857 0.759872
vt 0.506630 0.759872
vt 0.506630 0.755625
vt 0.498857 0.755625
vt 0.732959 0.709557
vt 0.740732 0.709557
vt 0.740732 0.705049
vt 0.732959 0.705049
vt 0.617037 0.407782
vt 0.625060 0.407782
vt 0.625060 0.029038
vt 0.617037 0.029038
vt 0.388450 0.029037
vt 0.380677 0.029037
vt 0.800379 0.407782
vt 0.804626 0.407782
vt 0.804626 0.029038
vt 0.800379 0.029038
vt 0.656873 0.407782
vt 0.648849 0.407782
vt 0.648849 0.029038
vt 0.656873 0.029038
vt 0.262496 0.029037
vt 0.270270 0.029037
vt 0.475068 0.029037
vt 0.467044 0.029037
vt 0.144316 0.029037
vt 0.148564 0.029037
vt 0.234200 0.029037
vt 0.238707 0.029037
vt 0.120527 0.029037
vt 0.116020 0.029037
vt 0.030384 0.029037
vt 0.026136 0.029037
vt 0.772082 0.407782
vt 0.776590 0.407782
vt 0.776590 0.029037
vt 0.772082 0.029037
vt 0.621285 0.810315
vt 0.617037 0.810315
vt 0.617037 0.431571
vt 0.621285 0.431571
vt 0.388450 0.699131
vt 0.380677 0.699131
vt 0.380677 0.694883
vt 0.388450 0.694883
vt 0.475068 0.699131
vt 0.467044 0.699131
vt 0.467044 0.694883
vt 0.475068 0.694883
vt 0.030384 0.886580
vt 0.026136 0.886580
vt 0.026136 0.970962
vt 0.030384 0.970962
vt 0.262496 0.886580
vt 0.270270 0.886580
vt 0.270270 0.970962
vt 0.262496 0.970962
vt 0.348864 0.886580
vt 0.356888 0.886580
vt 0.356888 0.970962
vt 0.348864 0.970962
vt 0.498857 0.727588
vt 0.498857 0.731835
vt 0.577451 0.731835
vt 0.577451 0.727588
vt 0.593248 0.413445
vt 0.585225 0.413445
vt 0.585225 0.497827
vt 0.593248 0.497827
vt 0.593248 0.283242
vt 0.585225 0.283242
vt 0.733431 0.550562
vt 0.729184 0.550562
vt 0.729184 0.680764
vt 0.733431 0.680764
vt 0.348864 0.756378
vt 0.356888 0.756378
vt 0.144316 0.756378
vt 0.148564 0.756378
vt 0.701147 0.550562
vt 0.705395 0.550562
vt 0.705395 0.681260
vt 0.701147 0.681260
vt 0.262496 0.755882
vt 0.270270 0.755882
vt 0.030384 0.755882
vt 0.026136 0.755882
vt 0.506630 0.282746
vt 0.498857 0.282746
vt 0.506630 0.197754
vt 0.498857 0.197754
vt 0.030384 0.670889
vt 0.026136 0.670889
vt 0.262496 0.670889
vt 0.270270 0.670889
vt 0.585225 0.198083
vt 0.673110 0.550562
vt 0.677358 0.550562
vt 0.677358 0.719278
vt 0.673110 0.719278
vt 0.506630 0.029037
vt 0.498857 0.029037
vt 0.144316 0.671219
vt 0.148564 0.671219
vt 0.348864 0.671219
vt 0.356888 0.671219
vt 0.723669 0.743397
vt 0.723669 0.747645
vt 0.645073 0.747645
vt 0.645073 0.743397
vt 0.593248 0.198083
vt 0.593248 0.029037
vt 0.585225 0.029037
vt 0.649321 0.550562
vt 0.645074 0.550562
vt 0.645074 0.719608
vt 0.649321 0.719608
vt 0.459271 0.755204
vt 0.459271 0.750956
vt 0.380677 0.750956
vt 0.380677 0.755204
vt 0.380677 0.611598
vt 0.459271 0.611598
vt 0.459271 0.525962
vt 0.380677 0.525962
vt 0.723668 0.431571
vt 0.645074 0.431571
vt 0.645074 0.467277
vt 0.723668 0.467277
vt 0.584493 0.639796
vt 0.498857 0.639796
vt 0.498857 0.675502
vt 0.584493 0.675502
vt 0.645074 0.491066
vt 0.723668 0.491066
vt 0.723668 0.526773
vt 0.645074 0.526773
vt 0.328965 0.220310
vt 0.328957 0.258062
vt 0.334714 0.257677
vt 0.334773 0.220262
vt 0.328942 0.290654
vt 0.334586 0.289484
vt 0.339607 0.256851
vt 0.339787 0.220159
vt 0.339205 0.286874
vt 0.322758 0.179969
vt 0.322758 0.220317
vt 0.328966 0.179969
vt 0.322758 0.258117
vt 0.322758 0.290821
vt 0.322758 0.315879
vt 0.328932 0.315588
vt 0.334510 0.313551
vt 0.338926 0.308527
vt 0.341577 0.302288
vt 0.342537 0.285061
vt 0.343310 0.256356
vt 0.343623 0.220097
vt 0.339812 0.179969
vt 0.343668 0.179969
vt 0.334781 0.179969
vt 0.661929 0.220305
vt 0.661922 0.258052
vt 0.667677 0.257667
vt 0.667736 0.220257
vt 0.661906 0.290640
vt 0.667550 0.289470
vt 0.672570 0.256841
vt 0.672750 0.220154
vt 0.672168 0.286860
vt 0.655723 0.179969
vt 0.655723 0.220312
vt 0.661930 0.179969
vt 0.655723 0.258107
vt 0.655723 0.290807
vt 0.655723 0.315862
vt 0.661896 0.315571
vt 0.667474 0.313534
vt 0.671889 0.308510
vt 0.674539 0.302273
vt 0.675499 0.285047
vt 0.676272 0.256346
vt 0.676585 0.220092
vt 0.672776 0.179969
vt 0.676630 0.179969
vt 0.667745 0.179969
vt 0.373550 0.220305
vt 0.373558 0.258052
vt 0.367803 0.257667
vt 0.367743 0.220257
vt 0.373574 0.290640
vt 0.367929 0.289470
vt 0.362910 0.256841
vt 0.362730 0.220154
vt 0.363311 0.286860
vt 0.379756 0.179969
vt 0.379756 0.220312
vt 0.373549 0.179969
vt 0.379756 0.258107
vt 0.379756 0.290807
vt 0.379756 0.315862
vt 0.373583 0.315571
vt 0.368006 0.313534
vt 0.363590 0.308510
vt 0.360940 0.302273
vt 0.359980 0.285047
vt 0.359208 0.256346
vt 0.358894 0.220092
vt 0.362704 0.179969
vt 0.358849 0.179969
vt 0.367735 0.179969
vt 0.040512 0.554870
vt 0.040519 0.592632
vt 0.034761 0.592246
vt 0.034702 0.554822
vt 0.040535 0.625232
vt 0.034889 0.624061
vt 0.029867 0.591420
vt 0.029687 0.554718
vt 0.030268 0.621451
vt 0.046720 0.514518
vt 0.046720 0.554877
vt 0.040511 0.514518
vt 0.046720 0.592687
vt 0.046720 0.625399
vt 0.046720 0.650464
vt 0.040544 0.650173
vt 0.034965 0.648135
vt 0.030547 0.643109
vt 0.027896 0.636869
vt 0.026936 0.619637
vt 0.026163 0.590924
vt 0.025850 0.554656
vt 0.029661 0.514518
vt 0.025805 0.514518
vt 0.034694 0.514518
vt 0.652514 0.361208
vt 0.658300 0.361216
vt 0.658241 0.355482
vt 0.652507 0.355423
vt 0.373558 0.020703
vt 0.373574 0.028734
vt 0.367929 0.031328
vt 0.367802 0.023566
vt 0.328995 0.355190
vt 0.334753 0.358054
vt 0.334626 0.365819
vt 0.328979 0.363224
vt 0.339647 0.365819
vt 0.339246 0.372749
vt 0.646332 0.367391
vt 0.652515 0.367391
vt 0.646332 0.361207
vt 0.658308 0.367391
vt 0.379756 0.020295
vt 0.379756 0.028363
vt 0.379756 0.044076
vt 0.373583 0.044367
vt 0.368006 0.046404
vt 0.363590 0.051428
vt 0.363311 0.038255
vt 0.342578 0.385926
vt 0.341618 0.392166
vt 0.338967 0.385926
vt 0.334549 0.380901
vt 0.328970 0.378863
vt 0.322795 0.362853
vt 0.322795 0.378572
vt 0.322795 0.354781
vt 0.646332 0.355414
vt 0.680444 0.361208
vt 0.674659 0.361216
vt 0.674718 0.355482
vt 0.680452 0.355423
vt 0.040557 0.339255
vt 0.040573 0.331223
vt 0.034928 0.328629
vt 0.034801 0.336392
vt 0.040519 0.673845
vt 0.034761 0.670981
vt 0.034889 0.663217
vt 0.040535 0.665812
vt 0.029867 0.663217
vt 0.030268 0.656287
vt 0.686627 0.367391
vt 0.680443 0.367391
vt 0.686627 0.361207
vt 0.674650 0.367391
vt 0.046756 0.339664
vt 0.046756 0.331594
vt 0.046756 0.315879
vt 0.040582 0.315588
vt 0.035004 0.313551
vt 0.030588 0.308527
vt 0.030309 0.321701
vt 0.027938 0.302288
vt 0.026978 0.308527
vt 0.046720 0.666183
vt 0.046720 0.674254
vt 0.686627 0.355414
vt 0.373574 0.331204
vt 0.367929 0.328610
vt 0.367802 0.336372
vt 0.373558 0.339234
vt 0.339607 0.328629
vt 0.339205 0.321701
vt 0.334586 0.328629
vt 0.334714 0.336392
vt 0.680452 0.654295
vt 0.674718 0.654236
vt 0.674659 0.648502
vt 0.680444 0.648509
vt 0.328941 0.331223
vt 0.328957 0.339255
vt 0.379756 0.315862
vt 0.373583 0.315571
vt 0.379756 0.331575
vt 0.368006 0.313534
vt 0.363590 0.308510
vt 0.363311 0.321683
vt 0.342537 0.308527
vt 0.322758 0.331594
vt 0.322758 0.339664
vt 0.674650 0.642327
vt 0.680443 0.642327
vt 0.686627 0.648510
vt 0.686627 0.642327
vt 0.686627 0.654303
vt 0.379756 0.339643
vt 0.680443 0.636078
vt 0.674650 0.636078
vt 0.674650 0.629830
vt 0.680443 0.629830
vt 0.316486 0.339664
vt 0.316486 0.331594
vt 0.310213 0.331594
vt 0.310213 0.339664
vt 0.674650 0.623581
vt 0.680443 0.623581
vt 0.303940 0.331594
vt 0.303940 0.339664
vt 0.686627 0.636078
vt 0.316486 0.315879
vt 0.310213 0.315879
vt 0.303940 0.315879
vt 0.297667 0.315879
vt 0.297667 0.331594
vt 0.297667 0.339664
vt 0.674650 0.617333
vt 0.680443 0.617333
vt 0.686627 0.623581
vt 0.686627 0.617333
vt 0.686627 0.629830
vt 0.680443 0.611084
vt 0.674650 0.611084
vt 0.674650 0.604836
vt 0.680443 0.604836
vt 0.291395 0.339664
vt 0.291395 0.331594
vt 0.285122 0.331594
vt 0.285122 0.339664
vt 0.674650 0.598587
vt 0.680443 0.598587
vt 0.278849 0.331594
vt 0.278849 0.339664
vt 0.686627 0.611084
vt 0.291395 0.315879
vt 0.285122 0.315879
vt 0.278849 0.315879
vt 0.272576 0.315879
vt 0.272576 0.331594
vt 0.272576 0.339664
vt 0.674650 0.592338
vt 0.680443 0.592338
vt 0.686627 0.598587
vt 0.686627 0.592338
vt 0.686627 0.604836
vt 0.680443 0.586090
vt 0.674650 0.586090
vt 0.674650 0.579841
vt 0.680443 0.579841
vt 0.266303 0.339664
vt 0.266303 0.331594
vt 0.260031 0.331594
vt 0.260031 0.339664
vt 0.674650 0.573593
vt 0.680443 0.573593
vt 0.253758 0.331594
vt 0.253758 0.339664
vt 0.686627 0.586090
vt 0.266303 0.315879
vt 0.260031 0.315879
vt 0.253758 0.315879
vt 0.247485 0.315879
vt 0.247485 0.331594
vt 0.247485 0.339664
vt 0.674650 0.567344
vt 0.680443 0.567344
vt 0.686627 0.573593
vt 0.686627 0.567344
vt 0.686627 0.579841
vt 0.680443 0.561096
vt 0.674650 0.561096
vt 0.674650 0.554847
vt 0.680443 0.554847
vt 0.241212 0.339664
vt 0.241212 0.331594
vt 0.234939 0.331594
vt 0.234939 0.339664
vt 0.674650 0.548599
vt 0.680443 0.548599
vt 0.228667 0.331594
vt 0.228667 0.339664
vt 0.686627 0.561096
vt 0.241212 0.315879
vt 0.234939 0.315879
vt 0.228667 0.315879
vt 0.222394 0.315879
vt 0.222394 0.331594
vt 0.222394 0.339664
vt 0.674650 0.542350
vt 0.680443 0.542350
vt 0.686627 0.548599
vt 0.686627 0.542350
vt 0.686627 0.554847
vt 0.680443 0.536102
vt 0.674650 0.536102
vt 0.674650 0.529853
vt 0.680443 0.529853
vt 0.216121 0.339664
vt 0.216121 0.331594
vt 0.209848 0.331594
vt 0.209848 0.339664
vt 0.674650 0.523605
vt 0.680443 0.523605
vt 0.203575 0.331594
vt 0.203575 0.339664
vt 0.686627 0.536102
vt 0.216121 0.315879
vt 0.209848 0.315879
vt 0.203575 0.315879
vt 0.197303 0.315879
vt 0.197303 0.331594
vt 0.197303 0.339664
vt 0.674650 0.517356
vt 0.680443 0.517356
vt 0.686627 0.523605
vt 0.686627 0.517356
vt 0.686627 0.529853
vt 0.680443 0.511107
vt 0.674650 0.511107
vt 0.674650 0.504859
vt 0.680443 0.504859
vt 0.191030 0.339664
vt 0.191030 0.331594
vt 0.184757 0.331594
vt 0.184757 0.339664
vt 0.674650 0.498610
vt 0.680443 0.498610
vt 0.178484 0.331594
vt 0.178484 0.339664
vt 0.686627 0.511107
vt 0.191030 0.315879
vt 0.184757 0.315879
vt 0.178484 0.315879
vt 0.172212 0.315879
vt 0.172212 0.331594
vt 0.172212 0.339664
vt 0.674650 0.492362
vt 0.680443 0.492362
vt 0.686627 0.498610
vt 0.686627 0.492362
vt 0.686627 0.504859
vt 0.680443 0.486113
vt 0.674650 0.486113
vt 0.674650 0.479865
vt 0.680443 0.479865
vt 0.165939 0.339664
vt 0.165939 0.331594
vt 0.159666 0.331594
vt 0.159666 0.339664
vt 0.674650 0.473616
vt 0.680443 0.473616
vt 0.153393 0.331594
vt 0.153393 0.339664
vt 0.686627 0.486113
vt 0.165939 0.315879
vt 0.159666 0.315879
vt 0.153393 0.315879
vt 0.147120 0.315879
vt 0.147120 0.331594
vt 0.147120 0.339664
vt 0.674650 0.467368
vt 0.680443 0.467367
vt 0.686627 0.473616
vt 0.686627 0.467367
vt 0.686627 0.479865
vt 0.680443 0.461119
vt 0.674650 0.461119
vt 0.674650 0.454870
vt 0.680443 0.454870
vt 0.140848 0.339664
vt 0.140848 0.331594
vt 0.134575 0.331594
vt 0.134575 0.339664
vt 0.674650 0.448622
vt 0.680443 0.448622
vt 0.128302 0.331594
vt 0.128302 0.339664
vt 0.686627 0.461119
vt 0.140848 0.315879
vt 0.134575 0.315879
vt 0.128302 0.315879
vt 0.122029 0.315879
vt 0.122029 0.331594
vt 0.122029 0.339664
vt 0.674650 0.442373
vt 0.680443 0.442373
vt 0.686627 0.448622
vt 0.686627 0.442373
vt 0.686627 0.454870
vt 0.680443 0.436125
vt 0.674650 0.436125
vt 0.674650 0.429876
vt 0.680443 0.429876
vt 0.115756 0.339664
vt 0.115756 0.331594
vt 0.109484 0.331594
vt 0.109484 0.339664
vt 0.674650 0.423628
vt 0.680443 0.423628
vt 0.103211 0.331594
vt 0.103211 0.339664
vt 0.686627 0.436125
vt 0.115756 0.315879
vt 0.109484 0.315879
vt 0.103211 0.315879
vt 0.096938 0.315879
vt 0.096938 0.331594
vt 0.096938 0.339664
vt 0.674650 0.417379
vt 0.680443 0.417379
vt 0.686627 0.423628
vt 0.686627 0.417379
vt 0.686627 0.429876
vt 0.680443 0.411131
vt 0.674650 0.411131
vt 0.674650 0.404882
vt 0.680443 0.404882
vt 0.090665 0.339664
vt 0.090665 0.331594
vt 0.084393 0.331594
vt 0.084392 0.339664
vt 0.674650 0.398634
vt 0.680443 0.398634
vt 0.078120 0.331594
vt 0.078120 0.339664
vt 0.686627 0.411131
vt 0.090665 0.315879
vt 0.084393 0.315879
vt 0.078120 0.315879
vt 0.071847 0.315879
vt 0.071847 0.331594
vt 0.071847 0.339664
vt 0.674650 0.392385
vt 0.680443 0.392385
vt 0.686627 0.398634
vt 0.686627 0.392385
vt 0.686627 0.404882
vt 0.680443 0.386136
vt 0.674650 0.386136
vt 0.674650 0.379888
vt 0.680443 0.379888
vt 0.065574 0.339664
vt 0.065574 0.331594
vt 0.059301 0.331594
vt 0.059301 0.339664
vt 0.674650 0.373639
vt 0.680443 0.373639
vt 0.053028 0.331594
vt 0.053028 0.339664
vt 0.686627 0.386136
vt 0.065574 0.315879
vt 0.059301 0.315879
vt 0.053028 0.315879
vt 0.686627 0.373639
vt 0.686627 0.379888
vt 0.661906 0.028734
vt 0.667550 0.031328
vt 0.667677 0.023566
vt 0.661922 0.020703
vt 0.672570 0.031328
vt 0.672168 0.038255
vt 0.667677 0.023566
vt 0.652507 0.654295
vt 0.658241 0.654236
vt 0.658300 0.648502
vt 0.652514 0.648509
vt 0.661922 0.020703
vt 0.655723 0.044076
vt 0.661896 0.044367
vt 0.655723 0.028363
vt 0.667474 0.046404
vt 0.671889 0.051428
vt 0.675499 0.051428
vt 0.674539 0.057665
vt 0.671889 0.051428
vt 0.655723 0.020295
vt 0.658308 0.642327
vt 0.652515 0.642327
vt 0.646332 0.648510
vt 0.646332 0.642327
vt 0.646332 0.654303
vt 0.652515 0.636078
vt 0.658308 0.636078
vt 0.658308 0.629830
vt 0.652515 0.629830
vt 0.649451 0.020295
vt 0.649451 0.028363
vt 0.643179 0.028363
vt 0.643179 0.020295
vt 0.658308 0.623581
vt 0.652515 0.623581
vt 0.636908 0.028363
vt 0.636908 0.020295
vt 0.646332 0.636078
vt 0.649451 0.044076
vt 0.643179 0.044076
vt 0.636908 0.044076
vt 0.630635 0.044076
vt 0.630635 0.028363
vt 0.630635 0.020295
vt 0.658308 0.617333
vt 0.652515 0.617333
vt 0.646332 0.623581
vt 0.646332 0.617333
vt 0.646332 0.629830
vt 0.652515 0.611084
vt 0.658308 0.611084
vt 0.658308 0.604836
vt 0.652515 0.604836
vt 0.624363 0.020295
vt 0.624364 0.028363
vt 0.618092 0.028363
vt 0.618092 0.020295
vt 0.658308 0.598587
vt 0.652515 0.598587
vt 0.611820 0.028363
vt 0.611820 0.020295
vt 0.646332 0.611084
vt 0.624364 0.044076
vt 0.618092 0.044076
vt 0.611820 0.044076
vt 0.605548 0.044076
vt 0.605548 0.028363
vt 0.605548 0.020295
vt 0.658308 0.592338
vt 0.652515 0.592338
vt 0.646332 0.598587
vt 0.646332 0.592338
vt 0.646332 0.604836
vt 0.652515 0.586090
vt 0.658308 0.586090
vt 0.658308 0.579841
vt 0.652515 0.579841
vt 0.599276 0.020295
vt 0.599276 0.028363
vt 0.593004 0.028363
vt 0.593004 0.020295
vt 0.658308 0.573593
vt 0.652515 0.573593
vt 0.586732 0.028363
vt 0.586732 0.020295
vt 0.646332 0.586090
vt 0.599276 0.044076
vt 0.593004 0.044076
vt 0.586732 0.044076
vt 0.580460 0.044076
vt 0.580460 0.028363
vt 0.580460 0.020295
vt 0.658308 0.567344
vt 0.652515 0.567344
vt 0.646332 0.573593
vt 0.646332 0.567344
vt 0.646332 0.579841
vt 0.652515 0.561096
vt 0.658308 0.561096
vt 0.658308 0.554847
vt 0.652515 0.554847
vt 0.574188 0.020295
vt 0.574188 0.028363
vt 0.567916 0.028363
vt 0.567916 0.020295
vt 0.658308 0.548599
vt 0.652515 0.548599
vt 0.561644 0.028363
vt 0.561644 0.020295
vt 0.646332 0.561096
vt 0.574188 0.044076
vt 0.567916 0.044076
vt 0.561644 0.044076
vt 0.555372 0.044076
vt 0.555372 0.028363
vt 0.555372 0.020295
vt 0.658308 0.542350
vt 0.652515 0.542350
vt 0.646332 0.548599
vt 0.646332 0.542350
vt 0.646332 0.554847
vt 0.652515 0.536102
vt 0.658308 0.536102
vt 0.658308 0.529853
vt 0.652515 0.529853
vt 0.549100 0.020295
vt 0.549100 0.028363
vt 0.542828 0.028363
vt 0.542828 0.020295
vt 0.658308 0.523604
vt 0.652515 0.523604
vt 0.536556 0.028363
vt 0.536556 0.020295
vt 0.646332 0.536102
vt 0.549100 0.044076
vt 0.542828 0.044076
vt 0.536556 0.044076
vt 0.530284 0.044076
vt 0.530284 0.028363
vt 0.530284 0.020295
vt 0.658308 0.517356
vt 0.652515 0.517356
vt 0.646332 0.523604
vt 0.646332 0.517356
vt 0.646332 0.529853
vt 0.652515 0.511107
vt 0.658308 0.511107
vt 0.658308 0.504859
vt 0.652515 0.504859
vt 0.524012 0.020295
vt 0.524012 0.028363
vt 0.517740 0.028363
vt 0.517740 0.020295
vt 0.658308 0.498610
vt 0.652515 0.498610
vt 0.511468 0.028363
vt 0.511468 0.020295
vt 0.646332 0.511107
vt 0.524012 0.044076
vt 0.517740 0.044076
vt 0.511468 0.044076
vt 0.505196 0.044076
vt 0.505196 0.028363
vt 0.505196 0.020295
vt 0.658308 0.492362
vt 0.652515 0.492362
vt 0.646332 0.498610
vt 0.646332 0.492362
vt 0.646332 0.504859
vt 0.652515 0.486113
vt 0.658308 0.486113
vt 0.658308 0.479865
vt 0.652515 0.479865
vt 0.498924 0.020295
vt 0.498924 0.028363
vt 0.492652 0.028363
vt 0.492652 0.020295
vt 0.658308 0.473616
vt 0.652515 0.473616
vt 0.486380 0.028363
vt 0.486380 0.020295
vt 0.646332 0.486113
vt 0.498924 0.044076
vt 0.492652 0.044076
vt 0.486380 0.044076
vt 0.480108 0.044076
vt 0.480108 0.028363
vt 0.480108 0.020295
vt 0.658308 0.467368
vt 0.652515 0.467367
vt 0.646332 0.473616
vt 0.646332 0.467367
vt 0.646332 0.479865
vt 0.652515 0.461119
vt 0.658308 0.461119
vt 0.658308 0.454870
vt 0.652515 0.454870
vt 0.473836 0.020295
vt 0.473836 0.028363
vt 0.467564 0.028363
vt 0.467564 0.020295
vt 0.658308 0.448622
vt 0.652515 0.448622
vt 0.461292 0.028363
vt 0.461292 0.020295
vt 0.646332 0.461119
vt 0.473836 0.044076
vt 0.467564 0.044076
vt 0.461292 0.044076
vt 0.455020 0.044076
vt 0.455020 0.028363
vt 0.455020 0.020295
vt 0.658308 0.442373
vt 0.652515 0.442373
vt 0.646332 0.448622
vt 0.646332 0.442373
vt 0.646332 0.454870
vt 0.652515 0.436125
vt 0.658308 0.436125
vt 0.658308 0.429876
vt 0.652515 0.429876
vt 0.448748 0.020295
vt 0.448748 0.028363
vt 0.442476 0.028363
vt 0.442476 0.020295
vt 0.658308 0.423628
vt 0.652515 0.423628
vt 0.436204 0.028363
vt 0.436204 0.020295
vt 0.646332 0.436125
vt 0.448748 0.044076
vt 0.442476 0.044076
vt 0.436204 0.044076
vt 0.429932 0.044076
vt 0.429932 0.028363
vt 0.429932 0.020295
vt 0.658308 0.417379
vt 0.652515 0.417379
vt 0.646332 0.423628
vt 0.646332 0.417379
vt 0.646332 0.429876
vt 0.652515 0.411130
vt 0.658308 0.411131
vt 0.658308 0.404882
vt 0.652515 0.404882
vt 0.423660 0.020295
vt 0.423660 0.028363
vt 0.417388 0.028363
vt 0.417388 0.020295
vt 0.658308 0.398633
vt 0.652515 0.398633
vt 0.411116 0.028363
vt 0.411116 0.020295
vt 0.646332 0.411130
vt 0.423660 0.044076
vt 0.417388 0.044076
vt 0.411116 0.044076
vt 0.404844 0.044076
vt 0.404844 0.028363
vt 0.404844 0.020295
vt 0.658308 0.392385
vt 0.652515 0.392385
vt 0.646332 0.398633
vt 0.646332 0.392385
vt 0.646332 0.404882
vt 0.652515 0.386136
vt 0.658308 0.386136
vt 0.658308 0.379888
vt 0.652515 0.379888
vt 0.398572 0.020295
vt 0.398572 0.028363
vt 0.392300 0.028363
vt 0.392300 0.020295
vt 0.658308 0.373639
vt 0.652515 0.373639
vt 0.386028 0.028363
vt 0.386028 0.020295
vt 0.646332 0.386136
vt 0.398572 0.044076
vt 0.392300 0.044076
vt 0.386028 0.044076
vt 0.646332 0.373639
vt 0.646332 0.379888
vt 0.671889 0.308510
vt 0.655723 0.315862
vt 0.649451 0.220312
vt 0.649451 0.258107
vt 0.643179 0.258107
vt 0.643179 0.220312
vt 0.649451 0.290807
vt 0.643179 0.290807
vt 0.636908 0.258107
vt 0.636908 0.220312
vt 0.636908 0.290807
vt 0.649451 0.179969
vt 0.649451 0.315862
vt 0.643179 0.315862
vt 0.636908 0.315862
vt 0.630635 0.315862
vt 0.630635 0.290807
vt 0.630635 0.258107
vt 0.630635 0.220312
vt 0.636908 0.179969
vt 0.630635 0.179969
vt 0.643179 0.179969
vt 0.624364 0.220312
vt 0.624363 0.258107
vt 0.618092 0.258107
vt 0.618092 0.220312
vt 0.624364 0.290807
vt 0.618092 0.290807
vt 0.611820 0.258107
vt 0.611820 0.220312
vt 0.611820 0.290807
vt 0.624364 0.179969
vt 0.624364 0.315862
vt 0.618092 0.315862
vt 0.611820 0.315862
vt 0.605548 0.315862
vt 0.605548 0.290807
vt 0.605548 0.258107
vt 0.605548 0.220312
vt 0.611820 0.179969
vt 0.605548 0.179969
vt 0.618092 0.179969
vt 0.599276 0.220312
vt 0.599276 0.258107
vt 0.593004 0.258107
vt 0.593004 0.220312
vt 0.599276 0.290807
vt 0.593004 0.290807
vt 0.586732 0.258107
vt 0.586732 0.220312
vt 0.586732 0.290807
vt 0.599276 0.179969
vt 0.599276 0.315862
vt 0.593004 0.315862
vt 0.586732 0.315862
vt 0.580460 0.315862
vt 0.580460 0.290807
vt 0.580460 0.258107
vt 0.580460 0.220312
vt 0.586732 0.179969
vt 0.580460 0.179969
vt 0.593004 0.179969
vt 0.574188 0.220312
vt 0.574188 0.258107
vt 0.567916 0.258107
vt 0.567916 0.220312
vt 0.574188 0.290807
vt 0.567916 0.290807
vt 0.561644 0.258107
vt 0.561644 0.220312
vt 0.561644 0.290807
vt 0.574188 0.179969
vt 0.574188 0.315862
vt 0.567916 0.315862
vt 0.561644 0.315862
vt 0.555372 0.315862
vt 0.555372 0.290807
vt 0.555372 0.258107
vt 0.555372 0.220312
vt 0.561644 0.179969
vt 0.555372 0.179969
vt 0.567916 0.179969
vt 0.549100 0.220312
vt 0.549100 0.258107
vt 0.542828 0.258107
vt 0.542828 0.220312
vt 0.549100 0.290807
vt 0.542828 0.290807
vt 0.536556 0.258107
vt 0.536556 0.220312
vt 0.536556 0.290807
vt 0.549100 0.179969
vt 0.549100 0.315862
vt 0.542828 0.315862
vt 0.536556 0.315862
vt 0.530284 0.315862
vt 0.530284 0.290807
vt 0.530284 0.258107
vt 0.530284 0.220312
vt 0.536556 0.179969
vt 0.530284 0.179969
vt 0.542828 0.179969
vt 0.524012 0.220312
vt 0.524012 0.258107
vt 0.517740 0.258107
vt 0.517740 0.220312
vt 0.524012 0.290807
vt 0.517740 0.290807
vt 0.511468 0.258107
vt 0.511468 0.220312
vt 0.511468 0.290807
vt 0.524012 0.179969
vt 0.524012 0.315862
vt 0.517740 0.315862
vt 0.511468 0.315862
vt 0.505196 0.315862
vt 0.505196 0.290807
vt 0.505196 0.258107
vt 0.505196 0.220312
vt 0.511468 0.179969
vt 0.505196 0.179969
vt 0.517740 0.179969
vt 0.498924 0.220312
vt 0.498924 0.258107
vt 0.492652 0.258107
vt 0.492652 0.220312
vt 0.498924 0.290807
vt 0.492652 0.290807
vt 0.486380 0.258107
vt 0.486380 0.220312
vt 0.486380 0.290807
vt 0.498924 0.179969
vt 0.498924 0.315862
vt 0.492652 0.315862
vt 0.486380 0.315862
vt 0.480108 0.315862
vt 0.480108 0.290807
vt 0.480108 0.258107
vt 0.480108 0.220312
vt 0.486380 0.179969
vt 0.480108 0.179969
vt 0.492652 0.179969
vt 0.473836 0.220312
vt 0.473836 0.258107
vt 0.467564 0.258107
vt 0.467564 0.220312
vt 0.473836 0.290807
vt 0.467564 0.290807
vt 0.461292 0.258107
vt 0.461292 0.220312
vt 0.461292 0.290807
vt 0.473836 0.179969
vt 0.473836 0.315862
vt 0.467564 0.315862
vt 0.461292 0.315862
vt 0.455020 0.315862
vt 0.455020 0.290807
vt 0.455020 0.258107
vt 0.455020 0.220312
vt 0.461292 0.179969
vt 0.455020 0.179969
vt 0.467564 0.179969
vt 0.448748 0.220312
vt 0.448748 0.258107
vt 0.442476 0.258107
vt 0.442476 0.220312
vt 0.448748 0.290807
vt 0.442476 0.290807
vt 0.436204 0.258107
vt 0.436204 0.220312
vt 0.436204 0.290807
vt 0.448748 0.179969
vt 0.448748 0.315862
vt 0.442476 0.315862
vt 0.436204 0.315862
vt 0.429932 0.315862
vt 0.429932 0.290807
vt 0.429932 0.258107
vt 0.429932 0.220312
vt 0.436204 0.179969
vt 0.429932 0.179969
vt 0.442476 0.179969
vt 0.423660 0.220312
vt 0.423660 0.258107
vt 0.417388 0.258107
vt 0.417388 0.220312
vt 0.423660 0.290807
vt 0.417388 0.290807
vt 0.411116 0.258107
vt 0.411116 0.220312
vt 0.411116 0.290807
vt 0.423660 0.179969
vt 0.423660 0.315862
vt 0.417388 0.315862
vt 0.411116 0.315862
vt 0.404844 0.315862
vt 0.404844 0.290807
vt 0.404844 0.258107
vt 0.404844 0.220312
vt 0.411116 0.179969
vt 0.404844 0.179969
vt 0.417388 0.179969
vt 0.398572 0.220312
vt 0.398572 0.258107
vt 0.392300 0.258107
vt 0.392300 0.220312
vt 0.398572 0.290807
vt 0.392300 0.290807
vt 0.386028 0.258107
vt 0.386028 0.220312
vt 0.386028 0.290807
vt 0.398572 0.179969
vt 0.398572 0.315862
vt 0.392300 0.315862
vt 0.386028 0.315862
vt 0.386028 0.179969
vt 0.392300 0.179969
vt 0.029727 0.220159
vt 0.029907 0.256851
vt 0.034801 0.257677
vt 0.034741 0.220262
vt 0.030309 0.286874
vt 0.034928 0.289484
vt 0.040557 0.258062
vt 0.040549 0.220310
vt 0.040573 0.290654
vt 0.025846 0.179969
vt 0.025891 0.220097
vt 0.029702 0.179969
vt 0.026205 0.256356
vt 0.026978 0.285061
vt 0.046756 0.290821
vt 0.046756 0.258117
vt 0.046756 0.220317
vt 0.040548 0.179969
vt 0.046756 0.179969
vt 0.034733 0.179969
vt 0.053028 0.220317
vt 0.053028 0.258117
vt 0.059301 0.258117
vt 0.059301 0.220317
vt 0.053028 0.290821
vt 0.059301 0.290821
vt 0.065574 0.258117
vt 0.065574 0.220317
vt 0.065574 0.290821
vt 0.053028 0.179969
vt 0.071847 0.290821
vt 0.071847 0.258117
vt 0.071847 0.220317
vt 0.065574 0.179969
vt 0.071847 0.179969
vt 0.059301 0.179969
vt 0.078120 0.220317
vt 0.078120 0.258117
vt 0.084392 0.258117
vt 0.084392 0.220317
vt 0.078120 0.290821
vt 0.084392 0.290821
vt 0.090665 0.258117
vt 0.090665 0.220317
vt 0.090665 0.290821
vt 0.078120 0.179969
vt 0.096938 0.290821
vt 0.096938 0.258117
vt 0.096938 0.220317
vt 0.090665 0.179969
vt 0.096938 0.179969
vt 0.084393 0.179969
vt 0.103211 0.220317
vt 0.103211 0.258117
vt 0.109484 0.258117
vt 0.109484 0.220317
vt 0.103211 0.290821
vt 0.109484 0.290821
vt 0.115756 0.258117
vt 0.115756 0.220317
vt 0.115756 0.290821
vt 0.103211 0.179969
vt 0.122029 0.290821
vt 0.122029 0.258117
vt 0.122029 0.220317
vt 0.115756 0.179969
vt 0.122029 0.179969
vt 0.109484 0.179969
vt 0.128302 0.220317
vt 0.128302 0.258117
vt 0.134575 0.258117
vt 0.134575 0.220317
vt 0.128302 0.290821
vt 0.134575 0.290821
vt 0.140848 0.258117
vt 0.140848 0.220317
vt 0.140848 0.290821
vt 0.128302 0.179969
vt 0.147120 0.290821
vt 0.147120 0.258117
vt 0.147120 0.220317
vt 0.140848 0.179969
vt 0.147120 0.179969
vt 0.134575 0.179969
vt 0.153393 0.220317
vt 0.153393 0.258117
vt 0.159666 0.258117
vt 0.159666 0.220317
vt 0.153393 0.290821
vt 0.159666 0.290821
vt 0.165939 0.258117
vt 0.165939 0.220317
vt 0.165939 0.290821
vt 0.153393 0.179969
vt 0.172212 0.290821
vt 0.172212 0.258117
vt 0.172212 0.220317
vt 0.165939 0.179969
vt 0.172212 0.179969
vt 0.159666 0.179969
vt 0.178484 0.220317
vt 0.178484 0.258117
vt 0.184757 0.258117
vt 0.184757 0.220317
vt 0.178484 0.290821
vt 0.184757 0.290821
vt 0.191030 0.258117
vt 0.191030 0.220317
vt 0.191030 0.290821
vt 0.178484 0.179969
vt 0.197303 0.290821
vt 0.197303 0.258117
vt 0.197303 0.220317
vt 0.191030 0.179969
vt 0.197303 0.179969
vt 0.184757 0.179969
vt 0.203575 0.220317
vt 0.203575 0.258117
vt 0.209848 0.258117
vt 0.209848 0.220317
vt 0.203575 0.290821
vt 0.209848 0.290821
vt 0.216121 0.258117
vt 0.216121 0.220317
vt 0.216121 0.290821
vt 0.203575 0.179969
vt 0.222394 0.290821
vt 0.222394 0.258117
vt 0.222394 0.220317
vt 0.216121 0.179969
vt 0.222394 0.179969
vt 0.209848 0.179969
vt 0.228667 0.220317
vt 0.228667 0.258117
vt 0.234939 0.258117
vt 0.234939 0.220317
vt 0.228667 0.290821
vt 0.234939 0.290821
vt 0.241212 0.258117
vt 0.241212 0.220317
vt 0.241212 0.290821
vt 0.228667 0.179969
vt 0.247485 0.290821
vt 0.247485 0.258117
vt 0.247485 0.220317
vt 0.241212 0.179969
vt 0.247485 0.179969
vt 0.234939 0.179969
vt 0.253758 0.220317
vt 0.253758 0.258117
vt 0.260031 0.258117
vt 0.260031 0.220317
vt 0.253758 0.290821
vt 0.260031 0.290821
vt 0.266303 0.258117
vt 0.266303 0.220317
vt 0.266303 0.290821
vt 0.253758 0.179969
vt 0.272576 0.290821
vt 0.272576 0.258117
vt 0.272576 0.220317
vt 0.266303 0.179969
vt 0.272576 0.179969
vt 0.260031 0.179969
vt 0.278849 0.220317
vt 0.278849 0.258117
vt 0.285122 0.258117
vt 0.285122 0.220317
vt 0.278849 0.290821
vt 0.285122 0.290821
vt 0.291395 0.258117
vt 0.291394 0.220317
vt 0.291395 0.290821
vt 0.278849 0.179969
vt 0.297667 0.290821
vt 0.297667 0.258117
vt 0.297667 0.220317
vt 0.291395 0.179969
vt 0.297667 0.179969
vt 0.285122 0.179969
vt 0.303940 0.220317
vt 0.303940 0.258117
vt 0.310213 0.258117
vt 0.310213 0.220317
vt 0.303940 0.290821
vt 0.310213 0.290821
vt 0.316486 0.258117
vt 0.316486 0.220317
vt 0.316486 0.290821
vt 0.303940 0.179969
vt 0.316486 0.179969
vt 0.310213 0.179969
vt 0.303940 0.069117
vt 0.303940 0.101820
vt 0.310213 0.101820
vt 0.310213 0.069117
vt 0.303940 0.139620
vt 0.310213 0.139620
vt 0.316486 0.101820
vt 0.316486 0.069117
vt 0.316486 0.139620
vt 0.297667 0.044059
vt 0.297667 0.069117
vt 0.303940 0.044059
vt 0.297667 0.101820
vt 0.297667 0.139620
vt 0.322758 0.139620
vt 0.322758 0.101820
vt 0.322758 0.069117
vt 0.316486 0.044059
vt 0.322758 0.044059
vt 0.310213 0.044059
vt 0.278849 0.069117
vt 0.278849 0.101820
vt 0.285122 0.101820
vt 0.285122 0.069117
vt 0.278849 0.139620
vt 0.285122 0.139620
vt 0.291395 0.101820
vt 0.291395 0.069117
vt 0.291394 0.139620
vt 0.272576 0.044059
vt 0.272576 0.069117
vt 0.278849 0.044059
vt 0.272576 0.101820
vt 0.272576 0.139620
vt 0.291395 0.044059
vt 0.285122 0.044059
vt 0.253758 0.069117
vt 0.253758 0.101820
vt 0.260031 0.101820
vt 0.260031 0.069117
vt 0.253758 0.139620
vt 0.260031 0.139620
vt 0.266303 0.101820
vt 0.266303 0.069117
vt 0.266303 0.139620
vt 0.247485 0.044059
vt 0.247485 0.069117
vt 0.253758 0.044059
vt 0.247485 0.101820
vt 0.247485 0.139620
vt 0.266303 0.044059
vt 0.260031 0.044059
vt 0.228667 0.069117
vt 0.228667 0.101820
vt 0.234939 0.101820
vt 0.234939 0.069117
vt 0.228667 0.139620
vt 0.234939 0.139620
vt 0.241212 0.101820
vt 0.241212 0.069117
vt 0.241212 0.139620
vt 0.222394 0.044059
vt 0.222394 0.069117
vt 0.228667 0.044059
vt 0.222394 0.101820
vt 0.222394 0.139620
vt 0.241212 0.044059
vt 0.234939 0.044059
vt 0.203575 0.069117
vt 0.203575 0.101820
vt 0.209848 0.101820
vt 0.209848 0.069117
vt 0.203575 0.139620
vt 0.209848 0.139620
vt 0.216121 0.101820
vt 0.216121 0.069117
vt 0.216121 0.139620
vt 0.197303 0.044059
vt 0.197303 0.069117
vt 0.203575 0.044059
vt 0.197303 0.101820
vt 0.197303 0.139620
vt 0.216121 0.044059
vt 0.209848 0.044059
vt 0.178484 0.069117
vt 0.178484 0.101820
vt 0.184757 0.101820
vt 0.184757 0.069117
vt 0.178484 0.139620
vt 0.184757 0.139620
vt 0.191030 0.101820
vt 0.191030 0.069117
vt 0.191030 0.139620
vt 0.172212 0.044059
vt 0.172212 0.069117
vt 0.178484 0.044059
vt 0.172212 0.101820
vt 0.172212 0.139620
vt 0.191030 0.044059
vt 0.184757 0.044059
vt 0.153393 0.069117
vt 0.153393 0.101820
vt 0.159666 0.101820
vt 0.159666 0.069117
vt 0.153393 0.139620
vt 0.159666 0.139620
vt 0.165939 0.101820
vt 0.165939 0.069117
vt 0.165939 0.139620
vt 0.147120 0.044059
vt 0.147120 0.069117
vt 0.153393 0.044059
vt 0.147120 0.101820
vt 0.147120 0.139620
vt 0.165939 0.044059
vt 0.159666 0.044059
vt 0.128302 0.069117
vt 0.128302 0.101820
vt 0.134575 0.101820
vt 0.134575 0.069117
vt 0.128302 0.139620
vt 0.134575 0.139620
vt 0.140848 0.101820
vt 0.140848 0.069117
vt 0.140848 0.139620
vt 0.122029 0.044059
vt 0.122029 0.069117
vt 0.128302 0.044059
vt 0.122029 0.101820
vt 0.122029 0.139620
vt 0.140848 0.044059
vt 0.134575 0.044059
vt 0.103211 0.069117
vt 0.103211 0.101820
vt 0.109484 0.101820
vt 0.109484 0.069117
vt 0.103211 0.139620
vt 0.109484 0.139620
vt 0.115756 0.101820
vt 0.115756 0.069117
vt 0.115756 0.139620
vt 0.096938 0.044059
vt 0.096938 0.069117
vt 0.103211 0.044059
vt 0.096938 0.101820
vt 0.096938 0.139620
vt 0.115756 0.044059
vt 0.109484 0.044059
vt 0.078120 0.069117
vt 0.078120 0.101820
vt 0.084392 0.101820
vt 0.084392 0.069117
vt 0.078120 0.139620
vt 0.084392 0.139620
vt 0.090665 0.101820
vt 0.090665 0.069117
vt 0.090665 0.139620
vt 0.071847 0.044059
vt 0.071847 0.069117
vt 0.078120 0.044059
vt 0.071847 0.101820
vt 0.071847 0.139620
vt 0.090665 0.044059
vt 0.084392 0.044059
vt 0.053028 0.069117
vt 0.053028 0.101820
vt 0.059301 0.101820
vt 0.059301 0.069117
vt 0.053028 0.139620
vt 0.059301 0.139620
vt 0.065574 0.101820
vt 0.065574 0.069117
vt 0.065574 0.139620
vt 0.046756 0.044059
vt 0.046756 0.069117
vt 0.053028 0.044059
vt 0.046756 0.101820
vt 0.046756 0.139620
vt 0.065574 0.044059
vt 0.059301 0.044059
vt 0.030309 0.073064
vt 0.029907 0.103087
vt 0.034801 0.102261
vt 0.034928 0.070454
vt 0.029727 0.139779
vt 0.034741 0.139676
vt 0.040557 0.101875
vt 0.040573 0.069284
vt 0.040549 0.139627
vt 0.027938 0.057649
vt 0.026978 0.074877
vt 0.030588 0.051411
vt 0.026205 0.103582
vt 0.025891 0.139841
vt 0.040582 0.044350
vt 0.035004 0.046387
vt 0.398572 0.069131
vt 0.398572 0.101830
vt 0.392300 0.101830
vt 0.392300 0.069131
vt 0.398572 0.139626
vt 0.392300 0.139626
vt 0.386028 0.101830
vt 0.386028 0.069131
vt 0.386028 0.139626
vt 0.404844 0.069131
vt 0.404844 0.101830
vt 0.404844 0.139626
vt 0.379756 0.139626
vt 0.379756 0.101830
vt 0.379756 0.069131
vt 0.423660 0.069131
vt 0.423660 0.101830
vt 0.417388 0.101830
vt 0.417388 0.069131
vt 0.423660 0.139626
vt 0.417388 0.139626
vt 0.411116 0.101830
vt 0.411116 0.069131
vt 0.411116 0.139626
vt 0.429932 0.069131
vt 0.429932 0.101830
vt 0.429932 0.139626
vt 0.448748 0.069131
vt 0.448748 0.101830
vt 0.442476 0.101830
vt 0.442476 0.069131
vt 0.448748 0.139626
vt 0.442476 0.139626
vt 0.436204 0.101830
vt 0.436204 0.069131
vt 0.436204 0.139626
vt 0.455020 0.069131
vt 0.455020 0.101830
vt 0.455020 0.139626
vt 0.473836 0.069131
vt 0.473836 0.101830
vt 0.467564 0.101830
vt 0.467564 0.069131
vt 0.473836 0.139626
vt 0.467564 0.139626
vt 0.461292 0.101830
vt 0.461292 0.069131
vt 0.461292 0.139626
vt 0.480108 0.069131
vt 0.480108 0.101830
vt 0.480108 0.139626
vt 0.498924 0.069131
vt 0.498924 0.101830
vt 0.492652 0.101830
vt 0.492652 0.069131
vt 0.498924 0.139626
vt 0.492652 0.139626
vt 0.486380 0.101830
vt 0.486380 0.069131
vt 0.486380 0.139626
vt 0.505196 0.069131
vt 0.505196 0.101830
vt 0.505196 0.139626
vt 0.524012 0.069131
vt 0.524012 0.101830
vt 0.517740 0.101830
vt 0.517740 0.069131
vt 0.524012 0.139626
vt 0.517740 0.139626
vt 0.511468 0.101830
vt 0.511468 0.069131
vt 0.511468 0.139626
vt 0.530284 0.069131
vt 0.530284 0.101830
vt 0.530284 0.139626
vt 0.549100 0.069131
vt 0.549100 0.101830
vt 0.542828 0.101830
vt 0.542828 0.069131
vt 0.549100 0.139626
vt 0.542828 0.139626
vt 0.536556 0.101830
vt 0.536556 0.069131
vt 0.536556 0.139626
vt 0.555372 0.069131
vt 0.555372 0.101830
vt 0.555372 0.139626
vt 0.574188 0.069131
vt 0.574188 0.101830
vt 0.567916 0.101830
vt 0.567916 0.069131
vt 0.574188 0.139626
vt 0.567916 0.139626
vt 0.561644 0.101830
vt 0.561644 0.069131
vt 0.561644 0.139626
vt 0.580460 0.069131
vt 0.580460 0.101830
vt 0.580460 0.139626
vt 0.599276 0.069131
vt 0.599276 0.101830
vt 0.593004 0.101830
vt 0.593004 0.069131
vt 0.599276 0.139626
vt 0.593004 0.139626
vt 0.586732 0.101830
vt 0.586732 0.069131
vt 0.586732 0.139626
vt 0.605548 0.069131
vt 0.605548 0.101830
vt 0.605548 0.139626
vt 0.624363 0.069131
vt 0.624364 0.101830
vt 0.618092 0.101830
vt 0.618092 0.069131
vt 0.624364 0.139626
vt 0.618092 0.139626
vt 0.611820 0.101830
vt 0.611820 0.069131
vt 0.611820 0.139626
vt 0.630635 0.069131
vt 0.630635 0.101830
vt 0.630635 0.139626
vt 0.649451 0.069131
vt 0.649451 0.101830
vt 0.643179 0.101830
vt 0.643179 0.069131
vt 0.649451 0.139626
vt 0.643179 0.139626
vt 0.636908 0.101830
vt 0.636908 0.069131
vt 0.636908 0.139626
vt 0.655723 0.069131
vt 0.655723 0.101830
vt 0.655723 0.139626
vt 0.672168 0.073078
vt 0.672570 0.103096
vt 0.667677 0.102271
vt 0.667550 0.070468
vt 0.672750 0.139784
vt 0.667736 0.139681
vt 0.661922 0.101885
vt 0.661906 0.069298
vt 0.661929 0.139633
vt 0.675499 0.074890
vt 0.676272 0.103592
vt 0.676585 0.139846
vt 0.040535 0.403804
vt 0.040519 0.436404
vt 0.034761 0.436789
vt 0.034889 0.404974
vt 0.040512 0.474166
vt 0.034702 0.474214
vt 0.029867 0.437616
vt 0.030268 0.407585
vt 0.029687 0.474317
vt 0.046720 0.378572
vt 0.046720 0.403637
vt 0.040544 0.378863
vt 0.046720 0.436349
vt 0.046720 0.474159
vt 0.025850 0.474379
vt 0.026163 0.438111
vt 0.026936 0.409398
vt 0.030547 0.385926
vt 0.027896 0.392166
vt 0.034965 0.380901
vt 0.373574 0.069298
vt 0.373558 0.101885
vt 0.367803 0.102271
vt 0.367929 0.070468
vt 0.373550 0.139633
vt 0.367743 0.139681
vt 0.362910 0.103096
vt 0.363311 0.073078
vt 0.362730 0.139784
vt 0.358894 0.139846
vt 0.359208 0.103592
vt 0.359980 0.074890
vt 0.360940 0.057665
vt 0.328942 0.069284
vt 0.328957 0.101875
vt 0.334713 0.102261
vt 0.334586 0.070454
vt 0.328965 0.139627
vt 0.334773 0.139676
vt 0.339607 0.103087
vt 0.339205 0.073064
vt 0.339787 0.139779
vt 0.328932 0.044350
vt 0.343623 0.139841
vt 0.343310 0.103582
vt 0.342537 0.074877
vt 0.338926 0.051411
vt 0.341577 0.057649
vt 0.334510 0.046387
vt 0.363590 0.051428
vt 0.373549 0.179969
vt 0.379756 0.069131
vt 0.373583 0.044367
vt 0.398572 0.069131
vt 0.404844 0.139626
vt 0.404844 0.101830
vt 0.404844 0.069131
vt 0.411116 0.101830
vt 0.417388 0.101830
vt 0.411116 0.044076
vt 0.429932 0.139626
vt 0.429932 0.101830
vt 0.417388 0.044076
vt 0.436204 0.069131
vt 0.442476 0.101830
vt 0.442476 0.139626
vt 0.442476 0.179969
vt 0.442476 0.044076
vt 0.461292 0.101830
vt 0.461292 0.139626
vt 0.467564 0.139626
vt 0.461292 0.044076
vt 0.473836 0.044076
vt 0.467564 0.044076
vt 0.486380 0.044076
vt 0.486380 0.179969
vt 0.492652 0.179969
vt 0.530284 0.069131
vt 0.549100 0.069131
vt 0.549100 0.179969
vt 0.555372 0.101830
vt 0.555372 0.069131
vt 0.555372 0.044076
vt 0.567916 0.101830
vt 0.586732 0.101830
vt 0.586732 0.139626
vt 0.586732 0.044076
vt 0.586732 0.179969
vt 0.611820 0.101830
vt 0.611820 0.139626
vt 0.624364 0.069131
vt 0.624363 0.139626
vt 0.611820 0.044076
vt 0.611820 0.179969
vt 0.624363 0.179969
vt 0.630635 0.139626
vt 0.339246 0.407585
vt 0.339647 0.437616
vt 0.334753 0.436789
vt 0.334626 0.404974
vt 0.339827 0.474317
vt 0.334812 0.474214
vt 0.328995 0.436404
vt 0.328979 0.403804
vt 0.329002 0.474166
vt 0.342578 0.409398
vt 0.343351 0.438111
vt 0.343664 0.474379
vt 0.343709 0.514518
vt 0.339853 0.514518
vt 0.334820 0.514518
vt 0.329004 0.514518
vt 0.322795 0.514518
vt 0.322795 0.474159
vt 0.322795 0.436349
vt 0.322795 0.403637
vt 0.316520 0.403637
vt 0.316520 0.436349
vt 0.310246 0.436349
vt 0.310246 0.403637
vt 0.316520 0.474159
vt 0.310246 0.474159
vt 0.303971 0.436349
vt 0.303971 0.403637
vt 0.303971 0.474159
vt 0.316520 0.378572
vt 0.316520 0.514518
vt 0.310246 0.514518
vt 0.303971 0.514518
vt 0.297697 0.514518
vt 0.297697 0.474159
vt 0.297697 0.436349
vt 0.297697 0.403637
vt 0.303971 0.378572
vt 0.297697 0.378572
vt 0.310246 0.378572
vt 0.291422 0.403637
vt 0.291422 0.436349
vt 0.285148 0.436349
vt 0.285148 0.403637
vt 0.291422 0.474159
vt 0.285148 0.474159
vt 0.278874 0.436349
vt 0.278874 0.403637
vt 0.278874 0.474159
vt 0.291422 0.378572
vt 0.291422 0.514518
vt 0.285148 0.514518
vt 0.278874 0.514518
vt 0.272599 0.514518
vt 0.272599 0.474159
vt 0.272599 0.436349
vt 0.272599 0.403637
vt 0.278874 0.378572
vt 0.272599 0.378572
vt 0.285148 0.378572
vt 0.266325 0.403637
vt 0.266325 0.436349
vt 0.260050 0.436349
vt 0.260050 0.403637
vt 0.266325 0.474159
vt 0.260050 0.474159
vt 0.253776 0.436349
vt 0.253776 0.403637
vt 0.253776 0.474159
vt 0.266325 0.378572
vt 0.266325 0.514518
vt 0.260050 0.514518
vt 0.253776 0.514518
vt 0.247501 0.514518
vt 0.247501 0.474159
vt 0.247501 0.436349
vt 0.247501 0.403637
vt 0.253776 0.378572
vt 0.247501 0.378572
vt 0.260050 0.378572
vt 0.241227 0.403637
vt 0.241227 0.436349
vt 0.234953 0.436349
vt 0.234953 0.403637
vt 0.241227 0.474159
vt 0.234952 0.474159
vt 0.228678 0.436349
vt 0.228678 0.403637
vt 0.228678 0.474159
vt 0.241227 0.378572
vt 0.241227 0.514518
vt 0.234953 0.514518
vt 0.228678 0.514518
vt 0.222404 0.514518
vt 0.222404 0.474159
vt 0.222404 0.436349
vt 0.222404 0.403637
vt 0.228678 0.378572
vt 0.222404 0.378572
vt 0.234953 0.378572
vt 0.216129 0.403637
vt 0.216129 0.436349
vt 0.209855 0.436349
vt 0.209855 0.403637
vt 0.216129 0.474159
vt 0.209855 0.474159
vt 0.203580 0.436349
vt 0.203580 0.403637
vt 0.203580 0.474159
vt 0.216129 0.378572
vt 0.216129 0.514518
vt 0.209855 0.514518
vt 0.203580 0.514518
vt 0.197306 0.514518
vt 0.197306 0.474159
vt 0.197306 0.436349
vt 0.197306 0.403637
vt 0.203580 0.378572
vt 0.197306 0.378572
vt 0.209855 0.378572
vt 0.191031 0.403637
vt 0.191031 0.436349
vt 0.184757 0.436349
vt 0.184757 0.403637
vt 0.191031 0.474159
vt 0.184757 0.474159
vt 0.178483 0.436349
vt 0.178483 0.403637
vt 0.178483 0.474159
vt 0.191031 0.378572
vt 0.191031 0.514518
vt 0.184757 0.514518
vt 0.178483 0.514518
vt 0.172208 0.514518
vt 0.172208 0.474159
vt 0.172208 0.436349
vt 0.172208 0.403637
vt 0.178483 0.378572
vt 0.172208 0.378572
vt 0.184757 0.378572
vt 0.165934 0.403637
vt 0.165934 0.436349
vt 0.159659 0.436349
vt 0.159659 0.403637
vt 0.165934 0.474159
vt 0.159659 0.474159
vt 0.153385 0.436349
vt 0.153385 0.403637
vt 0.153385 0.474159
vt 0.165934 0.378572
vt 0.165934 0.514518
vt 0.159659 0.514518
vt 0.153385 0.514518
vt 0.147110 0.514518
vt 0.147110 0.474159
vt 0.147110 0.436349
vt 0.147110 0.403637
vt 0.153385 0.378572
vt 0.147110 0.378572
vt 0.159659 0.378572
vt 0.140836 0.403637
vt 0.140836 0.436349
vt 0.134562 0.436349
vt 0.134562 0.403637
vt 0.140836 0.474159
vt 0.134562 0.474159
vt 0.128287 0.436349
vt 0.128287 0.403637
vt 0.128287 0.474159
vt 0.140836 0.378572
vt 0.140836 0.514518
vt 0.134562 0.514518
vt 0.128287 0.514518
vt 0.122013 0.514518
vt 0.122013 0.474159
vt 0.122013 0.436349
vt 0.122013 0.403637
vt 0.128287 0.378572
vt 0.122013 0.378572
vt 0.134562 0.378572
vt 0.115738 0.403637
vt 0.115738 0.436349
vt 0.109464 0.436349
vt 0.109464 0.403637
vt 0.115738 0.474159
vt 0.109464 0.474159
vt 0.103190 0.436349
vt 0.103190 0.403637
vt 0.103189 0.474159
vt 0.115738 0.378572
vt 0.115738 0.514518
vt 0.109464 0.514518
vt 0.103189 0.514518
vt 0.096915 0.514518
vt 0.096915 0.474159
vt 0.096915 0.436349
vt 0.096915 0.403637
vt 0.103189 0.378572
vt 0.096915 0.378572
vt 0.109464 0.378572
vt 0.090641 0.403637
vt 0.090641 0.436349
vt 0.084366 0.436349
vt 0.084366 0.403637
vt 0.090641 0.474159
vt 0.084366 0.474159
vt 0.078092 0.436349
vt 0.078092 0.403637
vt 0.078092 0.474159
vt 0.090641 0.378572
vt 0.090641 0.514518
vt 0.084366 0.514518
vt 0.078092 0.514518
vt 0.071817 0.514518
vt 0.071817 0.474159
vt 0.071817 0.436349
vt 0.071817 0.403637
vt 0.078092 0.378572
vt 0.071817 0.378572
vt 0.084366 0.378572
vt 0.065543 0.403637
vt 0.065543 0.436349
vt 0.059269 0.436349
vt 0.059269 0.403637
vt 0.065543 0.474159
vt 0.059269 0.474159
vt 0.052994 0.436349
vt 0.052994 0.403637
vt 0.052994 0.474159
vt 0.065543 0.378572
vt 0.065543 0.514518
vt 0.059269 0.514518
vt 0.052994 0.514518
vt 0.052994 0.378572
vt 0.059269 0.378572
vt 0.065574 0.028344
vt 0.065574 0.020274
vt 0.059301 0.020274
vt 0.059301 0.028344
vt 0.359419 0.386136
vt 0.365212 0.386136
vt 0.365212 0.379888
vt 0.359419 0.379888
vt 0.053028 0.020274
vt 0.053028 0.028344
vt 0.365212 0.373639
vt 0.359419 0.373639
vt 0.071847 0.028344
vt 0.071847 0.020274
vt 0.359419 0.392385
vt 0.365212 0.392385
vt 0.371396 0.392385
vt 0.371396 0.386136
vt 0.371396 0.379888
vt 0.371396 0.373639
vt 0.371396 0.367391
vt 0.365212 0.367391
vt 0.359419 0.367391
vt 0.046756 0.020274
vt 0.046756 0.028344
vt 0.377644 0.386136
vt 0.383893 0.386136
vt 0.383893 0.379888
vt 0.377644 0.379888
vt 0.390141 0.386136
vt 0.390141 0.379888
vt 0.383893 0.373639
vt 0.377644 0.373639
vt 0.390141 0.373639
vt 0.377644 0.392385
vt 0.383893 0.392385
vt 0.390141 0.392385
vt 0.396390 0.392385
vt 0.396390 0.386136
vt 0.396390 0.379888
vt 0.396390 0.373639
vt 0.396390 0.367391
vt 0.390141 0.367391
vt 0.383893 0.367391
vt 0.377644 0.367391
vt 0.402638 0.386136
vt 0.408887 0.386136
vt 0.408887 0.379888
vt 0.402638 0.379888
vt 0.415136 0.386136
vt 0.415136 0.379888
vt 0.408887 0.373639
vt 0.402638 0.373639
vt 0.415136 0.373639
vt 0.402638 0.392385
vt 0.408887 0.392385
vt 0.415136 0.392385
vt 0.421384 0.392385
vt 0.421384 0.386136
vt 0.421384 0.379888
vt 0.421384 0.373639
vt 0.421384 0.367391
vt 0.415136 0.367391
vt 0.408887 0.367391
vt 0.402638 0.367391
vt 0.427633 0.386136
vt 0.433881 0.386136
vt 0.433881 0.379888
vt 0.427633 0.379888
vt 0.440130 0.386136
vt 0.440130 0.379888
vt 0.433881 0.373639
vt 0.427633 0.373639
vt 0.440130 0.373639
vt 0.427633 0.392385
vt 0.433881 0.392385
vt 0.440130 0.392385
vt 0.446378 0.392385
vt 0.446378 0.386136
vt 0.446378 0.379888
vt 0.446378 0.373639
vt 0.446378 0.367391
vt 0.440130 0.367391
vt 0.433881 0.367391
vt 0.427633 0.367391
vt 0.452627 0.386136
vt 0.458875 0.386136
vt 0.458875 0.379888
vt 0.452627 0.379888
vt 0.465124 0.386136
vt 0.465124 0.379888
vt 0.458875 0.373639
vt 0.452627 0.373639
vt 0.465124 0.373639
vt 0.452627 0.392385
vt 0.458875 0.392385
vt 0.465124 0.392385
vt 0.471373 0.392385
vt 0.471373 0.386136
vt 0.471373 0.379888
vt 0.471373 0.373639
vt 0.471373 0.367391
vt 0.465124 0.367391
vt 0.458875 0.367391
vt 0.452627 0.367391
vt 0.477621 0.386136
vt 0.483870 0.386136
vt 0.483870 0.379888
vt 0.477621 0.379888
vt 0.490118 0.386136
vt 0.490118 0.379888
vt 0.483870 0.373639
vt 0.477621 0.373639
vt 0.490118 0.373639
vt 0.477621 0.392385
vt 0.483870 0.392385
vt 0.490118 0.392385
vt 0.496367 0.392385
vt 0.496367 0.386136
vt 0.496367 0.379888
vt 0.496367 0.373639
vt 0.496367 0.367391
vt 0.490118 0.367391
vt 0.483870 0.367391
vt 0.477621 0.367391
vt 0.502615 0.386136
vt 0.508864 0.386136
vt 0.508864 0.379888
vt 0.502615 0.379888
vt 0.515112 0.386136
vt 0.515112 0.379888
vt 0.508864 0.373639
vt 0.502615 0.373639
vt 0.515112 0.373639
vt 0.502615 0.392385
vt 0.508864 0.392385
vt 0.515112 0.392385
vt 0.521361 0.392385
vt 0.521361 0.386136
vt 0.521361 0.379888
vt 0.521361 0.373639
vt 0.521361 0.367391
vt 0.515112 0.367391
vt 0.508864 0.367391
vt 0.502615 0.367391
vt 0.527610 0.386136
vt 0.533858 0.386136
vt 0.533858 0.379888
vt 0.527610 0.379888
vt 0.540107 0.386136
vt 0.540107 0.379888
vt 0.533858 0.373639
vt 0.527610 0.373639
vt 0.540107 0.373639
vt 0.527610 0.392385
vt 0.533858 0.392385
vt 0.540107 0.392385
vt 0.546355 0.392385
vt 0.546355 0.386136
vt 0.546355 0.379888
vt 0.546355 0.373639
vt 0.546355 0.367391
vt 0.540107 0.367391
vt 0.533858 0.367391
vt 0.527610 0.367391
vt 0.552604 0.386136
vt 0.558852 0.386136
vt 0.558852 0.379888
vt 0.552604 0.379888
vt 0.565101 0.386136
vt 0.565101 0.379888
vt 0.558852 0.373639
vt 0.552604 0.373639
vt 0.565101 0.373639
vt 0.552604 0.392385
vt 0.558852 0.392385
vt 0.565101 0.392385
vt 0.571349 0.392385
vt 0.571349 0.386136
vt 0.571349 0.379888
vt 0.571349 0.373639
vt 0.571349 0.367391
vt 0.565101 0.367391
vt 0.558852 0.367391
vt 0.552604 0.367391
vt 0.577598 0.386136
vt 0.583846 0.386136
vt 0.583846 0.379888
vt 0.577598 0.379888
vt 0.590095 0.386136
vt 0.590095 0.379888
vt 0.583846 0.373639
vt 0.577598 0.373639
vt 0.590095 0.373639
vt 0.577598 0.392385
vt 0.583846 0.392385
vt 0.590095 0.392385
vt 0.596344 0.392385
vt 0.596344 0.386136
vt 0.596344 0.379888
vt 0.596344 0.373639
vt 0.596344 0.367391
vt 0.590095 0.367391
vt 0.583846 0.367391
vt 0.577598 0.367391
vt 0.602592 0.386136
vt 0.608841 0.386136
vt 0.608841 0.379888
vt 0.602592 0.379888
vt 0.615089 0.386136
vt 0.615089 0.379888
vt 0.608841 0.373639
vt 0.602592 0.373639
vt 0.615089 0.373639
vt 0.602592 0.392385
vt 0.608841 0.392385
vt 0.615089 0.392385
vt 0.621338 0.392385
vt 0.621338 0.386136
vt 0.621338 0.379888
vt 0.621338 0.373639
vt 0.621338 0.367391
vt 0.615089 0.367391
vt 0.608841 0.367391
vt 0.602592 0.367391
vt 0.627586 0.386136
vt 0.633835 0.386136
vt 0.633835 0.379888
vt 0.627586 0.379888
vt 0.640083 0.386136
vt 0.640083 0.379888
vt 0.633835 0.373639
vt 0.627586 0.373639
vt 0.640083 0.373639
vt 0.627586 0.392385
vt 0.633835 0.392385
vt 0.640083 0.392385
vt 0.640083 0.367391
vt 0.633835 0.367391
vt 0.627586 0.367391
vt 0.090665 0.028344
vt 0.090665 0.020274
vt 0.084392 0.020274
vt 0.084393 0.028344
vt 0.359419 0.411131
vt 0.365212 0.411131
vt 0.365212 0.404882
vt 0.359419 0.404882
vt 0.078120 0.020274
vt 0.078120 0.028344
vt 0.365212 0.398633
vt 0.359419 0.398633
vt 0.096938 0.028344
vt 0.096938 0.020274
vt 0.359419 0.417379
vt 0.365212 0.417379
vt 0.371396 0.417379
vt 0.371396 0.411130
vt 0.371396 0.404882
vt 0.371396 0.398633
vt 0.377644 0.411131
vt 0.383893 0.411131
vt 0.383893 0.404882
vt 0.377644 0.404882
vt 0.390141 0.411131
vt 0.390141 0.404882
vt 0.383893 0.398633
vt 0.377644 0.398633
vt 0.390141 0.398633
vt 0.377644 0.417379
vt 0.383893 0.417379
vt 0.390141 0.417379
vt 0.396390 0.417379
vt 0.396390 0.411130
vt 0.396390 0.404882
vt 0.396390 0.398633
vt 0.402638 0.411130
vt 0.408887 0.411131
vt 0.408887 0.404882
vt 0.402638 0.404882
vt 0.415136 0.411131
vt 0.415136 0.404882
vt 0.408887 0.398633
vt 0.402638 0.398633
vt 0.415136 0.398633
vt 0.402638 0.417379
vt 0.408887 0.417379
vt 0.415136 0.417379
vt 0.421384 0.417379
vt 0.421384 0.411130
vt 0.421384 0.404882
vt 0.421384 0.398633
vt 0.427633 0.411131
vt 0.433881 0.411131
vt 0.433881 0.404882
vt 0.427633 0.404882
vt 0.440130 0.411130
vt 0.440130 0.404882
vt 0.433881 0.398633
vt 0.427633 0.398633
vt 0.440130 0.398633
vt 0.427633 0.417379
vt 0.433881 0.417379
vt 0.440130 0.417379
vt 0.446378 0.417379
vt 0.446378 0.411130
vt 0.446378 0.404882
vt 0.446378 0.398633
vt 0.452627 0.411131
vt 0.458875 0.411131
vt 0.458875 0.404882
vt 0.452627 0.404882
vt 0.465124 0.411130
vt 0.465124 0.404882
vt 0.458875 0.398633
vt 0.452627 0.398633
vt 0.465124 0.398633
vt 0.452627 0.417379
vt 0.458875 0.417379
vt 0.465124 0.417379
vt 0.471373 0.417379
vt 0.471373 0.411130
vt 0.471373 0.404882
vt 0.471373 0.398633
vt 0.477621 0.411131
vt 0.483870 0.411131
vt 0.483870 0.404882
vt 0.477621 0.404882
vt 0.490118 0.411131
vt 0.490118 0.404882
vt 0.483870 0.398633
vt 0.477621 0.398633
vt 0.490118 0.398633
vt 0.477621 0.417379
vt 0.483870 0.417379
vt 0.490118 0.417379
vt 0.496367 0.417379
vt 0.496367 0.411130
vt 0.496367 0.404882
vt 0.496367 0.398633
vt 0.502615 0.411131
vt 0.508864 0.411131
vt 0.508864 0.404882
vt 0.502615 0.404882
vt 0.515112 0.411131
vt 0.515112 0.404882
vt 0.508864 0.398633
vt 0.502615 0.398633
vt 0.515112 0.398633
vt 0.502615 0.417379
vt 0.508864 0.417379
vt 0.515112 0.417379
vt 0.521361 0.417379
vt 0.521361 0.411130
vt 0.521361 0.404882
vt 0.521361 0.398633
vt 0.527610 0.411131
vt 0.533858 0.411131
vt 0.533858 0.404882
vt 0.527610 0.404882
vt 0.540107 0.411131
vt 0.540107 0.404882
vt 0.533858 0.398633
vt 0.527610 0.398633
vt 0.540107 0.398633
vt 0.527610 0.417379
vt 0.533858 0.417379
vt 0.540107 0.417379
vt 0.546355 0.417379
vt 0.546355 0.411130
vt 0.546355 0.404882
vt 0.546355 0.398633
vt 0.552604 0.411131
vt 0.558852 0.411131
vt 0.558852 0.404882
vt 0.552604 0.404882
vt 0.565101 0.411131
vt 0.565101 0.404882
vt 0.558852 0.398633
vt 0.552604 0.398633
vt 0.565101 0.398633
vt 0.552604 0.417379
vt 0.558852 0.417379
vt 0.565101 0.417379
vt 0.571349 0.417379
vt 0.571349 0.411130
vt 0.571349 0.404882
vt 0.571349 0.398633
vt 0.577598 0.411131
vt 0.583846 0.411131
vt 0.583846 0.404882
vt 0.577598 0.404882
vt 0.590095 0.411131
vt 0.590095 0.404882
vt 0.583846 0.398633
vt 0.577598 0.398633
vt 0.590095 0.398633
vt 0.577598 0.417379
vt 0.583846 0.417379
vt 0.590095 0.417379
vt 0.596344 0.417379
vt 0.596344 0.411130
vt 0.596344 0.404882
vt 0.596344 0.398633
vt 0.602592 0.411131
vt 0.608841 0.411130
vt 0.608841 0.404882
vt 0.602592 0.404882
vt 0.615089 0.411131
vt 0.615089 0.404882
vt 0.608841 0.398633
vt 0.602592 0.398633
vt 0.615089 0.398633
vt 0.602592 0.417379
vt 0.608841 0.417379
vt 0.615089 0.417379
vt 0.621338 0.417379
vt 0.621338 0.411130
vt 0.621338 0.404882
vt 0.621338 0.398633
vt 0.627586 0.411131
vt 0.633835 0.411131
vt 0.633835 0.404882
vt 0.627586 0.404882
vt 0.640083 0.411130
vt 0.640083 0.404882
vt 0.633835 0.398633
vt 0.627586 0.398633
vt 0.640083 0.398633
vt 0.627586 0.417379
vt 0.633835 0.417379
vt 0.640083 0.417379
vt 0.115756 0.028344
vt 0.115756 0.020274
vt 0.109484 0.020274
vt 0.109484 0.028344
vt 0.359419 0.436125
vt 0.365212 0.436125
vt 0.365212 0.429876
vt 0.359419 0.429876
vt 0.103211 0.020274
vt 0.103211 0.028344
vt 0.365212 0.423628
vt 0.359419 0.423628
vt 0.122029 0.028344
vt 0.122029 0.020274
vt 0.359419 0.442373
vt 0.365212 0.442373
vt 0.371396 0.442373
vt 0.371396 0.436125
vt 0.371396 0.429876
vt 0.371396 0.423628
vt 0.377644 0.436125
vt 0.383893 0.436125
vt 0.383893 0.429876
vt 0.377644 0.429876
vt 0.390141 0.436125
vt 0.390141 0.429876
vt 0.383893 0.423628
vt 0.377644 0.423628
vt 0.390141 0.423628
vt 0.377644 0.442373
vt 0.383893 0.442373
vt 0.390141 0.442373
vt 0.396390 0.442373
vt 0.396390 0.436125
vt 0.396390 0.429876
vt 0.396390 0.423628
vt 0.402638 0.436125
vt 0.408887 0.436125
vt 0.408887 0.429876
vt 0.402638 0.429876
vt 0.415136 0.436125
vt 0.415136 0.429876
vt 0.408887 0.423628
vt 0.402638 0.423628
vt 0.415136 0.423628
vt 0.402638 0.442373
vt 0.408887 0.442373
vt 0.415136 0.442373
vt 0.421384 0.442373
vt 0.421384 0.436125
vt 0.421384 0.429876
vt 0.421384 0.423628
vt 0.427633 0.436125
vt 0.433881 0.436125
vt 0.433881 0.429876
vt 0.427633 0.429876
vt 0.440130 0.436125
vt 0.440130 0.429876
vt 0.433881 0.423628
vt 0.427633 0.423628
vt 0.440130 0.423628
vt 0.427633 0.442373
vt 0.433881 0.442373
vt 0.440130 0.442373
vt 0.446378 0.442373
vt 0.446378 0.436125
vt 0.446378 0.429876
vt 0.446378 0.423628
vt 0.452627 0.436125
vt 0.458875 0.436125
vt 0.458875 0.429876
vt 0.452627 0.429876
vt 0.465124 0.436125
vt 0.465124 0.429876
vt 0.458875 0.423628
vt 0.452627 0.423628
vt 0.465124 0.423628
vt 0.452627 0.442373
vt 0.458875 0.442373
vt 0.465124 0.442373
vt 0.471373 0.442373
vt 0.471373 0.436125
vt 0.471373 0.429876
vt 0.471373 0.423628
vt 0.477621 0.436125
vt 0.483870 0.436125
vt 0.483870 0.429876
vt 0.477621 0.429876
vt 0.490118 0.436125
vt 0.490118 0.429876
vt 0.483870 0.423628
vt 0.477621 0.423628
vt 0.490118 0.423628
vt 0.477621 0.442373
vt 0.483870 0.442373
vt 0.490118 0.442373
vt 0.496367 0.442373
vt 0.496367 0.436125
vt 0.496367 0.429876
vt 0.496367 0.423628
vt 0.502615 0.436125
vt 0.508864 0.436125
vt 0.508864 0.429876
vt 0.502615 0.429876
vt 0.515112 0.436125
vt 0.515112 0.429876
vt 0.508864 0.423628
vt 0.502615 0.423628
vt 0.515112 0.423628
vt 0.502615 0.442373
vt 0.508864 0.442373
vt 0.515112 0.442373
vt 0.521361 0.442373
vt 0.521361 0.436125
vt 0.521361 0.429876
vt 0.521361 0.423628
vt 0.527610 0.436125
vt 0.533858 0.436125
vt 0.533858 0.429876
vt 0.527610 0.429876
vt 0.540107 0.436125
vt 0.540107 0.429876
vt 0.533858 0.423628
vt 0.527610 0.423628
vt 0.540107 0.423628
vt 0.527610 0.442373
vt 0.533858 0.442373
vt 0.540107 0.442373
vt 0.546355 0.442373
vt 0.546355 0.436125
vt 0.546355 0.429876
vt 0.546355 0.423628
vt 0.552604 0.436125
vt 0.558852 0.436125
vt 0.558852 0.429876
vt 0.552604 0.429876
vt 0.565101 0.436125
vt 0.565101 0.429876
vt 0.558852 0.423628
vt 0.552604 0.423628
vt 0.565101 0.423628
vt 0.552604 0.442373
vt 0.558852 0.442373
vt 0.565101 0.442373
vt 0.571349 0.442373
vt 0.571349 0.436125
vt 0.571349 0.429876
vt 0.571349 0.423628
vt 0.577598 0.436125
vt 0.583846 0.436125
vt 0.583846 0.429876
vt 0.577598 0.429876
vt 0.590095 0.436125
vt 0.590095 0.429876
vt 0.583846 0.423628
vt 0.577598 0.423628
vt 0.590095 0.423628
vt 0.577598 0.442373
vt 0.583846 0.442373
vt 0.590095 0.442373
vt 0.596344 0.442373
vt 0.596344 0.436125
vt 0.596344 0.429876
vt 0.596344 0.423628
vt 0.602592 0.436125
vt 0.608841 0.436125
vt 0.608841 0.429876
vt 0.602592 0.429876
vt 0.615089 0.436125
vt 0.615089 0.429876
vt 0.608841 0.423628
vt 0.602592 0.423628
vt 0.615089 0.423628
vt 0.602592 0.442373
vt 0.608841 0.442373
vt 0.615089 0.442373
vt 0.621338 0.442373
vt 0.621338 0.436125
vt 0.621338 0.429876
vt 0.621338 0.423628
vt 0.627586 0.436125
vt 0.633835 0.436125
vt 0.633835 0.429876
vt 0.627586 0.429876
vt 0.640083 0.436125
vt 0.640083 0.429876
vt 0.633835 0.423628
vt 0.627586 0.423628
vt 0.640083 0.423628
vt 0.627586 0.442373
vt 0.633835 0.442373
vt 0.640083 0.442373
vt 0.140848 0.028344
vt 0.140848 0.020274
vt 0.134575 0.020274
vt 0.134575 0.028344
vt 0.359419 0.461119
vt 0.365212 0.461119
vt 0.365212 0.454870
vt 0.359419 0.454870
vt 0.128302 0.020274
vt 0.128302 0.028344
vt 0.365212 0.448622
vt 0.359419 0.448622
vt 0.147120 0.028344
vt 0.147120 0.020274
vt 0.359419 0.467368
vt 0.365212 0.467367
vt 0.371396 0.467368
vt 0.371396 0.461119
vt 0.371396 0.454870
vt 0.371396 0.448622
vt 0.377644 0.461119
vt 0.383893 0.461119
vt 0.383893 0.454870
vt 0.377644 0.454870
vt 0.390141 0.461119
vt 0.390141 0.454870
vt 0.383893 0.448622
vt 0.377644 0.448622
vt 0.390141 0.448622
vt 0.377644 0.467367
vt 0.383893 0.467367
vt 0.390141 0.467367
vt 0.396390 0.467368
vt 0.396390 0.461119
vt 0.396390 0.454870
vt 0.396390 0.448622
vt 0.402638 0.461119
vt 0.408887 0.461119
vt 0.408887 0.454870
vt 0.402638 0.454870
vt 0.415136 0.461119
vt 0.415136 0.454870
vt 0.408887 0.448622
vt 0.402638 0.448622
vt 0.415136 0.448622
vt 0.402638 0.467367
vt 0.408887 0.467367
vt 0.415136 0.467368
vt 0.421384 0.467368
vt 0.421384 0.461119
vt 0.421384 0.454870
vt 0.421384 0.448622
vt 0.427633 0.461119
vt 0.433881 0.461119
vt 0.433881 0.454870
vt 0.427633 0.454870
vt 0.440130 0.461119
vt 0.440130 0.454870
vt 0.433881 0.448622
vt 0.427633 0.448622
vt 0.440130 0.448622
vt 0.427633 0.467367
vt 0.433881 0.467367
vt 0.440130 0.467367
vt 0.446378 0.467368
vt 0.446378 0.461119
vt 0.446378 0.454870
vt 0.446378 0.448622
vt 0.452627 0.461119
vt 0.458875 0.461119
vt 0.458875 0.454870
vt 0.452627 0.454870
vt 0.465124 0.461119
vt 0.465124 0.454870
vt 0.458875 0.448622
vt 0.452627 0.448622
vt 0.465124 0.448622
vt 0.452627 0.467367
vt 0.458875 0.467367
vt 0.465124 0.467367
vt 0.471373 0.467367
vt 0.471373 0.461119
vt 0.471373 0.454870
vt 0.471373 0.448622
vt 0.477621 0.461119
vt 0.483870 0.461119
vt 0.483870 0.454870
vt 0.477621 0.454870
vt 0.490118 0.461119
vt 0.490118 0.454870
vt 0.483870 0.448622
vt 0.477621 0.448622
vt 0.490118 0.448622
vt 0.477621 0.467367
vt 0.483870 0.467367
vt 0.490118 0.467367
vt 0.496367 0.467367
vt 0.496367 0.461119
vt 0.496367 0.454870
vt 0.496367 0.448622
vt 0.502615 0.461119
vt 0.508864 0.461119
vt 0.508864 0.454870
vt 0.502615 0.454870
vt 0.515112 0.461119
vt 0.515112 0.454870
vt 0.508864 0.448622
vt 0.502615 0.448622
vt 0.515112 0.448622
vt 0.502615 0.467367
vt 0.508864 0.467367
vt 0.515112 0.467367
vt 0.521361 0.467367
vt 0.521361 0.461119
vt 0.521361 0.454870
vt 0.521361 0.448622
vt 0.527610 0.461119
vt 0.533858 0.461119
vt 0.533858 0.454870
vt 0.527610 0.454870
vt 0.540107 0.461119
vt 0.540107 0.454870
vt 0.533858 0.448622
vt 0.527610 0.448622
vt 0.540107 0.448622
vt 0.527610 0.467367
vt 0.533858 0.467367
vt 0.540107 0.467367
vt 0.546355 0.467367
vt 0.546355 0.461119
vt 0.546355 0.454870
vt 0.546355 0.448622
vt 0.552604 0.461119
vt 0.558852 0.461119
vt 0.558852 0.454870
vt 0.552604 0.454870
vt 0.565101 0.461119
vt 0.565101 0.454870
vt 0.558852 0.448622
vt 0.552604 0.448622
vt 0.565101 0.448622
vt 0.552604 0.467367
vt 0.558852 0.467367
vt 0.565101 0.467367
vt 0.571349 0.467367
vt 0.571349 0.461119
vt 0.571349 0.454870
vt 0.571349 0.448622
vt 0.577598 0.461119
vt 0.583846 0.461119
vt 0.583846 0.454870
vt 0.577598 0.454870
vt 0.590095 0.461119
vt 0.590095 0.454870
vt 0.583846 0.448622
vt 0.577598 0.448622
vt 0.590095 0.448622
vt 0.577598 0.467367
vt 0.583846 0.467367
vt 0.590095 0.467367
vt 0.596344 0.467367
vt 0.596344 0.461119
vt 0.596344 0.454870
vt 0.596344 0.448622
vt 0.602592 0.461119
vt 0.608841 0.461119
vt 0.608841 0.454870
vt 0.602592 0.454870
vt 0.615089 0.461119
vt 0.615089 0.454870
vt 0.608841 0.448622
vt 0.602592 0.448622
vt 0.615089 0.448622
vt 0.602592 0.467367
vt 0.608841 0.467367
vt 0.615089 0.467367
vt 0.621338 0.467367
vt 0.621338 0.461119
vt 0.621338 0.454870
vt 0.621338 0.448622
vt 0.627586 0.461119
vt 0.633835 0.461119
vt 0.633835 0.454870
vt 0.627586 0.454870
vt 0.640083 0.461119
vt 0.640083 0.454870
vt 0.633835 0.448622
vt 0.627586 0.448622
vt 0.640083 0.448622
vt 0.627586 0.467367
vt 0.633835 0.467367
vt 0.640083 0.467367
vt 0.165939 0.028344
vt 0.165939 0.020274
vt 0.159666 0.020274
vt 0.159666 0.028344
vt 0.359419 0.486113
vt 0.365212 0.486113
vt 0.365212 0.479865
vt 0.359419 0.479865
vt 0.153393 0.020274
vt 0.153393 0.028344
vt 0.365212 0.473616
vt 0.359419 0.473616
vt 0.172212 0.028344
vt 0.172212 0.020274
vt 0.359419 0.492362
vt 0.365212 0.492362
vt 0.371396 0.492362
vt 0.371396 0.486113
vt 0.371396 0.479865
vt 0.371396 0.473616
vt 0.377644 0.486113
vt 0.383893 0.486113
vt 0.383893 0.479865
vt 0.377644 0.479865
vt 0.390141 0.486113
vt 0.390141 0.479865
vt 0.383893 0.473616
vt 0.377644 0.473616
vt 0.390141 0.473616
vt 0.377644 0.492362
vt 0.383893 0.492362
vt 0.390141 0.492362
vt 0.396390 0.492362
vt 0.396390 0.486113
vt 0.396390 0.479865
vt 0.396390 0.473616
vt 0.402638 0.486113
vt 0.408887 0.486113
vt 0.408887 0.479865
vt 0.402638 0.479865
vt 0.415136 0.486113
vt 0.415136 0.479865
vt 0.408887 0.473616
vt 0.402638 0.473616
vt 0.415136 0.473616
vt 0.402638 0.492362
vt 0.408887 0.492362
vt 0.415136 0.492362
vt 0.421384 0.492362
vt 0.421384 0.486113
vt 0.421384 0.479865
vt 0.421384 0.473616
vt 0.427633 0.486113
vt 0.433881 0.486113
vt 0.433881 0.479865
vt 0.427633 0.479865
vt 0.440130 0.486113
vt 0.440130 0.479865
vt 0.433881 0.473616
vt 0.427633 0.473616
vt 0.440130 0.473616
vt 0.427633 0.492362
vt 0.433881 0.492362
vt 0.440130 0.492362
vt 0.446378 0.492362
vt 0.446378 0.486113
vt 0.446378 0.479865
vt 0.446378 0.473616
vt 0.452627 0.486113
vt 0.458875 0.486113
vt 0.458875 0.479865
vt 0.452627 0.479865
vt 0.465124 0.486113
vt 0.465124 0.479865
vt 0.458875 0.473616
vt 0.452627 0.473616
vt 0.465124 0.473616
vt 0.452627 0.492362
vt 0.458875 0.492362
vt 0.465124 0.492362
vt 0.471373 0.492362
vt 0.471373 0.486113
vt 0.471373 0.479865
vt 0.471373 0.473616
vt 0.477621 0.486113
vt 0.483870 0.486113
vt 0.483870 0.479865
vt 0.477621 0.479865
vt 0.490118 0.486113
vt 0.490118 0.479865
vt 0.483870 0.473616
vt 0.477621 0.473616
vt 0.490118 0.473616
vt 0.477621 0.492362
vt 0.483870 0.492362
vt 0.490118 0.492362
vt 0.496367 0.492362
vt 0.496367 0.486113
vt 0.496367 0.479865
vt 0.496367 0.473616
vt 0.502615 0.486113
vt 0.508864 0.486113
vt 0.508864 0.479865
vt 0.502615 0.479865
vt 0.515112 0.486113
vt 0.515112 0.479865
vt 0.508864 0.473616
vt 0.502615 0.473616
vt 0.515112 0.473616
vt 0.502615 0.492362
vt 0.508864 0.492362
vt 0.515112 0.492362
vt 0.521361 0.492362
vt 0.521361 0.486113
vt 0.521361 0.479865
vt 0.521361 0.473616
vt 0.527610 0.486113
vt 0.533858 0.486113
vt 0.533858 0.479865
vt 0.527610 0.479865
vt 0.540107 0.486113
vt 0.540107 0.479865
vt 0.533858 0.473616
vt 0.527610 0.473616
vt 0.540107 0.473616
vt 0.527610 0.492362
vt 0.533858 0.492362
vt 0.540107 0.492362
vt 0.546355 0.492362
vt 0.546355 0.486113
vt 0.546355 0.479865
vt 0.546355 0.473616
vt 0.552604 0.486113
vt 0.558852 0.486113
vt 0.558852 0.479865
vt 0.552604 0.479865
vt 0.565101 0.486113
vt 0.565101 0.479865
vt 0.558852 0.473616
vt 0.552604 0.473616
vt 0.565101 0.473616
vt 0.552604 0.492362
vt 0.558852 0.492362
vt 0.565101 0.492362
vt 0.571349 0.492362
vt 0.571349 0.486113
vt 0.571349 0.479865
vt 0.571349 0.473616
vt 0.577598 0.486113
vt 0.583846 0.486113
vt 0.583846 0.479865
vt 0.577598 0.479865
vt 0.590095 0.486113
vt 0.590095 0.479865
vt 0.583846 0.473616
vt 0.577598 0.473616
vt 0.590095 0.473616
vt 0.577598 0.492362
vt 0.583846 0.492362
vt 0.590095 0.492362
vt 0.596344 0.492362
vt 0.596344 0.486113
vt 0.596344 0.479865
vt 0.596344 0.473616
vt 0.602592 0.486113
vt 0.608841 0.486113
vt 0.608841 0.479865
vt 0.602592 0.479865
vt 0.615089 0.486113
vt 0.615089 0.479865
vt 0.608841 0.473616
vt 0.602592 0.473616
vt 0.615089 0.473616
vt 0.602592 0.492362
vt 0.608841 0.492362
vt 0.615089 0.492362
vt 0.621338 0.492362
vt 0.621338 0.486113
vt 0.621338 0.479865
vt 0.621338 0.473616
vt 0.627586 0.486113
vt 0.633835 0.486113
vt 0.633835 0.479865
vt 0.627586 0.479865
vt 0.640083 0.486113
vt 0.640083 0.479865
vt 0.633835 0.473616
vt 0.627586 0.473616
vt 0.640083 0.473616
vt 0.627586 0.492362
vt 0.633835 0.492362
vt 0.640083 0.492362
vt 0.191030 0.028344
vt 0.191030 0.020274
vt 0.184757 0.020274
vt 0.184757 0.028344
vt 0.359419 0.511107
vt 0.365212 0.511107
vt 0.365212 0.504859
vt 0.359419 0.504859
vt 0.178484 0.020274
vt 0.178484 0.028344
vt 0.365212 0.498610
vt 0.359419 0.498610
vt 0.197303 0.028344
vt 0.197303 0.020274
vt 0.359419 0.517356
vt 0.365212 0.517356
vt 0.371396 0.517356
vt 0.371396 0.511107
vt 0.371396 0.504859
vt 0.371396 0.498610
vt 0.377644 0.511107
vt 0.383893 0.511107
vt 0.383893 0.504859
vt 0.377644 0.504859
vt 0.390141 0.511107
vt 0.390141 0.504859
vt 0.383893 0.498610
vt 0.377644 0.498610
vt 0.390141 0.498610
vt 0.377644 0.517356
vt 0.383893 0.517356
vt 0.390141 0.517356
vt 0.396390 0.517356
vt 0.396390 0.511107
vt 0.396390 0.504859
vt 0.396390 0.498610
vt 0.402638 0.511107
vt 0.408887 0.511107
vt 0.408887 0.504859
vt 0.402638 0.504859
vt 0.415136 0.511107
vt 0.415136 0.504859
vt 0.408887 0.498610
vt 0.402638 0.498610
vt 0.415136 0.498610
vt 0.402638 0.517356
vt 0.408887 0.517356
vt 0.415136 0.517356
vt 0.421384 0.517356
vt 0.421384 0.511107
vt 0.421384 0.504859
vt 0.421384 0.498610
vt 0.427633 0.511107
vt 0.433881 0.511107
vt 0.433881 0.504859
vt 0.427633 0.504859
vt 0.440130 0.511107
vt 0.440130 0.504859
vt 0.433881 0.498610
vt 0.427633 0.498610
vt 0.440130 0.498610
vt 0.427633 0.517356
vt 0.433881 0.517356
vt 0.440130 0.517356
vt 0.446378 0.517356
vt 0.446378 0.511107
vt 0.446378 0.504859
vt 0.446378 0.498610
vt 0.452627 0.511107
vt 0.458875 0.511107
vt 0.458875 0.504859
vt 0.452627 0.504859
vt 0.465124 0.511107
vt 0.465124 0.504859
vt 0.458875 0.498610
vt 0.452627 0.498610
vt 0.465124 0.498610
vt 0.452627 0.517356
vt 0.458875 0.517356
vt 0.465124 0.517356
vt 0.471373 0.517356
vt 0.471373 0.511107
vt 0.471373 0.504859
vt 0.471373 0.498610
vt 0.477621 0.511107
vt 0.483870 0.511107
vt 0.483870 0.504859
vt 0.477621 0.504859
vt 0.490118 0.511107
vt 0.490118 0.504859
vt 0.483870 0.498610
vt 0.477621 0.498610
vt 0.490118 0.498610
vt 0.477621 0.517356
vt 0.483870 0.517356
vt 0.490118 0.517356
vt 0.496367 0.517356
vt 0.496367 0.511107
vt 0.496367 0.504859
vt 0.496367 0.498610
vt 0.502615 0.511107
vt 0.508864 0.511107
vt 0.508864 0.504859
vt 0.502615 0.504859
vt 0.515112 0.511107
vt 0.515112 0.504859
vt 0.508864 0.498610
vt 0.502615 0.498610
vt 0.515112 0.498610
vt 0.502615 0.517356
vt 0.508864 0.517356
vt 0.515112 0.517356
vt 0.521361 0.517356
vt 0.521361 0.511107
vt 0.521361 0.504859
vt 0.521361 0.498610
vt 0.527610 0.511107
vt 0.533858 0.511107
vt 0.533858 0.504859
vt 0.527610 0.504859
vt 0.540107 0.511107
vt 0.540107 0.504859
vt 0.533858 0.498610
vt 0.527610 0.498610
vt 0.540107 0.498610
vt 0.527610 0.517356
vt 0.533858 0.517356
vt 0.540107 0.517356
vt 0.546355 0.517356
vt 0.546355 0.511107
vt 0.546355 0.504859
vt 0.546355 0.498610
vt 0.552604 0.511107
vt 0.558852 0.511107
vt 0.558852 0.504859
vt 0.552604 0.504859
vt 0.565101 0.511107
vt 0.565101 0.504859
vt 0.558852 0.498610
vt 0.552604 0.498610
vt 0.565101 0.498610
vt 0.552604 0.517356
vt 0.558852 0.517356
vt 0.565101 0.517356
vt 0.571349 0.517356
vt 0.571349 0.511107
vt 0.571349 0.504859
vt 0.571349 0.498610
vt 0.577598 0.511107
vt 0.583846 0.511107
vt 0.583846 0.504859
vt 0.577598 0.504859
vt 0.590095 0.511107
vt 0.590095 0.504859
vt 0.583846 0.498610
vt 0.577598 0.498610
vt 0.590095 0.498610
vt 0.577598 0.517356
vt 0.583846 0.517356
vt 0.590095 0.517356
vt 0.596344 0.517356
vt 0.596344 0.511107
vt 0.596344 0.504859
vt 0.596344 0.498610
vt 0.602592 0.511107
vt 0.608841 0.511107
vt 0.608841 0.504859
vt 0.602592 0.504859
vt 0.615089 0.511107
vt 0.615089 0.504859
vt 0.608841 0.498610
vt 0.602592 0.498610
vt 0.615089 0.498610
vt 0.602592 0.517356
vt 0.608841 0.517356
vt 0.615089 0.517356
vt 0.621338 0.517356
vt 0.621338 0.511107
vt 0.621338 0.504859
vt 0.621338 0.498610
vt 0.627586 0.511107
vt 0.633835 0.511107
vt 0.633835 0.504859
vt 0.627586 0.504859
vt 0.640083 0.511107
vt 0.640083 0.504859
vt 0.633835 0.498610
vt 0.627586 0.498610
vt 0.640083 0.498610
vt 0.627586 0.517356
vt 0.633835 0.517356
vt 0.640083 0.517356
vt 0.216121 0.028344
vt 0.216121 0.020274
vt 0.209848 0.020274
vt 0.209848 0.028344
vt 0.359419 0.536102
vt 0.365212 0.536102
vt 0.365212 0.529853
vt 0.359419 0.529853
vt 0.203575 0.020274
vt 0.203575 0.028344
vt 0.365212 0.523604
vt 0.359419 0.523604
vt 0.222394 0.028344
vt 0.222394 0.020274
vt 0.359419 0.542350
vt 0.365212 0.542350
vt 0.371396 0.542350
vt 0.371396 0.536102
vt 0.371396 0.529853
vt 0.371396 0.523604
vt 0.377644 0.536102
vt 0.383893 0.536102
vt 0.383893 0.529853
vt 0.377644 0.529853
vt 0.390141 0.536102
vt 0.390141 0.529853
vt 0.383893 0.523604
vt 0.377644 0.523604
vt 0.390141 0.523604
vt 0.377644 0.542350
vt 0.383893 0.542350
vt 0.390141 0.542350
vt 0.396390 0.542350
vt 0.396390 0.536102
vt 0.396390 0.529853
vt 0.396390 0.523604
vt 0.402638 0.536102
vt 0.408887 0.536102
vt 0.408887 0.529853
vt 0.402638 0.529853
vt 0.415136 0.536102
vt 0.415136 0.529853
vt 0.408887 0.523604
vt 0.402638 0.523604
vt 0.415136 0.523604
vt 0.402638 0.542350
vt 0.408887 0.542350
vt 0.415136 0.542350
vt 0.421384 0.542350
vt 0.421384 0.536102
vt 0.421384 0.529853
vt 0.421384 0.523604
vt 0.427633 0.536102
vt 0.433881 0.536102
vt 0.433881 0.529853
vt 0.427633 0.529853
vt 0.440130 0.536102
vt 0.440130 0.529853
vt 0.433881 0.523604
vt 0.427633 0.523604
vt 0.440130 0.523604
vt 0.427633 0.542350
vt 0.433881 0.542350
vt 0.440130 0.542350
vt 0.446378 0.542350
vt 0.446378 0.536102
vt 0.446378 0.529853
vt 0.446378 0.523604
vt 0.452627 0.536102
vt 0.458875 0.536102
vt 0.458875 0.529853
vt 0.452627 0.529853
vt 0.465124 0.536102
vt 0.465124 0.529853
vt 0.458875 0.523604
vt 0.452627 0.523604
vt 0.465124 0.523604
vt 0.452627 0.542350
vt 0.458875 0.542350
vt 0.465124 0.542350
vt 0.471373 0.542350
vt 0.471373 0.536102
vt 0.471373 0.529853
vt 0.471373 0.523604
vt 0.477621 0.536102
vt 0.483870 0.536102
vt 0.483870 0.529853
vt 0.477621 0.529853
vt 0.490118 0.536102
vt 0.490118 0.529853
vt 0.483870 0.523604
vt 0.477621 0.523604
vt 0.490118 0.523604
vt 0.477621 0.542350
vt 0.483870 0.542350
vt 0.490118 0.542350
vt 0.496367 0.542350
vt 0.496367 0.536102
vt 0.496367 0.529853
vt 0.496367 0.523604
vt 0.502615 0.536102
vt 0.508864 0.536102
vt 0.508864 0.529853
vt 0.502615 0.529853
vt 0.515112 0.536102
vt 0.515112 0.529853
vt 0.508864 0.523604
vt 0.502615 0.523604
vt 0.515112 0.523604
vt 0.502615 0.542350
vt 0.508864 0.542350
vt 0.515112 0.542350
vt 0.521361 0.542350
vt 0.521361 0.536102
vt 0.521361 0.529853
vt 0.521361 0.523604
vt 0.527610 0.536102
vt 0.533858 0.536102
vt 0.533858 0.529853
vt 0.527610 0.529853
vt 0.540107 0.536102
vt 0.540107 0.529853
vt 0.533858 0.523604
vt 0.527610 0.523604
vt 0.540107 0.523604
vt 0.527610 0.542350
vt 0.533858 0.542350
vt 0.540107 0.542350
vt 0.546355 0.542350
vt 0.546355 0.536102
vt 0.546355 0.529853
vt 0.546355 0.523604
vt 0.552604 0.536102
vt 0.558852 0.536102
vt 0.558852 0.529853
vt 0.552604 0.529853
vt 0.565101 0.536102
vt 0.565101 0.529853
vt 0.558852 0.523604
vt 0.552604 0.523604
vt 0.565101 0.523604
vt 0.552604 0.542350
vt 0.558852 0.542350
vt 0.565101 0.542350
vt 0.571349 0.542350
vt 0.571349 0.536102
vt 0.571349 0.529853
vt 0.571349 0.523604
vt 0.577598 0.536102
vt 0.583846 0.536102
vt 0.583846 0.529853
vt 0.577598 0.529853
vt 0.590095 0.536102
vt 0.590095 0.529853
vt 0.583846 0.523604
vt 0.577598 0.523604
vt 0.590095 0.523604
vt 0.577598 0.542350
vt 0.583846 0.542350
vt 0.590095 0.542350
vt 0.596344 0.542350
vt 0.596344 0.536102
vt 0.596344 0.529853
vt 0.596344 0.523604
vt 0.602592 0.536102
vt 0.608841 0.536102
vt 0.608841 0.529853
vt 0.602592 0.529853
vt 0.615089 0.536102
vt 0.615089 0.529853
vt 0.608841 0.523604
vt 0.602592 0.523604
vt 0.615089 0.523604
vt 0.602592 0.542350
vt 0.608841 0.542350
vt 0.615089 0.542350
vt 0.621338 0.542350
vt 0.621338 0.536102
vt 0.621338 0.529853
vt 0.621338 0.523604
vt 0.627586 0.536102
vt 0.633835 0.536102
vt 0.633835 0.529853
vt 0.627586 0.529853
vt 0.640083 0.536102
vt 0.640083 0.529853
vt 0.633835 0.523604
vt 0.627586 0.523604
vt 0.640083 0.523604
vt 0.627586 0.542350
vt 0.633835 0.542350
vt 0.640083 0.542350
vt 0.241212 0.028344
vt 0.241212 0.020274
vt 0.234939 0.020274
vt 0.234939 0.028344
vt 0.359419 0.561096
vt 0.365212 0.561096
vt 0.365212 0.554847
vt 0.359419 0.554847
vt 0.228667 0.020274
vt 0.228667 0.028344
vt 0.365212 0.548599
vt 0.359419 0.548599
vt 0.247485 0.028344
vt 0.247485 0.020274
vt 0.359419 0.567344
vt 0.365212 0.567344
vt 0.371396 0.567344
vt 0.371396 0.561096
vt 0.371396 0.554847
vt 0.371396 0.548599
vt 0.377644 0.561096
vt 0.383893 0.561096
vt 0.383893 0.554847
vt 0.377644 0.554847
vt 0.390141 0.561096
vt 0.390141 0.554847
vt 0.383893 0.548599
vt 0.377644 0.548599
vt 0.390141 0.548599
vt 0.377644 0.567344
vt 0.383893 0.567344
vt 0.390141 0.567344
vt 0.396390 0.567344
vt 0.396390 0.561096
vt 0.396390 0.554847
vt 0.396390 0.548599
vt 0.402638 0.561096
vt 0.408887 0.561096
vt 0.408887 0.554847
vt 0.402638 0.554847
vt 0.415136 0.561096
vt 0.415136 0.554847
vt 0.408887 0.548599
vt 0.402638 0.548599
vt 0.415136 0.548599
vt 0.402638 0.567344
vt 0.408887 0.567344
vt 0.415136 0.567344
vt 0.421384 0.567344
vt 0.421384 0.561096
vt 0.421384 0.554847
vt 0.421384 0.548599
vt 0.427633 0.561096
vt 0.433881 0.561096
vt 0.433881 0.554847
vt 0.427633 0.554847
vt 0.440130 0.561096
vt 0.440130 0.554847
vt 0.433881 0.548599
vt 0.427633 0.548599
vt 0.440130 0.548599
vt 0.427633 0.567344
vt 0.433881 0.567344
vt 0.440130 0.567344
vt 0.446378 0.567344
vt 0.446378 0.561096
vt 0.446378 0.554847
vt 0.446378 0.548599
vt 0.452627 0.561096
vt 0.458875 0.561096
vt 0.458875 0.554847
vt 0.452627 0.554847
vt 0.465124 0.561096
vt 0.465124 0.554847
vt 0.458875 0.548599
vt 0.452627 0.548599
vt 0.465124 0.548599
vt 0.452627 0.567344
vt 0.458875 0.567344
vt 0.465124 0.567344
vt 0.471373 0.567344
vt 0.471373 0.561096
vt 0.471373 0.554847
vt 0.471373 0.548599
vt 0.477621 0.561096
vt 0.483870 0.561096
vt 0.483870 0.554847
vt 0.477621 0.554847
vt 0.490118 0.561096
vt 0.490118 0.554847
vt 0.483870 0.548599
vt 0.477621 0.548599
vt 0.490118 0.548599
vt 0.477621 0.567344
vt 0.483870 0.567344
vt 0.490118 0.567344
vt 0.496367 0.567344
vt 0.496367 0.561096
vt 0.496367 0.554847
vt 0.496367 0.548599
vt 0.502615 0.561096
vt 0.508864 0.561096
vt 0.508864 0.554847
vt 0.502615 0.554847
vt 0.515112 0.561096
vt 0.515112 0.554847
vt 0.508864 0.548599
vt 0.502615 0.548599
vt 0.515112 0.548599
vt 0.502615 0.567344
vt 0.508864 0.567344
vt 0.515112 0.567344
vt 0.521361 0.567344
vt 0.521361 0.561096
vt 0.521361 0.554847
vt 0.521361 0.548599
vt 0.527610 0.561096
vt 0.533858 0.561096
vt 0.533858 0.554847
vt 0.527610 0.554847
vt 0.540107 0.561096
vt 0.540107 0.554847
vt 0.533858 0.548599
vt 0.527610 0.548599
vt 0.540107 0.548599
vt 0.527610 0.567344
vt 0.533858 0.567344
vt 0.540107 0.567344
vt 0.546355 0.567344
vt 0.546355 0.561096
vt 0.546355 0.554847
vt 0.546355 0.548599
vt 0.552604 0.561096
vt 0.558852 0.561096
vt 0.558852 0.554847
vt 0.552604 0.554847
vt 0.565101 0.561096
vt 0.565101 0.554847
vt 0.558852 0.548599
vt 0.552604 0.548599
vt 0.565101 0.548599
vt 0.552604 0.567344
vt 0.558852 0.567344
vt 0.565101 0.567344
vt 0.571349 0.567344
vt 0.571349 0.561096
vt 0.571349 0.554847
vt 0.571349 0.548599
vt 0.577598 0.561096
vt 0.583846 0.561096
vt 0.583846 0.554847
vt 0.577598 0.554847
vt 0.590095 0.561096
vt 0.590095 0.554847
vt 0.583846 0.548599
vt 0.577598 0.548599
vt 0.590095 0.548599
vt 0.577598 0.567344
vt 0.583846 0.567344
vt 0.590095 0.567344
vt 0.596344 0.567344
vt 0.596344 0.561096
vt 0.596344 0.554847
vt 0.596344 0.548599
vt 0.602592 0.561096
vt 0.608841 0.561096
vt 0.608841 0.554847
vt 0.602592 0.554847
vt 0.615089 0.561096
vt 0.615089 0.554847
vt 0.608841 0.548599
vt 0.602592 0.548599
vt 0.615089 0.548599
vt 0.602592 0.567344
vt 0.608841 0.567344
vt 0.615089 0.567344
vt 0.621338 0.567344
vt 0.621338 0.561096
vt 0.621338 0.554847
vt 0.621338 0.548599
vt 0.627586 0.561096
vt 0.633835 0.561096
vt 0.633835 0.554847
vt 0.627586 0.554847
vt 0.640083 0.561096
vt 0.640083 0.554847
vt 0.633835 0.548599
vt 0.627586 0.548599
vt 0.640083 0.548599
vt 0.627586 0.567344
vt 0.633835 0.567344
vt 0.640083 0.567344
vt 0.266303 0.028344
vt 0.266303 0.020274
vt 0.260031 0.020274
vt 0.260031 0.028344
vt 0.359419 0.586090
vt 0.365212 0.586090
vt 0.365212 0.579841
vt 0.359419 0.579841
vt 0.253758 0.020274
vt 0.253758 0.028344
vt 0.365212 0.573593
vt 0.359419 0.573593
vt 0.272576 0.028344
vt 0.272576 0.020274
vt 0.359419 0.592338
vt 0.365212 0.592338
vt 0.371396 0.592338
vt 0.371396 0.586090
vt 0.371396 0.579841
vt 0.371396 0.573593
vt 0.377644 0.586090
vt 0.383893 0.586090
vt 0.383893 0.579841
vt 0.377644 0.579841
vt 0.390141 0.586090
vt 0.390141 0.579841
vt 0.383893 0.573593
vt 0.377644 0.573593
vt 0.390141 0.573593
vt 0.377644 0.592338
vt 0.383893 0.592338
vt 0.390141 0.592338
vt 0.396390 0.592338
vt 0.396390 0.586090
vt 0.396390 0.579841
vt 0.396390 0.573593
vt 0.402638 0.586090
vt 0.408887 0.586090
vt 0.408887 0.579841
vt 0.402638 0.579841
vt 0.415136 0.586090
vt 0.415136 0.579841
vt 0.408887 0.573593
vt 0.402638 0.573593
vt 0.415136 0.573593
vt 0.402638 0.592338
vt 0.408887 0.592338
vt 0.415136 0.592338
vt 0.421384 0.592338
vt 0.421384 0.586090
vt 0.421384 0.579841
vt 0.421384 0.573593
vt 0.427633 0.586090
vt 0.433881 0.586090
vt 0.433881 0.579841
vt 0.427633 0.579841
vt 0.440130 0.586090
vt 0.440130 0.579841
vt 0.433881 0.573593
vt 0.427633 0.573593
vt 0.440130 0.573593
vt 0.427633 0.592338
vt 0.433881 0.592338
vt 0.440130 0.592338
vt 0.446378 0.592338
vt 0.446378 0.586090
vt 0.446378 0.579841
vt 0.446378 0.573593
vt 0.452627 0.586090
vt 0.458875 0.586090
vt 0.458875 0.579841
vt 0.452627 0.579841
vt 0.465124 0.586090
vt 0.465124 0.579841
vt 0.458875 0.573593
vt 0.452627 0.573593
vt 0.465124 0.573593
vt 0.452627 0.592338
vt 0.458875 0.592338
vt 0.465124 0.592338
vt 0.471373 0.592338
vt 0.471373 0.586090
vt 0.471373 0.579841
vt 0.471373 0.573593
vt 0.477621 0.586090
vt 0.483870 0.586090
vt 0.483870 0.579841
vt 0.477621 0.579841
vt 0.490118 0.586090
vt 0.490118 0.579841
vt 0.483870 0.573593
vt 0.477621 0.573593
vt 0.490118 0.573593
vt 0.477621 0.592338
vt 0.483870 0.592338
vt 0.490118 0.592338
vt 0.496367 0.592338
vt 0.496367 0.586090
vt 0.496367 0.579841
vt 0.496367 0.573593
vt 0.502615 0.586090
vt 0.508864 0.586090
vt 0.508864 0.579841
vt 0.502615 0.579841
vt 0.515112 0.586090
vt 0.515112 0.579841
vt 0.508864 0.573593
vt 0.502615 0.573593
vt 0.515112 0.573593
vt 0.502615 0.592338
vt 0.508864 0.592338
vt 0.515112 0.592338
vt 0.521361 0.592338
vt 0.521361 0.586090
vt 0.521361 0.579841
vt 0.521361 0.573593
vt 0.527610 0.586090
vt 0.533858 0.586090
vt 0.533858 0.579841
vt 0.527610 0.579841
vt 0.540107 0.586090
vt 0.540107 0.579841
vt 0.533858 0.573593
vt 0.527610 0.573593
vt 0.540107 0.573593
vt 0.527610 0.592338
vt 0.533858 0.592338
vt 0.540107 0.592338
vt 0.546355 0.592338
vt 0.546355 0.586090
vt 0.546355 0.579841
vt 0.546355 0.573593
vt 0.552604 0.586090
vt 0.558852 0.586090
vt 0.558852 0.579841
vt 0.552604 0.579841
vt 0.565101 0.586090
vt 0.565101 0.579841
vt 0.558852 0.573593
vt 0.552604 0.573593
vt 0.565101 0.573593
vt 0.552604 0.592338
vt 0.558852 0.592338
vt 0.565101 0.592338
vt 0.571349 0.592338
vt 0.571349 0.586090
vt 0.571349 0.579841
vt 0.571349 0.573593
vt 0.577598 0.586090
vt 0.583846 0.586090
vt 0.583846 0.579841
vt 0.577598 0.579841
vt 0.590095 0.586090
vt 0.590095 0.579841
vt 0.583846 0.573593
vt 0.577598 0.573593
vt 0.590095 0.573593
vt 0.577598 0.592338
vt 0.583846 0.592338
vt 0.590095 0.592338
vt 0.596344 0.592338
vt 0.596344 0.586090
vt 0.596344 0.579841
vt 0.596344 0.573593
vt 0.602592 0.586090
vt 0.608841 0.586090
vt 0.608841 0.579841
vt 0.602592 0.579841
vt 0.615089 0.586090
vt 0.615089 0.579841
vt 0.608841 0.573593
vt 0.602592 0.573593
vt 0.615089 0.573593
vt 0.602592 0.592338
vt 0.608841 0.592338
vt 0.615089 0.592338
vt 0.621338 0.592338
vt 0.621338 0.586090
vt 0.621338 0.579841
vt 0.621338 0.573593
vt 0.627586 0.586090
vt 0.633835 0.586090
vt 0.633835 0.579841
vt 0.627586 0.579841
vt 0.640083 0.586090
vt 0.640083 0.579841
vt 0.633835 0.573593
vt 0.627586 0.573593
vt 0.640083 0.573593
vt 0.627586 0.592338
vt 0.633835 0.592338
vt 0.640083 0.592338
vt 0.291395 0.028344
vt 0.291395 0.020274
vt 0.285122 0.020274
vt 0.285122 0.028344
vt 0.359419 0.611084
vt 0.365212 0.611084
vt 0.365212 0.604836
vt 0.359419 0.604836
vt 0.278849 0.020274
vt 0.278849 0.028344
vt 0.365212 0.598587
vt 0.359419 0.598587
vt 0.297667 0.028344
vt 0.297667 0.020274
vt 0.359419 0.617333
vt 0.365212 0.617333
vt 0.371396 0.617333
vt 0.371396 0.611084
vt 0.371396 0.604836
vt 0.371396 0.598587
vt 0.377644 0.611084
vt 0.383893 0.611084
vt 0.383893 0.604836
vt 0.377644 0.604836
vt 0.390141 0.611084
vt 0.390141 0.604836
vt 0.383893 0.598587
vt 0.377644 0.598587
vt 0.390141 0.598587
vt 0.377644 0.617333
vt 0.383893 0.617333
vt 0.390141 0.617333
vt 0.396390 0.617333
vt 0.396390 0.611084
vt 0.396390 0.604836
vt 0.396390 0.598587
vt 0.402638 0.611084
vt 0.408887 0.611084
vt 0.408887 0.604836
vt 0.402638 0.604836
vt 0.415136 0.611084
vt 0.415136 0.604836
vt 0.408887 0.598587
vt 0.402638 0.598587
vt 0.415136 0.598587
vt 0.402638 0.617333
vt 0.408887 0.617333
vt 0.415136 0.617333
vt 0.421384 0.617333
vt 0.421384 0.611084
vt 0.421384 0.604836
vt 0.421384 0.598587
vt 0.427633 0.611084
vt 0.433881 0.611084
vt 0.433881 0.604836
vt 0.427633 0.604836
vt 0.440130 0.611084
vt 0.440130 0.604836
vt 0.433881 0.598587
vt 0.427633 0.598587
vt 0.440130 0.598587
vt 0.427633 0.617333
vt 0.433881 0.617333
vt 0.440130 0.617333
vt 0.446378 0.617333
vt 0.446378 0.611084
vt 0.446378 0.604836
vt 0.446378 0.598587
vt 0.452627 0.611084
vt 0.458875 0.611084
vt 0.458875 0.604836
vt 0.452627 0.604836
vt 0.465124 0.611084
vt 0.465124 0.604836
vt 0.458875 0.598587
vt 0.452627 0.598587
vt 0.465124 0.598587
vt 0.452627 0.617333
vt 0.458875 0.617333
vt 0.465124 0.617333
vt 0.471373 0.617333
vt 0.471373 0.611084
vt 0.471373 0.604836
vt 0.471373 0.598587
vt 0.477621 0.611084
vt 0.483870 0.611084
vt 0.483870 0.604836
vt 0.477621 0.604836
vt 0.490118 0.611084
vt 0.490118 0.604836
vt 0.483870 0.598587
vt 0.477621 0.598587
vt 0.490118 0.598587
vt 0.477621 0.617333
vt 0.483870 0.617333
vt 0.490118 0.617333
vt 0.496367 0.617333
vt 0.496367 0.611084
vt 0.496367 0.604836
vt 0.496367 0.598587
vt 0.502615 0.611084
vt 0.508864 0.611084
vt 0.508864 0.604836
vt 0.502615 0.604836
vt 0.515112 0.611084
vt 0.515112 0.604836
vt 0.508864 0.598587
vt 0.502615 0.598587
vt 0.515112 0.598587
vt 0.502615 0.617333
vt 0.508864 0.617333
vt 0.515112 0.617333
vt 0.521361 0.617333
vt 0.521361 0.611084
vt 0.521361 0.604836
vt 0.521361 0.598587
vt 0.527610 0.611084
vt 0.533858 0.611084
vt 0.533858 0.604836
vt 0.527610 0.604836
vt 0.540107 0.611084
vt 0.540107 0.604836
vt 0.533858 0.598587
vt 0.527610 0.598587
vt 0.540107 0.598587
vt 0.527610 0.617333
vt 0.533858 0.617333
vt 0.540107 0.617333
vt 0.546355 0.617333
vt 0.546355 0.611084
vt 0.546355 0.604836
vt 0.546355 0.598587
vt 0.552604 0.611084
vt 0.558852 0.611084
vt 0.558852 0.604836
vt 0.552604 0.604836
vt 0.565101 0.611084
vt 0.565101 0.604836
vt 0.558852 0.598587
vt 0.552604 0.598587
vt 0.565101 0.598587
vt 0.552604 0.617333
vt 0.558852 0.617333
vt 0.565101 0.617333
vt 0.571349 0.617333
vt 0.571349 0.611084
vt 0.571349 0.604836
vt 0.571349 0.598587
vt 0.577598 0.611084
vt 0.583846 0.611084
vt 0.583846 0.604836
vt 0.577598 0.604836
vt 0.590095 0.611084
vt 0.590095 0.604836
vt 0.583846 0.598587
vt 0.577598 0.598587
vt 0.590095 0.598587
vt 0.577598 0.617333
vt 0.583846 0.617333
vt 0.590095 0.617333
vt 0.596344 0.617333
vt 0.596344 0.611084
vt 0.596344 0.604836
vt 0.596344 0.598587
vt 0.602592 0.611084
vt 0.608841 0.611084
vt 0.608841 0.604836
vt 0.602592 0.604836
vt 0.615089 0.611084
vt 0.615089 0.604836
vt 0.608841 0.598587
vt 0.602592 0.598587
vt 0.615089 0.598587
vt 0.602592 0.617333
vt 0.608841 0.617333
vt 0.615089 0.617333
vt 0.621338 0.617333
vt 0.621338 0.611084
vt 0.621338 0.604836
vt 0.621338 0.598587
vt 0.627586 0.611084
vt 0.633835 0.611084
vt 0.633835 0.604836
vt 0.627586 0.604836
vt 0.640083 0.611084
vt 0.640083 0.604836
vt 0.633835 0.598587
vt 0.627586 0.598587
vt 0.640083 0.598587
vt 0.627586 0.617333
vt 0.633835 0.617333
vt 0.640083 0.617333
vt 0.316486 0.028344
vt 0.316486 0.020274
vt 0.310213 0.020274
vt 0.310213 0.028344
vt 0.359419 0.636078
vt 0.365212 0.636078
vt 0.365212 0.629830
vt 0.359419 0.629830
vt 0.303940 0.020274
vt 0.303940 0.028344
vt 0.365212 0.623581
vt 0.359419 0.623581
vt 0.322758 0.028344
vt 0.322758 0.020274
vt 0.359419 0.642327
vt 0.365212 0.642327
vt 0.371396 0.642327
vt 0.371396 0.636078
vt 0.371396 0.629830
vt 0.371396 0.623581
vt 0.377644 0.636078
vt 0.383893 0.636078
vt 0.383893 0.629830
vt 0.377644 0.629830
vt 0.390141 0.636078
vt 0.390141 0.629830
vt 0.383893 0.623581
vt 0.377644 0.623581
vt 0.390141 0.623581
vt 0.377644 0.642327
vt 0.383893 0.642327
vt 0.390141 0.642327
vt 0.396390 0.642327
vt 0.396390 0.636078
vt 0.396390 0.629830
vt 0.396390 0.623581
vt 0.402638 0.636078
vt 0.408887 0.636078
vt 0.408887 0.629830
vt 0.402638 0.629830
vt 0.415136 0.636078
vt 0.415136 0.629830
vt 0.408887 0.623581
vt 0.402638 0.623581
vt 0.415136 0.623581
vt 0.402638 0.642327
vt 0.408887 0.642327
vt 0.415136 0.642327
vt 0.421384 0.642327
vt 0.421384 0.636078
vt 0.421384 0.629830
vt 0.421384 0.623581
vt 0.427633 0.636078
vt 0.433881 0.636078
vt 0.433881 0.629830
vt 0.427633 0.629830
vt 0.440130 0.636078
vt 0.440130 0.629830
vt 0.433881 0.623581
vt 0.427633 0.623581
vt 0.440130 0.623581
vt 0.427633 0.642327
vt 0.433881 0.642327
vt 0.440130 0.642327
vt 0.446378 0.642327
vt 0.446378 0.636078
vt 0.446378 0.629830
vt 0.446378 0.623581
vt 0.452627 0.636078
vt 0.458875 0.636078
vt 0.458875 0.629830
vt 0.452627 0.629830
vt 0.465124 0.636078
vt 0.465124 0.629830
vt 0.458875 0.623581
vt 0.452627 0.623581
vt 0.465124 0.623581
vt 0.452627 0.642327
vt 0.458875 0.642327
vt 0.465124 0.642327
vt 0.471373 0.642327
vt 0.471373 0.636078
vt 0.471373 0.629830
vt 0.471373 0.623581
vt 0.477621 0.636078
vt 0.483870 0.636078
vt 0.483870 0.629830
vt 0.477621 0.629830
vt 0.490118 0.636078
vt 0.490118 0.629830
vt 0.483870 0.623581
vt 0.477621 0.623581
vt 0.490118 0.623581
vt 0.477621 0.642327
vt 0.483870 0.642327
vt 0.490118 0.642327
vt 0.496367 0.642327
vt 0.496367 0.636078
vt 0.496367 0.629830
vt 0.496367 0.623581
vt 0.502615 0.636078
vt 0.508864 0.636078
vt 0.508864 0.629830
vt 0.502615 0.629830
vt 0.515112 0.636078
vt 0.515112 0.629830
vt 0.508864 0.623581
vt 0.502615 0.623581
vt 0.515112 0.623581
vt 0.502615 0.642327
vt 0.508864 0.642327
vt 0.515112 0.642327
vt 0.521361 0.642327
vt 0.521361 0.636078
vt 0.521361 0.629830
vt 0.521361 0.623581
vt 0.527610 0.636078
vt 0.533858 0.636078
vt 0.533858 0.629830
vt 0.527610 0.629830
vt 0.540107 0.636078
vt 0.540107 0.629830
vt 0.533858 0.623581
vt 0.527610 0.623581
vt 0.540107 0.623581
vt 0.527610 0.642327
vt 0.533858 0.642327
vt 0.540107 0.642327
vt 0.546355 0.642327
vt 0.546355 0.636078
vt 0.546355 0.629830
vt 0.546355 0.623581
vt 0.552604 0.636078
vt 0.558852 0.636078
vt 0.558852 0.629830
vt 0.552604 0.629830
vt 0.565101 0.636078
vt 0.565101 0.629830
vt 0.558852 0.623581
vt 0.552604 0.623581
vt 0.565101 0.623581
vt 0.552604 0.642327
vt 0.558852 0.642327
vt 0.565101 0.642327
vt 0.571349 0.642327
vt 0.571349 0.636078
vt 0.571349 0.629830
vt 0.571349 0.623581
vt 0.577598 0.636078
vt 0.583846 0.636078
vt 0.583846 0.629830
vt 0.577598 0.629830
vt 0.590095 0.636078
vt 0.590095 0.629830
vt 0.583846 0.623581
vt 0.577598 0.623581
vt 0.590095 0.623581
vt 0.577598 0.642327
vt 0.583846 0.642327
vt 0.590095 0.642327
vt 0.596344 0.642327
vt 0.596344 0.636078
vt 0.596344 0.629830
vt 0.596344 0.623581
vt 0.602592 0.636078
vt 0.608841 0.636078
vt 0.608841 0.629830
vt 0.602592 0.629830
vt 0.615089 0.636078
vt 0.615089 0.629830
vt 0.608841 0.623581
vt 0.602592 0.623581
vt 0.615089 0.623581
vt 0.602592 0.642327
vt 0.608841 0.642327
vt 0.615089 0.642327
vt 0.621338 0.642327
vt 0.621338 0.636078
vt 0.621338 0.629830
vt 0.621338 0.623581
vt 0.627586 0.636078
vt 0.633835 0.636078
vt 0.633835 0.629830
vt 0.627586 0.629830
vt 0.640083 0.636078
vt 0.640083 0.629830
vt 0.633835 0.623581
vt 0.627586 0.623581
vt 0.640083 0.623581
vt 0.627586 0.642327
vt 0.633835 0.642327
vt 0.640083 0.642327
vt 0.339205 0.038237
vt 0.339607 0.031309
vt 0.334713 0.023546
vt 0.334586 0.031309
vt 0.367929 0.031328
vt 0.328957 0.020683
vt 0.328942 0.028714
vt 0.359487 0.654236
vt 0.365221 0.654295
vt 0.365213 0.648509
vt 0.359428 0.648502
vt 0.359980 0.051428
vt 0.371396 0.654303
vt 0.371396 0.648510
vt 0.392300 0.020295
vt 0.398572 0.020295
vt 0.377644 0.654303
vt 0.383893 0.654303
vt 0.383893 0.648510
vt 0.377644 0.648510
vt 0.390141 0.654303
vt 0.390141 0.648510
vt 0.404844 0.028363
vt 0.396390 0.654303
vt 0.396390 0.648510
vt 0.417388 0.028363
vt 0.417388 0.020295
vt 0.423660 0.020295
vt 0.402638 0.654303
vt 0.408887 0.654303
vt 0.408887 0.648510
vt 0.402638 0.648510
vt 0.415136 0.654303
vt 0.415136 0.648510
vt 0.429932 0.020295
vt 0.421384 0.654303
vt 0.421384 0.648510
vt 0.436204 0.028363
vt 0.442476 0.020295
vt 0.448748 0.020295
vt 0.427633 0.654303
vt 0.433881 0.654303
vt 0.433881 0.648510
vt 0.427633 0.648510
vt 0.440130 0.654303
vt 0.440130 0.648510
vt 0.446378 0.654303
vt 0.446378 0.648510
vt 0.461292 0.028363
vt 0.467564 0.028363
vt 0.467564 0.020295
vt 0.473836 0.020295
vt 0.452627 0.654303
vt 0.458875 0.654303
vt 0.458875 0.648510
vt 0.452627 0.648510
vt 0.465124 0.654303
vt 0.465124 0.648510
vt 0.471373 0.654303
vt 0.471373 0.648510
vt 0.492652 0.020295
vt 0.498924 0.020295
vt 0.477621 0.654303
vt 0.483870 0.654303
vt 0.483870 0.648510
vt 0.477621 0.648510
vt 0.490118 0.654303
vt 0.490118 0.648510
vt 0.496367 0.654303
vt 0.496367 0.648510
vt 0.517740 0.020295
vt 0.524012 0.020295
vt 0.502615 0.654303
vt 0.508864 0.654303
vt 0.508864 0.648510
vt 0.502615 0.648510
vt 0.515112 0.654303
vt 0.515112 0.648510
vt 0.521361 0.654303
vt 0.521361 0.648510
vt 0.542828 0.020295
vt 0.549100 0.028363
vt 0.549100 0.020295
vt 0.527610 0.654303
vt 0.533858 0.654303
vt 0.533858 0.648510
vt 0.527610 0.648510
vt 0.540107 0.654303
vt 0.540107 0.648510
vt 0.555372 0.028363
vt 0.546355 0.654303
vt 0.546355 0.648510
vt 0.567916 0.020295
vt 0.574188 0.020295
vt 0.552604 0.654303
vt 0.558852 0.654303
vt 0.558852 0.648510
vt 0.552604 0.648510
vt 0.565101 0.654303
vt 0.565101 0.648510
vt 0.571349 0.654303
vt 0.571349 0.648510
vt 0.586732 0.028363
vt 0.593004 0.020295
vt 0.599276 0.020295
vt 0.577598 0.654303
vt 0.583846 0.654303
vt 0.583846 0.648510
vt 0.577598 0.648510
vt 0.590095 0.654303
vt 0.590095 0.648510
vt 0.605548 0.020295
vt 0.596344 0.654303
vt 0.596344 0.648510
vt 0.618092 0.020295
vt 0.611820 0.020295
vt 0.624363 0.020295
vt 0.602592 0.654303
vt 0.608841 0.654303
vt 0.608841 0.648510
vt 0.602592 0.648510
vt 0.615089 0.654303
vt 0.615089 0.648510
vt 0.621338 0.654303
vt 0.621338 0.648510
vt 0.643179 0.020295
vt 0.649451 0.020295
vt 0.627586 0.654303
vt 0.633835 0.654303
vt 0.633835 0.648510
vt 0.627586 0.648510
vt 0.640083 0.654303
vt 0.640083 0.648510
vt 0.398572 0.331575
vt 0.398572 0.339643
vt 0.392300 0.339643
vt 0.392300 0.331575
vt 0.973539 0.386136
vt 0.967746 0.386136
vt 0.967746 0.379888
vt 0.973539 0.379888
vt 0.386028 0.339643
vt 0.386028 0.331575
vt 0.967746 0.373639
vt 0.973539 0.373639
vt 0.404844 0.331575
vt 0.404844 0.339643
vt 0.973539 0.392385
vt 0.967746 0.392385
vt 0.961563 0.392385
vt 0.961563 0.386136
vt 0.961563 0.379888
vt 0.961563 0.373639
vt 0.961563 0.367391
vt 0.967746 0.367391
vt 0.973539 0.367391
vt 0.955314 0.386136
vt 0.949066 0.386136
vt 0.949066 0.379888
vt 0.955315 0.379888
vt 0.942817 0.386136
vt 0.942817 0.379888
vt 0.949066 0.373639
vt 0.955314 0.373639
vt 0.942817 0.373639
vt 0.955315 0.392385
vt 0.949066 0.392385
vt 0.942817 0.392385
vt 0.936569 0.392385
vt 0.936569 0.386136
vt 0.936569 0.379888
vt 0.936569 0.373639
vt 0.936569 0.367391
vt 0.942817 0.367391
vt 0.949066 0.367391
vt 0.955314 0.367391
vt 0.930320 0.386136
vt 0.924072 0.386136
vt 0.924072 0.379888
vt 0.930320 0.379888
vt 0.917823 0.386136
vt 0.917823 0.379888
vt 0.924072 0.373639
vt 0.930320 0.373639
vt 0.917823 0.373639
vt 0.930320 0.392385
vt 0.924072 0.392385
vt 0.917823 0.392385
vt 0.911575 0.392385
vt 0.911575 0.386136
vt 0.911575 0.379888
vt 0.911574 0.373639
vt 0.911575 0.367391
vt 0.917823 0.367391
vt 0.924072 0.367391
vt 0.930320 0.367391
vt 0.905326 0.386136
vt 0.899077 0.386136
vt 0.899077 0.379888
vt 0.905326 0.379888
vt 0.892829 0.386136
vt 0.892829 0.379888
vt 0.899077 0.373639
vt 0.905326 0.373639
vt 0.892829 0.373639
vt 0.905326 0.392385
vt 0.899077 0.392385
vt 0.892829 0.392385
vt 0.886580 0.392385
vt 0.886580 0.386136
vt 0.886580 0.379888
vt 0.886580 0.373639
vt 0.886580 0.367391
vt 0.892829 0.367391
vt 0.899077 0.367391
vt 0.905326 0.367391
vt 0.880332 0.386136
vt 0.874083 0.386136
vt 0.874083 0.379888
vt 0.880332 0.379888
vt 0.867835 0.386136
vt 0.867835 0.379888
vt 0.874083 0.373639
vt 0.880332 0.373639
vt 0.867835 0.373639
vt 0.880332 0.392385
vt 0.874083 0.392385
vt 0.867835 0.392385
vt 0.861586 0.392385
vt 0.861586 0.386136
vt 0.861586 0.379888
vt 0.861586 0.373639
vt 0.861586 0.367391
vt 0.867835 0.367391
vt 0.874083 0.367391
vt 0.880332 0.367391
vt 0.855338 0.386136
vt 0.849089 0.386136
vt 0.849089 0.379888
vt 0.855338 0.379888
vt 0.842841 0.386136
vt 0.842841 0.379888
vt 0.849089 0.373639
vt 0.855338 0.373639
vt 0.842841 0.373639
vt 0.855338 0.392385
vt 0.849089 0.392385
vt 0.842841 0.392385
vt 0.836592 0.392385
vt 0.836592 0.386136
vt 0.836592 0.379888
vt 0.836592 0.373639
vt 0.836592 0.367391
vt 0.842841 0.367391
vt 0.849089 0.367391
vt 0.855338 0.367391
vt 0.830343 0.386136
vt 0.824095 0.386136
vt 0.824095 0.379888
vt 0.830343 0.379888
vt 0.817846 0.386136
vt 0.817846 0.379888
vt 0.824095 0.373639
vt 0.830343 0.373639
vt 0.817846 0.373639
vt 0.830343 0.392385
vt 0.824095 0.392385
vt 0.817846 0.392385
vt 0.811598 0.392385
vt 0.811598 0.386136
vt 0.811598 0.379888
vt 0.811598 0.373639
vt 0.811598 0.367391
vt 0.817846 0.367391
vt 0.824095 0.367391
vt 0.830343 0.367391
vt 0.805349 0.386136
vt 0.799101 0.386136
vt 0.799101 0.379888
vt 0.805349 0.379888
vt 0.792852 0.386136
vt 0.792852 0.379888
vt 0.799101 0.373639
vt 0.805349 0.373639
vt 0.792852 0.373639
vt 0.805349 0.392385
vt 0.799101 0.392385
vt 0.792852 0.392385
vt 0.786604 0.392385
vt 0.786604 0.386136
vt 0.786604 0.379888
vt 0.786604 0.373639
vt 0.786604 0.367391
vt 0.792852 0.367391
vt 0.799101 0.367391
vt 0.805349 0.367391
vt 0.780355 0.386136
vt 0.774107 0.386136
vt 0.774107 0.379888
vt 0.780355 0.379888
vt 0.767858 0.386136
vt 0.767858 0.379888
vt 0.774107 0.373639
vt 0.780355 0.373639
vt 0.767858 0.373639
vt 0.780355 0.392385
vt 0.774107 0.392385
vt 0.767858 0.392385
vt 0.761609 0.392385
vt 0.761609 0.386136
vt 0.761609 0.379888
vt 0.761609 0.373639
vt 0.761609 0.367391
vt 0.767858 0.367391
vt 0.774107 0.367391
vt 0.780355 0.367391
vt 0.755361 0.386136
vt 0.749112 0.386136
vt 0.749112 0.379888
vt 0.755361 0.379888
vt 0.742864 0.386136
vt 0.742864 0.379888
vt 0.749112 0.373639
vt 0.755361 0.373639
vt 0.742864 0.373639
vt 0.755361 0.392385
vt 0.749112 0.392385
vt 0.742864 0.392385
vt 0.736615 0.392385
vt 0.736615 0.386136
vt 0.736615 0.379888
vt 0.736615 0.373639
vt 0.736615 0.367391
vt 0.742864 0.367391
vt 0.749112 0.367391
vt 0.755361 0.367391
vt 0.730367 0.386136
vt 0.724118 0.386136
vt 0.724118 0.379888
vt 0.730367 0.379888
vt 0.717870 0.386136
vt 0.717870 0.379888
vt 0.724118 0.373639
vt 0.730367 0.373639
vt 0.717870 0.373639
vt 0.730367 0.392385
vt 0.724118 0.392385
vt 0.717870 0.392385
vt 0.711621 0.392385
vt 0.711621 0.386136
vt 0.711621 0.379888
vt 0.711621 0.373639
vt 0.711621 0.367391
vt 0.717870 0.367391
vt 0.724118 0.367391
vt 0.730367 0.367391
vt 0.705372 0.386136
vt 0.699124 0.386136
vt 0.699124 0.379888
vt 0.705372 0.379888
vt 0.692875 0.386136
vt 0.692875 0.379888
vt 0.699124 0.373639
vt 0.705372 0.373639
vt 0.692875 0.373639
vt 0.705372 0.392385
vt 0.699124 0.392385
vt 0.692875 0.392385
vt 0.692875 0.367391
vt 0.699124 0.367391
vt 0.705372 0.367391
vt 0.423660 0.331575
vt 0.423660 0.339643
vt 0.417388 0.339643
vt 0.417388 0.331575
vt 0.973539 0.411131
vt 0.967746 0.411131
vt 0.967746 0.404882
vt 0.973539 0.404882
vt 0.411116 0.339643
vt 0.411116 0.331575
vt 0.967746 0.398634
vt 0.973539 0.398634
vt 0.429932 0.331575
vt 0.429932 0.339643
vt 0.973539 0.417379
vt 0.967746 0.417379
vt 0.961563 0.417379
vt 0.961563 0.411131
vt 0.961563 0.404882
vt 0.961563 0.398634
vt 0.955314 0.411131
vt 0.949066 0.411131
vt 0.949066 0.404882
vt 0.955315 0.404882
vt 0.942817 0.411131
vt 0.942817 0.404882
vt 0.949066 0.398634
vt 0.955315 0.398634
vt 0.942817 0.398634
vt 0.955315 0.417379
vt 0.949066 0.417379
vt 0.942817 0.417379
vt 0.936569 0.417379
vt 0.936569 0.411131
vt 0.936569 0.404882
vt 0.936569 0.398634
vt 0.930320 0.411131
vt 0.924072 0.411131
vt 0.924072 0.404882
vt 0.930320 0.404882
vt 0.917823 0.411131
vt 0.917823 0.404882
vt 0.924072 0.398634
vt 0.930320 0.398634
vt 0.917823 0.398634
vt 0.930320 0.417379
vt 0.924072 0.417379
vt 0.917823 0.417379
vt 0.911575 0.417379
vt 0.911575 0.411131
vt 0.911575 0.404882
vt 0.911575 0.398634
vt 0.905326 0.411131
vt 0.899077 0.411131
vt 0.899077 0.404882
vt 0.905326 0.404882
vt 0.892829 0.411131
vt 0.892829 0.404882
vt 0.899077 0.398634
vt 0.905326 0.398634
vt 0.892829 0.398634
vt 0.905326 0.417379
vt 0.899077 0.417379
vt 0.892829 0.417379
vt 0.886580 0.417379
vt 0.886580 0.411131
vt 0.886580 0.404882
vt 0.886580 0.398634
vt 0.880332 0.411131
vt 0.874083 0.411131
vt 0.874083 0.404882
vt 0.880332 0.404882
vt 0.867835 0.411131
vt 0.867835 0.404882
vt 0.874083 0.398634
vt 0.880332 0.398634
vt 0.867835 0.398634
vt 0.880332 0.417379
vt 0.874083 0.417379
vt 0.867835 0.417379
vt 0.861586 0.417379
vt 0.861586 0.411131
vt 0.861586 0.404882
vt 0.861586 0.398634
vt 0.855338 0.411131
vt 0.849089 0.411131
vt 0.849089 0.404882
vt 0.855338 0.404882
vt 0.842841 0.411131
vt 0.842841 0.404882
vt 0.849089 0.398634
vt 0.855338 0.398634
vt 0.842841 0.398634
vt 0.855338 0.417379
vt 0.849089 0.417379
vt 0.842841 0.417379
vt 0.836592 0.417379
vt 0.836592 0.411131
vt 0.836592 0.404882
vt 0.836592 0.398634
vt 0.830343 0.411131
vt 0.824095 0.411131
vt 0.824095 0.404882
vt 0.830343 0.404882
vt 0.817846 0.411131
vt 0.817846 0.404882
vt 0.824095 0.398634
vt 0.830343 0.398634
vt 0.817846 0.398634
vt 0.830343 0.417379
vt 0.824095 0.417379
vt 0.817846 0.417379
vt 0.811598 0.417379
vt 0.811598 0.411131
vt 0.811598 0.404882
vt 0.811598 0.398634
vt 0.805349 0.411131
vt 0.799101 0.411131
vt 0.799101 0.404882
vt 0.805349 0.404882
vt 0.792852 0.411131
vt 0.792852 0.404882
vt 0.799101 0.398634
vt 0.805349 0.398634
vt 0.792852 0.398634
vt 0.805349 0.417379
vt 0.799101 0.417379
vt 0.792852 0.417379
vt 0.786604 0.417379
vt 0.786604 0.411131
vt 0.786604 0.404882
vt 0.786604 0.398634
vt 0.780355 0.411131
vt 0.774107 0.411131
vt 0.774107 0.404882
vt 0.780355 0.404882
vt 0.767858 0.411131
vt 0.767858 0.404882
vt 0.774107 0.398634
vt 0.780355 0.398634
vt 0.767858 0.398634
vt 0.780355 0.417379
vt 0.774107 0.417379
vt 0.767858 0.417379
vt 0.761609 0.417379
vt 0.761609 0.411131
vt 0.761609 0.404882
vt 0.761609 0.398634
vt 0.755361 0.411131
vt 0.749112 0.411131
vt 0.749112 0.404882
vt 0.755361 0.404882
vt 0.742864 0.411131
vt 0.742864 0.404882
vt 0.749112 0.398634
vt 0.755361 0.398634
vt 0.742864 0.398634
vt 0.755361 0.417379
vt 0.749112 0.417379
vt 0.742864 0.417379
vt 0.736615 0.417379
vt 0.736615 0.411131
vt 0.736615 0.404882
vt 0.736615 0.398634
vt 0.730367 0.411131
vt 0.724118 0.411131
vt 0.724118 0.404882
vt 0.730367 0.404882
vt 0.717870 0.411131
vt 0.717870 0.404882
vt 0.724118 0.398634
vt 0.730367 0.398634
vt 0.717870 0.398634
vt 0.730367 0.417379
vt 0.724118 0.417379
vt 0.717870 0.417379
vt 0.711621 0.417379
vt 0.711621 0.411131
vt 0.711621 0.404882
vt 0.711621 0.398634
vt 0.705372 0.411131
vt 0.699124 0.411131
vt 0.699124 0.404882
vt 0.705372 0.404882
vt 0.692875 0.411131
vt 0.692875 0.404882
vt 0.699124 0.398634
vt 0.705372 0.398634
vt 0.692875 0.398634
vt 0.705372 0.417379
vt 0.699124 0.417379
vt 0.692875 0.417379
vt 0.448748 0.331575
vt 0.448748 0.339643
vt 0.442476 0.339643
vt 0.442476 0.331575
vt 0.973539 0.436125
vt 0.967746 0.436125
vt 0.967746 0.429876
vt 0.973539 0.429876
vt 0.436204 0.339643
vt 0.436204 0.331575
vt 0.967746 0.423628
vt 0.973539 0.423628
vt 0.455020 0.331575
vt 0.455020 0.339643
vt 0.973539 0.442373
vt 0.967746 0.442373
vt 0.961563 0.442373
vt 0.961563 0.436125
vt 0.961563 0.429876
vt 0.961563 0.423628
vt 0.955314 0.436125
vt 0.949066 0.436125
vt 0.949066 0.429876
vt 0.955315 0.429876
vt 0.942817 0.436125
vt 0.942817 0.429876
vt 0.949066 0.423628
vt 0.955315 0.423628
vt 0.942817 0.423628
vt 0.955315 0.442373
vt 0.949066 0.442373
vt 0.942817 0.442373
vt 0.936569 0.442373
vt 0.936569 0.436125
vt 0.936569 0.429876
vt 0.936569 0.423628
vt 0.930320 0.436125
vt 0.924072 0.436125
vt 0.924072 0.429876
vt 0.930320 0.429876
vt 0.917823 0.436125
vt 0.917823 0.429876
vt 0.924072 0.423628
vt 0.930320 0.423628
vt 0.917823 0.423628
vt 0.930320 0.442373
vt 0.924072 0.442373
vt 0.917823 0.442373
vt 0.911575 0.442373
vt 0.911575 0.436125
vt 0.911575 0.429876
vt 0.911574 0.423628
vt 0.905326 0.436125
vt 0.899077 0.436125
vt 0.899077 0.429876
vt 0.905326 0.429876
vt 0.892829 0.436125
vt 0.892829 0.429876
vt 0.899077 0.423628
vt 0.905326 0.423628
vt 0.892829 0.423628
vt 0.905326 0.442373
vt 0.899077 0.442373
vt 0.892829 0.442373
vt 0.886580 0.442373
vt 0.886580 0.436125
vt 0.886580 0.429876
vt 0.886580 0.423628
vt 0.880332 0.436125
vt 0.874083 0.436125
vt 0.874083 0.429876
vt 0.880332 0.429876
vt 0.867835 0.436125
vt 0.867835 0.429876
vt 0.874083 0.423628
vt 0.880332 0.423628
vt 0.867835 0.423628
vt 0.880332 0.442373
vt 0.874083 0.442373
vt 0.867835 0.442373
vt 0.861586 0.442373
vt 0.861586 0.436125
vt 0.861586 0.429876
vt 0.861586 0.423628
vt 0.855338 0.436125
vt 0.849089 0.436125
vt 0.849089 0.429876
vt 0.855338 0.429876
vt 0.842841 0.436125
vt 0.842841 0.429876
vt 0.849089 0.423628
vt 0.855338 0.423628
vt 0.842841 0.423628
vt 0.855338 0.442373
vt 0.849089 0.442373
vt 0.842841 0.442373
vt 0.836592 0.442373
vt 0.836592 0.436125
vt 0.836592 0.429876
vt 0.836592 0.423628
vt 0.830343 0.436125
vt 0.824095 0.436125
vt 0.824095 0.429876
vt 0.830343 0.429876
vt 0.817846 0.436125
vt 0.817846 0.429876
vt 0.824095 0.423628
vt 0.830343 0.423628
vt 0.817846 0.423628
vt 0.830343 0.442373
vt 0.824095 0.442373
vt 0.817846 0.442373
vt 0.811598 0.442373
vt 0.811598 0.436125
vt 0.811598 0.429876
vt 0.811598 0.423628
vt 0.805349 0.436125
vt 0.799101 0.436125
vt 0.799101 0.429876
vt 0.805349 0.429876
vt 0.792852 0.436125
vt 0.792852 0.429876
vt 0.799101 0.423628
vt 0.805349 0.423628
vt 0.792852 0.423628
vt 0.805349 0.442373
vt 0.799101 0.442373
vt 0.792852 0.442373
vt 0.786604 0.442373
vt 0.786604 0.436125
vt 0.786604 0.429876
vt 0.786604 0.423628
vt 0.780355 0.436125
vt 0.774107 0.436125
vt 0.774107 0.429876
vt 0.780355 0.429876
vt 0.767858 0.436125
vt 0.767858 0.429876
vt 0.774107 0.423628
vt 0.780355 0.423628
vt 0.767858 0.423628
vt 0.780355 0.442373
vt 0.774107 0.442373
vt 0.767858 0.442373
vt 0.761609 0.442373
vt 0.761609 0.436125
vt 0.761609 0.429876
vt 0.761609 0.423628
vt 0.755361 0.436125
vt 0.749112 0.436125
vt 0.749112 0.429876
vt 0.755361 0.429876
vt 0.742864 0.436125
vt 0.742864 0.429876
vt 0.749112 0.423628
vt 0.755361 0.423628
vt 0.742864 0.423628
vt 0.755361 0.442373
vt 0.749112 0.442373
vt 0.742864 0.442373
vt 0.736615 0.442373
vt 0.736615 0.436125
vt 0.736615 0.429876
vt 0.736615 0.423628
vt 0.730367 0.436125
vt 0.724118 0.436125
vt 0.724118 0.429876
vt 0.730367 0.429876
vt 0.717870 0.436125
vt 0.717870 0.429876
vt 0.724118 0.423628
vt 0.730367 0.423628
vt 0.717870 0.423628
vt 0.730367 0.442373
vt 0.724118 0.442373
vt 0.717870 0.442373
vt 0.711621 0.442373
vt 0.711621 0.436125
vt 0.711621 0.429876
vt 0.711621 0.423628
vt 0.705372 0.436125
vt 0.699124 0.436125
vt 0.699124 0.429876
vt 0.705372 0.429876
vt 0.692875 0.436125
vt 0.692875 0.429876
vt 0.699124 0.423628
vt 0.705372 0.423628
vt 0.692875 0.423628
vt 0.705372 0.442373
vt 0.699124 0.442373
vt 0.692875 0.442373
vt 0.473836 0.331575
vt 0.473836 0.339643
vt 0.467564 0.339643
vt 0.467564 0.331575
vt 0.973539 0.461119
vt 0.967746 0.461119
vt 0.967746 0.454870
vt 0.973539 0.454870
vt 0.461292 0.339643
vt 0.461292 0.331575
vt 0.967746 0.448622
vt 0.973539 0.448622
vt 0.480108 0.331575
vt 0.480108 0.339643
vt 0.973539 0.467368
vt 0.967746 0.467368
vt 0.961563 0.467368
vt 0.961563 0.461119
vt 0.961563 0.454870
vt 0.961563 0.448622
vt 0.955314 0.461119
vt 0.949066 0.461119
vt 0.949066 0.454870
vt 0.955315 0.454870
vt 0.942817 0.461119
vt 0.942817 0.454870
vt 0.949066 0.448622
vt 0.955315 0.448622
vt 0.942817 0.448622
vt 0.955315 0.467367
vt 0.949066 0.467367
vt 0.942817 0.467368
vt 0.936569 0.467368
vt 0.936569 0.461119
vt 0.936569 0.454870
vt 0.936569 0.448622
vt 0.930320 0.461119
vt 0.924072 0.461119
vt 0.924072 0.454870
vt 0.930320 0.454870
vt 0.917823 0.461119
vt 0.917823 0.454870
vt 0.924072 0.448622
vt 0.930320 0.448622
vt 0.917823 0.448622
vt 0.930320 0.467368
vt 0.924072 0.467367
vt 0.917823 0.467368
vt 0.911575 0.467368
vt 0.911575 0.461119
vt 0.911575 0.454870
vt 0.911574 0.448622
vt 0.905326 0.461119
vt 0.899077 0.461119
vt 0.899077 0.454870
vt 0.905326 0.454870
vt 0.892829 0.461119
vt 0.892829 0.454870
vt 0.899077 0.448622
vt 0.905326 0.448622
vt 0.892829 0.448622
vt 0.905326 0.467367
vt 0.899077 0.467367
vt 0.892829 0.467367
vt 0.886580 0.467368
vt 0.886580 0.461119
vt 0.886580 0.454870
vt 0.886580 0.448622
vt 0.880332 0.461119
vt 0.874083 0.461119
vt 0.874083 0.454870
vt 0.880332 0.454870
vt 0.867835 0.461119
vt 0.867835 0.454870
vt 0.874083 0.448622
vt 0.880332 0.448622
vt 0.867835 0.448622
vt 0.880332 0.467367
vt 0.874083 0.467367
vt 0.867835 0.467367
vt 0.861586 0.467367
vt 0.861586 0.461119
vt 0.861586 0.454870
vt 0.861586 0.448622
vt 0.855338 0.461119
vt 0.849089 0.461119
vt 0.849089 0.454870
vt 0.855338 0.454870
vt 0.842841 0.461119
vt 0.842841 0.454870
vt 0.849089 0.448622
vt 0.855338 0.448622
vt 0.842841 0.448622
vt 0.855338 0.467368
vt 0.849089 0.467367
vt 0.842841 0.467367
vt 0.836592 0.467367
vt 0.836592 0.461119
vt 0.836592 0.454870
vt 0.836592 0.448622
vt 0.830343 0.461119
vt 0.824095 0.461119
vt 0.824095 0.454870
vt 0.830343 0.454870
vt 0.817846 0.461119
vt 0.817846 0.454870
vt 0.824095 0.448622
vt 0.830343 0.448622
vt 0.817846 0.448622
vt 0.830343 0.467367
vt 0.824095 0.467367
vt 0.817846 0.467367
vt 0.811598 0.467367
vt 0.811598 0.461119
vt 0.811598 0.454870
vt 0.811598 0.448622
vt 0.805349 0.461119
vt 0.799101 0.461119
vt 0.799101 0.454870
vt 0.805349 0.454870
vt 0.792852 0.461119
vt 0.792852 0.454870
vt 0.799101 0.448622
vt 0.805349 0.448622
vt 0.792852 0.448622
vt 0.805349 0.467367
vt 0.799101 0.467367
vt 0.792852 0.467367
vt 0.786604 0.467367
vt 0.786604 0.461119
vt 0.786604 0.454870
vt 0.786604 0.448622
vt 0.780355 0.461119
vt 0.774107 0.461119
vt 0.774107 0.454870
vt 0.780355 0.454870
vt 0.767858 0.461119
vt 0.767858 0.454870
vt 0.774107 0.448622
vt 0.780355 0.448622
vt 0.767858 0.448622
vt 0.780355 0.467367
vt 0.774107 0.467367
vt 0.767858 0.467367
vt 0.761609 0.467368
vt 0.761609 0.461119
vt 0.761609 0.454870
vt 0.761609 0.448622
vt 0.755361 0.461119
vt 0.749112 0.461119
vt 0.749112 0.454870
vt 0.755361 0.454870
vt 0.742864 0.461119
vt 0.742864 0.454870
vt 0.749112 0.448622
vt 0.755361 0.448622
vt 0.742864 0.448622
vt 0.755361 0.467367
vt 0.749112 0.467367
vt 0.742864 0.467368
vt 0.736615 0.467367
vt 0.736615 0.461119
vt 0.736615 0.454870
vt 0.736615 0.448622
vt 0.730367 0.461119
vt 0.724118 0.461119
vt 0.724118 0.454870
vt 0.730367 0.454870
vt 0.717870 0.461119
vt 0.717870 0.454870
vt 0.724118 0.448622
vt 0.730367 0.448622
vt 0.717870 0.448622
vt 0.730367 0.467367
vt 0.724118 0.467368
vt 0.717870 0.467367
vt 0.711621 0.467367
vt 0.711621 0.461119
vt 0.711621 0.454870
vt 0.711621 0.448622
vt 0.705372 0.461119
vt 0.699124 0.461119
vt 0.699124 0.454870
vt 0.705372 0.454870
vt 0.692875 0.461119
vt 0.692875 0.454870
vt 0.699124 0.448622
vt 0.705372 0.448622
vt 0.692875 0.448622
vt 0.705372 0.467367
vt 0.699124 0.467367
vt 0.692875 0.467368
vt 0.498924 0.331575
vt 0.498924 0.339643
vt 0.492652 0.339643
vt 0.492652 0.331575
vt 0.973539 0.486113
vt 0.967746 0.486113
vt 0.967746 0.479865
vt 0.973539 0.479865
vt 0.486380 0.339643
vt 0.486380 0.331575
vt 0.967746 0.473616
vt 0.973539 0.473616
vt 0.505196 0.331575
vt 0.505196 0.339643
vt 0.973539 0.492362
vt 0.967746 0.492362
vt 0.961563 0.492362
vt 0.961563 0.486113
vt 0.961563 0.479865
vt 0.961563 0.473616
vt 0.955314 0.486113
vt 0.949066 0.486113
vt 0.949066 0.479865
vt 0.955315 0.479865
vt 0.942817 0.486113
vt 0.942817 0.479865
vt 0.949066 0.473616
vt 0.955315 0.473616
vt 0.942817 0.473616
vt 0.955315 0.492362
vt 0.949066 0.492362
vt 0.942817 0.492362
vt 0.936569 0.492362
vt 0.936569 0.486113
vt 0.936569 0.479865
vt 0.936569 0.473616
vt 0.930320 0.486113
vt 0.924072 0.486113
vt 0.924072 0.479865
vt 0.930320 0.479865
vt 0.917823 0.486113
vt 0.917823 0.479865
vt 0.924072 0.473616
vt 0.930320 0.473616
vt 0.917823 0.473616
vt 0.930320 0.492362
vt 0.924072 0.492362
vt 0.917823 0.492362
vt 0.911575 0.492362
vt 0.911575 0.486113
vt 0.911575 0.479865
vt 0.911574 0.473616
vt 0.905326 0.486113
vt 0.899077 0.486113
vt 0.899077 0.479865
vt 0.905326 0.479865
vt 0.892829 0.486113
vt 0.892829 0.479865
vt 0.899077 0.473616
vt 0.905326 0.473616
vt 0.892829 0.473616
vt 0.905326 0.492362
vt 0.899077 0.492362
vt 0.892829 0.492362
vt 0.886580 0.492362
vt 0.886580 0.486113
vt 0.886580 0.479865
vt 0.886580 0.473616
vt 0.880332 0.486113
vt 0.874083 0.486113
vt 0.874083 0.479865
vt 0.880332 0.479865
vt 0.867835 0.486113
vt 0.867835 0.479865
vt 0.874083 0.473616
vt 0.880332 0.473616
vt 0.867835 0.473616
vt 0.880332 0.492362
vt 0.874083 0.492362
vt 0.867835 0.492362
vt 0.861586 0.492362
vt 0.861586 0.486113
vt 0.861586 0.479865
vt 0.861586 0.473616
vt 0.855338 0.486113
vt 0.849089 0.486113
vt 0.849089 0.479865
vt 0.855338 0.479865
vt 0.842841 0.486113
vt 0.842841 0.479865
vt 0.849089 0.473616
vt 0.855338 0.473616
vt 0.842841 0.473616
vt 0.855338 0.492362
vt 0.849089 0.492362
vt 0.842841 0.492362
vt 0.836592 0.492362
vt 0.836592 0.486113
vt 0.836592 0.479865
vt 0.836592 0.473616
vt 0.830343 0.486113
vt 0.824095 0.486113
vt 0.824095 0.479865
vt 0.830343 0.479865
vt 0.817846 0.486113
vt 0.817846 0.479865
vt 0.824095 0.473616
vt 0.830343 0.473616
vt 0.817846 0.473616
vt 0.830343 0.492362
vt 0.824095 0.492362
vt 0.817846 0.492362
vt 0.811598 0.492362
vt 0.811598 0.486113
vt 0.811598 0.479865
vt 0.811598 0.473616
vt 0.805349 0.486113
vt 0.799101 0.486113
vt 0.799101 0.479865
vt 0.805349 0.479865
vt 0.792852 0.486113
vt 0.792852 0.479865
vt 0.799101 0.473616
vt 0.805349 0.473616
vt 0.792852 0.473616
vt 0.805349 0.492362
vt 0.799101 0.492362
vt 0.792852 0.492362
vt 0.786604 0.492362
vt 0.786604 0.486113
vt 0.786604 0.479865
vt 0.786604 0.473616
vt 0.780355 0.486113
vt 0.774107 0.486113
vt 0.774107 0.479865
vt 0.780355 0.479865
vt 0.767858 0.486113
vt 0.767858 0.479865
vt 0.774107 0.473616
vt 0.780355 0.473616
vt 0.767858 0.473616
vt 0.780355 0.492362
vt 0.774107 0.492362
vt 0.767858 0.492362
vt 0.761609 0.492362
vt 0.761609 0.486113
vt 0.761609 0.479865
vt 0.761609 0.473616
vt 0.755361 0.486113
vt 0.749112 0.486113
vt 0.749112 0.479865
vt 0.755361 0.479865
vt 0.742864 0.486113
vt 0.742864 0.479865
vt 0.749112 0.473616
vt 0.755361 0.473616
vt 0.742864 0.473616
vt 0.755361 0.492362
vt 0.749112 0.492362
vt 0.742864 0.492362
vt 0.736615 0.492362
vt 0.736615 0.486113
vt 0.736615 0.479865
vt 0.736615 0.473616
vt 0.730367 0.486113
vt 0.724118 0.486113
vt 0.724118 0.479865
vt 0.730367 0.479865
vt 0.717870 0.486113
vt 0.717870 0.479865
vt 0.724118 0.473616
vt 0.730367 0.473616
vt 0.717870 0.473616
vt 0.730367 0.492362
vt 0.724118 0.492362
vt 0.717870 0.492362
vt 0.711621 0.492362
vt 0.711621 0.486113
vt 0.711621 0.479865
vt 0.711621 0.473616
vt 0.705372 0.486113
vt 0.699124 0.486113
vt 0.699124 0.479865
vt 0.705372 0.479865
vt 0.692875 0.486113
vt 0.692875 0.479865
vt 0.699124 0.473616
vt 0.705372 0.473616
vt 0.692875 0.473616
vt 0.705372 0.492362
vt 0.699124 0.492362
vt 0.692875 0.492362
vt 0.524012 0.331575
vt 0.524012 0.339643
vt 0.517740 0.339643
vt 0.517740 0.331575
vt 0.973539 0.511107
vt 0.967746 0.511107
vt 0.967746 0.504859
vt 0.973539 0.504859
vt 0.511468 0.339643
vt 0.511468 0.331575
vt 0.967746 0.498610
vt 0.973539 0.498610
vt 0.530284 0.331575
vt 0.530284 0.339643
vt 0.973539 0.517356
vt 0.967746 0.517356
vt 0.961563 0.517356
vt 0.961563 0.511107
vt 0.961563 0.504859
vt 0.961563 0.498610
vt 0.955314 0.511107
vt 0.949066 0.511107
vt 0.949066 0.504859
vt 0.955315 0.504859
vt 0.942817 0.511107
vt 0.942817 0.504859
vt 0.949066 0.498610
vt 0.955315 0.498610
vt 0.942817 0.498610
vt 0.955315 0.517356
vt 0.949066 0.517356
vt 0.942817 0.517356
vt 0.936569 0.517356
vt 0.936569 0.511107
vt 0.936569 0.504859
vt 0.936569 0.498610
vt 0.930320 0.511107
vt 0.924072 0.511107
vt 0.924072 0.504859
vt 0.930320 0.504859
vt 0.917823 0.511107
vt 0.917823 0.504859
vt 0.924072 0.498610
vt 0.930320 0.498610
vt 0.917823 0.498610
vt 0.930320 0.517356
vt 0.924072 0.517356
vt 0.917823 0.517356
vt 0.911575 0.517356
vt 0.911575 0.511107
vt 0.911575 0.504859
vt 0.911574 0.498610
vt 0.905326 0.511107
vt 0.899077 0.511107
vt 0.899077 0.504859
vt 0.905326 0.504859
vt 0.892829 0.511107
vt 0.892829 0.504859
vt 0.899077 0.498610
vt 0.905326 0.498610
vt 0.892829 0.498610
vt 0.905326 0.517356
vt 0.899077 0.517356
vt 0.892829 0.517356
vt 0.886580 0.517356
vt 0.886580 0.511107
vt 0.886580 0.504859
vt 0.886580 0.498610
vt 0.880332 0.511107
vt 0.874083 0.511107
vt 0.874083 0.504859
vt 0.880332 0.504859
vt 0.867835 0.511107
vt 0.867835 0.504859
vt 0.874083 0.498610
vt 0.880332 0.498610
vt 0.867835 0.498610
vt 0.880332 0.517356
vt 0.874083 0.517356
vt 0.867835 0.517356
vt 0.861586 0.517356
vt 0.861586 0.511107
vt 0.861586 0.504859
vt 0.861586 0.498610
vt 0.855338 0.511107
vt 0.849089 0.511107
vt 0.849089 0.504859
vt 0.855338 0.504859
vt 0.842841 0.511107
vt 0.842841 0.504859
vt 0.849089 0.498610
vt 0.855338 0.498610
vt 0.842841 0.498610
vt 0.855338 0.517356
vt 0.849089 0.517356
vt 0.842841 0.517356
vt 0.836592 0.517356
vt 0.836592 0.511107
vt 0.836592 0.504859
vt 0.836592 0.498610
vt 0.830343 0.511107
vt 0.824095 0.511107
vt 0.824095 0.504859
vt 0.830343 0.504859
vt 0.817846 0.511107
vt 0.817846 0.504859
vt 0.824095 0.498610
vt 0.830343 0.498610
vt 0.817846 0.498610
vt 0.830343 0.517356
vt 0.824095 0.517356
vt 0.817846 0.517356
vt 0.811598 0.517356
vt 0.811598 0.511107
vt 0.811598 0.504859
vt 0.811598 0.498610
vt 0.805349 0.511107
vt 0.799101 0.511107
vt 0.799101 0.504859
vt 0.805349 0.504859
vt 0.792852 0.511107
vt 0.792852 0.504859
vt 0.799101 0.498610
vt 0.805349 0.498610
vt 0.792852 0.498610
vt 0.805349 0.517356
vt 0.799101 0.517356
vt 0.792852 0.517356
vt 0.786604 0.517356
vt 0.786604 0.511107
vt 0.786604 0.504859
vt 0.786604 0.498610
vt 0.780355 0.511107
vt 0.774107 0.511107
vt 0.774107 0.504859
vt 0.780355 0.504859
vt 0.767858 0.511107
vt 0.767858 0.504859
vt 0.774107 0.498610
vt 0.780355 0.498610
vt 0.767858 0.498610
vt 0.780355 0.517356
vt 0.774107 0.517356
vt 0.767858 0.517356
vt 0.761609 0.517356
vt 0.761609 0.511107
vt 0.761609 0.504859
vt 0.761609 0.498610
vt 0.755361 0.511107
vt 0.749112 0.511107
vt 0.749112 0.504859
vt 0.755361 0.504859
vt 0.742864 0.511107
vt 0.742864 0.504859
vt 0.749112 0.498610
vt 0.755361 0.498610
vt 0.742864 0.498610
vt 0.755361 0.517356
vt 0.749112 0.517356
vt 0.742864 0.517356
vt 0.736615 0.517356
vt 0.736615 0.511107
vt 0.736615 0.504859
vt 0.736615 0.498610
vt 0.730367 0.511107
vt 0.724118 0.511107
vt 0.724118 0.504859
vt 0.730367 0.504859
vt 0.717870 0.511107
vt 0.717870 0.504859
vt 0.724118 0.498610
vt 0.730367 0.498610
vt 0.717870 0.498610
vt 0.730367 0.517356
vt 0.724118 0.517356
vt 0.717870 0.517356
vt 0.711621 0.517356
vt 0.711621 0.511107
vt 0.711621 0.504859
vt 0.711621 0.498610
vt 0.705372 0.511107
vt 0.699124 0.511107
vt 0.699124 0.504859
vt 0.705372 0.504859
vt 0.692875 0.511107
vt 0.692875 0.504859
vt 0.699124 0.498610
vt 0.705372 0.498610
vt 0.692875 0.498610
vt 0.705372 0.517356
vt 0.699124 0.517356
vt 0.692875 0.517356
vt 0.549100 0.331575
vt 0.549100 0.339643
vt 0.542828 0.339643
vt 0.542828 0.331575
vt 0.973539 0.536102
vt 0.967746 0.536102
vt 0.967746 0.529853
vt 0.973539 0.529853
vt 0.536556 0.339643
vt 0.536556 0.331575
vt 0.967746 0.523605
vt 0.973539 0.523605
vt 0.555372 0.331575
vt 0.555372 0.339643
vt 0.973539 0.542350
vt 0.967746 0.542350
vt 0.961563 0.542350
vt 0.961563 0.536102
vt 0.961563 0.529853
vt 0.961563 0.523605
vt 0.955314 0.536102
vt 0.949066 0.536102
vt 0.949066 0.529853
vt 0.955315 0.529853
vt 0.942817 0.536102
vt 0.942817 0.529853
vt 0.949066 0.523605
vt 0.955315 0.523605
vt 0.942817 0.523605
vt 0.955315 0.542350
vt 0.949066 0.542350
vt 0.942817 0.542350
vt 0.936569 0.542350
vt 0.936569 0.536102
vt 0.936569 0.529853
vt 0.936569 0.523605
vt 0.930320 0.536102
vt 0.924072 0.536102
vt 0.924072 0.529853
vt 0.930320 0.529853
vt 0.917823 0.536102
vt 0.917823 0.529853
vt 0.924072 0.523605
vt 0.930320 0.523605
vt 0.917823 0.523605
vt 0.930320 0.542350
vt 0.924072 0.542350
vt 0.917823 0.542350
vt 0.911575 0.542350
vt 0.911575 0.536102
vt 0.911575 0.529853
vt 0.911574 0.523605
vt 0.905326 0.536102
vt 0.899077 0.536102
vt 0.899077 0.529853
vt 0.905326 0.529853
vt 0.892829 0.536102
vt 0.892829 0.529853
vt 0.899077 0.523605
vt 0.905326 0.523605
vt 0.892829 0.523605
vt 0.905326 0.542350
vt 0.899077 0.542350
vt 0.892829 0.542350
vt 0.886580 0.542350
vt 0.886580 0.536102
vt 0.886580 0.529853
vt 0.886580 0.523605
vt 0.880332 0.536102
vt 0.874083 0.536102
vt 0.874083 0.529853
vt 0.880332 0.529853
vt 0.867835 0.536102
vt 0.867835 0.529853
vt 0.874083 0.523605
vt 0.880332 0.523605
vt 0.867835 0.523605
vt 0.880332 0.542350
vt 0.874083 0.542350
vt 0.867835 0.542350
vt 0.861586 0.542350
vt 0.861586 0.536102
vt 0.861586 0.529853
vt 0.861586 0.523605
vt 0.855338 0.536102
vt 0.849089 0.536102
vt 0.849089 0.529853
vt 0.855338 0.529853
vt 0.842841 0.536102
vt 0.842841 0.529853
vt 0.849089 0.523605
vt 0.855338 0.523605
vt 0.842841 0.523605
vt 0.855338 0.542350
vt 0.849089 0.542350
vt 0.842841 0.542350
vt 0.836592 0.542350
vt 0.836592 0.536102
vt 0.836592 0.529853
vt 0.836592 0.523605
vt 0.830343 0.536102
vt 0.824095 0.536102
vt 0.824095 0.529853
vt 0.830343 0.529853
vt 0.817846 0.536102
vt 0.817846 0.529853
vt 0.824095 0.523605
vt 0.830343 0.523605
vt 0.817846 0.523605
vt 0.830343 0.542350
vt 0.824095 0.542350
vt 0.817846 0.542350
vt 0.811598 0.542350
vt 0.811598 0.536102
vt 0.811598 0.529853
vt 0.811598 0.523605
vt 0.805349 0.536102
vt 0.799101 0.536102
vt 0.799101 0.529853
vt 0.805349 0.529853
vt 0.792852 0.536102
vt 0.792852 0.529853
vt 0.799101 0.523605
vt 0.805349 0.523605
vt 0.792852 0.523605
vt 0.805349 0.542350
vt 0.799101 0.542350
vt 0.792852 0.542350
vt 0.786604 0.542350
vt 0.786604 0.536102
vt 0.786604 0.529853
vt 0.786604 0.523605
vt 0.780355 0.536102
vt 0.774107 0.536102
vt 0.774107 0.529853
vt 0.780355 0.529853
vt 0.767858 0.536102
vt 0.767858 0.529853
vt 0.774107 0.523605
vt 0.780355 0.523605
vt 0.767858 0.523605
vt 0.780355 0.542350
vt 0.774107 0.542350
vt 0.767858 0.542350
vt 0.761609 0.542350
vt 0.761609 0.536102
vt 0.761609 0.529853
vt 0.761609 0.523605
vt 0.755361 0.536102
vt 0.749112 0.536102
vt 0.749112 0.529853
vt 0.755361 0.529853
vt 0.742864 0.536102
vt 0.742864 0.529853
vt 0.749112 0.523605
vt 0.755361 0.523605
vt 0.742864 0.523605
vt 0.755361 0.542350
vt 0.749112 0.542350
vt 0.742864 0.542350
vt 0.736615 0.542350
vt 0.736615 0.536102
vt 0.736615 0.529853
vt 0.736615 0.523605
vt 0.730367 0.536102
vt 0.724118 0.536102
vt 0.724118 0.529853
vt 0.730367 0.529853
vt 0.717870 0.536102
vt 0.717870 0.529853
vt 0.724118 0.523605
vt 0.730367 0.523605
vt 0.717870 0.523605
vt 0.730367 0.542350
vt 0.724118 0.542350
vt 0.717870 0.542350
vt 0.711621 0.542350
vt 0.711621 0.536102
vt 0.711621 0.529853
vt 0.711621 0.523605
vt 0.705372 0.536102
vt 0.699124 0.536102
vt 0.699124 0.529853
vt 0.705372 0.529853
vt 0.692875 0.536102
vt 0.692875 0.529853
vt 0.699124 0.523605
vt 0.705372 0.523605
vt 0.692875 0.523605
vt 0.705372 0.542350
vt 0.699124 0.542350
vt 0.692875 0.542350
vt 0.574188 0.331575
vt 0.574188 0.339643
vt 0.567916 0.339643
vt 0.567916 0.331575
vt 0.973539 0.561096
vt 0.967746 0.561096
vt 0.967746 0.554847
vt 0.973539 0.554847
vt 0.561644 0.339643
vt 0.561644 0.331575
vt 0.967746 0.548599
vt 0.973539 0.548599
vt 0.580460 0.331575
vt 0.580460 0.339643
vt 0.973539 0.567344
vt 0.967746 0.567344
vt 0.961563 0.567344
vt 0.961563 0.561096
vt 0.961563 0.554847
vt 0.961563 0.548599
vt 0.955314 0.561096
vt 0.949066 0.561096
vt 0.949066 0.554847
vt 0.955315 0.554847
vt 0.942817 0.561096
vt 0.942817 0.554847
vt 0.949066 0.548599
vt 0.955315 0.548599
vt 0.942817 0.548599
vt 0.955315 0.567344
vt 0.949066 0.567344
vt 0.942817 0.567344
vt 0.936569 0.567344
vt 0.936569 0.561096
vt 0.936569 0.554847
vt 0.936569 0.548599
vt 0.930320 0.561096
vt 0.924072 0.561096
vt 0.924072 0.554847
vt 0.930320 0.554847
vt 0.917823 0.561096
vt 0.917823 0.554847
vt 0.924072 0.548599
vt 0.930320 0.548599
vt 0.917823 0.548599
vt 0.930320 0.567344
vt 0.924072 0.567344
vt 0.917823 0.567344
vt 0.911574 0.567344
vt 0.911575 0.561096
vt 0.911575 0.554847
vt 0.911574 0.548599
vt 0.905326 0.561096
vt 0.899077 0.561096
vt 0.899077 0.554847
vt 0.905326 0.554847
vt 0.892829 0.561096
vt 0.892829 0.554847
vt 0.899077 0.548599
vt 0.905326 0.548599
vt 0.892829 0.548599
vt 0.905326 0.567344
vt 0.899077 0.567344
vt 0.892829 0.567344
vt 0.886580 0.567344
vt 0.886580 0.561096
vt 0.886580 0.554847
vt 0.886580 0.548599
vt 0.880332 0.561096
vt 0.874083 0.561096
vt 0.874083 0.554847
vt 0.880332 0.554847
vt 0.867835 0.561096
vt 0.867835 0.554847
vt 0.874083 0.548599
vt 0.880332 0.548599
vt 0.867835 0.548599
vt 0.880332 0.567344
vt 0.874083 0.567344
vt 0.867835 0.567344
vt 0.861586 0.567344
vt 0.861586 0.561096
vt 0.861586 0.554847
vt 0.861586 0.548599
vt 0.855338 0.561096
vt 0.849089 0.561096
vt 0.849089 0.554847
vt 0.855338 0.554847
vt 0.842841 0.561096
vt 0.842841 0.554847
vt 0.849089 0.548599
vt 0.855338 0.548599
vt 0.842841 0.548599
vt 0.855338 0.567344
vt 0.849089 0.567344
vt 0.842841 0.567344
vt 0.836592 0.567344
vt 0.836592 0.561096
vt 0.836592 0.554847
vt 0.836592 0.548599
vt 0.830343 0.561096
vt 0.824095 0.561096
vt 0.824095 0.554847
vt 0.830343 0.554847
vt 0.817846 0.561096
vt 0.817846 0.554847
vt 0.824095 0.548599
vt 0.830343 0.548599
vt 0.817846 0.548599
vt 0.830343 0.567344
vt 0.824095 0.567344
vt 0.817846 0.567344
vt 0.811598 0.567344
vt 0.811598 0.561096
vt 0.811598 0.554847
vt 0.811598 0.548599
vt 0.805349 0.561096
vt 0.799101 0.561096
vt 0.799101 0.554847
vt 0.805349 0.554847
vt 0.792852 0.561096
vt 0.792852 0.554847
vt 0.799101 0.548599
vt 0.805349 0.548599
vt 0.792852 0.548599
vt 0.805349 0.567344
vt 0.799101 0.567344
vt 0.792852 0.567344
vt 0.786604 0.567344
vt 0.786604 0.561096
vt 0.786604 0.554847
vt 0.786604 0.548599
vt 0.780355 0.561096
vt 0.774107 0.561096
vt 0.774107 0.554847
vt 0.780355 0.554847
vt 0.767858 0.561096
vt 0.767858 0.554847
vt 0.774107 0.548599
vt 0.780355 0.548599
vt 0.767858 0.548599
vt 0.780355 0.567344
vt 0.774107 0.567344
vt 0.767858 0.567344
vt 0.761609 0.567344
vt 0.761609 0.561096
vt 0.761609 0.554847
vt 0.761609 0.548599
vt 0.755361 0.561096
vt 0.749112 0.561096
vt 0.749112 0.554847
vt 0.755361 0.554847
vt 0.742864 0.561096
vt 0.742864 0.554847
vt 0.749112 0.548599
vt 0.755361 0.548599
vt 0.742864 0.548599
vt 0.755361 0.567344
vt 0.749112 0.567344
vt 0.742864 0.567344
vt 0.736615 0.567344
vt 0.736615 0.561096
vt 0.736615 0.554847
vt 0.736615 0.548599
vt 0.730367 0.561096
vt 0.724118 0.561096
vt 0.724118 0.554847
vt 0.730367 0.554847
vt 0.717870 0.561096
vt 0.717870 0.554847
vt 0.724118 0.548599
vt 0.730367 0.548599
vt 0.717870 0.548599
vt 0.730367 0.567344
vt 0.724118 0.567344
vt 0.717870 0.567344
vt 0.711621 0.567344
vt 0.711621 0.561096
vt 0.711621 0.554847
vt 0.711621 0.548599
vt 0.705372 0.561096
vt 0.699124 0.561096
vt 0.699124 0.554847
vt 0.705372 0.554847
vt 0.692875 0.561096
vt 0.692875 0.554847
vt 0.699124 0.548599
vt 0.705372 0.548599
vt 0.692875 0.548599
vt 0.705372 0.567344
vt 0.699124 0.567344
vt 0.692875 0.567344
vt 0.599276 0.331575
vt 0.599276 0.339643
vt 0.593004 0.339643
vt 0.593004 0.331575
vt 0.973539 0.586090
vt 0.967746 0.586090
vt 0.967746 0.579841
vt 0.973539 0.579841
vt 0.586732 0.339643
vt 0.586732 0.331575
vt 0.967746 0.573593
vt 0.973539 0.573593
vt 0.605548 0.331575
vt 0.605548 0.339643
vt 0.973539 0.592338
vt 0.967746 0.592338
vt 0.961563 0.592338
vt 0.961563 0.586090
vt 0.961563 0.579841
vt 0.961563 0.573593
vt 0.955314 0.586090
vt 0.949066 0.586090
vt 0.949066 0.579841
vt 0.955315 0.579841
vt 0.942817 0.586090
vt 0.942817 0.579841
vt 0.949066 0.573593
vt 0.955314 0.573593
vt 0.942817 0.573593
vt 0.955314 0.592338
vt 0.949066 0.592338
vt 0.942817 0.592338
vt 0.936569 0.592338
vt 0.936569 0.586090
vt 0.936569 0.579841
vt 0.936569 0.573593
vt 0.930320 0.586090
vt 0.924072 0.586090
vt 0.924072 0.579841
vt 0.930320 0.579841
vt 0.917823 0.586090
vt 0.917823 0.579841
vt 0.924072 0.573593
vt 0.930320 0.573593
vt 0.917823 0.573593
vt 0.930320 0.592338
vt 0.924072 0.592338
vt 0.917823 0.592338
vt 0.911575 0.592338
vt 0.911575 0.586090
vt 0.911575 0.579841
vt 0.911575 0.573593
vt 0.905326 0.586090
vt 0.899077 0.586090
vt 0.899077 0.579841
vt 0.905326 0.579841
vt 0.892829 0.586090
vt 0.892829 0.579841
vt 0.899077 0.573593
vt 0.905326 0.573593
vt 0.892829 0.573593
vt 0.905326 0.592338
vt 0.899077 0.592338
vt 0.892829 0.592338
vt 0.886580 0.592338
vt 0.886580 0.586090
vt 0.886580 0.579841
vt 0.886580 0.573593
vt 0.880332 0.586090
vt 0.874083 0.586090
vt 0.874083 0.579841
vt 0.880332 0.579841
vt 0.867835 0.586090
vt 0.867835 0.579841
vt 0.874083 0.573593
vt 0.880332 0.573593
vt 0.867835 0.573593
vt 0.880332 0.592338
vt 0.874083 0.592338
vt 0.867835 0.592338
vt 0.861586 0.592338
vt 0.861586 0.586090
vt 0.861586 0.579841
vt 0.861586 0.573593
vt 0.855338 0.586090
vt 0.849089 0.586090
vt 0.849089 0.579841
vt 0.855338 0.579841
vt 0.842841 0.586090
vt 0.842841 0.579841
vt 0.849089 0.573593
vt 0.855338 0.573593
vt 0.842841 0.573593
vt 0.855338 0.592338
vt 0.849089 0.592338
vt 0.842841 0.592338
vt 0.836592 0.592338
vt 0.836592 0.586090
vt 0.836592 0.579841
vt 0.836592 0.573593
vt 0.830343 0.586090
vt 0.824095 0.586090
vt 0.824095 0.579841
vt 0.830343 0.579841
vt 0.817846 0.586090
vt 0.817846 0.579841
vt 0.824095 0.573593
vt 0.830343 0.573593
vt 0.817846 0.573593
vt 0.830343 0.592338
vt 0.824095 0.592338
vt 0.817846 0.592338
vt 0.811598 0.592338
vt 0.811598 0.586090
vt 0.811598 0.579841
vt 0.811598 0.573593
vt 0.805349 0.586090
vt 0.799101 0.586090
vt 0.799101 0.579841
vt 0.805349 0.579841
vt 0.792852 0.586090
vt 0.792852 0.579841
vt 0.799101 0.573593
vt 0.805349 0.573593
vt 0.792852 0.573593
vt 0.805349 0.592338
vt 0.799101 0.592338
vt 0.792852 0.592338
vt 0.786604 0.592338
vt 0.786604 0.586090
vt 0.786604 0.579841
vt 0.786604 0.573593
vt 0.780355 0.586090
vt 0.774107 0.586090
vt 0.774107 0.579841
vt 0.780355 0.579841
vt 0.767858 0.586090
vt 0.767858 0.579841
vt 0.774107 0.573593
vt 0.780355 0.573593
vt 0.767858 0.573593
vt 0.780355 0.592338
vt 0.774107 0.592338
vt 0.767858 0.592338
vt 0.761609 0.592338
vt 0.761609 0.586090
vt 0.761609 0.579841
vt 0.761609 0.573593
vt 0.755361 0.586090
vt 0.749112 0.586090
vt 0.749112 0.579841
vt 0.755361 0.579841
vt 0.742864 0.586090
vt 0.742864 0.579841
vt 0.749112 0.573593
vt 0.755361 0.573593
vt 0.742864 0.573593
vt 0.755361 0.592338
vt 0.749112 0.592338
vt 0.742864 0.592338
vt 0.736615 0.592338
vt 0.736615 0.586090
vt 0.736615 0.579841
vt 0.736615 0.573593
vt 0.730367 0.586090
vt 0.724118 0.586090
vt 0.724118 0.579841
vt 0.730367 0.579841
vt 0.717870 0.586090
vt 0.717870 0.579841
vt 0.724118 0.573593
vt 0.730367 0.573593
vt 0.717870 0.573593
vt 0.730367 0.592338
vt 0.724118 0.592338
vt 0.717870 0.592338
vt 0.711621 0.592338
vt 0.711621 0.586090
vt 0.711621 0.579841
vt 0.711621 0.573593
vt 0.705372 0.586090
vt 0.699124 0.586090
vt 0.699124 0.579841
vt 0.705372 0.579841
vt 0.692875 0.586090
vt 0.692875 0.579841
vt 0.699124 0.573593
vt 0.705372 0.573593
vt 0.692875 0.573593
vt 0.705372 0.592338
vt 0.699124 0.592338
vt 0.692875 0.592338
vt 0.624364 0.331575
vt 0.624363 0.339643
vt 0.618092 0.339643
vt 0.618092 0.331575
vt 0.973539 0.611084
vt 0.967746 0.611084
vt 0.967746 0.604836
vt 0.973539 0.604836
vt 0.611820 0.339643
vt 0.611820 0.331575
vt 0.967746 0.598587
vt 0.973539 0.598587
vt 0.630635 0.331575
vt 0.630635 0.339643
vt 0.973539 0.617333
vt 0.967746 0.617333
vt 0.961563 0.617333
vt 0.961563 0.611084
vt 0.961563 0.604836
vt 0.961563 0.598587
vt 0.955314 0.611084
vt 0.949066 0.611084
vt 0.949066 0.604836
vt 0.955315 0.604836
vt 0.942817 0.611084
vt 0.942817 0.604836
vt 0.949066 0.598587
vt 0.955315 0.598587
vt 0.942817 0.598587
vt 0.955315 0.617333
vt 0.949066 0.617333
vt 0.942817 0.617333
vt 0.936569 0.617333
vt 0.936569 0.611084
vt 0.936569 0.604836
vt 0.936569 0.598587
vt 0.930320 0.611084
vt 0.924072 0.611084
vt 0.924072 0.604836
vt 0.930320 0.604836
vt 0.917823 0.611084
vt 0.917823 0.604836
vt 0.924072 0.598587
vt 0.930320 0.598587
vt 0.917823 0.598587
vt 0.930320 0.617333
vt 0.924072 0.617333
vt 0.917823 0.617333
vt 0.911575 0.617333
vt 0.911575 0.611084
vt 0.911574 0.604836
vt 0.911574 0.598587
vt 0.905326 0.611084
vt 0.899077 0.611084
vt 0.899077 0.604836
vt 0.905326 0.604836
vt 0.892829 0.611084
vt 0.892829 0.604836
vt 0.899077 0.598587
vt 0.905326 0.598587
vt 0.892829 0.598587
vt 0.905326 0.617333
vt 0.899077 0.617333
vt 0.892829 0.617333
vt 0.886580 0.617333
vt 0.886580 0.611084
vt 0.886580 0.604836
vt 0.886580 0.598587
vt 0.880332 0.611084
vt 0.874083 0.611084
vt 0.874083 0.604836
vt 0.880332 0.604836
vt 0.867835 0.611084
vt 0.867835 0.604836
vt 0.874083 0.598587
vt 0.880332 0.598587
vt 0.867835 0.598587
vt 0.880332 0.617333
vt 0.874083 0.617333
vt 0.867835 0.617333
vt 0.861586 0.617333
vt 0.861586 0.611084
vt 0.861586 0.604836
vt 0.861586 0.598587
vt 0.855338 0.611084
vt 0.849089 0.611084
vt 0.849089 0.604836
vt 0.855338 0.604836
vt 0.842841 0.611084
vt 0.842841 0.604836
vt 0.849089 0.598587
vt 0.855338 0.598587
vt 0.842841 0.598587
vt 0.855338 0.617333
vt 0.849089 0.617333
vt 0.842841 0.617333
vt 0.836592 0.617333
vt 0.836592 0.611084
vt 0.836592 0.604836
vt 0.836592 0.598587
vt 0.830343 0.611084
vt 0.824095 0.611084
vt 0.824095 0.604836
vt 0.830343 0.604836
vt 0.817846 0.611084
vt 0.817846 0.604836
vt 0.824095 0.598587
vt 0.830343 0.598587
vt 0.817846 0.598587
vt 0.830343 0.617333
vt 0.824095 0.617333
vt 0.817846 0.617333
vt 0.811598 0.617333
vt 0.811598 0.611084
vt 0.811598 0.604836
vt 0.811598 0.598587
vt 0.805349 0.611084
vt 0.799101 0.611084
vt 0.799101 0.604836
vt 0.805349 0.604836
vt 0.792852 0.611084
vt 0.792852 0.604836
vt 0.799101 0.598587
vt 0.805349 0.598587
vt 0.792852 0.598587
vt 0.805349 0.617333
vt 0.799101 0.617333
vt 0.792852 0.617333
vt 0.786604 0.617333
vt 0.786604 0.611084
vt 0.786604 0.604836
vt 0.786604 0.598587
vt 0.780355 0.611084
vt 0.774107 0.611084
vt 0.774107 0.604836
vt 0.780355 0.604836
vt 0.767858 0.611084
vt 0.767858 0.604836
vt 0.774107 0.598587
vt 0.780355 0.598587
vt 0.767858 0.598587
vt 0.780355 0.617333
vt 0.774107 0.617333
vt 0.767858 0.617333
vt 0.761609 0.617333
vt 0.761609 0.611084
vt 0.761609 0.604836
vt 0.761609 0.598587
vt 0.755361 0.611084
vt 0.749112 0.611084
vt 0.749112 0.604836
vt 0.755361 0.604836
vt 0.742864 0.611084
vt 0.742864 0.604836
vt 0.749112 0.598587
vt 0.755361 0.598587
vt 0.742864 0.598587
vt 0.755361 0.617333
vt 0.749112 0.617333
vt 0.742864 0.617333
vt 0.736615 0.617333
vt 0.736615 0.611084
vt 0.736615 0.604836
vt 0.736615 0.598587
vt 0.730367 0.611084
vt 0.724118 0.611084
vt 0.724118 0.604836
vt 0.730367 0.604836
vt 0.717870 0.611084
vt 0.717870 0.604836
vt 0.724118 0.598587
vt 0.730367 0.598587
vt 0.717870 0.598587
vt 0.730367 0.617333
vt 0.724118 0.617333
vt 0.717870 0.617333
vt 0.711621 0.617333
vt 0.711621 0.611084
vt 0.711621 0.604836
vt 0.711621 0.598587
vt 0.705372 0.611084
vt 0.699124 0.611084
vt 0.699124 0.604836
vt 0.705372 0.604836
vt 0.692875 0.611084
vt 0.692875 0.604836
vt 0.699124 0.598587
vt 0.705372 0.598587
vt 0.692875 0.598587
vt 0.705372 0.617333
vt 0.699124 0.617333
vt 0.692875 0.617333
vt 0.649451 0.331575
vt 0.649451 0.339643
vt 0.643179 0.339643
vt 0.643179 0.331575
vt 0.973539 0.636078
vt 0.967746 0.636078
vt 0.967746 0.629830
vt 0.973539 0.629830
vt 0.636908 0.339643
vt 0.636908 0.331575
vt 0.967746 0.623581
vt 0.973539 0.623581
vt 0.655723 0.331575
vt 0.655723 0.339643
vt 0.973539 0.642327
vt 0.967746 0.642327
vt 0.961563 0.642327
vt 0.961563 0.636078
vt 0.961563 0.629830
vt 0.961563 0.623581
vt 0.955314 0.636078
vt 0.949066 0.636078
vt 0.949066 0.629830
vt 0.955315 0.629830
vt 0.942817 0.636078
vt 0.942817 0.629830
vt 0.949066 0.623581
vt 0.955315 0.623581
vt 0.942817 0.623581
vt 0.955315 0.642327
vt 0.949066 0.642327
vt 0.942817 0.642327
vt 0.936569 0.642327
vt 0.936569 0.636078
vt 0.936569 0.629830
vt 0.936569 0.623581
vt 0.930320 0.636078
vt 0.924072 0.636078
vt 0.924072 0.629830
vt 0.930320 0.629830
vt 0.917823 0.636078
vt 0.917823 0.629830
vt 0.924072 0.623581
vt 0.930320 0.623581
vt 0.917823 0.623581
vt 0.930320 0.642327
vt 0.924072 0.642327
vt 0.917823 0.642327
vt 0.911575 0.642327
vt 0.911575 0.636078
vt 0.911574 0.629830
vt 0.911574 0.623581
vt 0.905326 0.636078
vt 0.899077 0.636078
vt 0.899077 0.629830
vt 0.905326 0.629830
vt 0.892829 0.636078
vt 0.892829 0.629830
vt 0.899077 0.623581
vt 0.905326 0.623581
vt 0.892829 0.623581
vt 0.905326 0.642327
vt 0.899077 0.642327
vt 0.892829 0.642327
vt 0.886580 0.642327
vt 0.886580 0.636078
vt 0.886580 0.629830
vt 0.886580 0.623581
vt 0.880332 0.636078
vt 0.874083 0.636078
vt 0.874083 0.629830
vt 0.880332 0.629830
vt 0.867835 0.636078
vt 0.867835 0.629830
vt 0.874083 0.623581
vt 0.880332 0.623581
vt 0.867835 0.623581
vt 0.880332 0.642327
vt 0.874083 0.642327
vt 0.867835 0.642327
vt 0.861586 0.642327
vt 0.861586 0.636078
vt 0.861586 0.629830
vt 0.861586 0.623581
vt 0.855338 0.636078
vt 0.849089 0.636078
vt 0.849089 0.629830
vt 0.855338 0.629830
vt 0.842841 0.636078
vt 0.842841 0.629830
vt 0.849089 0.623581
vt 0.855338 0.623581
vt 0.842841 0.623581
vt 0.855338 0.642327
vt 0.849089 0.642327
vt 0.842841 0.642327
vt 0.836592 0.642327
vt 0.836592 0.636078
vt 0.836592 0.629830
vt 0.836592 0.623581
vt 0.830343 0.636078
vt 0.824095 0.636078
vt 0.824095 0.629830
vt 0.830343 0.629830
vt 0.817846 0.636078
vt 0.817846 0.629830
vt 0.824095 0.623581
vt 0.830343 0.623581
vt 0.817846 0.623581
vt 0.830343 0.642327
vt 0.824095 0.642327
vt 0.817846 0.642327
vt 0.811598 0.642327
vt 0.811598 0.636078
vt 0.811598 0.629830
vt 0.811598 0.623581
vt 0.805349 0.636078
vt 0.799101 0.636078
vt 0.799101 0.629830
vt 0.805349 0.629830
vt 0.792852 0.636078
vt 0.792852 0.629830
vt 0.799101 0.623581
vt 0.805349 0.623581
vt 0.792852 0.623581
vt 0.805349 0.642327
vt 0.799101 0.642327
vt 0.792852 0.642327
vt 0.786604 0.642327
vt 0.786604 0.636078
vt 0.786604 0.629830
vt 0.786604 0.623581
vt 0.780355 0.636078
vt 0.774107 0.636078
vt 0.774107 0.629830
vt 0.780355 0.629830
vt 0.767858 0.636078
vt 0.767858 0.629830
vt 0.774107 0.623581
vt 0.780355 0.623581
vt 0.767858 0.623581
vt 0.780355 0.642327
vt 0.774107 0.642327
vt 0.767858 0.642327
vt 0.761609 0.642327
vt 0.761609 0.636078
vt 0.761609 0.629830
vt 0.761609 0.623581
vt 0.755361 0.636078
vt 0.749112 0.636078
vt 0.749112 0.629830
vt 0.755361 0.629830
vt 0.742864 0.636078
vt 0.742864 0.629830
vt 0.749112 0.623581
vt 0.755361 0.623581
vt 0.742864 0.623581
vt 0.755361 0.642327
vt 0.749112 0.642327
vt 0.742864 0.642327
vt 0.736615 0.642327
vt 0.736615 0.636078
vt 0.736615 0.629830
vt 0.736615 0.623581
vt 0.730367 0.636078
vt 0.724118 0.636078
vt 0.724118 0.629830
vt 0.730367 0.629830
vt 0.717870 0.636078
vt 0.717870 0.629830
vt 0.724118 0.623581
vt 0.730367 0.623581
vt 0.717870 0.623581
vt 0.730367 0.642327
vt 0.724118 0.642327
vt 0.717870 0.642327
vt 0.711621 0.642327
vt 0.711621 0.636078
vt 0.711621 0.629830
vt 0.711621 0.623581
vt 0.705372 0.636078
vt 0.699124 0.636078
vt 0.699124 0.629830
vt 0.705372 0.629830
vt 0.692875 0.636078
vt 0.692875 0.629830
vt 0.699124 0.623581
vt 0.705372 0.623581
vt 0.692875 0.623581
vt 0.705372 0.642327
vt 0.699124 0.642327
vt 0.692875 0.642327
vt 0.672168 0.321683
vt 0.672570 0.328610
vt 0.667677 0.336372
vt 0.667550 0.328610
vt 0.661906 0.331204
vt 0.661922 0.339234
vt 0.667677 0.336372
vt 0.661922 0.339234
vt 0.973472 0.654236
vt 0.967738 0.654295
vt 0.967745 0.648509
vt 0.973531 0.648502
vt 0.675499 0.308510
vt 0.961563 0.654303
vt 0.961563 0.648510
vt 0.955315 0.654303
vt 0.949066 0.654303
vt 0.949066 0.648510
vt 0.955315 0.648510
vt 0.942817 0.654303
vt 0.942817 0.648510
vt 0.643179 0.315862
vt 0.936569 0.654303
vt 0.936569 0.648510
vt 0.624363 0.331575
vt 0.611820 0.339643
vt 0.930320 0.654303
vt 0.924072 0.654303
vt 0.924072 0.648510
vt 0.930320 0.648510
vt 0.917823 0.654303
vt 0.917823 0.648510
vt 0.611820 0.315862
vt 0.911575 0.654303
vt 0.911575 0.648510
vt 0.905326 0.654303
vt 0.899077 0.654303
vt 0.899077 0.648510
vt 0.905326 0.648510
vt 0.892829 0.654303
vt 0.892829 0.648510
vt 0.599276 0.315862
vt 0.586732 0.315862
vt 0.886580 0.654303
vt 0.886580 0.648510
vt 0.880332 0.654303
vt 0.874083 0.654303
vt 0.874083 0.648510
vt 0.880332 0.648510
vt 0.867835 0.654303
vt 0.867835 0.648510
vt 0.567916 0.315862
vt 0.555372 0.315862
vt 0.555372 0.331575
vt 0.555372 0.339643
vt 0.861586 0.654303
vt 0.861586 0.648510
vt 0.549100 0.331575
vt 0.855338 0.654303
vt 0.849089 0.654303
vt 0.849089 0.648510
vt 0.855338 0.648510
vt 0.842841 0.654303
vt 0.842841 0.648510
vt 0.549100 0.315862
vt 0.836592 0.654303
vt 0.836592 0.648510
vt 0.830343 0.654303
vt 0.824095 0.654303
vt 0.824095 0.648510
vt 0.830343 0.648510
vt 0.817846 0.654303
vt 0.817846 0.648510
vt 0.811598 0.654303
vt 0.811598 0.648510
vt 0.498924 0.331575
vt 0.492652 0.331575
vt 0.492652 0.339643
vt 0.486380 0.331575
vt 0.486380 0.339643
vt 0.805349 0.654303
vt 0.799101 0.654303
vt 0.799101 0.648510
vt 0.805349 0.648510
vt 0.792852 0.654303
vt 0.792852 0.648510
vt 0.498924 0.315862
vt 0.492652 0.315862
vt 0.786604 0.654303
vt 0.786604 0.648510
vt 0.461292 0.331575
vt 0.461292 0.339643
vt 0.780355 0.654303
vt 0.774107 0.654303
vt 0.774107 0.648510
vt 0.780355 0.648510
vt 0.767858 0.654303
vt 0.767858 0.648510
vt 0.473836 0.315862
vt 0.467564 0.315862
vt 0.455020 0.331575
vt 0.455020 0.339643
vt 0.761609 0.654303
vt 0.761609 0.648510
vt 0.442476 0.331575
vt 0.436204 0.331575
vt 0.755361 0.654303
vt 0.749112 0.654303
vt 0.749112 0.648510
vt 0.755361 0.648510
vt 0.742864 0.654303
vt 0.742864 0.648510
vt 0.442476 0.315862
vt 0.429932 0.331575
vt 0.429932 0.339643
vt 0.736615 0.654303
vt 0.736615 0.648510
vt 0.730367 0.654303
vt 0.724118 0.654303
vt 0.724118 0.648510
vt 0.730367 0.648510
vt 0.717870 0.654303
vt 0.717870 0.648510
vt 0.423660 0.315862
vt 0.417388 0.315862
vt 0.411116 0.315862
vt 0.404844 0.331575
vt 0.404844 0.339643
vt 0.711621 0.654303
vt 0.711621 0.648510
vt 0.398572 0.331575
vt 0.705372 0.654303
vt 0.699124 0.654303
vt 0.699124 0.648510
vt 0.705372 0.648510
vt 0.692875 0.654303
vt 0.692875 0.648510
vt 0.398572 0.315862
vt 0.973531 0.361216
vt 0.967745 0.361208
vt 0.967738 0.355423
vt 0.973472 0.355482
vt 0.339647 0.663217
vt 0.334753 0.670981
vt 0.334626 0.663217
vt 0.339246 0.656287
vt 0.328995 0.673845
vt 0.328979 0.665812
vt 0.961563 0.361207
vt 0.961563 0.355414
vt 0.322795 0.674254
vt 0.322795 0.666183
vt 0.322795 0.650464
vt 0.328970 0.650173
vt 0.334549 0.648135
vt 0.338967 0.643109
vt 0.342578 0.643109
vt 0.341618 0.636869
vt 0.363311 0.321683
vt 0.955315 0.361207
vt 0.949066 0.361207
vt 0.949066 0.355414
vt 0.955315 0.355414
vt 0.942817 0.361207
vt 0.942817 0.355414
vt 0.316520 0.674254
vt 0.310246 0.674254
vt 0.310246 0.666183
vt 0.316520 0.666183
vt 0.303971 0.674254
vt 0.303971 0.666183
vt 0.936569 0.361207
vt 0.936569 0.355414
vt 0.297697 0.674254
vt 0.297697 0.666183
vt 0.297697 0.650464
vt 0.303971 0.650464
vt 0.310246 0.650464
vt 0.316520 0.650464
vt 0.930320 0.361207
vt 0.924072 0.361207
vt 0.924072 0.355414
vt 0.930320 0.355414
vt 0.917823 0.361207
vt 0.917823 0.355414
vt 0.291422 0.674254
vt 0.285148 0.674254
vt 0.285148 0.666183
vt 0.291422 0.666183
vt 0.278874 0.674254
vt 0.278874 0.666183
vt 0.911575 0.361207
vt 0.911575 0.355414
vt 0.272599 0.674254
vt 0.272599 0.666183
vt 0.272599 0.650464
vt 0.278874 0.650464
vt 0.285148 0.650464
vt 0.291422 0.650464
vt 0.905326 0.361207
vt 0.899077 0.361207
vt 0.899077 0.355414
vt 0.905326 0.355414
vt 0.892829 0.361207
vt 0.892829 0.355414
vt 0.266325 0.674254
vt 0.260050 0.674254
vt 0.260050 0.666183
vt 0.266325 0.666183
vt 0.253776 0.674254
vt 0.253776 0.666183
vt 0.886580 0.361207
vt 0.886580 0.355414
vt 0.247501 0.674254
vt 0.247501 0.666183
vt 0.247501 0.650464
vt 0.253776 0.650464
vt 0.260050 0.650464
vt 0.266325 0.650464
vt 0.880332 0.361207
vt 0.874083 0.361207
vt 0.874083 0.355414
vt 0.880332 0.355414
vt 0.867835 0.361207
vt 0.867835 0.355414
vt 0.241227 0.674254
vt 0.234952 0.674254
vt 0.234953 0.666183
vt 0.241227 0.666183
vt 0.228678 0.674254
vt 0.228678 0.666183
vt 0.861586 0.361207
vt 0.861586 0.355414
vt 0.222404 0.674254
vt 0.222404 0.666183
vt 0.222404 0.650464
vt 0.228678 0.650464
vt 0.234952 0.650464
vt 0.241227 0.650464
vt 0.855338 0.361207
vt 0.849089 0.361207
vt 0.849089 0.355414
vt 0.855338 0.355414
vt 0.842841 0.361207
vt 0.842841 0.355414
vt 0.216129 0.674254
vt 0.209855 0.674254
vt 0.209855 0.666183
vt 0.216129 0.666183
vt 0.203580 0.674254
vt 0.203580 0.666183
vt 0.836592 0.361207
vt 0.836592 0.355414
vt 0.197306 0.674254
vt 0.197306 0.666183
vt 0.197306 0.650464
vt 0.203580 0.650464
vt 0.209855 0.650464
vt 0.216129 0.650464
vt 0.830343 0.361207
vt 0.824095 0.361207
vt 0.824095 0.355414
vt 0.830343 0.355414
vt 0.817846 0.361207
vt 0.817846 0.355414
vt 0.191031 0.674254
vt 0.184757 0.674254
vt 0.184757 0.666183
vt 0.191031 0.666183
vt 0.178483 0.674254
vt 0.178483 0.666183
vt 0.811598 0.361207
vt 0.811598 0.355414
vt 0.172208 0.674254
vt 0.172208 0.666183
vt 0.172208 0.650464
vt 0.178483 0.650464
vt 0.184757 0.650464
vt 0.191031 0.650464
vt 0.805349 0.361207
vt 0.799101 0.361207
vt 0.799101 0.355414
vt 0.805349 0.355414
vt 0.792852 0.361207
vt 0.792852 0.355414
vt 0.165934 0.674254
vt 0.159659 0.674254
vt 0.159659 0.666183
vt 0.165934 0.666183
vt 0.153385 0.674254
vt 0.153385 0.666183
vt 0.786604 0.361207
vt 0.786604 0.355414
vt 0.147110 0.674254
vt 0.147110 0.666183
vt 0.147110 0.650464
vt 0.153385 0.650464
vt 0.159659 0.650464
vt 0.165934 0.650464
vt 0.780355 0.361207
vt 0.774107 0.361207
vt 0.774107 0.355414
vt 0.780355 0.355414
vt 0.767858 0.361207
vt 0.767858 0.355414
vt 0.140836 0.674254
vt 0.134562 0.674254
vt 0.134562 0.666183
vt 0.140836 0.666183
vt 0.128287 0.674254
vt 0.128287 0.666183
vt 0.761609 0.361207
vt 0.761609 0.355414
vt 0.122013 0.674254
vt 0.122013 0.666183
vt 0.122013 0.650464
vt 0.128287 0.650464
vt 0.134562 0.650464
vt 0.140836 0.650464
vt 0.755361 0.361207
vt 0.749112 0.361207
vt 0.749112 0.355414
vt 0.755361 0.355414
vt 0.742864 0.361207
vt 0.742864 0.355414
vt 0.115738 0.674254
vt 0.109464 0.674254
vt 0.109464 0.666183
vt 0.115738 0.666183
vt 0.103189 0.674254
vt 0.103189 0.666183
vt 0.736615 0.361207
vt 0.736615 0.355414
vt 0.096915 0.674254
vt 0.096915 0.666183
vt 0.096915 0.650464
vt 0.103189 0.650464
vt 0.109464 0.650464
vt 0.115738 0.650464
vt 0.730367 0.361207
vt 0.724118 0.361207
vt 0.724118 0.355414
vt 0.730367 0.355414
vt 0.717870 0.361207
vt 0.717870 0.355414
vt 0.090641 0.674254
vt 0.084366 0.674254
vt 0.084366 0.666183
vt 0.090641 0.666183
vt 0.078092 0.674254
vt 0.078092 0.666183
vt 0.711621 0.361207
vt 0.711621 0.355414
vt 0.071817 0.674254
vt 0.071817 0.666183
vt 0.071817 0.650464
vt 0.078092 0.650464
vt 0.084366 0.650464
vt 0.090641 0.650464
vt 0.705372 0.361207
vt 0.699124 0.361207
vt 0.699124 0.355414
vt 0.705372 0.355414
vt 0.692875 0.361207
vt 0.692875 0.355414
vt 0.065543 0.674254
vt 0.059269 0.674254
vt 0.059269 0.666183
vt 0.065543 0.666183
vt 0.052994 0.674254
vt 0.052994 0.666183
vt 0.052994 0.650464
vt 0.059269 0.650464
vt 0.065543 0.650464
vt 0.040573 0.028714
vt 0.040557 0.020683
vt 0.034801 0.023546
vt 0.034928 0.031309
vt 0.359428 0.361216
vt 0.365213 0.361208
vt 0.365221 0.355423
vt 0.359487 0.355482
vt 0.029867 0.365819
vt 0.034761 0.358054
vt 0.034889 0.365819
vt 0.030268 0.372749
vt 0.040519 0.355190
vt 0.040535 0.363224
vt 0.371396 0.361207
vt 0.371396 0.355414
vt 0.046720 0.354781
vt 0.046720 0.362853
vt 0.026936 0.385926
vt 0.030309 0.038237
vt 0.377644 0.361207
vt 0.383893 0.361207
vt 0.383893 0.355414
vt 0.377644 0.355414
vt 0.390141 0.361207
vt 0.390141 0.355414
vt 0.052994 0.354781
vt 0.059269 0.354781
vt 0.059269 0.362853
vt 0.052994 0.362853
vt 0.065543 0.354781
vt 0.065543 0.362853
vt 0.396390 0.361207
vt 0.396390 0.355414
vt 0.071817 0.354781
vt 0.071817 0.362853
vt 0.402638 0.361207
vt 0.408887 0.361207
vt 0.408887 0.355414
vt 0.402638 0.355414
vt 0.415136 0.361207
vt 0.415136 0.355414
vt 0.078092 0.354781
vt 0.084366 0.354781
vt 0.084366 0.362853
vt 0.078092 0.362853
vt 0.090641 0.354781
vt 0.090641 0.362853
vt 0.421384 0.361207
vt 0.421384 0.355414
vt 0.096915 0.354781
vt 0.096915 0.362853
vt 0.427633 0.361207
vt 0.433881 0.361207
vt 0.433881 0.355414
vt 0.427633 0.355414
vt 0.440130 0.361207
vt 0.440130 0.355414
vt 0.103190 0.354781
vt 0.109464 0.354781
vt 0.109464 0.362853
vt 0.103190 0.362853
vt 0.115738 0.354781
vt 0.115738 0.362853
vt 0.446378 0.361207
vt 0.446378 0.355414
vt 0.122013 0.354781
vt 0.122013 0.362853
vt 0.452627 0.361207
vt 0.458875 0.361207
vt 0.458876 0.355414
vt 0.452627 0.355414
vt 0.465124 0.361207
vt 0.465124 0.355414
vt 0.128287 0.354781
vt 0.134562 0.354781
vt 0.134562 0.362853
vt 0.128287 0.362853
vt 0.140836 0.354781
vt 0.140836 0.362853
vt 0.471373 0.361207
vt 0.471373 0.355414
vt 0.147110 0.354781
vt 0.147110 0.362853
vt 0.477621 0.361207
vt 0.483870 0.361207
vt 0.483870 0.355414
vt 0.477621 0.355414
vt 0.490118 0.361207
vt 0.490118 0.355414
vt 0.153385 0.354781
vt 0.159659 0.354781
vt 0.159659 0.362853
vt 0.153385 0.362853
vt 0.165934 0.354781
vt 0.165934 0.362853
vt 0.496367 0.361207
vt 0.496367 0.355414
vt 0.172208 0.354781
vt 0.172208 0.362853
vt 0.502615 0.361207
vt 0.508864 0.361207
vt 0.508864 0.355414
vt 0.502615 0.355414
vt 0.515112 0.361207
vt 0.515112 0.355414
vt 0.178483 0.354781
vt 0.184757 0.354781
vt 0.184757 0.362853
vt 0.178483 0.362853
vt 0.191031 0.354781
vt 0.191031 0.362853
vt 0.521361 0.361207
vt 0.521361 0.355414
vt 0.197306 0.354781
vt 0.197306 0.362853
vt 0.527610 0.361207
vt 0.533858 0.361207
vt 0.533858 0.355414
vt 0.527610 0.355414
vt 0.540107 0.361207
vt 0.540107 0.355414
vt 0.203580 0.354781
vt 0.209855 0.354781
vt 0.209855 0.362853
vt 0.203580 0.362853
vt 0.216129 0.354781
vt 0.216129 0.362853
vt 0.546355 0.361207
vt 0.546355 0.355414
vt 0.222404 0.354781
vt 0.222404 0.362853
vt 0.552604 0.361207
vt 0.558852 0.361207
vt 0.558852 0.355414
vt 0.552604 0.355414
vt 0.565101 0.361207
vt 0.565101 0.355414
vt 0.228678 0.354781
vt 0.234952 0.354781
vt 0.234953 0.362853
vt 0.228678 0.362853
vt 0.241227 0.354781
vt 0.241227 0.362853
vt 0.571349 0.361207
vt 0.571349 0.355414
vt 0.247501 0.354781
vt 0.247501 0.362853
vt 0.577598 0.361207
vt 0.583846 0.361207
vt 0.583846 0.355414
vt 0.577598 0.355414
vt 0.590095 0.361207
vt 0.590095 0.355414
vt 0.253776 0.354781
vt 0.260050 0.354781
vt 0.260050 0.362853
vt 0.253776 0.362853
vt 0.266325 0.354781
vt 0.266325 0.362853
vt 0.596344 0.361207
vt 0.596344 0.355414
vt 0.272599 0.354781
vt 0.272599 0.362853
vt 0.602592 0.361207
vt 0.608841 0.361207
vt 0.608841 0.355414
vt 0.602592 0.355414
vt 0.615089 0.361207
vt 0.615089 0.355414
vt 0.278874 0.354781
vt 0.285148 0.354781
vt 0.285148 0.362853
vt 0.278874 0.362853
vt 0.291422 0.354781
vt 0.291422 0.362853
vt 0.621338 0.361207
vt 0.621338 0.355414
vt 0.297697 0.354781
vt 0.297697 0.362853
vt 0.627586 0.361207
vt 0.633835 0.361207
vt 0.633835 0.355414
vt 0.627586 0.355414
vt 0.640083 0.361207
vt 0.640083 0.355414
vt 0.303971 0.354781
vt 0.310246 0.354781
vt 0.310246 0.362853
vt 0.303971 0.362853
vt 0.316520 0.354781
vt 0.316520 0.362853
vt 0.339827 0.554718
vt 0.339647 0.591420
vt 0.334753 0.592246
vt 0.334812 0.554822
vt 0.339246 0.621451
vt 0.334626 0.624061
vt 0.328995 0.592632
vt 0.329002 0.554870
vt 0.328979 0.625232
vt 0.343664 0.554656
vt 0.343351 0.590924
vt 0.342578 0.619637
vt 0.322795 0.625399
vt 0.322795 0.592687
vt 0.322795 0.554877
vt 0.316520 0.554877
vt 0.316520 0.592687
vt 0.310246 0.592687
vt 0.310246 0.554877
vt 0.316520 0.625399
vt 0.310246 0.625399
vt 0.303971 0.592687
vt 0.303971 0.554877
vt 0.303971 0.625399
vt 0.297697 0.625399
vt 0.297697 0.592687
vt 0.297697 0.554877
vt 0.291422 0.554877
vt 0.291422 0.592687
vt 0.285148 0.592687
vt 0.285148 0.554877
vt 0.291422 0.625399
vt 0.285148 0.625399
vt 0.278874 0.592687
vt 0.278874 0.554877
vt 0.278874 0.625399
vt 0.272599 0.625399
vt 0.272599 0.592687
vt 0.272599 0.554877
vt 0.266325 0.554877
vt 0.266325 0.592687
vt 0.260050 0.592687
vt 0.260050 0.554877
vt 0.266325 0.625399
vt 0.260050 0.625399
vt 0.253776 0.592687
vt 0.253776 0.554877
vt 0.253776 0.625399
vt 0.247501 0.625399
vt 0.247501 0.592687
vt 0.247501 0.554877
vt 0.241227 0.554877
vt 0.241227 0.592687
vt 0.234953 0.592687
vt 0.234953 0.554877
vt 0.241227 0.625399
vt 0.234952 0.625399
vt 0.228678 0.592687
vt 0.228678 0.554877
vt 0.228678 0.625399
vt 0.222404 0.625399
vt 0.222404 0.592687
vt 0.222404 0.554877
vt 0.216129 0.554877
vt 0.216129 0.592687
vt 0.209855 0.592687
vt 0.209855 0.554877
vt 0.216129 0.625399
vt 0.209855 0.625399
vt 0.203580 0.592687
vt 0.203580 0.554877
vt 0.203580 0.625399
vt 0.197306 0.625399
vt 0.197306 0.592687
vt 0.197306 0.554877
vt 0.191031 0.554877
vt 0.191031 0.592687
vt 0.184757 0.592687
vt 0.184757 0.554877
vt 0.191031 0.625399
vt 0.184757 0.625399
vt 0.178483 0.592687
vt 0.178483 0.554877
vt 0.178483 0.625399
vt 0.172208 0.625399
vt 0.172208 0.592687
vt 0.172208 0.554877
vt 0.165934 0.554877
vt 0.165934 0.592687
vt 0.159659 0.592687
vt 0.159659 0.554877
vt 0.165934 0.625399
vt 0.159659 0.625399
vt 0.153385 0.592687
vt 0.153385 0.554877
vt 0.153385 0.625399
vt 0.147110 0.625399
vt 0.147110 0.592687
vt 0.147110 0.554877
vt 0.140836 0.554877
vt 0.140836 0.592687
vt 0.134562 0.592687
vt 0.134562 0.554877
vt 0.140836 0.625399
vt 0.134562 0.625399
vt 0.128287 0.592687
vt 0.128287 0.554877
vt 0.128287 0.625399
vt 0.122013 0.625399
vt 0.122013 0.592687
vt 0.122013 0.554877
vt 0.115738 0.554877
vt 0.115738 0.592687
vt 0.109464 0.592687
vt 0.109464 0.554877
vt 0.115738 0.625399
vt 0.109464 0.625399
vt 0.103190 0.592687
vt 0.103189 0.554877
vt 0.103190 0.625399
vt 0.096915 0.625399
vt 0.096915 0.592687
vt 0.096915 0.554877
vt 0.090641 0.554877
vt 0.090641 0.592687
vt 0.084366 0.592687
vt 0.084366 0.554877
vt 0.090641 0.625399
vt 0.084366 0.625399
vt 0.078092 0.592687
vt 0.078092 0.554877
vt 0.078092 0.625399
vt 0.071817 0.625399
vt 0.071817 0.592687
vt 0.071817 0.554877
vt 0.065543 0.554877
vt 0.065543 0.592687
vt 0.059269 0.592687
vt 0.059269 0.554877
vt 0.065543 0.625399
vt 0.059269 0.625399
vt 0.052994 0.592687
vt 0.052994 0.554877
vt 0.052994 0.625399
vt 0.379756 0.220312
vt 0.392300 0.258107
vt 0.398572 0.290807
vt 0.404844 0.290807
vt 0.404844 0.258107
vt 0.404844 0.220312
vt 0.411116 0.258107
vt 0.417388 0.258107
vt 0.411116 0.290807
vt 0.417388 0.290807
vt 0.423660 0.290807
vt 0.429932 0.290807
vt 0.429932 0.258107
vt 0.436204 0.220312
vt 0.442476 0.258107
vt 0.442476 0.220312
vt 0.448748 0.258107
vt 0.448748 0.290807
vt 0.455020 0.290807
vt 0.455020 0.258107
vt 0.455020 0.220312
vt 0.461292 0.220312
vt 0.467564 0.290807
vt 0.473836 0.258107
vt 0.480108 0.290807
vt 0.480108 0.258107
vt 0.486380 0.220312
vt 0.492652 0.258107
vt 0.492652 0.220312
vt 0.486380 0.290807
vt 0.492652 0.290807
vt 0.498924 0.258107
vt 0.498924 0.290807
vt 0.505196 0.290807
vt 0.517740 0.258107
vt 0.524012 0.258107
vt 0.530284 0.290807
vt 0.530284 0.258107
vt 0.536556 0.258107
vt 0.542828 0.258107
vt 0.549100 0.258107
vt 0.549100 0.290807
vt 0.555372 0.290807
vt 0.555372 0.258107
vt 0.567916 0.220312
vt 0.567916 0.290807
vt 0.580460 0.290807
vt 0.586732 0.290807
vt 0.605548 0.290807
vt 0.611820 0.220312
vt 0.611820 0.258107
vt 0.624364 0.258107
vt 0.624363 0.220312
vt 0.630635 0.290807
vt 0.630635 0.258107
vt 0.630635 0.220312
s 0
g Bed_Material.019
usemtl Material.019
f 20/1/1 6/2/1 11/3/1 25/4/1
f 25/4/2 11/3/2 10/5/2 24/6/2
f 24/6/3 10/5/3 9/7/3 23/8/3
f 23/9/4 9/10/4 8/11/4 22/12/4
f 22/12/5 8/11/5 7/13/5 21/14/5
f 21/14/6 7/13/6 5/15/6 19/16/6
f 12/17/7 26/18/7 28/19/7 14/20/7
f 14/20/8 28/19/8 29/21/8 15/22/8
f 15/22/9 29/21/9 30/23/9 16/24/9
f 16/25/10 30/26/10 31/27/10 17/28/10
f 17/28/11 31/27/11 32/29/11 18/30/11
f 18/30/12 32/29/12 27/31/12 13/32/12
f 26/33/13 20/34/13 25/35/13 28/36/13
f 28/36/14 25/35/14 24/37/14 29/38/14
f 29/38/15 24/37/15 23/39/15 30/40/15
f 30/26/16 23/9/16 22/12/16 31/27/16
f 31/27/17 22/12/17 21/14/17 32/29/17
f 32/29/18 21/14/18 19/16/18 27/31/18
f 6/2/19 20/1/19 3/41/19 1/42/19
f 5/15/20 13/32/20 27/31/20 19/16/20
f 26/18/21 12/17/21 2/43/21 4/44/21
f 20/34/22 26/33/22 4/45/22 3/46/22
g Bed_Material.016
usemtl Material.016
f 47/47/19 45/48/19 36/49/19 35/50/19
f 49/51/22 50/52/22 40/53/22 39/54/22
f 43/55/21 44/56/21 38/57/21 37/58/21
f 62/59/23 58/60/23 34/61/23 33/62/23
f 57/63/21 60/64/21 76/65/21 67/66/21
f 94/67/22 93/68/22 85/69/22 88/70/22
f 64/71/20 45/72/20 42/73/20 63/74/20
f 55/75/24 46/76/24 43/77/24 54/78/24
f 46/79/21 48/80/21 44/56/21 43/55/21
f 33/81/19 34/82/19 42/83/19 41/84/19
f 39/85/21 40/86/21 48/80/21 46/79/21
f 60/87/23 47/88/23 75/89/23 76/90/23
f 61/91/20 36/92/20 45/72/20 64/71/20
f 41/84/19 42/83/19 45/48/19 47/47/19
f 40/93/20 50/94/20 56/95/20 48/96/20
f 57/97/24 49/98/24 55/99/24 60/100/24
f 59/101/21 60/102/21 116/103/21 115/104/21
f 48/96/20 56/95/20 53/105/20 44/106/20
f 90/107/21 89/108/21 81/109/21 82/110/21
f 59/111/24 54/112/24 51/113/24 62/114/24
f 37/115/23 38/116/23 52/117/23 51/118/23
f 57/119/22 61/120/22 50/52/22 49/51/22
f 35/121/22 36/122/22 61/120/22 57/119/22
f 37/115/23 51/118/23 71/123/23 72/124/23
f 47/125/24 60/126/24 59/127/24 41/128/24
f 41/129/22 59/130/22 74/131/22 65/132/22
f 50/94/20 61/91/20 64/71/20 56/95/20
f 56/95/20 64/71/20 63/74/20 53/105/20
f 53/105/20 63/74/20 58/133/20 52/134/20
f 51/118/23 52/117/23 58/60/23 62/59/23
f 78/135/24 73/136/24 72/137/24 71/138/24
f 77/139/24 70/140/24 69/141/24 79/142/24
f 65/143/24 74/144/24 80/145/24 66/146/24
f 68/147/24 67/148/24 76/149/24 75/150/24
f 54/151/22 43/152/22 73/153/22 78/154/22
f 35/121/22 57/119/22 67/155/22 68/156/22
f 51/157/19 54/158/19 78/159/19 71/160/19
f 46/161/23 55/162/23 79/163/23 69/164/23
f 62/59/23 33/62/23 66/165/23 80/166/23
f 49/51/22 39/54/22 70/167/22 77/168/22
f 43/55/21 37/58/21 72/169/21 73/170/21
f 39/85/21 46/79/21 69/171/21 70/172/21
f 47/47/19 35/50/19 68/173/19 75/174/19
f 33/81/19 41/84/19 65/175/19 66/176/19
f 55/177/19 49/178/19 77/179/19 79/180/19
f 59/181/21 62/182/21 80/183/21 74/184/21
f 88/185/20 85/186/20 84/187/20 83/188/20
f 81/189/20 86/190/20 87/191/20 82/192/20
f 93/193/19 95/194/19 84/195/19 85/196/19
f 95/197/23 96/198/23 83/199/23 84/200/23
f 91/201/23 90/202/23 82/203/23 87/204/23
f 96/205/24 94/206/24 92/207/24 91/208/24
f 89/209/22 92/210/22 86/211/22 81/212/22
f 83/199/23 96/198/23 91/201/23 87/204/23
f 108/213/22 107/214/22 92/210/22 89/209/22
f 107/215/19 106/216/19 91/217/19 92/218/19
f 106/219/23 105/220/23 90/202/23 91/201/23
f 105/221/21 108/222/21 89/108/21 90/107/21
f 100/223/21 97/224/21 94/225/21 96/226/21
f 99/227/23 100/228/23 96/198/23 95/197/23
f 98/229/19 99/230/19 95/194/19 93/193/19
f 97/231/22 98/232/22 93/68/22 94/67/22
f 94/67/22 88/70/22 86/211/22 92/210/22
f 88/185/20 83/188/20 87/191/20 86/190/20
f 101/233/22 102/234/22 98/232/22 97/231/22
f 102/235/19 103/236/19 99/230/19 98/229/19
f 103/237/23 104/238/23 100/228/23 99/227/23
f 107/214/22 111/239/22 101/233/22 97/231/22
f 58/240/21 63/241/21 101/242/21 104/243/21
f 34/61/23 58/60/23 104/238/23 103/237/23
f 42/83/19 34/82/19 103/236/19 102/235/19
f 63/244/22 42/245/22 102/234/22 101/233/22
f 109/246/21 112/247/21 108/222/21 105/221/21
f 110/248/23 109/249/23 105/220/23 106/219/23
f 106/250/25 107/251/25 97/252/25 100/253/25
f 112/254/22 111/239/22 107/214/22 108/213/22
f 44/255/22 53/256/22 111/239/22 112/254/22
f 53/257/19 52/258/19 110/259/19 111/260/19
f 52/117/23 38/116/23 109/249/23 110/248/23
f 38/57/21 44/56/21 112/247/21 109/246/21
f 111/261/26 110/262/26 104/263/26 101/264/26
f 110/248/23 106/219/23 100/228/23 104/238/23
f 116/265/24 113/266/24 114/267/24 115/268/24
f 54/269/22 59/270/22 115/271/22 114/272/22
f 55/273/19 54/274/19 114/275/19 113/276/19
f 60/277/23 55/278/23 113/279/23 116/280/23
g Bed_Material.017
usemtl Material.017
f 3213/281/27 3214/282/27 3217/283/27 3216/284/27
f 3214/282/28 3215/285/28 3218/286/28 3217/283/28
f 3216/284/29 3217/283/29 3220/287/29 3219/288/29
f 3217/283/30 3218/286/30 3221/289/30 3220/287/30
f 200/290/31 968/291/31 3213/281/31 1050/292/31
f 968/291/32 967/293/32 3214/282/32 3213/281/32
f 967/293/33 966/294/33 3215/285/33 3214/282/33
f 966/294/34 148/295/34 567/296/34 3215/285/34
f 3215/285/35 567/296/35 568/297/35 3218/286/35
f 3218/286/36 568/297/36 569/298/36 3221/289/36
f 3221/289/37 569/298/37 120/299/37 888/300/37
f 3220/287/38 3221/289/38 888/300/38 889/301/38
f 3219/288/39 3220/287/39 889/301/39 890/302/39
f 1052/303/40 3219/288/40 890/302/40 174/304/40
f 1051/305/41 3216/284/41 3219/288/41 1052/303/41
f 1050/292/42 3213/281/42 3216/284/42 1051/305/42
f 3222/306/43 3223/307/43 3226/308/43 3225/309/43
f 3223/307/44 3224/310/44 3227/311/44 3226/308/44
f 3225/309/45 3226/308/45 3229/312/45 3228/313/45
f 3226/308/46 3227/311/46 3230/314/46 3229/312/46
f 560/315/47 3212/316/47 3222/306/47 1047/317/47
f 3212/316/48 3211/318/48 3223/307/48 3222/306/48
f 3211/318/49 3210/319/49 3224/310/49 3223/307/49
f 3210/319/50 224/320/50 576/321/50 3224/310/50
f 3224/310/51 576/321/51 577/322/51 3227/311/51
f 3227/311/52 577/322/52 578/323/52 3230/314/52
f 3230/314/53 578/323/53 124/324/53 891/325/53
f 3229/312/54 3230/314/54 891/325/54 892/326/54
f 3228/313/55 3229/312/55 892/326/55 893/327/55
f 1049/328/56 3228/313/56 893/327/56 175/329/56
f 1048/330/57 3225/309/57 3228/313/57 1049/328/57
f 1047/317/58 3222/306/58 3225/309/58 1048/330/58
f 3231/331/59 3232/332/59 3235/333/59 3234/334/59
f 3232/332/60 3233/335/60 3236/336/60 3235/333/60
f 3234/334/61 3235/333/61 3238/337/61 3237/338/61
f 3235/333/62 3236/336/62 3239/339/62 3238/337/62
f 188/340/63 932/341/63 3231/331/63 1044/342/63
f 932/341/64 931/343/64 3232/332/64 3231/331/64
f 931/343/65 930/344/65 3233/335/65 3232/332/65
f 930/344/66 172/345/66 585/346/66 3233/335/66
f 3233/335/67 585/346/67 586/347/67 3236/336/67
f 3236/336/68 586/347/68 587/348/68 3239/339/68
f 3239/339/69 587/348/69 122/349/69 894/350/69
f 3238/337/70 3239/339/70 894/350/70 895/351/70
f 3237/338/71 3238/337/71 895/351/71 896/352/71
f 1046/353/72 3237/338/72 896/352/72 176/354/72
f 1045/355/73 3234/334/73 3237/338/73 1046/353/73
f 1044/342/74 3231/331/74 3234/334/74 1045/355/74
f 3240/356/75 3241/357/75 3244/358/75 3243/359/75
f 3241/357/76 3242/360/76 3245/361/76 3244/358/76
f 3243/359/77 3244/358/77 3247/362/77 3246/363/77
f 3244/358/78 3245/361/78 3248/364/78 3247/362/78
f 548/365/79 3176/366/79 3240/356/79 1041/367/79
f 3176/366/80 3175/368/80 3241/357/80 3240/356/80
f 3175/368/81 3174/369/81 3242/360/81 3241/357/81
f 3174/369/82 248/370/82 594/371/82 3242/360/82
f 3242/360/83 594/371/83 595/372/83 3245/361/83
f 3245/361/84 595/372/84 596/373/84 3248/364/84
f 3248/364/85 596/373/85 118/374/85 566/375/85
f 3247/362/86 3248/364/86 566/375/86 565/376/86
f 3246/363/87 3247/362/87 565/376/87 564/377/87
f 1043/378/88 3246/363/88 564/377/88 173/379/88
f 1042/380/89 3243/359/89 3246/363/89 1043/378/89
f 1041/367/90 3240/356/90 3243/359/90 1042/380/90
f 3249/381/91 3250/382/91 3253/383/91 3252/384/91
f 3250/385/92 3251/386/92 3254/387/92 3253/388/92
f 3252/389/93 3253/390/93 3256/391/93 3255/392/93
f 3253/390/94 3254/393/94 3257/394/94 3256/391/94
f 525/395/95 2027/396/95 3249/381/95 3138/397/95
f 2027/396/96 2026/398/96 3250/382/96 3249/381/96
f 2026/399/97 2025/400/97 3251/386/97 3250/385/97
f 2025/400/98 149/401/98 671/402/98 3251/386/98
f 3251/386/99 671/402/99 670/403/99 3254/387/99
f 3254/387/100 670/403/100 669/404/100 3257/405/100
f 3257/394/101 669/406/101 121/407/101 593/408/101
f 3256/391/102 3257/394/102 593/408/102 592/409/102
f 3255/392/103 3256/391/103 592/409/103 591/410/103
f 3140/411/104 3255/392/104 591/410/104 236/412/104
f 3139/413/105 3252/389/105 3255/392/105 3140/411/105
f 3138/397/106 3249/381/106 3252/384/106 3139/414/106
f 3258/415/107 3259/416/107 3262/417/107 3261/418/107
f 3259/419/108 3260/420/108 3263/421/108 3262/422/108
f 3261/423/109 3262/424/109 3265/425/109 3264/426/109
f 3262/424/110 3263/427/110 3266/428/110 3265/425/110
f 381/429/111 1595/430/111 3258/415/111 3102/431/111
f 1595/430/112 1594/432/112 3259/416/112 3258/415/112
f 1594/433/113 1593/434/113 3260/420/113 3259/419/113
f 1593/434/114 137/435/114 635/436/114 3260/420/114
f 3260/420/115 635/436/115 634/437/115 3263/421/115
f 3263/421/116 634/437/116 633/438/116 3266/439/116
f 3266/439/117 633/438/117 118/440/117 596/441/117
f 3265/425/118 3266/428/118 596/373/118 595/372/118
f 3264/426/119 3265/425/119 595/372/119 594/371/119
f 3104/442/120 3264/426/120 594/371/120 248/370/120
f 3103/443/121 3261/423/121 3264/426/121 3104/442/121
f 3102/431/122 3258/415/122 3261/418/122 3103/444/122
f 3267/445/123 3268/446/123 3271/447/123 3270/448/123
f 3268/449/124 3269/450/124 3272/451/124 3271/452/124
f 3270/453/125 3271/454/125 3274/455/125 3273/456/125
f 3271/452/126 3272/451/126 3275/457/126 3274/458/126
f 213/459/127 1091/460/127 3267/445/127 3066/461/127
f 1091/460/128 1090/462/128 3268/446/128 3267/445/128
f 1090/462/129 1089/463/129 3269/464/129 3268/446/129
f 1089/465/130 120/299/130 569/298/130 3269/450/130
f 3269/450/131 569/298/131 568/297/131 3272/451/131
f 3272/451/132 568/297/132 567/296/132 3275/457/132
f 3275/457/133 567/296/133 148/295/133 1197/466/133
f 3274/458/134 3275/457/134 1197/466/134 1198/467/134
f 3273/456/135 3274/455/135 1198/468/135 1199/469/135
f 3068/470/136 3273/456/136 1199/469/136 249/471/136
f 3067/472/137 3270/453/137 3273/456/137 3068/470/137
f 3066/461/138 3267/445/138 3270/448/138 3067/473/138
f 3276/474/139 3277/475/139 3280/476/139 3279/477/139
f 3277/478/140 3278/479/140 3281/480/140 3280/481/140
f 3279/477/139 3280/476/139 3283/482/139 3282/483/139
f 3280/481/140 3281/480/140 3284/484/140 3283/485/140
f 249/471/141 1199/469/141 3276/474/141 3030/486/141
f 1199/469/139 1198/468/139 3277/475/139 3276/474/139
f 1198/467/140 1197/466/140 3278/479/140 3277/478/140
f 1197/466/142 148/295/142 668/487/142 3278/479/142
f 3278/479/142 668/487/142 667/488/142 3281/480/142
f 3281/480/142 667/488/142 666/489/142 3284/484/142
f 3284/484/142 666/489/142 147/490/142 1233/491/142
f 3283/485/140 3284/484/140 1233/491/140 1234/492/140
f 3282/483/139 3283/482/139 1234/493/139 1235/494/139
f 3032/495/141 3282/483/141 1235/494/141 261/496/141
f 3031/497/141 3279/477/141 3282/483/141 3032/495/141
f 3030/486/141 3276/474/141 3279/477/141 3031/497/141
f 3285/498/139 3286/499/139 3289/500/139 3288/501/139
f 3286/502/140 3287/503/140 3290/504/140 3289/505/140
f 3288/501/139 3289/500/139 3292/506/139 3291/507/139
f 3289/505/140 3290/504/140 3293/508/140 3292/509/140
f 261/496/141 1235/494/141 3285/498/141 2994/510/141
f 1235/494/139 1234/493/139 3286/499/139 3285/498/139
f 1234/492/140 1233/491/140 3287/503/140 3286/502/140
f 1233/491/142 147/490/142 665/511/142 3287/503/142
f 3287/503/142 665/511/142 664/512/142 3290/504/142
f 3290/504/142 664/512/142 663/513/142 3293/508/142
f 3293/508/142 663/513/142 146/514/142 1269/515/142
f 3292/509/140 3293/508/140 1269/515/140 1270/516/140
f 3291/507/139 3292/506/139 1270/517/139 1271/518/139
f 2996/519/141 3291/507/141 1271/518/141 273/520/141
f 2995/521/141 3288/501/141 3291/507/141 2996/519/141
f 2994/510/141 3285/498/141 3288/501/141 2995/521/141
f 3294/522/139 3295/523/139 3298/524/139 3297/525/139
f 3295/526/140 3296/527/140 3299/528/140 3298/529/140
f 3297/525/139 3298/524/139 3301/530/139 3300/531/139
f 3298/529/140 3299/528/140 3302/532/140 3301/533/140
f 273/520/141 1271/518/141 3294/522/141 2958/534/141
f 1271/518/139 1270/517/139 3295/523/139 3294/522/139
f 1270/516/140 1269/515/140 3296/527/140 3295/526/140
f 1269/515/142 146/514/142 662/535/142 3296/527/142
f 3296/527/142 662/535/142 661/536/142 3299/528/142
f 3299/528/142 661/536/142 660/537/142 3302/532/142
f 3302/532/142 660/537/142 145/538/142 1305/539/142
f 3301/533/140 3302/532/140 1305/539/140 1306/540/140
f 3300/531/139 3301/530/139 1306/541/139 1307/542/139
f 2960/543/141 3300/531/141 1307/542/141 285/544/141
f 2959/545/141 3297/525/141 3300/531/141 2960/543/141
f 2958/534/141 3294/522/141 3297/525/141 2959/545/141
f 3303/546/139 3304/547/139 3307/548/139 3306/549/139
f 3304/550/140 3305/551/140 3308/552/140 3307/553/140
f 3306/549/139 3307/548/139 3310/554/139 3309/555/139
f 3307/553/140 3308/552/140 3311/556/140 3310/557/140
f 285/544/141 1307/542/141 3303/546/141 2922/558/141
f 1307/542/139 1306/541/139 3304/547/139 3303/546/139
f 1306/540/140 1305/539/140 3305/551/140 3304/550/140
f 1305/539/142 145/538/142 659/559/142 3305/551/142
f 3305/551/142 659/559/142 658/560/142 3308/552/142
f 3308/552/142 658/560/142 657/561/142 3311/556/142
f 3311/556/142 657/561/142 144/562/142 1341/563/142
f 3310/557/140 3311/556/140 1341/563/140 1342/564/140
f 3309/555/139 3310/554/139 1342/565/139 1343/566/139
f 2924/567/141 3309/555/141 1343/566/141 297/568/141
f 2923/569/141 3306/549/141 3309/555/141 2924/567/141
f 2922/558/141 3303/546/141 3306/549/141 2923/569/141
f 3312/570/139 3313/571/139 3316/572/139 3315/573/139
f 3313/574/140 3314/575/140 3317/576/140 3316/577/140
f 3315/573/139 3316/572/139 3319/578/139 3318/579/139
f 3316/577/140 3317/576/140 3320/580/140 3319/581/140
f 297/568/141 1343/566/141 3312/570/141 2886/582/141
f 1343/566/139 1342/565/139 3313/571/139 3312/570/139
f 1342/564/140 1341/563/140 3314/575/140 3313/574/140
f 1341/563/142 144/562/142 656/583/142 3314/575/142
f 3314/575/142 656/583/142 655/584/142 3317/576/142
f 3317/576/142 655/584/142 654/585/142 3320/580/142
f 3320/580/142 654/585/142 143/586/142 1377/587/142
f 3319/581/140 3320/580/140 1377/587/140 1378/588/140
f 3318/579/139 3319/578/139 1378/589/139 1379/590/139
f 2888/591/141 3318/579/141 1379/590/141 309/592/141
f 2887/593/141 3315/573/141 3318/579/141 2888/591/141
f 2886/582/141 3312/570/141 3315/573/141 2887/593/141
f 3321/594/139 3322/595/139 3325/596/139 3324/597/139
f 3322/598/140 3323/599/140 3326/600/140 3325/601/140
f 3324/597/139 3325/596/139 3328/602/139 3327/603/139
f 3325/601/140 3326/600/140 3329/604/140 3328/605/140
f 309/592/141 1379/590/141 3321/594/141 2850/606/141
f 1379/590/139 1378/589/139 3322/595/139 3321/594/139
f 1378/588/140 1377/587/140 3323/599/140 3322/598/140
f 1377/587/142 143/586/142 653/607/142 3323/599/142
f 3323/599/142 653/607/142 652/608/142 3326/600/142
f 3326/600/142 652/608/142 651/609/142 3329/604/142
f 3329/604/142 651/609/142 142/610/142 1413/611/142
f 3328/605/140 3329/604/140 1413/611/140 1414/612/140
f 3327/603/139 3328/602/139 1414/613/139 1415/614/139
f 2852/615/141 3327/603/141 1415/614/141 321/616/141
f 2851/617/141 3324/597/141 3327/603/141 2852/615/141
f 2850/606/141 3321/594/141 3324/597/141 2851/617/141
f 3330/618/139 3331/619/139 3334/620/139 3333/621/139
f 3331/622/140 3332/623/140 3335/624/140 3334/625/140
f 3333/621/139 3334/620/139 3337/626/139 3336/627/139
f 3334/625/140 3335/624/140 3338/628/140 3337/629/140
f 321/616/141 1415/614/141 3330/618/141 2814/630/141
f 1415/614/139 1414/613/139 3331/619/139 3330/618/139
f 1414/612/140 1413/611/140 3332/623/140 3331/622/140
f 1413/611/142 142/610/142 650/631/142 3332/623/142
f 3332/623/142 650/631/142 649/632/142 3335/624/142
f 3335/624/142 649/632/142 648/633/142 3338/628/142
f 3338/628/142 648/633/142 141/634/142 1449/635/142
f 3337/629/140 3338/628/140 1449/635/140 1450/636/140
f 3336/627/139 3337/626/139 1450/637/139 1451/638/139
f 2816/639/141 3336/627/141 1451/638/141 333/640/141
f 2815/641/141 3333/621/141 3336/627/141 2816/639/141
f 2814/630/141 3330/618/141 3333/621/141 2815/641/141
f 3339/642/139 3340/643/139 3343/644/139 3342/645/139
f 3340/646/140 3341/647/140 3344/648/140 3343/649/140
f 3342/645/139 3343/644/139 3346/650/139 3345/651/139
f 3343/649/140 3344/648/140 3347/652/140 3346/653/140
f 333/640/141 1451/638/141 3339/642/141 2778/654/141
f 1451/638/139 1450/637/139 3340/643/139 3339/642/139
f 1450/636/140 1449/635/140 3341/647/140 3340/646/140
f 1449/635/142 141/634/142 647/655/142 3341/647/142
f 3341/647/142 647/655/142 646/656/142 3344/648/142
f 3344/648/142 646/656/142 645/657/142 3347/652/142
f 3347/652/142 645/657/142 140/658/142 1485/659/142
f 3346/653/140 3347/652/140 1485/659/140 1486/660/140
f 3345/651/139 3346/650/139 1486/661/139 1487/662/139
f 2780/663/141 3345/651/141 1487/662/141 345/664/141
f 2779/665/141 3342/645/141 3345/651/141 2780/663/141
f 2778/654/141 3339/642/141 3342/645/141 2779/665/141
f 3348/666/139 3349/667/139 3352/668/139 3351/669/139
f 3349/670/140 3350/671/140 3353/672/140 3352/673/140
f 3351/669/139 3352/668/139 3355/674/139 3354/675/139
f 3352/673/140 3353/672/140 3356/676/140 3355/677/140
f 345/664/141 1487/662/141 3348/666/141 2742/678/141
f 1487/662/139 1486/661/139 3349/667/139 3348/666/139
f 1486/660/140 1485/659/140 3350/671/140 3349/670/140
f 1485/659/142 140/658/142 644/679/142 3350/671/142
f 3350/671/142 644/679/142 643/680/142 3353/672/142
f 3353/672/142 643/680/142 642/681/142 3356/676/142
f 3356/676/142 642/681/142 139/682/142 1521/683/142
f 3355/677/140 3356/676/140 1521/683/140 1522/684/140
f 3354/675/139 3355/674/139 1522/685/139 1523/686/139
f 2744/687/141 3354/675/141 1523/686/141 357/688/141
f 2743/689/141 3351/669/141 3354/675/141 2744/687/141
f 2742/678/141 3348/666/141 3351/669/141 2743/689/141
f 3357/690/139 3358/691/139 3361/692/139 3360/693/139
f 3358/694/140 3359/695/140 3362/696/140 3361/697/140
f 3360/693/139 3361/692/139 3364/698/139 3363/699/139
f 3361/697/140 3362/696/140 3365/700/140 3364/701/140
f 357/688/141 1523/686/141 3357/690/141 2706/702/141
f 1523/686/139 1522/685/139 3358/691/139 3357/690/139
f 1522/684/140 1521/683/140 3359/695/140 3358/694/140
f 1521/683/142 139/682/142 641/703/142 3359/695/142
f 3359/695/142 641/703/142 640/704/142 3362/696/142
f 3362/696/142 640/704/142 639/705/142 3365/700/142
f 3365/700/142 639/705/142 138/706/142 1557/707/142
f 3364/701/140 3365/700/140 1557/707/140 1558/708/140
f 3363/699/139 3364/698/139 1558/709/139 1559/710/139
f 2708/711/141 3363/699/141 1559/710/141 369/712/141
f 2707/713/141 3360/693/141 3363/699/141 2708/711/141
f 2706/702/141 3357/690/141 3360/693/141 2707/713/141
f 3366/714/139 3367/715/139 3370/716/139 3369/717/139
f 3367/718/140 3368/719/140 3371/720/140 3370/721/140
f 3369/717/139 3370/716/139 3373/722/139 3372/723/139
f 3370/721/140 3371/720/140 3374/724/140 3373/725/140
f 369/712/141 1559/710/141 3366/714/141 2670/726/141
f 1559/710/139 1558/709/139 3367/715/139 3366/714/139
f 1558/708/140 1557/707/140 3368/719/140 3367/718/140
f 1557/707/142 138/706/142 638/727/142 3368/719/142
f 3368/719/142 638/727/142 637/728/142 3371/720/142
f 3371/720/142 637/728/142 636/729/142 3374/724/142
f 3374/724/142 636/729/142 137/435/142 1593/434/142
f 3373/725/140 3374/724/140 1593/434/140 1594/433/140
f 3372/723/139 3373/722/139 1594/432/139 1595/430/139
f 2672/730/141 3372/723/141 1595/430/141 381/429/141
f 2671/731/141 3369/717/141 3372/723/141 2672/730/141
f 2670/726/141 3366/714/141 3369/717/141 2671/731/141
f 3375/732/143 3376/733/143 3379/734/143 3378/735/143
f 3376/736/144 3377/737/144 3380/733/144 3379/738/144
f 3378/739/145 3379/740/145 3382/741/145 3381/742/145
f 3379/738/146 3380/733/146 3383/732/146 3382/743/146
f 201/744/147 1055/745/147 3375/732/147 2634/746/147
f 1055/745/148 1054/747/148 3376/733/148 3375/732/148
f 1054/747/149 1053/748/149 3377/737/149 3376/733/149
f 1053/749/150 123/750/150 584/751/150 3377/737/150
f 3377/737/151 584/751/151 583/747/151 3380/733/151
f 3380/733/152 583/747/152 582/745/152 3383/732/152
f 3383/732/153 582/745/153 160/744/153 1629/746/153
f 3382/743/154 3383/732/154 1629/746/154 1630/752/154
f 3381/742/155 3382/741/155 1630/753/155 1631/754/155
f 2636/755/156 3381/742/156 1631/754/156 393/756/156
f 2635/757/157 3378/739/157 3381/742/157 2636/755/157
f 2634/746/158 3375/732/158 3378/735/158 2635/752/158
f 3384/758/159 3385/759/159 3388/760/159 3387/761/159
f 3385/762/160 3386/763/160 3389/764/160 3388/765/160
f 3387/761/159 3388/760/159 3391/766/159 3390/767/159
f 3388/765/160 3389/764/160 3392/768/160 3391/769/160
f 393/756/161 1631/754/161 3384/758/161 2598/770/161
f 1631/754/159 1630/753/159 3385/759/159 3384/758/159
f 1630/752/160 1629/746/160 3386/763/160 3385/762/160
f 1629/746/162 160/744/162 704/771/162 3386/763/162
f 3386/763/162 704/771/162 703/772/162 3389/764/162
f 3389/764/162 703/772/162 702/773/162 3392/768/162
f 3392/768/162 702/773/162 159/774/162 1665/775/162
f 3391/769/160 3392/768/160 1665/775/160 1666/776/160
f 3390/767/159 3391/766/159 1666/777/159 1667/778/159
f 2600/779/161 3390/767/161 1667/778/161 405/780/161
f 2599/781/161 3387/761/161 3390/767/161 2600/779/161
f 2598/770/161 3384/758/161 3387/761/161 2599/781/161
f 3393/782/159 3394/783/159 3397/784/159 3396/785/159
f 3394/786/160 3395/787/160 3398/788/160 3397/789/160
f 3396/785/159 3397/784/159 3400/790/159 3399/791/159
f 3397/789/160 3398/788/160 3401/792/160 3400/793/160
f 405/780/161 1667/778/161 3393/782/161 2562/794/161
f 1667/778/159 1666/777/159 3394/783/159 3393/782/159
f 1666/776/160 1665/775/160 3395/787/160 3394/786/160
f 1665/775/162 159/774/162 701/795/162 3395/787/162
f 3395/787/162 701/795/162 700/796/162 3398/788/162
f 3398/788/162 700/796/162 699/797/162 3401/792/162
f 3401/792/162 699/797/162 158/798/162 1701/799/162
f 3400/793/160 3401/792/160 1701/799/160 1702/800/160
f 3399/791/159 3400/790/159 1702/801/159 1703/802/159
f 2564/803/161 3399/791/161 1703/802/161 417/804/161
f 2563/805/161 3396/785/161 3399/791/161 2564/803/161
f 2562/794/161 3393/782/161 3396/785/161 2563/805/161
f 3402/806/159 3403/807/159 3406/808/159 3405/809/159
f 3403/810/160 3404/811/160 3407/812/160 3406/813/160
f 3405/809/159 3406/808/159 3409/814/159 3408/815/159
f 3406/813/160 3407/812/160 3410/816/160 3409/817/160
f 417/804/161 1703/802/161 3402/806/161 2526/818/161
f 1703/802/159 1702/801/159 3403/807/159 3402/806/159
f 1702/800/160 1701/799/160 3404/811/160 3403/810/160
f 1701/799/162 158/798/162 698/819/162 3404/811/162
f 3404/811/162 698/819/162 697/820/162 3407/812/162
f 3407/812/162 697/820/162 696/821/162 3410/816/162
f 3410/816/162 696/821/162 157/822/162 1737/823/162
f 3409/817/160 3410/816/160 1737/823/160 1738/824/160
f 3408/815/159 3409/814/159 1738/825/159 1739/826/159
f 2528/827/161 3408/815/161 1739/826/161 429/828/161
f 2527/829/161 3405/809/161 3408/815/161 2528/827/161
f 2526/818/161 3402/806/161 3405/809/161 2527/829/161
f 3411/830/159 3412/831/159 3415/832/159 3414/833/159
f 3412/834/160 3413/835/160 3416/836/160 3415/837/160
f 3414/833/159 3415/832/159 3418/838/159 3417/839/159
f 3415/837/160 3416/836/160 3419/840/160 3418/841/160
f 429/828/161 1739/826/161 3411/830/161 2490/842/161
f 1739/826/159 1738/825/159 3412/831/159 3411/830/159
f 1738/824/160 1737/823/160 3413/835/160 3412/834/160
f 1737/823/162 157/822/162 695/843/162 3413/835/162
f 3413/835/162 695/843/162 694/844/162 3416/836/162
f 3416/836/162 694/844/162 693/845/162 3419/840/162
f 3419/840/162 693/845/162 156/846/162 1773/847/162
f 3418/841/160 3419/840/160 1773/847/160 1774/848/160
f 3417/839/159 3418/838/159 1774/849/159 1775/850/159
f 2492/851/161 3417/839/161 1775/850/161 441/852/161
f 2491/853/161 3414/833/161 3417/839/161 2492/851/161
f 2490/842/161 3411/830/161 3414/833/161 2491/853/161
f 3420/854/159 3421/855/159 3424/856/159 3423/857/159
f 3421/858/160 3422/859/160 3425/860/160 3424/861/160
f 3423/857/159 3424/856/159 3427/862/159 3426/863/159
f 3424/861/160 3425/860/160 3428/864/160 3427/865/160
f 441/852/161 1775/850/161 3420/854/161 2454/866/161
f 1775/850/159 1774/849/159 3421/855/159 3420/854/159
f 1774/848/160 1773/847/160 3422/859/160 3421/858/160
f 1773/847/162 156/846/162 692/867/162 3422/859/162
f 3422/859/162 692/867/162 691/868/162 3425/860/162
f 3425/860/162 691/868/162 690/869/162 3428/864/162
f 3428/864/162 690/869/162 155/870/162 1809/871/162
f 3427/865/160 3428/864/160 1809/871/160 1810/872/160
f 3426/863/159 3427/862/159 1810/873/159 1811/874/159
f 2456/875/161 3426/863/161 1811/874/161 453/876/161
f 2455/877/161 3423/857/161 3426/863/161 2456/875/161
f 2454/866/161 3420/854/161 3423/857/161 2455/877/161
f 3429/878/159 3430/879/159 3433/880/159 3432/881/159
f 3430/882/160 3431/883/160 3434/884/160 3433/885/160
f 3432/881/159 3433/880/159 3436/886/159 3435/887/159
f 3433/885/160 3434/884/160 3437/888/160 3436/889/160
f 453/876/161 1811/874/161 3429/878/161 2418/890/161
f 1811/874/159 1810/873/159 3430/879/159 3429/878/159
f 1810/872/160 1809/871/160 3431/883/160 3430/882/160
f 1809/871/162 155/870/162 689/891/162 3431/883/162
f 3431/883/162 689/891/162 688/892/162 3434/884/162
f 3434/884/162 688/892/162 687/893/162 3437/888/162
f 3437/888/162 687/893/162 154/894/162 1845/895/162
f 3436/889/160 3437/888/160 1845/895/160 1846/896/160
f 3435/887/159 3436/886/159 1846/897/159 1847/898/159
f 2420/899/161 3435/887/161 1847/898/161 465/900/161
f 2419/901/161 3432/881/161 3435/887/161 2420/899/161
f 2418/890/161 3429/878/161 3432/881/161 2419/901/161
f 3438/902/159 3439/903/159 3442/904/159 3441/905/159
f 3439/906/160 3440/907/160 3443/908/160 3442/909/160
f 3441/905/159 3442/904/159 3445/910/159 3444/911/159
f 3442/909/160 3443/908/160 3446/912/160 3445/913/160
f 465/900/161 1847/898/161 3438/902/161 2382/914/161
f 1847/898/159 1846/897/159 3439/903/159 3438/902/159
f 1846/896/160 1845/895/160 3440/907/160 3439/906/160
f 1845/895/162 154/894/162 686/915/162 3440/907/162
f 3440/907/162 686/915/162 685/916/162 3443/908/162
f 3443/908/162 685/916/162 684/917/162 3446/912/162
f 3446/912/162 684/917/162 153/918/162 1881/919/162
f 3445/913/160 3446/912/160 1881/919/160 1882/920/160
f 3444/911/159 3445/910/159 1882/921/159 1883/922/159
f 2384/923/161 3444/911/161 1883/922/161 477/924/161
f 2383/925/161 3441/905/161 3444/911/161 2384/923/161
f 2382/914/161 3438/902/161 3441/905/161 2383/925/161
f 3447/926/159 3448/927/159 3451/928/159 3450/929/159
f 3448/930/160 3449/931/160 3452/932/160 3451/933/160
f 3450/929/159 3451/928/159 3454/934/159 3453/935/159
f 3451/933/160 3452/932/160 3455/936/160 3454/937/160
f 477/924/161 1883/922/161 3447/926/161 2346/938/161
f 1883/922/159 1882/921/159 3448/927/159 3447/926/159
f 1882/920/160 1881/919/160 3449/931/160 3448/930/160
f 1881/919/162 153/918/162 683/939/162 3449/931/162
f 3449/931/162 683/939/162 682/940/162 3452/932/162
f 3452/932/162 682/940/162 681/941/162 3455/936/162
f 3455/936/162 681/941/162 152/942/162 1917/943/162
f 3454/937/160 3455/936/160 1917/943/160 1918/944/160
f 3453/935/159 3454/934/159 1918/945/159 1919/946/159
f 2348/947/161 3453/935/161 1919/946/161 489/948/161
f 2347/949/161 3450/929/161 3453/935/161 2348/947/161
f 2346/938/161 3447/926/161 3450/929/161 2347/949/161
f 3456/950/159 3457/951/159 3460/952/159 3459/953/159
f 3457/954/160 3458/955/160 3461/956/160 3460/957/160
f 3459/953/159 3460/952/159 3463/958/159 3462/959/159
f 3460/957/160 3461/956/160 3464/960/160 3463/961/160
f 489/948/161 1919/946/161 3456/950/161 2310/962/161
f 1919/946/159 1918/945/159 3457/951/159 3456/950/159
f 1918/944/160 1917/943/160 3458/955/160 3457/954/160
f 1917/943/162 152/942/162 680/963/162 3458/955/162
f 3458/955/162 680/963/162 679/964/162 3461/956/162
f 3461/956/162 679/964/162 678/965/162 3464/960/162
f 3464/960/162 678/965/162 151/966/162 1953/967/162
f 3463/961/160 3464/960/160 1953/967/160 1954/968/160
f 3462/959/159 3463/958/159 1954/969/159 1955/970/159
f 2312/971/161 3462/959/161 1955/970/161 501/972/161
f 2311/973/161 3459/953/161 3462/959/161 2312/971/161
f 2310/962/161 3456/950/161 3459/953/161 2311/973/161
f 3465/974/159 3466/975/159 3469/976/159 3468/977/159
f 3466/978/160 3467/979/160 3470/980/160 3469/981/160
f 3468/977/159 3469/976/159 3472/982/159 3471/983/159
f 3469/981/160 3470/980/160 3473/984/160 3472/985/160
f 501/972/161 1955/970/161 3465/974/161 2274/986/161
f 1955/970/159 1954/969/159 3466/975/159 3465/974/159
f 1954/968/160 1953/967/160 3467/979/160 3466/978/160
f 1953/967/162 151/966/162 677/987/162 3467/979/162
f 3467/979/162 677/987/162 676/988/162 3470/980/162
f 3470/980/162 676/988/162 675/989/162 3473/984/162
f 3473/984/162 675/989/162 150/990/162 1989/991/162
f 3472/985/160 3473/984/160 1989/991/160 1990/992/160
f 3471/983/159 3472/982/159 1990/993/159 1991/994/159
f 2276/995/161 3471/983/161 1991/994/161 513/996/161
f 2275/997/161 3468/977/161 3471/983/161 2276/995/161
f 2274/986/161 3465/974/161 3468/977/161 2275/997/161
f 3474/998/159 3475/999/159 3478/1000/159 3477/1001/159
f 3475/1002/160 3476/1003/160 3479/1004/160 3478/1005/160
f 3477/1001/159 3478/1000/159 3481/1006/159 3480/1007/159
f 3478/1005/160 3479/1004/160 3482/1008/160 3481/1009/160
f 513/996/161 1991/994/161 3474/998/161 2238/1010/161
f 1991/994/159 1990/993/159 3475/999/159 3474/998/159
f 1990/992/160 1989/991/160 3476/1003/160 3475/1002/160
f 1989/991/162 150/990/162 674/1011/162 3476/1003/162
f 3476/1003/162 674/1011/162 673/1012/162 3479/1004/162
f 3479/1004/162 673/1012/162 672/1013/162 3482/1008/162
f 3482/1008/162 672/1013/162 149/401/162 2025/400/162
f 3481/1009/160 3482/1008/160 2025/400/160 2026/399/160
f 3480/1007/159 3481/1006/159 2026/398/159 2027/396/159
f 2240/1014/161 3480/1007/161 2027/396/161 525/395/161
f 2239/1015/161 3477/1001/161 3480/1007/161 2240/1014/161
f 2238/1010/161 3474/998/161 3477/1001/161 2239/1015/161
f 3483/313/163 3484/312/163 3487/308/163 3486/309/163
f 3484/312/164 3485/314/164 3488/311/164 3487/308/164
f 3486/309/165 3487/308/165 3490/307/165 3489/306/165
f 3487/308/166 3488/311/166 3491/310/166 3490/307/166
f 175/329/167 893/327/167 3483/313/167 1038/328/167
f 893/327/168 892/326/168 3484/312/168 3483/313/168
f 892/326/169 891/325/169 3485/314/169 3484/312/169
f 891/325/170 124/324/170 705/1016/170 3485/314/170
f 3485/314/171 705/1016/171 706/322/171 3488/311/171
f 3488/311/172 706/322/172 707/321/172 3491/310/172
f 3491/310/173 707/321/173 161/1017/173 897/319/173
f 3490/307/174 3491/310/174 897/319/174 898/318/174
f 3489/306/175 3490/307/175 898/318/175 899/316/175
f 1040/317/176 3489/306/176 899/316/176 177/315/176
f 1039/330/177 3486/309/177 3489/306/177 1040/317/177
f 1038/328/178 3483/313/178 3486/309/178 1039/330/178
f 3492/1018/179 3493/1019/179 3496/1020/179 3495/1021/179
f 3493/1019/180 3494/1022/180 3497/1023/180 3496/1020/180
f 3495/1021/179 3496/1020/179 3499/1024/179 3498/1025/179
f 3496/1020/180 3497/1023/180 3500/1026/180 3499/1024/180
f 177/315/181 899/316/181 3492/1018/181 1035/1027/181
f 899/316/179 898/318/179 3493/1019/179 3492/1018/179
f 898/318/180 897/319/180 3494/1022/180 3493/1019/180
f 897/319/182 161/1017/182 708/1028/182 3494/1022/182
f 3494/1022/182 708/1028/182 709/1029/182 3497/1023/182
f 3497/1023/182 709/1029/182 710/1030/182 3500/1026/182
f 3500/1026/182 710/1030/182 162/1031/182 900/1032/182
f 3499/1024/180 3500/1026/180 900/1032/180 901/1033/180
f 3498/1025/179 3499/1024/179 901/1033/179 902/1034/179
f 1037/1035/181 3498/1025/181 902/1034/181 178/1036/181
f 1036/1037/181 3495/1021/181 3498/1025/181 1037/1035/181
f 1035/1027/181 3492/1018/181 3495/1021/181 1036/1037/181
f 3501/1038/179 3502/1039/179 3505/1040/179 3504/1041/179
f 3502/1039/180 3503/1042/180 3506/1043/180 3505/1040/180
f 3504/1041/179 3505/1040/179 3508/1044/179 3507/1045/179
f 3505/1040/180 3506/1043/180 3509/1046/180 3508/1044/180
f 178/1036/181 902/1034/181 3501/1038/181 1032/1047/181
f 902/1034/179 901/1033/179 3502/1039/179 3501/1038/179
f 901/1033/180 900/1032/180 3503/1042/180 3502/1039/180
f 900/1032/182 162/1031/182 711/1048/182 3503/1042/182
f 3503/1042/182 711/1048/182 712/1049/182 3506/1043/182
f 3506/1043/182 712/1049/182 713/1050/182 3509/1046/182
f 3509/1046/182 713/1050/182 163/1051/182 903/1052/182
f 3508/1044/180 3509/1046/180 903/1052/180 904/1053/180
f 3507/1045/179 3508/1044/179 904/1053/179 905/1054/179
f 1034/1055/181 3507/1045/181 905/1054/181 179/1056/181
f 1033/1057/181 3504/1041/181 3507/1045/181 1034/1055/181
f 1032/1047/181 3501/1038/181 3504/1041/181 1033/1057/181
f 3510/1058/179 3511/1059/179 3514/1060/179 3513/1061/179
f 3511/1059/180 3512/1062/180 3515/1063/180 3514/1060/180
f 3513/1061/179 3514/1060/179 3517/1064/179 3516/1065/179
f 3514/1060/180 3515/1063/180 3518/1066/180 3517/1064/180
f 179/1056/181 905/1054/181 3510/1058/181 1029/1067/181
f 905/1054/179 904/1053/179 3511/1059/179 3510/1058/179
f 904/1053/180 903/1052/180 3512/1062/180 3511/1059/180
f 903/1052/182 163/1051/182 714/1068/182 3512/1062/182
f 3512/1062/182 714/1068/182 715/1069/182 3515/1063/182
f 3515/1063/182 715/1069/182 716/1070/182 3518/1066/182
f 3518/1066/182 716/1070/182 164/1071/182 906/1072/182
f 3517/1064/180 3518/1066/180 906/1072/180 907/1073/180
f 3516/1065/179 3517/1064/179 907/1073/179 908/1074/179
f 1031/1075/181 3516/1065/181 908/1074/181 180/1076/181
f 1030/1077/181 3513/1061/181 3516/1065/181 1031/1075/181
f 1029/1067/181 3510/1058/181 3513/1061/181 1030/1077/181
f 3519/1078/179 3520/1079/179 3523/1080/179 3522/1081/179
f 3520/1079/180 3521/1082/180 3524/1083/180 3523/1080/180
f 3522/1081/179 3523/1080/179 3526/1084/179 3525/1085/179
f 3523/1080/180 3524/1083/180 3527/1086/180 3526/1084/180
f 180/1076/181 908/1074/181 3519/1078/181 1026/1087/181
f 908/1074/179 907/1073/179 3520/1079/179 3519/1078/179
f 907/1073/180 906/1072/180 3521/1082/180 3520/1079/180
f 906/1072/182 164/1071/182 717/1088/182 3521/1082/182
f 3521/1082/182 717/1088/182 718/1089/182 3524/1083/182
f 3524/1083/182 718/1089/182 719/1090/182 3527/1086/182
f 3527/1086/182 719/1090/182 165/1091/182 909/1092/182
f 3526/1084/180 3527/1086/180 909/1092/180 910/1093/180
f 3525/1085/179 3526/1084/179 910/1093/179 911/1094/179
f 1028/1095/181 3525/1085/181 911/1094/181 181/1096/181
f 1027/1097/181 3522/1081/181 3525/1085/181 1028/1095/181
f 1026/1087/181 3519/1078/181 3522/1081/181 1027/1097/181
f 3528/1098/179 3529/1099/179 3532/1100/179 3531/1101/179
f 3529/1099/180 3530/1102/180 3533/1103/180 3532/1100/180
f 3531/1101/179 3532/1100/179 3535/1104/179 3534/1105/179
f 3532/1100/180 3533/1103/180 3536/1106/180 3535/1104/180
f 181/1096/181 911/1094/181 3528/1098/181 1023/1107/181
f 911/1094/179 910/1093/179 3529/1099/179 3528/1098/179
f 910/1093/180 909/1092/180 3530/1102/180 3529/1099/180
f 909/1092/182 165/1091/182 720/1108/182 3530/1102/182
f 3530/1102/182 720/1108/182 721/1109/182 3533/1103/182
f 3533/1103/182 721/1109/182 722/1110/182 3536/1106/182
f 3536/1106/182 722/1110/182 166/1111/182 912/1112/182
f 3535/1104/180 3536/1106/180 912/1112/180 913/1113/180
f 3534/1105/179 3535/1104/179 913/1113/179 914/1114/179
f 1025/1115/181 3534/1105/181 914/1114/181 182/1116/181
f 1024/1117/181 3531/1101/181 3534/1105/181 1025/1115/181
f 1023/1107/181 3528/1098/181 3531/1101/181 1024/1117/181
f 3537/1118/179 3538/1119/179 3541/1120/179 3540/1121/179
f 3538/1119/180 3539/1122/180 3542/1123/180 3541/1120/180
f 3540/1121/179 3541/1120/179 3544/1124/179 3543/1125/179
f 3541/1120/180 3542/1123/180 3545/1126/180 3544/1124/180
f 182/1116/181 914/1114/181 3537/1118/181 1020/1127/181
f 914/1114/179 913/1113/179 3538/1119/179 3537/1118/179
f 913/1113/180 912/1112/180 3539/1122/180 3538/1119/180
f 912/1112/182 166/1111/182 723/1128/182 3539/1122/182
f 3539/1122/182 723/1128/182 724/1129/182 3542/1123/182
f 3542/1123/182 724/1129/182 725/1130/182 3545/1126/182
f 3545/1126/182 725/1130/182 167/1131/182 915/1132/182
f 3544/1124/180 3545/1126/180 915/1132/180 916/1133/180
f 3543/1125/179 3544/1124/179 916/1133/179 917/1134/179
f 1022/1135/181 3543/1125/181 917/1134/181 183/1136/181
f 1021/1137/181 3540/1121/181 3543/1125/181 1022/1135/181
f 1020/1127/181 3537/1118/181 3540/1121/181 1021/1137/181
f 3546/1138/179 3547/1139/179 3550/1140/179 3549/1141/179
f 3547/1139/180 3548/1142/180 3551/1143/180 3550/1140/180
f 3549/1141/179 3550/1140/179 3553/1144/179 3552/1145/179
f 3550/1140/180 3551/1143/180 3554/1146/180 3553/1144/180
f 183/1136/181 917/1134/181 3546/1138/181 1017/1147/181
f 917/1134/179 916/1133/179 3547/1139/179 3546/1138/179
f 916/1133/180 915/1132/180 3548/1142/180 3547/1139/180
f 915/1132/182 167/1131/182 726/1148/182 3548/1142/182
f 3548/1142/182 726/1148/182 727/1149/182 3551/1143/182
f 3551/1143/182 727/1149/182 728/1150/182 3554/1146/182
f 3554/1146/182 728/1150/182 168/1151/182 918/1152/182
f 3553/1144/180 3554/1146/180 918/1152/180 919/1153/180
f 3552/1145/179 3553/1144/179 919/1153/179 920/1154/179
f 1019/1155/181 3552/1145/181 920/1154/181 184/1156/181
f 1018/1157/181 3549/1141/181 3552/1145/181 1019/1155/181
f 1017/1147/181 3546/1138/181 3549/1141/181 1018/1157/181
f 3555/1158/179 3556/1159/179 3559/1160/179 3558/1161/179
f 3556/1159/180 3557/1162/180 3560/1163/180 3559/1160/180
f 3558/1161/179 3559/1160/179 3562/1164/179 3561/1165/179
f 3559/1160/180 3560/1163/180 3563/1166/180 3562/1164/180
f 184/1156/181 920/1154/181 3555/1158/181 1014/1167/181
f 920/1154/179 919/1153/179 3556/1159/179 3555/1158/179
f 919/1153/180 918/1152/180 3557/1162/180 3556/1159/180
f 918/1152/182 168/1151/182 729/1168/182 3557/1162/182
f 3557/1162/182 729/1168/182 730/1169/182 3560/1163/182
f 3560/1163/182 730/1169/182 731/1170/182 3563/1166/182
f 3563/1166/182 731/1170/182 169/1171/182 921/1172/182
f 3562/1164/180 3563/1166/180 921/1172/180 922/1173/180
f 3561/1165/179 3562/1164/179 922/1173/179 923/1174/179
f 1016/1175/181 3561/1165/181 923/1174/181 185/1176/181
f 1015/1177/181 3558/1161/181 3561/1165/181 1016/1175/181
f 1014/1167/181 3555/1158/181 3558/1161/181 1015/1177/181
f 3564/1178/179 3565/1179/179 3568/1180/179 3567/1181/179
f 3565/1179/180 3566/1182/180 3569/1183/180 3568/1180/180
f 3567/1181/179 3568/1180/179 3571/1184/179 3570/1185/179
f 3568/1180/180 3569/1183/180 3572/1186/180 3571/1184/180
f 185/1176/181 923/1174/181 3564/1178/181 1011/1187/181
f 923/1174/179 922/1173/179 3565/1179/179 3564/1178/179
f 922/1173/180 921/1172/180 3566/1182/180 3565/1179/180
f 921/1172/182 169/1171/182 732/1188/182 3566/1182/182
f 3566/1182/182 732/1188/182 733/1189/182 3569/1183/182
f 3569/1183/182 733/1189/182 734/1190/182 3572/1186/182
f 3572/1186/182 734/1190/182 170/1191/182 924/1192/182
f 3571/1184/180 3572/1186/180 924/1192/180 925/1193/180
f 3570/1185/179 3571/1184/179 925/1193/179 926/1194/179
f 1013/1195/181 3570/1185/181 926/1194/181 186/1196/181
f 1012/1197/181 3567/1181/181 3570/1185/181 1013/1195/181
f 1011/1187/181 3564/1178/181 3567/1181/181 1012/1197/181
f 3573/1198/179 3574/1199/179 3577/1200/179 3576/1201/179
f 3574/1199/180 3575/1202/180 3578/1203/180 3577/1200/180
f 3576/1201/179 3577/1200/179 3580/1204/179 3579/1205/179
f 3577/1200/180 3578/1203/180 3581/1206/180 3580/1204/180
f 186/1196/181 926/1194/181 3573/1198/181 1008/1207/181
f 926/1194/179 925/1193/179 3574/1199/179 3573/1198/179
f 925/1193/180 924/1192/180 3575/1202/180 3574/1199/180
f 924/1192/182 170/1191/182 735/1208/182 3575/1202/182
f 3575/1202/182 735/1208/182 736/1209/182 3578/1203/182
f 3578/1203/182 736/1209/182 737/1210/182 3581/1206/182
f 3581/1206/182 737/1210/182 171/1211/182 927/1212/182
f 3580/1204/180 3581/1206/180 927/1212/180 928/1213/180
f 3579/1205/179 3580/1204/179 928/1213/179 929/1214/179
f 1010/1215/181 3579/1205/181 929/1214/181 187/1216/181
f 1009/1217/181 3576/1201/181 3579/1205/181 1010/1215/181
f 1008/1207/181 3573/1198/181 3576/1201/181 1009/1217/181
f 3582/1218/179 3583/1219/179 3586/1220/179 3585/1221/179
f 3583/1219/180 3584/1222/180 3587/1223/180 3586/1220/180
f 3585/1221/179 3586/1220/179 3589/1224/179 3588/1225/179
f 3586/1220/180 3587/1223/180 3590/1226/180 3589/1224/180
f 187/1216/181 929/1214/181 3582/1218/181 1005/1227/181
f 929/1214/179 928/1213/179 3583/1219/179 3582/1218/179
f 928/1213/180 927/1212/180 3584/1222/180 3583/1219/180
f 927/1212/182 171/1211/182 738/1228/182 3584/1222/182
f 3584/1222/182 738/1228/182 739/1229/182 3587/1223/182
f 3587/1223/182 739/1229/182 740/1230/182 3590/1226/182
f 3590/1226/182 740/1230/182 172/345/182 930/344/182
f 3589/1224/180 3590/1226/180 930/344/180 931/343/180
f 3588/1225/179 3589/1224/179 931/343/179 932/341/179
f 1007/1231/181 3588/1225/181 932/341/181 188/340/181
f 1006/1232/181 3585/1221/181 3588/1225/181 1007/1231/181
f 1005/1227/181 3582/1218/181 3585/1221/181 1006/1232/181
f 3591/1233/183 3592/1234/183 3595/1235/183 3594/1236/183
f 3592/1234/184 3593/1237/184 3596/1238/184 3595/1235/184
f 3594/1236/185 3595/1235/185 3598/1239/185 3597/1240/185
f 3595/1235/186 3596/1238/186 3599/1241/186 3598/1239/186
f 173/1242/187 564/1243/187 3591/1233/187 1002/1244/187
f 564/1243/188 565/1245/188 3592/1234/188 3591/1233/188
f 565/1245/189 566/1246/189 3593/1237/189 3592/1234/189
f 566/1246/190 118/440/190 633/438/190 3593/1237/190
f 3593/1237/191 633/438/191 634/437/191 3596/1238/191
f 3596/1238/192 634/437/192 635/436/192 3599/1241/192
f 3599/1241/193 635/436/193 137/435/193 933/1247/193
f 3598/1239/194 3599/1241/194 933/1247/194 934/1248/194
f 3597/1240/195 3598/1239/195 934/1248/195 935/1249/195
f 1004/1250/196 3597/1240/196 935/1249/196 189/1251/196
f 1003/1252/197 3594/1236/197 3597/1240/197 1004/1250/197
f 1002/1244/198 3591/1233/198 3594/1236/198 1003/1252/198
f 3600/1253/199 3601/1254/199 3604/1255/199 3603/1256/199
f 3601/1254/200 3602/1257/200 3605/1258/200 3604/1255/200
f 3603/1256/199 3604/1255/199 3607/1259/199 3606/1260/199
f 3604/1255/200 3605/1258/200 3608/1261/200 3607/1259/200
f 189/1251/201 935/1249/201 3600/1253/201 999/1262/201
f 935/1249/199 934/1248/199 3601/1254/199 3600/1253/199
f 934/1248/200 933/1247/200 3602/1257/200 3601/1254/200
f 933/1247/202 137/435/202 636/729/202 3602/1257/202
f 3602/1257/202 636/729/202 637/728/202 3605/1258/202
f 3605/1258/202 637/728/202 638/727/202 3608/1261/202
f 3608/1261/202 638/727/202 138/706/202 936/1263/202
f 3607/1259/200 3608/1261/200 936/1263/200 937/1264/200
f 3606/1260/199 3607/1259/199 937/1264/199 938/1265/199
f 1001/1266/201 3606/1260/201 938/1265/201 190/1267/201
f 1000/1268/201 3603/1256/201 3606/1260/201 1001/1266/201
f 999/1262/201 3600/1253/201 3603/1256/201 1000/1268/201
f 3609/1269/199 3610/1270/199 3613/1271/199 3612/1272/199
f 3610/1270/200 3611/1273/200 3614/1274/200 3613/1271/200
f 3612/1272/199 3613/1271/199 3616/1275/199 3615/1276/199
f 3613/1271/200 3614/1274/200 3617/1277/200 3616/1275/200
f 190/1267/201 938/1265/201 3609/1269/201 996/1278/201
f 938/1265/199 937/1264/199 3610/1270/199 3609/1269/199
f 937/1264/200 936/1263/200 3611/1273/200 3610/1270/200
f 936/1263/202 138/706/202 639/705/202 3611/1273/202
f 3611/1273/202 639/705/202 640/704/202 3614/1274/202
f 3614/1274/202 640/704/202 641/703/202 3617/1277/202
f 3617/1277/202 641/703/202 139/682/202 939/1279/202
f 3616/1275/200 3617/1277/200 939/1279/200 940/1280/200
f 3615/1276/199 3616/1275/199 940/1280/199 941/1281/199
f 998/1282/201 3615/1276/201 941/1281/201 191/1283/201
f 997/1284/201 3612/1272/201 3615/1276/201 998/1282/201
f 996/1278/201 3609/1269/201 3612/1272/201 997/1284/201
f 3618/1285/199 3619/1286/199 3622/1287/199 3621/1288/199
f 3619/1286/200 3620/1289/200 3623/1290/200 3622/1287/200
f 3621/1288/199 3622/1287/199 3625/1291/199 3624/1292/199
f 3622/1287/200 3623/1290/200 3626/1293/200 3625/1291/200
f 191/1283/201 941/1281/201 3618/1285/201 993/1294/201
f 941/1281/199 940/1280/199 3619/1286/199 3618/1285/199
f 940/1280/200 939/1279/200 3620/1289/200 3619/1286/200
f 939/1279/202 139/682/202 642/681/202 3620/1289/202
f 3620/1289/202 642/681/202 643/680/202 3623/1290/202
f 3623/1290/202 643/680/202 644/679/202 3626/1293/202
f 3626/1293/202 644/679/202 140/658/202 942/1295/202
f 3625/1291/200 3626/1293/200 942/1295/200 943/1296/200
f 3624/1292/199 3625/1291/199 943/1296/199 944/1297/199
f 995/1298/201 3624/1292/201 944/1297/201 192/1299/201
f 994/1300/201 3621/1288/201 3624/1292/201 995/1298/201
f 993/1294/201 3618/1285/201 3621/1288/201 994/1300/201
f 3627/1301/199 3628/1302/199 3631/1303/199 3630/1304/199
f 3628/1302/200 3629/1305/200 3632/1306/200 3631/1303/200
f 3630/1304/199 3631/1303/199 3634/1307/199 3633/1308/199
f 3631/1303/200 3632/1306/200 3635/1309/200 3634/1307/200
f 192/1299/201 944/1297/201 3627/1301/201 990/1310/201
f 944/1297/199 943/1296/199 3628/1302/199 3627/1301/199
f 943/1296/200 942/1295/200 3629/1305/200 3628/1302/200
f 942/1295/202 140/658/202 645/657/202 3629/1305/202
f 3629/1305/202 645/657/202 646/656/202 3632/1306/202
f 3632/1306/202 646/656/202 647/655/202 3635/1309/202
f 3635/1309/202 647/655/202 141/634/202 945/1311/202
f 3634/1307/200 3635/1309/200 945/1311/200 946/1312/200
f 3633/1308/199 3634/1307/199 946/1312/199 947/1313/199
f 992/1314/201 3633/1308/201 947/1313/201 193/1315/201
f 991/1316/201 3630/1304/201 3633/1308/201 992/1314/201
f 990/1310/201 3627/1301/201 3630/1304/201 991/1316/201
f 3636/1317/199 3637/1318/199 3640/1319/199 3639/1320/199
f 3637/1318/200 3638/1321/200 3641/1322/200 3640/1319/200
f 3639/1320/199 3640/1319/199 3643/1323/199 3642/1324/199
f 3640/1319/200 3641/1322/200 3644/1325/200 3643/1323/200
f 193/1315/201 947/1313/201 3636/1317/201 987/1326/201
f 947/1313/199 946/1312/199 3637/1318/199 3636/1317/199
f 946/1312/200 945/1311/200 3638/1321/200 3637/1318/200
f 945/1311/202 141/634/202 648/633/202 3638/1321/202
f 3638/1321/202 648/633/202 649/632/202 3641/1322/202
f 3641/1322/202 649/632/202 650/631/202 3644/1325/202
f 3644/1325/202 650/631/202 142/610/202 948/1327/202
f 3643/1323/200 3644/1325/200 948/1327/200 949/1328/200
f 3642/1324/199 3643/1323/199 949/1328/199 950/1329/199
f 989/1330/201 3642/1324/201 950/1329/201 194/1331/201
f 988/1332/201 3639/1320/201 3642/1324/201 989/1330/201
f 987/1326/201 3636/1317/201 3639/1320/201 988/1332/201
f 3645/1333/199 3646/1334/199 3649/1335/199 3648/1336/199
f 3646/1334/200 3647/1337/200 3650/1338/200 3649/1335/200
f 3648/1336/199 3649/1335/199 3652/1339/199 3651/1340/199
f 3649/1335/200 3650/1338/200 3653/1341/200 3652/1339/200
f 194/1331/201 950/1329/201 3645/1333/201 984/1342/201
f 950/1329/199 949/1328/199 3646/1334/199 3645/1333/199
f 949/1328/200 948/1327/200 3647/1337/200 3646/1334/200
f 948/1327/202 142/610/202 651/609/202 3647/1337/202
f 3647/1337/202 651/609/202 652/608/202 3650/1338/202
f 3650/1338/202 652/608/202 653/607/202 3653/1341/202
f 3653/1341/202 653/607/202 143/586/202 951/1343/202
f 3652/1339/200 3653/1341/200 951/1343/200 952/1344/200
f 3651/1340/199 3652/1339/199 952/1344/199 953/1345/199
f 986/1346/201 3651/1340/201 953/1345/201 195/1347/201
f 985/1348/201 3648/1336/201 3651/1340/201 986/1346/201
f 984/1342/201 3645/1333/201 3648/1336/201 985/1348/201
f 3654/1349/199 3655/1350/199 3658/1351/199 3657/1352/199
f 3655/1350/200 3656/1353/200 3659/1354/200 3658/1351/200
f 3657/1352/199 3658/1351/199 3661/1355/199 3660/1356/199
f 3658/1351/200 3659/1354/200 3662/1357/200 3661/1355/200
f 195/1347/201 953/1345/201 3654/1349/201 981/1358/201
f 953/1345/199 952/1344/199 3655/1350/199 3654/1349/199
f 952/1344/200 951/1343/200 3656/1353/200 3655/1350/200
f 951/1343/202 143/586/202 654/585/202 3656/1353/202
f 3656/1353/202 654/585/202 655/584/202 3659/1354/202
f 3659/1354/202 655/584/202 656/583/202 3662/1357/202
f 3662/1357/202 656/583/202 144/562/202 954/1359/202
f 3661/1355/200 3662/1357/200 954/1359/200 955/1360/200
f 3660/1356/199 3661/1355/199 955/1360/199 956/1361/199
f 983/1362/201 3660/1356/201 956/1361/201 196/1363/201
f 982/1364/201 3657/1352/201 3660/1356/201 983/1362/201
f 981/1358/201 3654/1349/201 3657/1352/201 982/1364/201
f 3663/1365/199 3664/1366/199 3667/1367/199 3666/1368/199
f 3664/1366/200 3665/1369/200 3668/1370/200 3667/1367/200
f 3666/1368/199 3667/1367/199 3670/1371/199 3669/1372/199
f 3667/1367/200 3668/1370/200 3671/1373/200 3670/1371/200
f 196/1363/201 956/1361/201 3663/1365/201 978/1374/201
f 956/1361/199 955/1360/199 3664/1366/199 3663/1365/199
f 955/1360/200 954/1359/200 3665/1369/200 3664/1366/200
f 954/1359/202 144/562/202 657/561/202 3665/1369/202
f 3665/1369/202 657/561/202 658/560/202 3668/1370/202
f 3668/1370/202 658/560/202 659/559/202 3671/1373/202
f 3671/1373/202 659/559/202 145/538/202 957/1375/202
f 3670/1371/200 3671/1373/200 957/1375/200 958/1376/200
f 3669/1372/199 3670/1371/199 958/1376/199 959/1377/199
f 980/1378/201 3669/1372/201 959/1377/201 197/1379/201
f 979/1380/201 3666/1368/201 3669/1372/201 980/1378/201
f 978/1374/201 3663/1365/201 3666/1368/201 979/1380/201
f 3672/1381/199 3673/1382/199 3676/1383/199 3675/1384/199
f 3673/1382/200 3674/1385/200 3677/1386/200 3676/1383/200
f 3675/1384/199 3676/1383/199 3679/1387/199 3678/1388/199
f 3676/1383/200 3677/1386/200 3680/1389/200 3679/1387/200
f 197/1379/201 959/1377/201 3672/1381/201 975/1390/201
f 959/1377/199 958/1376/199 3673/1382/199 3672/1381/199
f 958/1376/200 957/1375/200 3674/1385/200 3673/1382/200
f 957/1375/202 145/538/202 660/537/202 3674/1385/202
f 3674/1385/202 660/537/202 661/536/202 3677/1386/202
f 3677/1386/202 661/536/202 662/535/202 3680/1389/202
f 3680/1389/202 662/535/202 146/514/202 960/1391/202
f 3679/1387/200 3680/1389/200 960/1391/200 961/1392/200
f 3678/1388/199 3679/1387/199 961/1392/199 962/1393/199
f 977/1394/201 3678/1388/201 962/1393/201 198/1395/201
f 976/1396/201 3675/1384/201 3678/1388/201 977/1394/201
f 975/1390/201 3672/1381/201 3675/1384/201 976/1396/201
f 3681/1397/199 3682/1398/199 3685/1399/199 3684/1400/199
f 3682/1398/200 3683/1401/200 3686/1402/200 3685/1399/200
f 3684/1400/199 3685/1399/199 3688/1403/199 3687/1404/199
f 3685/1399/200 3686/1402/200 3689/1405/200 3688/1403/200
f 198/1395/201 962/1393/201 3681/1397/201 972/1406/201
f 962/1393/199 961/1392/199 3682/1398/199 3681/1397/199
f 961/1392/200 960/1391/200 3683/1401/200 3682/1398/200
f 960/1391/202 146/514/202 663/513/202 3683/1401/202
f 3683/1401/202 663/513/202 664/512/202 3686/1402/202
f 3686/1402/202 664/512/202 665/511/202 3689/1405/202
f 3689/1405/202 665/511/202 147/490/202 963/1407/202
f 3688/1403/200 3689/1405/200 963/1407/200 964/1408/200
f 3687/1404/199 3688/1403/199 964/1408/199 965/1409/199
f 974/1410/201 3687/1404/201 965/1409/201 199/1411/201
f 973/1412/201 3684/1400/201 3687/1404/201 974/1410/201
f 972/1406/201 3681/1397/201 3684/1400/201 973/1412/201
f 3690/1413/199 3691/1414/199 3694/1415/199 3693/1416/199
f 3691/1414/200 3692/1417/200 3695/1418/200 3694/1415/200
f 3693/1416/199 3694/1415/199 3697/1419/199 3696/1420/199
f 3694/1415/200 3695/1418/200 3698/1421/200 3697/1419/200
f 199/1411/201 965/1409/201 3690/1413/201 969/1422/201
f 965/1409/199 964/1408/199 3691/1414/199 3690/1413/199
f 964/1408/200 963/1407/200 3692/1417/200 3691/1414/200
f 963/1407/202 147/490/202 666/489/202 3692/1417/202
f 3692/1417/202 666/489/202 667/488/202 3695/1418/202
f 3695/1418/202 667/488/202 668/487/202 3698/1421/202
f 3698/1421/202 668/487/202 148/295/202 966/294/202
f 3697/1419/200 3698/1421/200 966/294/200 967/293/200
f 3696/1420/199 3697/1419/199 967/293/199 968/291/199
f 971/1423/201 3696/1420/201 968/291/201 200/290/201
f 970/1424/201 3693/1416/201 3696/1420/201 971/1423/201
f 969/1422/201 3690/1413/201 3693/1416/201 970/1424/201
f 3699/1425/203 3700/1426/203 3703/1427/203 3702/1428/203
f 3700/1426/204 3701/1429/204 3704/1430/204 3703/1427/204
f 3702/1428/203 3703/1427/203 3706/1431/203 3705/1432/203
f 3703/1427/204 3704/1430/204 3707/1433/204 3706/1431/204
f 126/1434/205 881/1435/205 3699/1425/205 602/1436/205
f 881/1435/203 880/1437/203 3700/1426/203 3699/1425/203
f 880/1437/204 879/1438/204 3701/1429/204 3700/1426/204
f 879/1438/206 199/1411/206 969/1422/206 3701/1429/206
f 3701/1429/206 969/1422/206 970/1424/206 3704/1430/206
f 3704/1430/206 970/1424/206 971/1423/206 3707/1433/206
f 3707/1433/206 971/1423/206 200/290/206 882/1439/206
f 3706/1431/204 3707/1433/204 882/1439/204 883/1440/204
f 3705/1432/203 3706/1431/203 883/1440/203 884/1441/203
f 600/1442/205 3705/1432/205 884/1441/205 125/1443/205
f 601/1444/205 3702/1428/205 3705/1432/205 600/1442/205
f 602/1436/205 3699/1425/205 3702/1428/205 601/1444/205
f 3708/1445/203 3709/1446/203 3712/1447/203 3711/1448/203
f 3709/1446/204 3710/1449/204 3713/1450/204 3712/1447/204
f 3711/1448/203 3712/1447/203 3715/1451/203 3714/1452/203
f 3712/1447/204 3713/1450/204 3716/1453/204 3715/1451/204
f 127/1454/205 878/1455/205 3708/1445/205 605/1456/205
f 878/1455/203 877/1457/203 3709/1446/203 3708/1445/203
f 877/1457/204 876/1458/204 3710/1449/204 3709/1446/204
f 876/1458/206 198/1395/206 972/1406/206 3710/1449/206
f 3710/1449/206 972/1406/206 973/1412/206 3713/1450/206
f 3713/1450/206 973/1412/206 974/1410/206 3716/1453/206
f 3716/1453/206 974/1410/206 199/1411/206 879/1438/206
f 3715/1451/204 3716/1453/204 879/1438/204 880/1437/204
f 3714/1452/203 3715/1451/203 880/1437/203 881/1435/203
f 603/1459/205 3714/1452/205 881/1435/205 126/1434/205
f 604/1460/205 3711/1448/205 3714/1452/205 603/1459/205
f 605/1456/205 3708/1445/205 3711/1448/205 604/1460/205
f 3717/1461/203 3718/1462/203 3721/1463/203 3720/1464/203
f 3718/1462/204 3719/1465/204 3722/1466/204 3721/1463/204
f 3720/1464/203 3721/1463/203 3724/1467/203 3723/1468/203
f 3721/1463/204 3722/1466/204 3725/1469/204 3724/1467/204
f 128/1470/205 875/1471/205 3717/1461/205 608/1472/205
f 875/1471/203 874/1473/203 3718/1462/203 3717/1461/203
f 874/1473/204 873/1474/204 3719/1465/204 3718/1462/204
f 873/1474/206 197/1379/206 975/1390/206 3719/1465/206
f 3719/1465/206 975/1390/206 976/1396/206 3722/1466/206
f 3722/1466/206 976/1396/206 977/1394/206 3725/1469/206
f 3725/1469/206 977/1394/206 198/1395/206 876/1458/206
f 3724/1467/204 3725/1469/204 876/1458/204 877/1457/204
f 3723/1468/203 3724/1467/203 877/1457/203 878/1455/203
f 606/1475/205 3723/1468/205 878/1455/205 127/1454/205
f 607/1476/205 3720/1464/205 3723/1468/205 606/1475/205
f 608/1472/205 3717/1461/205 3720/1464/205 607/1476/205
f 3726/1477/203 3727/1478/203 3730/1479/203 3729/1480/203
f 3727/1478/204 3728/1481/204 3731/1482/204 3730/1479/204
f 3729/1480/203 3730/1479/203 3733/1483/203 3732/1484/203
f 3730/1479/204 3731/1482/204 3734/1485/204 3733/1483/204
f 129/1486/205 872/1487/205 3726/1477/205 611/1488/205
f 872/1487/203 871/1489/203 3727/1478/203 3726/1477/203
f 871/1489/204 870/1490/204 3728/1481/204 3727/1478/204
f 870/1490/206 196/1363/206 978/1374/206 3728/1481/206
f 3728/1481/206 978/1374/206 979/1380/206 3731/1482/206
f 3731/1482/206 979/1380/206 980/1378/206 3734/1485/206
f 3734/1485/206 980/1378/206 197/1379/206 873/1474/206
f 3733/1483/204 3734/1485/204 873/1474/204 874/1473/204
f 3732/1484/203 3733/1483/203 874/1473/203 875/1471/203
f 609/1491/205 3732/1484/205 875/1471/205 128/1470/205
f 610/1492/205 3729/1480/205 3732/1484/205 609/1491/205
f 611/1488/205 3726/1477/205 3729/1480/205 610/1492/205
f 3735/1493/203 3736/1494/203 3739/1495/203 3738/1496/203
f 3736/1494/204 3737/1497/204 3740/1498/204 3739/1495/204
f 3738/1496/203 3739/1495/203 3742/1499/203 3741/1500/203
f 3739/1495/204 3740/1498/204 3743/1501/204 3742/1499/204
f 130/1502/205 869/1503/205 3735/1493/205 614/1504/205
f 869/1503/203 868/1505/203 3736/1494/203 3735/1493/203
f 868/1505/204 867/1506/204 3737/1497/204 3736/1494/204
f 867/1506/206 195/1347/206 981/1358/206 3737/1497/206
f 3737/1497/206 981/1358/206 982/1364/206 3740/1498/206
f 3740/1498/206 982/1364/206 983/1362/206 3743/1501/206
f 3743/1501/206 983/1362/206 196/1363/206 870/1490/206
f 3742/1499/204 3743/1501/204 870/1490/204 871/1489/204
f 3741/1500/203 3742/1499/203 871/1489/203 872/1487/203
f 612/1507/205 3741/1500/205 872/1487/205 129/1486/205
f 613/1508/205 3738/1496/205 3741/1500/205 612/1507/205
f 614/1504/205 3735/1493/205 3738/1496/205 613/1508/205
f 3744/1509/203 3745/1510/203 3748/1511/203 3747/1512/203
f 3745/1510/204 3746/1513/204 3749/1514/204 3748/1511/204
f 3747/1512/203 3748/1511/203 3751/1515/203 3750/1516/203
f 3748/1511/204 3749/1514/204 3752/1517/204 3751/1515/204
f 131/1518/205 866/1519/205 3744/1509/205 617/1520/205
f 866/1519/203 865/1521/203 3745/1510/203 3744/1509/203
f 865/1521/204 864/1522/204 3746/1513/204 3745/1510/204
f 864/1522/206 194/1331/206 984/1342/206 3746/1513/206
f 3746/1513/206 984/1342/206 985/1348/206 3749/1514/206
f 3749/1514/206 985/1348/206 986/1346/206 3752/1517/206
f 3752/1517/206 986/1346/206 195/1347/206 867/1506/206
f 3751/1515/204 3752/1517/204 867/1506/204 868/1505/204
f 3750/1516/203 3751/1515/203 868/1505/203 869/1503/203
f 615/1523/205 3750/1516/205 869/1503/205 130/1502/205
f 616/1524/205 3747/1512/205 3750/1516/205 615/1523/205
f 617/1520/205 3744/1509/205 3747/1512/205 616/1524/205
f 3753/1525/203 3754/1526/203 3757/1527/203 3756/1528/203
f 3754/1526/204 3755/1529/204 3758/1530/204 3757/1527/204
f 3756/1528/203 3757/1527/203 3760/1531/203 3759/1532/203
f 3757/1527/204 3758/1530/204 3761/1533/204 3760/1531/204
f 132/1534/205 863/1535/205 3753/1525/205 620/1536/205
f 863/1535/203 862/1537/203 3754/1526/203 3753/1525/203
f 862/1537/204 861/1538/204 3755/1529/204 3754/1526/204
f 861/1538/206 193/1315/206 987/1326/206 3755/1529/206
f 3755/1529/206 987/1326/206 988/1332/206 3758/1530/206
f 3758/1530/206 988/1332/206 989/1330/206 3761/1533/206
f 3761/1533/206 989/1330/206 194/1331/206 864/1522/206
f 3760/1531/204 3761/1533/204 864/1522/204 865/1521/204
f 3759/1532/203 3760/1531/203 865/1521/203 866/1519/203
f 618/1539/205 3759/1532/205 866/1519/205 131/1518/205
f 619/1540/205 3756/1528/205 3759/1532/205 618/1539/205
f 620/1536/205 3753/1525/205 3756/1528/205 619/1540/205
f 3762/1541/203 3763/1542/203 3766/1543/203 3765/1544/203
f 3763/1542/204 3764/1545/204 3767/1546/204 3766/1543/204
f 3765/1544/203 3766/1543/203 3769/1547/203 3768/1548/203
f 3766/1543/204 3767/1546/204 3770/1549/204 3769/1547/204
f 133/1550/205 860/1551/205 3762/1541/205 623/1552/205
f 860/1551/203 859/1553/203 3763/1542/203 3762/1541/203
f 859/1553/204 858/1554/204 3764/1545/204 3763/1542/204
f 858/1554/206 192/1299/206 990/1310/206 3764/1545/206
f 3764/1545/206 990/1310/206 991/1316/206 3767/1546/206
f 3767/1546/206 991/1316/206 992/1314/206 3770/1549/206
f 3770/1549/206 992/1314/206 193/1315/206 861/1538/206
f 3769/1547/204 3770/1549/204 861/1538/204 862/1537/204
f 3768/1548/203 3769/1547/203 862/1537/203 863/1535/203
f 621/1555/205 3768/1548/205 863/1535/205 132/1534/205
f 622/1556/205 3765/1544/205 3768/1548/205 621/1555/205
f 623/1552/205 3762/1541/205 3765/1544/205 622/1556/205
f 3771/1557/203 3772/1558/203 3775/1559/203 3774/1560/203
f 3772/1558/204 3773/1561/204 3776/1562/204 3775/1559/204
f 3774/1560/203 3775/1559/203 3778/1563/203 3777/1564/203
f 3775/1559/204 3776/1562/204 3779/1565/204 3778/1563/204
f 134/1566/205 857/1567/205 3771/1557/205 626/1568/205
f 857/1567/203 856/1569/203 3772/1558/203 3771/1557/203
f 856/1569/204 855/1570/204 3773/1561/204 3772/1558/204
f 855/1570/206 191/1283/206 993/1294/206 3773/1561/206
f 3773/1561/206 993/1294/206 994/1300/206 3776/1562/206
f 3776/1562/206 994/1300/206 995/1298/206 3779/1565/206
f 3779/1565/206 995/1298/206 192/1299/206 858/1554/206
f 3778/1563/204 3779/1565/204 858/1554/204 859/1553/204
f 3777/1564/203 3778/1563/203 859/1553/203 860/1551/203
f 624/1571/205 3777/1564/205 860/1551/205 133/1550/205
f 625/1572/205 3774/1560/205 3777/1564/205 624/1571/205
f 626/1568/205 3771/1557/205 3774/1560/205 625/1572/205
f 3780/1573/203 3781/1574/203 3784/1575/203 3783/1576/203
f 3781/1574/204 3782/1577/204 3785/1578/204 3784/1575/204
f 3783/1576/203 3784/1575/203 3787/1579/203 3786/1580/203
f 3784/1575/204 3785/1578/204 3788/1581/204 3787/1579/204
f 135/1582/205 854/1583/205 3780/1573/205 629/1584/205
f 854/1583/203 853/1585/203 3781/1574/203 3780/1573/203
f 853/1585/204 852/1586/204 3782/1577/204 3781/1574/204
f 852/1586/206 190/1267/206 996/1278/206 3782/1577/206
f 3782/1577/206 996/1278/206 997/1284/206 3785/1578/206
f 3785/1578/206 997/1284/206 998/1282/206 3788/1581/206
f 3788/1581/206 998/1282/206 191/1283/206 855/1570/206
f 3787/1579/204 3788/1581/204 855/1570/204 856/1569/204
f 3786/1580/203 3787/1579/203 856/1569/203 857/1567/203
f 627/1587/205 3786/1580/205 857/1567/205 134/1566/205
f 628/1588/205 3783/1576/205 3786/1580/205 627/1587/205
f 629/1584/205 3780/1573/205 3783/1576/205 628/1588/205
f 3789/1589/203 3790/1590/203 3793/1591/203 3792/1592/203
f 3790/1590/204 3791/1593/204 3794/1594/204 3793/1591/204
f 3792/1592/203 3793/1591/203 3796/1595/203 3795/1596/203
f 3793/1591/204 3794/1594/204 3797/1597/204 3796/1595/204
f 136/1598/205 851/1599/205 3789/1589/205 632/1600/205
f 851/1599/203 850/1601/203 3790/1590/203 3789/1589/203
f 850/1601/204 849/1602/204 3791/1593/204 3790/1590/204
f 849/1602/206 189/1251/206 999/1262/206 3791/1593/206
f 3791/1593/206 999/1262/206 1000/1268/206 3794/1594/206
f 3794/1594/206 1000/1268/206 1001/1266/206 3797/1597/206
f 3797/1597/206 1001/1266/206 190/1267/206 852/1586/206
f 3796/1595/204 3797/1597/204 852/1586/204 853/1585/204
f 3795/1596/203 3796/1595/203 853/1585/203 854/1583/203
f 630/1603/205 3795/1596/205 854/1583/205 135/1582/205
f 631/1604/205 3792/1592/205 3795/1596/205 630/1603/205
f 632/1600/205 3789/1589/205 3792/1592/205 631/1604/205
f 3798/1605/207 3799/1606/207 3802/1607/207 3801/1608/207
f 3799/1606/208 3800/1609/208 3803/1610/208 3802/1607/208
f 3801/1608/209 3802/1607/209 3805/1611/209 3804/1612/209
f 3802/1607/210 3803/1610/210 3806/1613/210 3805/1611/210
f 117/1614/211 885/1615/211 3798/1605/211 563/1616/211
f 885/1615/212 886/1617/212 3799/1606/212 3798/1605/212
f 886/1617/213 887/1618/213 3800/1609/213 3799/1606/213
f 887/1618/214 173/1242/214 1002/1244/214 3800/1609/214
f 3800/1609/215 1002/1244/215 1003/1252/215 3803/1610/215
f 3803/1610/216 1003/1252/216 1004/1250/216 3806/1613/216
f 3806/1613/217 1004/1250/217 189/1251/217 849/1602/217
f 3805/1611/218 3806/1613/218 849/1602/218 850/1601/218
f 3804/1612/219 3805/1611/219 850/1601/219 851/1599/219
f 561/1619/220 3804/1612/220 851/1599/220 136/1598/220
f 562/1620/221 3801/1608/221 3804/1612/221 561/1619/221
f 563/1616/222 3798/1605/222 3801/1608/222 562/1620/222
f 3807/1621/223 3808/1622/223 3811/1623/223 3810/1624/223
f 3808/1622/224 3809/1625/224 3812/1626/224 3811/1623/224
f 3810/1624/223 3811/1623/223 3814/1627/223 3813/1628/223
f 3811/1623/224 3812/1626/224 3815/1629/224 3814/1627/224
f 150/990/225 845/1630/225 3807/1621/225 674/1011/225
f 845/1630/223 844/1631/223 3808/1622/223 3807/1621/223
f 844/1631/224 843/1632/224 3809/1625/224 3808/1622/224
f 843/1632/226 187/1216/226 1005/1227/226 3809/1625/226
f 3809/1625/226 1005/1227/226 1006/1232/226 3812/1626/226
f 3812/1626/226 1006/1232/226 1007/1231/226 3815/1629/226
f 3815/1629/226 1007/1231/226 188/340/226 846/1633/226
f 3814/1627/224 3815/1629/224 846/1633/224 847/1634/224
f 3813/1628/223 3814/1627/223 847/1634/223 848/1635/223
f 672/1013/225 3813/1628/225 848/1635/225 149/401/225
f 673/1012/225 3810/1624/225 3813/1628/225 672/1013/225
f 674/1011/225 3807/1621/225 3810/1624/225 673/1012/225
f 3816/1636/223 3817/1637/223 3820/1638/223 3819/1639/223
f 3817/1637/224 3818/1640/224 3821/1641/224 3820/1638/224
f 3819/1639/223 3820/1638/223 3823/1642/223 3822/1643/223
f 3820/1638/224 3821/1641/224 3824/1644/224 3823/1642/224
f 151/966/225 842/1645/225 3816/1636/225 677/987/225
f 842/1645/223 841/1646/223 3817/1637/223 3816/1636/223
f 841/1646/224 840/1647/224 3818/1640/224 3817/1637/224
f 840/1647/226 186/1196/226 1008/1207/226 3818/1640/226
f 3818/1640/226 1008/1207/226 1009/1217/226 3821/1641/226
f 3821/1641/226 1009/1217/226 1010/1215/226 3824/1644/226
f 3824/1644/226 1010/1215/226 187/1216/226 843/1632/226
f 3823/1642/224 3824/1644/224 843/1632/224 844/1631/224
f 3822/1643/223 3823/1642/223 844/1631/223 845/1630/223
f 675/989/225 3822/1643/225 845/1630/225 150/990/225
f 676/988/225 3819/1639/225 3822/1643/225 675/989/225
f 677/987/225 3816/1636/225 3819/1639/225 676/988/225
f 3825/1648/223 3826/1649/223 3829/1650/223 3828/1651/223
f 3826/1649/224 3827/1652/224 3830/1653/224 3829/1650/224
f 3828/1651/223 3829/1650/223 3832/1654/223 3831/1655/223
f 3829/1650/224 3830/1653/224 3833/1656/224 3832/1654/224
f 152/942/225 839/1657/225 3825/1648/225 680/963/225
f 839/1657/223 838/1658/223 3826/1649/223 3825/1648/223
f 838/1658/224 837/1659/224 3827/1652/224 3826/1649/224
f 837/1659/226 185/1176/226 1011/1187/226 3827/1652/226
f 3827/1652/226 1011/1187/226 1012/1197/226 3830/1653/226
f 3830/1653/226 1012/1197/226 1013/1195/226 3833/1656/226
f 3833/1656/226 1013/1195/226 186/1196/226 840/1647/226
f 3832/1654/224 3833/1656/224 840/1647/224 841/1646/224
f 3831/1655/223 3832/1654/223 841/1646/223 842/1645/223
f 678/965/225 3831/1655/225 842/1645/225 151/966/225
f 679/964/225 3828/1651/225 3831/1655/225 678/965/225
f 680/963/225 3825/1648/225 3828/1651/225 679/964/225
f 3834/1660/223 3835/1661/223 3838/1662/223 3837/1663/223
f 3835/1661/224 3836/1664/224 3839/1665/224 3838/1662/224
f 3837/1663/223 3838/1662/223 3841/1666/223 3840/1667/223
f 3838/1662/224 3839/1665/224 3842/1668/224 3841/1666/224
f 153/918/225 836/1669/225 3834/1660/225 683/939/225
f 836/1669/223 835/1670/223 3835/1661/223 3834/1660/223
f 835/1670/224 834/1671/224 3836/1664/224 3835/1661/224
f 834/1671/226 184/1156/226 1014/1167/226 3836/1664/226
f 3836/1664/226 1014/1167/226 1015/1177/226 3839/1665/226
f 3839/1665/226 1015/1177/226 1016/1175/226 3842/1668/226
f 3842/1668/226 1016/1175/226 185/1176/226 837/1659/226
f 3841/1666/224 3842/1668/224 837/1659/224 838/1658/224
f 3840/1667/223 3841/1666/223 838/1658/223 839/1657/223
f 681/941/225 3840/1667/225 839/1657/225 152/942/225
f 682/940/225 3837/1663/225 3840/1667/225 681/941/225
f 683/939/225 3834/1660/225 3837/1663/225 682/940/225
f 3843/1672/223 3844/1673/223 3847/1674/223 3846/1675/223
f 3844/1673/224 3845/1676/224 3848/1677/224 3847/1674/224
f 3846/1675/223 3847/1674/223 3850/1678/223 3849/1679/223
f 3847/1674/224 3848/1677/224 3851/1680/224 3850/1678/224
f 154/894/225 833/1681/225 3843/1672/225 686/915/225
f 833/1681/223 832/1682/223 3844/1673/223 3843/1672/223
f 832/1682/224 831/1683/224 3845/1676/224 3844/1673/224
f 831/1683/226 183/1136/226 1017/1147/226 3845/1676/226
f 3845/1676/226 1017/1147/226 1018/1157/226 3848/1677/226
f 3848/1677/226 1018/1157/226 1019/1155/226 3851/1680/226
f 3851/1680/226 1019/1155/226 184/1156/226 834/1671/226
f 3850/1678/224 3851/1680/224 834/1671/224 835/1670/224
f 3849/1679/223 3850/1678/223 835/1670/223 836/1669/223
f 684/917/225 3849/1679/225 836/1669/225 153/918/225
f 685/916/225 3846/1675/225 3849/1679/225 684/917/225
f 686/915/225 3843/1672/225 3846/1675/225 685/916/225
f 3852/1684/223 3853/1685/223 3856/1686/223 3855/1687/223
f 3853/1685/224 3854/1688/224 3857/1689/224 3856/1686/224
f 3855/1687/223 3856/1686/223 3859/1690/223 3858/1691/223
f 3856/1686/224 3857/1689/224 3860/1692/224 3859/1690/224
f 155/870/225 830/1693/225 3852/1684/225 689/891/225
f 830/1693/223 829/1694/223 3853/1685/223 3852/1684/223
f 829/1694/224 828/1695/224 3854/1688/224 3853/1685/224
f 828/1695/226 182/1116/226 1020/1127/226 3854/1688/226
f 3854/1688/226 1020/1127/226 1021/1137/226 3857/1689/226
f 3857/1689/226 1021/1137/226 1022/1135/226 3860/1692/226
f 3860/1692/226 1022/1135/226 183/1136/226 831/1683/226
f 3859/1690/224 3860/1692/224 831/1683/224 832/1682/224
f 3858/1691/223 3859/1690/223 832/1682/223 833/1681/223
f 687/893/225 3858/1691/225 833/1681/225 154/894/225
f 688/892/225 3855/1687/225 3858/1691/225 687/893/225
f 689/891/225 3852/1684/225 3855/1687/225 688/892/225
f 3861/1696/223 3862/1697/223 3865/1698/223 3864/1699/223
f 3862/1697/224 3863/1700/224 3866/1701/224 3865/1698/224
f 3864/1699/223 3865/1698/223 3868/1702/223 3867/1703/223
f 3865/1698/224 3866/1701/224 3869/1704/224 3868/1702/224
f 156/846/225 827/1705/225 3861/1696/225 692/867/225
f 827/1705/223 826/1706/223 3862/1697/223 3861/1696/223
f 826/1706/224 825/1707/224 3863/1700/224 3862/1697/224
f 825/1707/226 181/1096/226 1023/1107/226 3863/1700/226
f 3863/1700/226 1023/1107/226 1024/1117/226 3866/1701/226
f 3866/1701/226 1024/1117/226 1025/1115/226 3869/1704/226
f 3869/1704/226 1025/1115/226 182/1116/226 828/1695/226
f 3868/1702/224 3869/1704/224 828/1695/224 829/1694/224
f 3867/1703/223 3868/1702/223 829/1694/223 830/1693/223
f 690/869/225 3867/1703/225 830/1693/225 155/870/225
f 691/868/225 3864/1699/225 3867/1703/225 690/869/225
f 692/867/225 3861/1696/225 3864/1699/225 691/868/225
f 3870/1708/223 3871/1709/223 3874/1710/223 3873/1711/223
f 3871/1709/224 3872/1712/224 3875/1713/224 3874/1710/224
f 3873/1711/223 3874/1710/223 3877/1714/223 3876/1715/223
f 3874/1710/224 3875/1713/224 3878/1716/224 3877/1714/224
f 157/822/225 824/1717/225 3870/1708/225 695/843/225
f 824/1717/223 823/1718/223 3871/1709/223 3870/1708/223
f 823/1718/224 822/1719/224 3872/1712/224 3871/1709/224
f 822/1719/226 180/1076/226 1026/1087/226 3872/1712/226
f 3872/1712/226 1026/1087/226 1027/1097/226 3875/1713/226
f 3875/1713/226 1027/1097/226 1028/1095/226 3878/1716/226
f 3878/1716/226 1028/1095/226 181/1096/226 825/1707/226
f 3877/1714/224 3878/1716/224 825/1707/224 826/1706/224
f 3876/1715/223 3877/1714/223 826/1706/223 827/1705/223
f 693/845/225 3876/1715/225 827/1705/225 156/846/225
f 694/844/225 3873/1711/225 3876/1715/225 693/845/225
f 695/843/225 3870/1708/225 3873/1711/225 694/844/225
f 3879/1720/223 3880/1721/223 3883/1722/223 3882/1723/223
f 3880/1721/224 3881/1724/224 3884/1725/224 3883/1722/224
f 3882/1723/223 3883/1722/223 3886/1726/223 3885/1727/223
f 3883/1722/224 3884/1725/224 3887/1728/224 3886/1726/224
f 158/798/225 821/1729/225 3879/1720/225 698/819/225
f 821/1729/223 820/1730/223 3880/1721/223 3879/1720/223
f 820/1730/224 819/1731/224 3881/1724/224 3880/1721/224
f 819/1731/226 179/1056/226 1029/1067/226 3881/1724/226
f 3881/1724/226 1029/1067/226 1030/1077/226 3884/1725/226
f 3884/1725/226 1030/1077/226 1031/1075/226 3887/1728/226
f 3887/1728/226 1031/1075/226 180/1076/226 822/1719/226
f 3886/1726/224 3887/1728/224 822/1719/224 823/1718/224
f 3885/1727/223 3886/1726/223 823/1718/223 824/1717/223
f 696/821/225 3885/1727/225 824/1717/225 157/822/225
f 697/820/225 3882/1723/225 3885/1727/225 696/821/225
f 698/819/225 3879/1720/225 3882/1723/225 697/820/225
f 3888/1732/223 3889/1733/223 3892/1734/223 3891/1735/223
f 3889/1733/224 3890/1736/224 3893/1737/224 3892/1734/224
f 3891/1735/223 3892/1734/223 3895/1738/223 3894/1739/223
f 3892/1734/224 3893/1737/224 3896/1740/224 3895/1738/224
f 159/774/225 818/1741/225 3888/1732/225 701/795/225
f 818/1741/223 817/1742/223 3889/1733/223 3888/1732/223
f 817/1742/224 816/1743/224 3890/1736/224 3889/1733/224
f 816/1743/226 178/1036/226 1032/1047/226 3890/1736/226
f 3890/1736/226 1032/1047/226 1033/1057/226 3893/1737/226
f 3893/1737/226 1033/1057/226 1034/1055/226 3896/1740/226
f 3896/1740/226 1034/1055/226 179/1056/226 819/1731/226
f 3895/1738/224 3896/1740/224 819/1731/224 820/1730/224
f 3894/1739/223 3895/1738/223 820/1730/223 821/1729/223
f 699/797/225 3894/1739/225 821/1729/225 158/798/225
f 700/796/225 3891/1735/225 3894/1739/225 699/797/225
f 701/795/225 3888/1732/225 3891/1735/225 700/796/225
f 3897/1744/223 3898/1745/223 3901/1746/223 3900/1747/223
f 3898/1745/224 3899/1748/224 3902/1749/224 3901/1746/224
f 3900/1747/223 3901/1746/223 3904/1750/223 3903/1751/223
f 3901/1746/224 3902/1749/224 3905/1752/224 3904/1750/224
f 160/744/225 815/1753/225 3897/1744/225 704/771/225
f 815/1753/223 814/1754/223 3898/1745/223 3897/1744/223
f 814/1754/224 813/1755/224 3899/1748/224 3898/1745/224
f 813/1755/226 177/315/226 1035/1027/226 3899/1748/226
f 3899/1748/226 1035/1027/226 1036/1037/226 3902/1749/226
f 3902/1749/226 1036/1037/226 1037/1035/226 3905/1752/226
f 3905/1752/226 1037/1035/226 178/1036/226 816/1743/226
f 3904/1750/224 3905/1752/224 816/1743/224 817/1742/224
f 3903/1751/223 3904/1750/223 817/1742/223 818/1741/223
f 702/773/225 3903/1751/225 818/1741/225 159/774/225
f 703/772/225 3900/1747/225 3903/1751/225 702/773/225
f 704/771/225 3897/1744/225 3900/1747/225 703/772/225
f 3906/1756/227 3907/1757/227 3910/1758/227 3909/1759/227
f 3907/1757/228 3908/1760/228 3911/1761/228 3910/1758/228
f 3909/1759/229 3910/1758/229 3913/1762/229 3912/1763/229
f 3910/1758/230 3911/1761/230 3914/1764/230 3913/1762/230
f 123/750/231 581/1765/231 3906/1756/231 584/751/231
f 581/1765/232 580/1766/232 3907/1757/232 3906/1756/232
f 580/1766/233 579/1767/233 3908/1760/233 3907/1757/233
f 579/1767/234 175/329/234 1038/328/234 3908/1760/234
f 3908/1760/235 1038/328/235 1039/330/235 3911/1761/235
f 3911/1761/236 1039/330/236 1040/317/236 3914/1764/236
f 3914/1764/237 1040/317/237 177/315/237 813/1755/237
f 3913/1762/238 3914/1764/238 813/1755/238 814/1754/238
f 3912/1763/239 3913/1762/239 814/1754/239 815/1753/239
f 582/745/240 3912/1763/240 815/1753/240 160/744/240
f 583/747/241 3909/1759/241 3912/1763/241 582/745/241
f 584/751/242 3906/1756/242 3909/1759/242 583/747/242
f 3915/1768/243 3916/1769/243 3919/1770/243 3918/1771/243
f 3916/1769/244 3917/1772/244 3920/1773/244 3919/1770/244
f 3918/1771/245 3919/1770/245 3922/1774/245 3921/1775/245
f 3919/1770/246 3920/1773/246 3923/1776/246 3922/1774/246
f 225/1777/247 2204/1778/247 3915/1768/247 1127/1779/247
f 2204/1778/248 2203/1780/248 3916/1769/248 3915/1768/248
f 2203/1780/249 2202/1781/249 3917/1772/249 3916/1769/249
f 2202/1781/250 548/365/250 1041/367/250 3917/1772/250
f 3917/1772/251 1041/367/251 1042/380/251 3920/1773/251
f 3920/1773/252 1042/380/252 1043/378/252 3923/1776/252
f 3923/1776/253 1043/378/253 173/379/253 887/1782/253
f 3922/1774/254 3923/1776/254 887/1782/254 886/1783/254
f 3921/1775/255 3922/1774/255 886/1783/255 885/1784/255
f 1125/1785/256 3921/1775/256 885/1784/256 117/1786/256
f 1126/1787/257 3918/1771/257 3921/1775/257 1125/1785/257
f 1127/1779/258 3915/1768/258 3918/1771/258 1126/1787/258
f 3924/1788/259 3925/1789/259 3928/1790/259 3927/1791/259
f 3925/1789/260 3926/1792/260 3929/1793/260 3928/1790/260
f 3927/1791/261 3928/1790/261 3931/1794/261 3930/1795/261
f 3928/1790/262 3929/1793/262 3932/1796/262 3931/1794/262
f 149/401/263 848/1635/263 3924/1788/263 671/402/263
f 848/1635/264 847/1634/264 3925/1789/264 3924/1788/264
f 847/1634/265 846/1633/265 3926/1792/265 3925/1789/265
f 846/1633/266 188/340/266 1044/342/266 3926/1792/266
f 3926/1792/267 1044/342/267 1045/355/267 3929/1793/267
f 3929/1793/268 1045/355/268 1046/353/268 3932/1796/268
f 3932/1796/269 1046/353/269 176/354/269 588/1797/269
f 3931/1794/270 3932/1796/270 588/1797/270 589/1798/270
f 3930/1795/271 3931/1794/271 589/1798/271 590/1799/271
f 669/404/272 3930/1795/272 590/1799/272 121/1800/272
f 670/403/273 3927/1791/273 3930/1795/273 669/404/273
f 671/402/274 3924/1788/274 3927/1791/274 670/403/274
f 3933/1763/275 3934/1762/275 3937/1758/275 3936/1759/275
f 3934/1762/276 3935/1764/276 3938/1761/276 3937/1758/276
f 3936/1759/277 3937/1758/277 3940/1757/277 3939/1756/277
f 3937/1758/278 3938/1761/278 3941/1760/278 3940/1757/278
f 201/744/279 2168/1753/279 3933/1763/279 1055/745/279
f 2168/1753/280 2167/1754/280 3934/1762/280 3933/1763/280
f 2167/1754/281 2166/1755/281 3935/1764/281 3934/1762/281
f 2166/1755/282 560/315/282 1047/317/282 3935/1764/282
f 3935/1764/283 1047/317/283 1048/330/283 3938/1761/283
f 3938/1761/284 1048/330/284 1049/328/284 3941/1760/284
f 3941/1760/285 1049/328/285 175/329/285 579/1767/285
f 3940/1757/286 3941/1760/286 579/1767/286 580/1766/286
f 3939/1756/287 3940/1757/287 580/1766/287 581/1765/287
f 1053/748/288 3939/1756/288 581/1765/288 123/750/288
f 1054/747/289 3936/1759/289 3939/1756/289 1053/748/289
f 1055/745/290 3933/1763/290 3936/1759/290 1054/747/290
f 3942/1801/291 3943/1802/291 3946/1803/291 3945/1804/291
f 3943/1802/292 3944/1805/292 3947/1806/292 3946/1803/292
f 3945/1804/293 3946/1803/293 3949/1807/293 3948/1808/293
f 3946/1803/294 3947/1806/294 3950/1809/294 3949/1807/294
f 125/1443/295 884/1441/295 3942/1801/295 599/1810/295
f 884/1441/296 883/1440/296 3943/1802/296 3942/1801/296
f 883/1440/297 882/1439/297 3944/1805/297 3943/1802/297
f 882/1439/298 200/290/298 1050/292/298 3944/1805/298
f 3944/1805/299 1050/292/299 1051/305/299 3947/1806/299
f 3947/1806/300 1051/305/300 1052/303/300 3950/1809/300
f 3950/1809/301 1052/303/301 174/304/301 570/1811/301
f 3949/1807/302 3950/1809/302 570/1811/302 571/1812/302
f 3948/1808/303 3949/1807/303 571/1812/303 572/1813/303
f 597/1814/304 3948/1808/304 572/1813/304 119/1815/304
f 598/1816/305 3945/1804/305 3948/1808/305 597/1814/305
f 599/1810/306 3942/1801/306 3945/1804/306 598/1816/306
f 3951/1795/307 3952/1794/307 3955/1790/307 3954/1791/307
f 3952/1794/308 3953/1796/308 3956/1793/308 3955/1790/308
f 3954/1791/309 3955/1790/309 3958/1789/309 3957/1788/309
f 3955/1790/310 3956/1793/310 3959/1792/310 3958/1789/310
f 119/1800/311 572/1799/311 3951/1795/311 575/1817/311
f 572/1799/312 571/1798/312 3952/1794/312 3951/1795/312
f 571/1798/313 570/1797/313 3953/1796/313 3952/1794/313
f 570/1797/314 174/354/314 2097/353/314 3953/1796/314
f 3953/1796/315 2097/353/315 2098/355/315 3956/1793/315
f 3956/1793/316 2098/355/316 2099/1818/316 3959/1792/316
f 3959/1792/317 2099/1818/317 549/340/317 2133/1633/317
f 3958/1789/318 3959/1792/318 2133/1633/318 2134/1634/318
f 3957/1788/319 3958/1789/319 2134/1634/319 2135/1819/319
f 573/1820/320 3957/1788/320 2135/1819/320 212/401/320
f 574/403/321 3954/1791/321 3957/1788/321 573/1820/321
f 575/1817/322 3951/1795/322 3954/1791/322 574/403/322
f 3960/1628/323 3961/1627/323 3964/1623/323 3963/1624/323
f 3961/1627/324 3962/1629/324 3965/1626/324 3964/1623/324
f 3963/1624/323 3964/1623/323 3967/1622/323 3966/1821/323
f 3964/1623/324 3965/1626/324 3968/1625/324 3967/1622/324
f 212/401/325 2135/1819/325 3960/1628/325 1088/1013/325
f 2135/1819/323 2134/1634/323 3961/1627/323 3960/1628/323
f 2134/1634/324 2133/1633/324 3962/1629/324 3961/1627/324
f 2133/1633/326 549/340/326 2100/1231/326 3962/1629/326
f 3962/1629/326 2100/1231/326 2101/1232/326 3965/1626/326
f 3965/1626/326 2101/1232/326 2102/1227/326 3968/1625/326
f 3968/1625/326 2102/1227/326 550/1216/326 2136/1822/326
f 3967/1622/324 3968/1625/324 2136/1822/324 2137/1823/324
f 3966/1821/323 3967/1622/323 2137/1823/323 2138/1824/323
f 1086/1011/325 3966/1821/325 2138/1824/325 211/990/325
f 1087/1012/325 3963/1624/325 3966/1821/325 1086/1011/325
f 1088/1013/327 3960/1628/327 3963/1624/327 1087/1012/327
f 3969/1643/328 3970/1825/328 3973/1826/328 3972/1639/328
f 3970/1825/324 3971/1644/324 3974/1641/324 3973/1826/324
f 3972/1639/323 3973/1826/323 3976/1637/323 3975/1636/323
f 3973/1826/324 3974/1641/324 3977/1640/324 3976/1637/324
f 211/990/327 2138/1824/327 3969/1643/327 1085/1827/327
f 2138/1824/323 2137/1823/323 3970/1825/323 3969/1643/323
f 2137/1823/324 2136/1822/324 3971/1644/324 3970/1825/324
f 2136/1822/326 550/1216/326 2103/1215/326 3971/1644/326
f 3971/1644/326 2103/1215/326 2104/1217/326 3974/1641/326
f 3974/1641/326 2104/1217/326 2105/1207/326 3977/1640/326
f 3977/1640/326 2105/1207/326 551/1196/326 2139/1828/326
f 3976/1637/324 3977/1640/324 2139/1828/324 2140/1829/324
f 3975/1636/323 3976/1637/323 2140/1829/323 2141/1645/323
f 1083/987/325 3975/1636/325 2141/1645/325 210/966/325
f 1084/1830/325 3972/1639/325 3975/1636/325 1083/987/325
f 1085/1827/327 3969/1643/327 3972/1639/327 1084/1830/327
f 3978/1831/323 3979/1654/323 3982/1832/323 3981/1651/323
f 3979/1654/324 3980/1656/324 3983/1833/324 3982/1832/324
f 3981/1651/323 3982/1832/323 3985/1649/323 3984/1648/323
f 3982/1832/324 3983/1833/324 3986/1652/324 3985/1649/324
f 210/966/325 2141/1645/325 3978/1831/325 1082/965/325
f 2141/1645/328 2140/1829/328 3979/1654/328 3978/1831/328
f 2140/1829/324 2139/1828/324 3980/1656/324 3979/1654/324
f 2139/1828/326 551/1196/326 2106/1195/326 3980/1656/326
f 3980/1656/326 2106/1195/326 2107/1834/326 3983/1833/326
f 3983/1833/326 2107/1834/326 2108/1187/326 3986/1652/326
f 3986/1652/326 2108/1187/326 552/1176/326 2142/1659/326
f 3985/1649/324 3986/1652/324 2142/1659/324 2143/1658/324
f 3984/1648/323 3985/1649/323 2143/1658/323 2144/1657/323
f 1080/963/325 3984/1648/325 2144/1657/325 209/942/325
f 1081/1835/327 3981/1651/327 3984/1648/327 1080/963/327
f 1082/965/327 3978/1831/327 3981/1651/327 1081/1835/327
f 3987/1667/328 3988/1836/328 3991/1662/328 3990/1663/328
f 3988/1836/324 3989/1837/324 3992/1838/324 3991/1662/324
f 3990/1663/323 3991/1662/323 3994/1661/323 3993/1660/323
f 3991/1662/324 3992/1838/324 3995/1664/324 3994/1661/324
f 209/942/327 2144/1657/327 3987/1667/327 1079/1839/327
f 2144/1657/323 2143/1658/323 3988/1836/323 3987/1667/323
f 2143/1658/324 2142/1659/324 3989/1837/324 3988/1836/324
f 2142/1659/326 552/1176/326 2109/1175/326 3989/1837/326
f 3989/1837/326 2109/1175/326 2110/1177/326 3992/1838/326
f 3992/1838/326 2110/1177/326 2111/1167/326 3995/1664/326
f 3995/1664/326 2111/1167/326 553/1156/326 2145/1671/326
f 3994/1661/324 3995/1664/324 2145/1671/324 2146/1670/324
f 3993/1660/323 3994/1661/323 2146/1670/323 2147/1669/323
f 1077/1840/325 3993/1660/325 2147/1669/325 208/918/325
f 1078/1841/327 3990/1663/327 3993/1660/327 1077/1840/327
f 1079/1839/327 3987/1667/327 3990/1663/327 1078/1841/327
f 3996/1679/323 3997/1678/323 4000/1674/323 3999/1675/323
f 3997/1678/324 3998/1680/324 4001/1677/324 4000/1674/324
f 3999/1675/323 4000/1674/323 4003/1673/323 4002/1672/323
f 4000/1674/324 4001/1677/324 4004/1676/324 4003/1673/324
f 208/918/327 2147/1669/327 3996/1679/327 1076/1842/327
f 2147/1669/328 2146/1670/328 3997/1678/328 3996/1679/328
f 2146/1670/324 2145/1671/324 3998/1680/324 3997/1678/324
f 2145/1671/326 553/1156/326 2112/1843/326 3998/1680/326
f 3998/1680/326 2112/1843/326 2113/1844/326 4001/1677/326
f 4001/1677/326 2113/1844/326 2114/1147/326 4004/1676/326
f 4004/1676/326 2114/1147/326 554/1136/326 2148/1683/326
f 4003/1673/324 4004/1676/324 2148/1683/324 2149/1682/324
f 4002/1672/323 4003/1673/323 2149/1682/323 2150/1681/323
f 1074/915/325 4002/1672/325 2150/1681/325 207/894/325
f 1075/916/325 3999/1675/325 4002/1672/325 1074/915/325
f 1076/1842/327 3996/1679/327 3999/1675/327 1075/916/327
f 4005/1691/323 4006/1690/323 4009/1686/323 4008/1687/323
f 4006/1690/324 4007/1692/324 4010/1689/324 4009/1686/324
f 4008/1687/323 4009/1686/323 4012/1685/323 4011/1684/323
f 4009/1686/324 4010/1689/324 4013/1688/324 4012/1685/324
f 207/894/325 2150/1681/325 4005/1691/325 1073/893/325
f 2150/1681/323 2149/1682/323 4006/1690/323 4005/1691/323
f 2149/1682/324 2148/1683/324 4007/1692/324 4006/1690/324
f 2148/1683/326 554/1136/326 2115/1135/326 4007/1692/326
f 4007/1692/326 2115/1135/326 2116/1137/326 4010/1689/326
f 4010/1689/326 2116/1137/326 2117/1127/326 4013/1688/326
f 4013/1688/326 2117/1127/326 555/1116/326 2151/1695/326
f 4012/1685/324 4013/1688/324 2151/1695/324 2152/1694/324
f 4011/1684/323 4012/1685/323 2152/1694/323 2153/1845/323
f 1071/891/325 4011/1684/325 2153/1845/325 206/870/325
f 1072/892/327 4008/1687/327 4011/1684/327 1071/891/327
f 1073/893/327 4005/1691/327 4008/1687/327 1072/892/327
f 4014/1703/323 4015/1702/323 4018/1698/323 4017/1699/323
f 4015/1702/324 4016/1704/324 4019/1701/324 4018/1698/324
f 4017/1699/323 4018/1698/323 4021/1697/323 4020/1846/323
f 4018/1698/324 4019/1701/324 4022/1700/324 4021/1697/324
f 206/870/327 2153/1845/327 4014/1703/327 1070/869/327
f 2153/1845/323 2152/1694/323 4015/1702/323 4014/1703/323
f 2152/1694/324 2151/1695/324 4016/1704/324 4015/1702/324
f 2151/1695/326 555/1116/326 2118/1115/326 4016/1704/326
f 4016/1704/326 2118/1115/326 2119/1117/326 4019/1701/326
f 4019/1701/326 2119/1117/326 2120/1847/326 4022/1700/326
f 4022/1700/326 2120/1847/326 556/1096/326 2154/1707/326
f 4021/1697/324 4022/1700/324 2154/1707/324 2155/1848/324
f 4020/1846/323 4021/1697/323 2155/1848/323 2156/1849/323
f 1068/867/325 4020/1846/325 2156/1849/325 205/1850/325
f 1069/868/325 4017/1699/325 4020/1846/325 1068/867/325
f 1070/869/327 4014/1703/327 4017/1699/327 1069/868/327
f 4023/1715/328 4024/1714/328 4027/1851/328 4026/1711/328
f 4024/1714/324 4025/1716/324 4028/1713/324 4027/1851/324
f 4026/1711/323 4027/1851/323 4030/1709/323 4029/1708/323
f 4027/1851/324 4028/1713/324 4031/1712/324 4030/1709/324
f 205/1850/327 2156/1849/327 4023/1715/327 1067/845/327
f 2156/1849/328 2155/1848/328 4024/1714/328 4023/1715/328
f 2155/1848/324 2154/1707/324 4025/1716/324 4024/1714/324
f 2154/1707/326 556/1096/326 2121/1095/326 4025/1716/326
f 4025/1716/326 2121/1095/326 2122/1097/326 4028/1713/326
f 4028/1713/326 2122/1097/326 2123/1087/326 4031/1712/326
f 4031/1712/326 2123/1087/326 557/1076/326 2157/1719/326
f 4030/1709/324 4031/1712/324 2157/1719/324 2158/1718/324
f 4029/1708/323 4030/1709/323 2158/1718/323 2159/1717/323
f 1065/843/325 4029/1708/325 2159/1717/325 204/822/325
f 1066/844/325 4026/1711/325 4029/1708/325 1065/843/325
f 1067/845/327 4023/1715/327 4026/1711/327 1066/844/327
f 4032/1727/323 4033/1852/323 4036/1722/323 4035/1723/323
f 4033/1852/324 4034/1853/324 4037/1725/324 4036/1722/324
f 4035/1723/323 4036/1722/323 4039/1721/323 4038/1720/323
f 4036/1722/324 4037/1725/324 4040/1724/324 4039/1721/324
f 204/822/327 2159/1717/327 4032/1727/327 1064/1854/327
f 2159/1717/323 2158/1718/323 4033/1852/323 4032/1727/323
f 2158/1718/324 2157/1719/324 4034/1853/324 4033/1852/324
f 2157/1719/326 557/1076/326 2124/1855/326 4034/1853/326
f 4034/1853/326 2124/1855/326 2125/1077/326 4037/1725/326
f 4037/1725/326 2125/1077/326 2126/1067/326 4040/1724/326
f 4040/1724/326 2126/1067/326 558/1056/326 2160/1731/326
f 4039/1721/324 4040/1724/324 2160/1731/324 2161/1730/324
f 4038/1720/323 4039/1721/323 2161/1730/323 2162/1729/323
f 1062/819/325 4038/1720/325 2162/1729/325 203/798/325
f 1063/820/325 4035/1723/325 4038/1720/325 1062/819/325
f 1064/1854/327 4032/1727/327 4035/1723/327 1063/820/327
f 4041/1739/323 4042/1856/323 4045/1734/323 4044/1735/323
f 4042/1856/324 4043/1857/324 4046/1737/324 4045/1734/324
f 4044/1735/323 4045/1734/323 4048/1733/323 4047/1858/323
f 4045/1734/324 4046/1737/324 4049/1859/324 4048/1733/324
f 203/798/325 2162/1729/325 4041/1739/325 1061/1860/325
f 2162/1729/323 2161/1730/323 4042/1856/323 4041/1739/323
f 2161/1730/324 2160/1731/324 4043/1857/324 4042/1856/324
f 2160/1731/326 558/1056/326 2127/1861/326 4043/1857/326
f 4043/1857/326 2127/1861/326 2128/1057/326 4046/1737/326
f 4046/1737/326 2128/1057/326 2129/1862/326 4049/1859/326
f 4049/1859/326 2129/1862/326 559/1036/326 2163/1863/326
f 4048/1733/324 4049/1859/324 2163/1863/324 2164/1742/324
f 4047/1858/323 4048/1733/323 2164/1742/323 2165/1741/323
f 1059/795/325 4047/1858/325 2165/1741/325 202/774/325
f 1060/796/325 4044/1735/325 4047/1858/325 1059/795/325
f 1061/1860/327 4041/1739/327 4044/1735/327 1060/796/327
f 4050/1751/323 4051/1750/323 4054/1746/323 4053/1747/323
f 4051/1750/324 4052/1752/324 4055/1749/324 4054/1746/324
f 4053/1747/323 4054/1746/323 4057/1745/323 4056/1744/323
f 4054/1746/324 4055/1749/324 4058/1748/324 4057/1745/324
f 202/774/327 2165/1741/327 4050/1751/327 1058/773/327
f 2165/1741/323 2164/1742/323 4051/1750/323 4050/1751/323
f 2164/1742/324 2163/1863/324 4052/1752/324 4051/1750/324
f 2163/1863/326 559/1036/326 2130/1035/326 4052/1752/326
f 4052/1752/326 2130/1035/326 2131/1037/326 4055/1749/326
f 4055/1749/326 2131/1037/326 2132/1027/326 4058/1748/326
f 4058/1748/326 2132/1027/326 560/315/326 2166/1755/326
f 4057/1745/324 4058/1748/324 2166/1755/324 2167/1754/324
f 4056/1744/323 4057/1745/323 2167/1754/323 2168/1753/323
f 1056/771/325 4056/1744/325 2168/1753/325 201/744/325
f 1057/772/325 4053/1747/325 4056/1744/325 1056/771/325
f 1058/773/325 4050/1751/325 4053/1747/325 1057/772/325
f 4059/1864/329 4060/1865/329 4063/1866/329 4062/1867/329
f 4060/1865/330 4061/1868/330 4064/1869/330 4063/1866/330
f 4062/1867/331 4063/1866/331 4066/1870/331 4065/1871/331
f 4063/1866/332 4064/1869/332 4067/1872/332 4066/1870/332
f 121/407/333 590/1873/333 4059/1864/333 593/408/333
f 590/1873/334 589/1874/334 4060/1865/334 4059/1864/334
f 589/1874/335 588/1875/335 4061/1868/335 4060/1865/335
f 588/1875/336 176/1876/336 2061/1877/336 4061/1868/336
f 4061/1868/337 2061/1877/337 2062/1878/337 4064/1869/337
f 4064/1869/338 2062/1878/338 2063/1879/338 4067/1872/338
f 4067/1872/339 2063/1879/339 537/1880/339 2169/1881/339
f 4066/1870/340 4067/1872/340 2169/1881/340 2170/1882/340
f 4065/1871/341 4066/1870/341 2170/1882/341 2171/1883/341
f 591/410/342 4065/1871/342 2171/1883/342 236/412/342
f 592/409/343 4062/1867/343 4065/1871/343 591/410/343
f 593/408/344 4059/1864/344 4062/1867/344 592/409/344
f 4068/1884/345 4069/1885/345 4072/1886/345 4071/1887/345
f 4069/1885/346 4070/1888/346 4073/1889/346 4072/1886/346
f 4071/1887/345 4072/1886/345 4075/1890/345 4074/1891/345
f 4072/1886/346 4073/1889/346 4076/1892/346 4075/1890/346
f 236/412/347 2171/1883/347 4068/1884/347 1160/1893/347
f 2171/1883/348 2170/1882/348 4069/1885/348 4068/1884/348
f 2170/1882/346 2169/1881/346 4070/1888/346 4069/1885/346
f 2169/1881/349 537/1880/349 2064/1894/349 4070/1888/349
f 4070/1888/349 2064/1894/349 2065/1895/349 4073/1889/349
f 4073/1889/349 2065/1895/349 2066/1896/349 4076/1892/349
f 4076/1892/349 2066/1896/349 538/1897/349 2172/1898/349
f 4075/1890/346 4076/1892/346 2172/1898/346 2173/1899/346
f 4074/1891/345 4075/1890/345 2173/1899/345 2174/1900/345
f 1158/1901/350 4074/1891/350 2174/1900/350 235/1902/350
f 1159/1903/350 4071/1887/350 4074/1891/350 1158/1901/350
f 1160/1893/347 4068/1884/347 4071/1887/347 1159/1903/347
f 4077/1904/345 4078/1905/345 4081/1906/345 4080/1907/345
f 4078/1905/346 4079/1908/346 4082/1909/346 4081/1906/346
f 4080/1907/345 4081/1906/345 4084/1910/345 4083/1911/345
f 4081/1906/346 4082/1909/346 4085/1912/346 4084/1910/346
f 235/1902/347 2174/1900/347 4077/1904/347 1157/1913/347
f 2174/1900/348 2173/1899/348 4078/1905/348 4077/1904/348
f 2173/1899/346 2172/1898/346 4079/1908/346 4078/1905/346
f 2172/1898/349 538/1897/349 2067/1914/349 4079/1908/349
f 4079/1908/349 2067/1914/349 2068/1915/349 4082/1909/349
f 4082/1909/349 2068/1915/349 2069/1916/349 4085/1912/349
f 4085/1912/349 2069/1916/349 539/1917/349 2175/1918/349
f 4084/1910/346 4085/1912/346 2175/1918/346 2176/1919/346
f 4083/1911/345 4084/1910/345 2176/1919/345 2177/1920/345
f 1155/1921/350 4083/1911/350 2177/1920/350 234/1922/350
f 1156/1923/350 4080/1907/350 4083/1911/350 1155/1921/350
f 1157/1913/350 4077/1904/350 4080/1907/350 1156/1923/350
f 4086/1924/345 4087/1925/345 4090/1926/345 4089/1927/345
f 4087/1925/346 4088/1928/346 4091/1929/346 4090/1926/346
f 4089/1927/345 4090/1926/345 4093/1930/345 4092/1931/345
f 4090/1926/346 4091/1929/346 4094/1932/346 4093/1930/346
f 234/1922/347 2177/1920/347 4086/1924/347 1154/1933/347
f 2177/1920/345 2176/1919/345 4087/1925/345 4086/1924/345
f 2176/1919/346 2175/1918/346 4088/1928/346 4087/1925/346
f 2175/1918/349 539/1917/349 2070/1934/349 4088/1928/349
f 4088/1928/349 2070/1934/349 2071/1935/349 4091/1929/349
f 4091/1929/349 2071/1935/349 2072/1936/349 4094/1932/349
f 4094/1932/349 2072/1936/349 540/1937/349 2178/1938/349
f 4093/1930/346 4094/1932/346 2178/1938/346 2179/1939/346
f 4092/1931/345 4093/1930/345 2179/1939/345 2180/1940/345
f 1152/1941/350 4092/1931/350 2180/1940/350 233/1942/350
f 1153/1943/350 4089/1927/350 4092/1931/350 1152/1941/350
f 1154/1933/347 4086/1924/347 4089/1927/347 1153/1943/347
f 4095/1944/345 4096/1945/345 4099/1946/345 4098/1947/345
f 4096/1945/346 4097/1948/346 4100/1949/346 4099/1946/346
f 4098/1947/345 4099/1946/345 4102/1950/345 4101/1951/345
f 4099/1946/346 4100/1949/346 4103/1952/346 4102/1950/346
f 233/1942/350 2180/1940/350 4095/1944/350 1151/1953/350
f 2180/1940/348 2179/1939/348 4096/1945/348 4095/1944/348
f 2179/1939/346 2178/1938/346 4097/1948/346 4096/1945/346
f 2178/1938/349 540/1937/349 2073/1954/349 4097/1948/349
f 4097/1948/349 2073/1954/349 2074/1955/349 4100/1949/349
f 4100/1949/349 2074/1955/349 2075/1956/349 4103/1952/349
f 4103/1952/349 2075/1956/349 541/1957/349 2181/1958/349
f 4102/1950/346 4103/1952/346 2181/1958/346 2182/1959/346
f 4101/1951/345 4102/1950/345 2182/1959/345 2183/1960/345
f 1149/1961/350 4101/1951/350 2183/1960/350 232/1962/350
f 1150/1963/350 4098/1947/350 4101/1951/350 1149/1961/350
f 1151/1953/350 4095/1944/350 4098/1947/350 1150/1963/350
f 4104/1964/345 4105/1965/345 4108/1966/345 4107/1967/345
f 4105/1965/346 4106/1968/346 4109/1969/346 4108/1966/346
f 4107/1967/345 4108/1966/345 4111/1970/345 4110/1971/345
f 4108/1966/346 4109/1969/346 4112/1972/346 4111/1970/346
f 232/1962/347 2183/1960/347 4104/1964/347 1148/1973/347
f 2183/1960/348 2182/1959/348 4105/1965/348 4104/1964/348
f 2182/1959/346 2181/1958/346 4106/1968/346 4105/1965/346
f 2181/1958/349 541/1957/349 2076/1974/349 4106/1968/349
f 4106/1968/349 2076/1974/349 2077/1975/349 4109/1969/349
f 4109/1969/349 2077/1975/349 2078/1976/349 4112/1972/349
f 4112/1972/349 2078/1976/349 542/1977/349 2184/1978/349
f 4111/1970/346 4112/1972/346 2184/1978/346 2185/1979/346
f 4110/1971/345 4111/1970/345 2185/1979/345 2186/1980/345
f 1146/1981/350 4110/1971/350 2186/1980/350 231/1982/350
f 1147/1983/350 4107/1967/350 4110/1971/350 1146/1981/350
f 1148/1973/347 4104/1964/347 4107/1967/347 1147/1983/347
f 4113/1984/345 4114/1985/345 4117/1986/345 4116/1987/345
f 4114/1985/346 4115/1988/346 4118/1989/346 4117/1986/346
f 4116/1987/345 4117/1986/345 4120/1990/345 4119/1991/345
f 4117/1986/346 4118/1989/346 4121/1992/346 4120/1990/346
f 231/1982/347 2186/1980/347 4113/1984/347 1145/1993/347
f 2186/1980/348 2185/1979/348 4114/1985/348 4113/1984/348
f 2185/1979/346 2184/1978/346 4115/1988/346 4114/1985/346
f 2184/1978/349 542/1977/349 2079/1994/349 4115/1988/349
f 4115/1988/349 2079/1994/349 2080/1995/349 4118/1989/349
f 4118/1989/349 2080/1995/349 2081/1996/349 4121/1992/349
f 4121/1992/349 2081/1996/349 543/1997/349 2187/1998/349
f 4120/1990/346 4121/1992/346 2187/1998/346 2188/1999/346
f 4119/1991/345 4120/1990/345 2188/1999/345 2189/2000/345
f 1143/2001/350 4119/1991/350 2189/2000/350 230/2002/350
f 1144/2003/350 4116/1987/350 4119/1991/350 1143/2001/350
f 1145/1993/347 4113/1984/347 4116/1987/347 1144/2003/347
f 4122/2004/348 4123/2005/348 4126/2006/348 4125/2007/348
f 4123/2005/346 4124/2008/346 4127/2009/346 4126/2006/346
f 4125/2007/345 4126/2006/345 4129/2010/345 4128/2011/345
f 4126/2006/346 4127/2009/346 4130/2012/346 4129/2010/346
f 230/2002/350 2189/2000/350 4122/2004/350 1142/2013/350
f 2189/2000/345 2188/1999/345 4123/2005/345 4122/2004/345
f 2188/1999/346 2187/1998/346 4124/2008/346 4123/2005/346
f 2187/1998/349 543/1997/349 2082/2014/349 4124/2008/349
f 4124/2008/349 2082/2014/349 2083/2015/349 4127/2009/349
f 4127/2009/349 2083/2015/349 2084/2016/349 4130/2012/349
f 4130/2012/349 2084/2016/349 544/2017/349 2190/2018/349
f 4129/2010/346 4130/2012/346 2190/2018/346 2191/2019/346
f 4128/2011/345 4129/2010/345 2191/2019/345 2192/2020/345
f 1140/2021/350 4128/2011/350 2192/2020/350 229/2022/350
f 1141/2023/350 4125/2007/350 4128/2011/350 1140/2021/350
f 1142/2013/347 4122/2004/347 4125/2007/347 1141/2023/347
f 4131/2024/345 4132/2025/345 4135/2026/345 4134/2027/345
f 4132/2025/346 4133/2028/346 4136/2029/346 4135/2026/346
f 4134/2027/345 4135/2026/345 4138/2030/345 4137/2031/345
f 4135/2026/346 4136/2029/346 4139/2032/346 4138/2030/346
f 229/2022/347 2192/2020/347 4131/2024/347 1139/2033/347
f 2192/2020/348 2191/2019/348 4132/2025/348 4131/2024/348
f 2191/2019/346 2190/2018/346 4133/2028/346 4132/2025/346
f 2190/2018/349 544/2017/349 2085/2034/349 4133/2028/349
f 4133/2028/349 2085/2034/349 2086/2035/349 4136/2029/349
f 4136/2029/349 2086/2035/349 2087/2036/349 4139/2032/349
f 4139/2032/349 2087/2036/349 545/2037/349 2193/2038/349
f 4138/2030/346 4139/2032/346 2193/2038/346 2194/2039/346
f 4137/2031/345 4138/2030/345 2194/2039/345 2195/2040/345
f 1137/2041/350 4137/2031/350 2195/2040/350 228/2042/350
f 1138/2043/350 4134/2027/350 4137/2031/350 1137/2041/350
f 1139/2033/350 4131/2024/350 4134/2027/350 1138/2043/350
f 4140/2044/345 4141/2045/345 4144/2046/345 4143/2047/345
f 4141/2045/346 4142/2048/346 4145/2049/346 4144/2046/346
f 4143/2047/345 4144/2046/345 4147/2050/345 4146/2051/345
f 4144/2046/346 4145/2049/346 4148/2052/346 4147/2050/346
f 228/2042/350 2195/2040/350 4140/2044/350 1136/2053/350
f 2195/2040/348 2194/2039/348 4141/2045/348 4140/2044/348
f 2194/2039/346 2193/2038/346 4142/2048/346 4141/2045/346
f 2193/2038/349 545/2037/349 2088/2054/349 4142/2048/349
f 4142/2048/349 2088/2054/349 2089/2055/349 4145/2049/349
f 4145/2049/349 2089/2055/349 2090/2056/349 4148/2052/349
f 4148/2052/349 2090/2056/349 546/2057/349 2196/2058/349
f 4147/2050/346 4148/2052/346 2196/2058/346 2197/2059/346
f 4146/2051/345 4147/2050/345 2197/2059/345 2198/2060/345
f 1134/2061/350 4146/2051/350 2198/2060/350 227/2062/350
f 1135/2063/350 4143/2047/350 4146/2051/350 1134/2061/350
f 1136/2053/347 4140/2044/347 4143/2047/347 1135/2063/347
f 4149/2064/345 4150/2065/345 4153/2066/345 4152/2067/345
f 4150/2065/346 4151/2068/346 4154/2069/346 4153/2066/346
f 4152/2067/345 4153/2066/345 4156/2070/345 4155/2071/345
f 4153/2066/346 4154/2069/346 4157/2072/346 4156/2070/346
f 227/2062/350 2198/2060/350 4149/2064/350 1133/2073/350
f 2198/2060/348 2197/2059/348 4150/2065/348 4149/2064/348
f 2197/2059/346 2196/2058/346 4151/2068/346 4150/2065/346
f 2196/2058/349 546/2057/349 2091/2074/349 4151/2068/349
f 4151/2068/349 2091/2074/349 2092/2075/349 4154/2069/349
f 4154/2069/349 2092/2075/349 2093/2076/349 4157/2072/349
f 4157/2072/349 2093/2076/349 547/2077/349 2199/2078/349
f 4156/2070/346 4157/2072/346 2199/2078/346 2200/2079/346
f 4155/2071/345 4156/2070/345 2200/2079/345 2201/2080/345
f 1131/2081/350 4155/2071/350 2201/2080/350 226/2082/350
f 1132/2083/350 4152/2067/350 4155/2071/350 1131/2081/350
f 1133/2073/347 4149/2064/347 4152/2067/347 1132/2083/347
f 4158/2084/345 4159/2085/345 4162/2086/345 4161/2087/345
f 4159/2085/346 4160/2088/346 4163/2089/346 4162/2086/346
f 4161/2087/345 4162/2086/345 4165/2090/345 4164/2091/345
f 4162/2086/346 4163/2089/346 4166/2092/346 4165/2090/346
f 226/2082/347 2201/2080/347 4158/2084/347 1130/2093/347
f 2201/2080/348 2200/2079/348 4159/2085/348 4158/2084/348
f 2200/2079/346 2199/2078/346 4160/2088/346 4159/2085/346
f 2199/2078/349 547/2077/349 2094/2094/349 4160/2088/349
f 4160/2088/349 2094/2094/349 2095/2095/349 4163/2089/349
f 4163/2089/349 2095/2095/349 2096/2096/349 4166/2092/349
f 4166/2092/349 2096/2096/349 548/365/349 2202/1781/349
f 4165/2090/346 4166/2092/346 2202/1781/346 2203/1780/346
f 4164/2091/345 4165/2090/345 2203/1780/345 2204/1778/345
f 1128/2097/350 4164/2091/350 2204/1778/350 225/1777/350
f 1129/2098/350 4161/2087/350 4164/2091/350 1128/2097/350
f 1130/2093/347 4158/2084/347 4161/2087/347 1129/2098/347
f 4167/2099/351 4168/2100/351 4171/2101/351 4170/2102/351
f 4168/2103/352 4169/2104/352 4172/2105/352 4171/2106/352
f 4170/2102/351 4171/2101/351 4174/2107/351 4173/2108/351
f 4171/2106/352 4172/2105/352 4175/2109/352 4174/2110/352
f 135/1582/353 809/2111/353 4167/2099/353 630/1603/353
f 809/2111/351 808/2112/351 4168/2100/351 4167/2099/351
f 808/2113/352 807/2114/352 4169/2104/352 4168/2103/352
f 807/2114/354 524/2115/354 2205/2116/354 4169/2104/354
f 4169/2104/354 2205/2116/354 2206/2117/354 4172/2105/354
f 4172/2105/354 2206/2117/354 2207/2118/354 4175/2109/354
f 4175/2109/354 2207/2118/354 536/2119/354 810/2120/354
f 4174/2110/352 4175/2109/352 810/2120/352 811/2121/352
f 4173/2108/351 4174/2107/351 811/2122/351 812/2123/351
f 632/1600/353 4173/2108/353 812/2123/353 136/1598/353
f 631/1604/353 4170/2102/353 4173/2108/353 632/1600/353
f 630/1603/353 4167/2099/353 4170/2102/353 631/1604/353
f 4176/2124/24 4177/2125/24 4180/2126/24 4179/2127/24
f 4177/2125/24 4178/2128/24 4181/2129/24 4180/2126/24
f 4179/2127/24 4180/2126/24 4183/2130/24 4182/2131/24
f 4180/2126/24 4181/2129/24 4184/2132/24 4183/2130/24
f 524/2115/24 2024/2133/24 4176/2124/24 2205/2116/24
f 2024/2133/24 2023/2134/24 4177/2125/24 4176/2124/24
f 2023/2134/24 2022/2135/24 4178/2128/24 4177/2125/24
f 2022/2135/24 523/2136/24 2208/2137/24 4178/2128/24
f 4178/2128/24 2208/2137/24 2209/2138/24 4181/2129/24
f 4181/2129/24 2209/2138/24 2210/2139/24 4184/2132/24
f 4184/2132/24 2210/2139/24 535/2140/24 2058/2141/24
f 4183/2130/24 4184/2132/24 2058/2141/24 2059/2142/24
f 4182/2131/24 4183/2130/24 2059/2142/24 2060/2143/24
f 2207/2118/24 4182/2131/24 2060/2143/24 536/2119/24
f 2206/2117/24 4179/2127/24 4182/2131/24 2207/2118/24
f 2205/2116/24 4176/2124/24 4179/2127/24 2206/2117/24
f 4185/2144/24 4186/2145/24 4189/2146/24 4188/2147/24
f 4186/2145/24 4187/2148/24 4190/2149/24 4189/2146/24
f 4188/2147/24 4189/2146/24 4192/2150/24 4191/2151/24
f 4189/2146/24 4190/2149/24 4193/2152/24 4192/2150/24
f 523/2136/24 2021/2153/24 4185/2144/24 2208/2137/24
f 2021/2153/24 2020/2154/24 4186/2145/24 4185/2144/24
f 2020/2154/24 2019/2155/24 4187/2148/24 4186/2145/24
f 2019/2155/24 522/2156/24 2211/2157/24 4187/2148/24
f 4187/2148/24 2211/2157/24 2212/2158/24 4190/2149/24
f 4190/2149/24 2212/2158/24 2213/2159/24 4193/2152/24
f 4193/2152/24 2213/2159/24 534/2160/24 2055/2161/24
f 4192/2150/24 4193/2152/24 2055/2161/24 2056/2162/24
f 4191/2151/24 4192/2150/24 2056/2162/24 2057/2163/24
f 2210/2139/24 4191/2151/24 2057/2163/24 535/2140/24
f 2209/2138/24 4188/2147/24 4191/2151/24 2210/2139/24
f 2208/2137/24 4185/2144/24 4188/2147/24 2209/2138/24
f 4194/2164/24 4195/2165/24 4198/2166/24 4197/2167/24
f 4195/2165/24 4196/2168/24 4199/2169/24 4198/2166/24
f 4197/2167/24 4198/2166/24 4201/2170/24 4200/2171/24
f 4198/2166/24 4199/2169/24 4202/2172/24 4201/2170/24
f 522/2156/24 2018/2173/24 4194/2164/24 2211/2157/24
f 2018/2173/24 2017/2174/24 4195/2165/24 4194/2164/24
f 2017/2174/24 2016/2175/24 4196/2168/24 4195/2165/24
f 2016/2175/24 521/2176/24 2214/2177/24 4196/2168/24
f 4196/2168/24 2214/2177/24 2215/2178/24 4199/2169/24
f 4199/2169/24 2215/2178/24 2216/2179/24 4202/2172/24
f 4202/2172/24 2216/2179/24 533/2180/24 2052/2181/24
f 4201/2170/24 4202/2172/24 2052/2181/24 2053/2182/24
f 4200/2171/24 4201/2170/24 2053/2182/24 2054/2183/24
f 2213/2159/24 4200/2171/24 2054/2183/24 534/2160/24
f 2212/2158/24 4197/2167/24 4200/2171/24 2213/2159/24
f 2211/2157/24 4194/2164/24 4197/2167/24 2212/2158/24
f 4203/2184/24 4204/2185/24 4207/2186/24 4206/2187/24
f 4204/2185/24 4205/2188/24 4208/2189/24 4207/2186/24
f 4206/2187/24 4207/2186/24 4210/2190/24 4209/2191/24
f 4207/2186/24 4208/2189/24 4211/2192/24 4210/2190/24
f 521/2176/24 2015/2193/24 4203/2184/24 2214/2177/24
f 2015/2193/24 2014/2194/24 4204/2185/24 4203/2184/24
f 2014/2194/24 2013/2195/24 4205/2188/24 4204/2185/24
f 2013/2195/24 520/2196/24 2217/2197/24 4205/2188/24
f 4205/2188/24 2217/2197/24 2218/2198/24 4208/2189/24
f 4208/2189/24 2218/2198/24 2219/2199/24 4211/2192/24
f 4211/2192/24 2219/2199/24 532/2200/24 2049/2201/24
f 4210/2190/24 4211/2192/24 2049/2201/24 2050/2202/24
f 4209/2191/24 4210/2190/24 2050/2202/24 2051/2203/24
f 2216/2179/24 4209/2191/24 2051/2203/24 533/2180/24
f 2215/2178/24 4206/2187/24 4209/2191/24 2216/2179/24
f 2214/2177/24 4203/2184/24 4206/2187/24 2215/2178/24
f 4212/2204/24 4213/2205/24 4216/2206/24 4215/2207/24
f 4213/2205/24 4214/2208/24 4217/2209/24 4216/2206/24
f 4215/2207/24 4216/2206/24 4219/2210/24 4218/2211/24
f 4216/2206/24 4217/2209/24 4220/2212/24 4219/2210/24
f 520/2196/24 2012/2213/24 4212/2204/24 2217/2197/24
f 2012/2213/24 2011/2214/24 4213/2205/24 4212/2204/24
f 2011/2214/24 2010/2215/24 4214/2208/24 4213/2205/24
f 2010/2215/24 519/2216/24 2220/2217/24 4214/2208/24
f 4214/2208/24 2220/2217/24 2221/2218/24 4217/2209/24
f 4217/2209/24 2221/2218/24 2222/2219/24 4220/2212/24
f 4220/2212/24 2222/2219/24 531/2220/24 2046/2221/24
f 4219/2210/24 4220/2212/24 2046/2221/24 2047/2222/24
f 4218/2211/24 4219/2210/24 2047/2222/24 2048/2223/24
f 2219/2199/24 4218/2211/24 2048/2223/24 532/2200/24
f 2218/2198/24 4215/2207/24 4218/2211/24 2219/2199/24
f 2217/2197/24 4212/2204/24 4215/2207/24 2218/2198/24
f 4221/2224/24 4222/2225/24 4225/2226/24 4224/2227/24
f 4222/2225/24 4223/2228/24 4226/2229/24 4225/2226/24
f 4224/2227/24 4225/2226/24 4228/2230/24 4227/2231/24
f 4225/2226/24 4226/2229/24 4229/2232/24 4228/2230/24
f 519/2216/24 2009/2233/24 4221/2224/24 2220/2217/24
f 2009/2233/24 2008/2234/24 4222/2225/24 4221/2224/24
f 2008/2234/24 2007/2235/24 4223/2228/24 4222/2225/24
f 2007/2235/24 518/2236/24 2223/2237/24 4223/2228/24
f 4223/2228/24 2223/2237/24 2224/2238/24 4226/2229/24
f 4226/2229/24 2224/2238/24 2225/2239/24 4229/2232/24
f 4229/2232/24 2225/2239/24 530/2240/24 2043/2241/24
f 4228/2230/24 4229/2232/24 2043/2241/24 2044/2242/24
f 4227/2231/24 4228/2230/24 2044/2242/24 2045/2243/24
f 2222/2219/24 4227/2231/24 2045/2243/24 531/2220/24
f 2221/2218/24 4224/2227/24 4227/2231/24 2222/2219/24
f 2220/2217/24 4221/2224/24 4224/2227/24 2221/2218/24
f 4230/2244/24 4231/2245/24 4234/2246/24 4233/2247/24
f 4231/2245/24 4232/2248/24 4235/2249/24 4234/2246/24
f 4233/2247/24 4234/2246/24 4237/2250/24 4236/2251/24
f 4234/2246/24 4235/2249/24 4238/2252/24 4237/2250/24
f 518/2236/24 2006/2253/24 4230/2244/24 2223/2237/24
f 2006/2253/24 2005/2254/24 4231/2245/24 4230/2244/24
f 2005/2254/24 2004/2255/24 4232/2248/24 4231/2245/24
f 2004/2255/24 517/2256/24 2226/2257/24 4232/2248/24
f 4232/2248/24 2226/2257/24 2227/2258/24 4235/2249/24
f 4235/2249/24 2227/2258/24 2228/2259/24 4238/2252/24
f 4238/2252/24 2228/2259/24 529/2260/24 2040/2261/24
f 4237/2250/24 4238/2252/24 2040/2261/24 2041/2262/24
f 4236/2251/24 4237/2250/24 2041/2262/24 2042/2263/24
f 2225/2239/24 4236/2251/24 2042/2263/24 530/2240/24
f 2224/2238/24 4233/2247/24 4236/2251/24 2225/2239/24
f 2223/2237/24 4230/2244/24 4233/2247/24 2224/2238/24
f 4239/2264/24 4240/2265/24 4243/2266/24 4242/2267/24
f 4240/2265/24 4241/2268/24 4244/2269/24 4243/2266/24
f 4242/2267/24 4243/2266/24 4246/2270/24 4245/2271/24
f 4243/2266/24 4244/2269/24 4247/2272/24 4246/2270/24
f 517/2256/24 2003/2273/24 4239/2264/24 2226/2257/24
f 2003/2273/24 2002/2274/24 4240/2265/24 4239/2264/24
f 2002/2274/24 2001/2275/24 4241/2268/24 4240/2265/24
f 2001/2275/24 516/2276/24 2229/2277/24 4241/2268/24
f 4241/2268/24 2229/2277/24 2230/2278/24 4244/2269/24
f 4244/2269/24 2230/2278/24 2231/2279/24 4247/2272/24
f 4247/2272/24 2231/2279/24 528/2280/24 2037/2281/24
f 4246/2270/24 4247/2272/24 2037/2281/24 2038/2282/24
f 4245/2271/24 4246/2270/24 2038/2282/24 2039/2283/24
f 2228/2259/24 4245/2271/24 2039/2283/24 529/2260/24
f 2227/2258/24 4242/2267/24 4245/2271/24 2228/2259/24
f 2226/2257/24 4239/2264/24 4242/2267/24 2227/2258/24
f 4248/2284/24 4249/2285/24 4252/2286/24 4251/2287/24
f 4249/2285/24 4250/2288/24 4253/2289/24 4252/2286/24
f 4251/2287/24 4252/2286/24 4255/2290/24 4254/2291/24
f 4252/2286/24 4253/2289/24 4256/2292/24 4255/2290/24
f 516/2276/24 2000/2293/24 4248/2284/24 2229/2277/24
f 2000/2293/24 1999/2294/24 4249/2285/24 4248/2284/24
f 1999/2294/24 1998/2295/24 4250/2288/24 4249/2285/24
f 1998/2295/24 515/2296/24 2232/2297/24 4250/2288/24
f 4250/2288/24 2232/2297/24 2233/2298/24 4253/2289/24
f 4253/2289/24 2233/2298/24 2234/2299/24 4256/2292/24
f 4256/2292/24 2234/2299/24 527/2300/24 2034/2301/24
f 4255/2290/24 4256/2292/24 2034/2301/24 2035/2302/24
f 4254/2291/24 4255/2290/24 2035/2302/24 2036/2303/24
f 2231/2279/24 4254/2291/24 2036/2303/24 528/2280/24
f 2230/2278/24 4251/2287/24 4254/2291/24 2231/2279/24
f 2229/2277/24 4248/2284/24 4251/2287/24 2230/2278/24
f 4257/2304/24 4258/2305/24 4261/2306/24 4260/2307/24
f 4258/2305/24 4259/2308/24 4262/2309/24 4261/2306/24
f 4260/2307/24 4261/2306/24 4264/2310/24 4263/2311/24
f 4261/2306/24 4262/2309/24 4265/2312/24 4264/2310/24
f 515/2296/24 1997/2313/24 4257/2304/24 2232/2297/24
f 1997/2313/24 1996/2314/24 4258/2305/24 4257/2304/24
f 1996/2314/24 1995/2315/24 4259/2308/24 4258/2305/24
f 1995/2315/24 514/2316/24 2235/2317/24 4259/2308/24
f 4259/2308/24 2235/2317/24 2236/2318/24 4262/2309/24
f 4262/2309/24 2236/2318/24 2237/2319/24 4265/2312/24
f 4265/2312/24 2237/2319/24 526/2320/24 2031/2321/24
f 4264/2310/24 4265/2312/24 2031/2321/24 2032/2322/24
f 4263/2311/24 4264/2310/24 2032/2322/24 2033/2323/24
f 2234/2299/24 4263/2311/24 2033/2323/24 527/2300/24
f 2233/2298/24 4260/2307/24 4263/2311/24 2234/2299/24
f 2232/2297/24 4257/2304/24 4260/2307/24 2233/2298/24
f 4266/2324/24 4267/2325/24 4270/2326/24 4269/2327/24
f 4267/2325/24 4268/2328/24 4271/2329/24 4270/2326/24
f 4269/2327/24 4270/2326/24 4273/2330/24 4272/2331/24
f 4270/2326/24 4271/2329/24 4274/2332/24 4273/2330/24
f 514/2316/24 1994/2333/24 4266/2324/24 2235/2317/24
f 1994/2333/24 1993/2334/24 4267/2325/24 4266/2324/24
f 1993/2334/24 1992/2335/24 4268/2328/24 4267/2325/24
f 1992/2335/24 513/996/24 2238/1010/24 4268/2328/24
f 4268/2328/24 2238/1010/24 2239/1015/24 4271/2329/24
f 4271/2329/24 2239/1015/24 2240/1014/24 4274/2332/24
f 4274/2332/24 2240/1014/24 525/395/24 2028/2336/24
f 4273/2330/24 4274/2332/24 2028/2336/24 2029/2337/24
f 4272/2331/24 4273/2330/24 2029/2337/24 2030/2338/24
f 2237/2319/24 4272/2331/24 2030/2338/24 526/2320/24
f 2236/2318/24 4269/2327/24 4272/2331/24 2237/2319/24
f 2235/2317/24 4266/2324/24 4269/2327/24 2236/2318/24
f 4275/2339/351 4276/2340/351 4279/2341/351 4278/2342/351
f 4276/2343/352 4277/2344/352 4280/2345/352 4279/2346/352
f 4278/2342/351 4279/2341/351 4282/2347/351 4281/2348/351
f 4279/2346/352 4280/2345/352 4283/2349/352 4282/2350/352
f 134/1566/353 806/2351/353 4275/2339/353 627/1587/353
f 806/2351/351 805/2352/351 4276/2340/351 4275/2339/351
f 805/2353/352 804/2354/352 4277/2344/352 4276/2343/352
f 804/2354/354 512/2355/354 2241/2356/354 4277/2344/354
f 4277/2344/354 2241/2356/354 2242/2357/354 4280/2345/354
f 4280/2345/354 2242/2357/354 2243/2358/354 4283/2349/354
f 4283/2349/354 2243/2358/354 524/2115/354 807/2114/354
f 4282/2350/352 4283/2349/352 807/2114/352 808/2113/352
f 4281/2348/351 4282/2347/351 808/2112/351 809/2111/351
f 629/1584/353 4281/2348/353 809/2111/353 135/1582/353
f 628/1588/353 4278/2342/353 4281/2348/353 629/1584/353
f 627/1587/353 4275/2339/353 4278/2342/353 628/1588/353
f 4284/2359/24 4285/2360/24 4288/2361/24 4287/2362/24
f 4285/2360/24 4286/2363/24 4289/2364/24 4288/2361/24
f 4287/2362/24 4288/2361/24 4291/2365/24 4290/2366/24
f 4288/2361/24 4289/2364/24 4292/2367/24 4291/2365/24
f 512/2355/24 1988/2368/24 4284/2359/24 2241/2356/24
f 1988/2368/24 1987/2369/24 4285/2360/24 4284/2359/24
f 1987/2369/24 1986/2370/24 4286/2363/24 4285/2360/24
f 1986/2370/24 511/2371/24 2244/2372/24 4286/2363/24
f 4286/2363/24 2244/2372/24 2245/2373/24 4289/2364/24
f 4289/2364/24 2245/2373/24 2246/2374/24 4292/2367/24
f 4292/2367/24 2246/2374/24 523/2136/24 2022/2135/24
f 4291/2365/24 4292/2367/24 2022/2135/24 2023/2134/24
f 4290/2366/24 4291/2365/24 2023/2134/24 2024/2133/24
f 2243/2358/24 4290/2366/24 2024/2133/24 524/2115/24
f 2242/2357/24 4287/2362/24 4290/2366/24 2243/2358/24
f 2241/2356/24 4284/2359/24 4287/2362/24 2242/2357/24
f 4293/2375/24 4294/2376/24 4297/2377/24 4296/2378/24
f 4294/2376/24 4295/2379/24 4298/2380/24 4297/2377/24
f 4296/2378/24 4297/2377/24 4300/2381/24 4299/2382/24
f 4297/2377/24 4298/2380/24 4301/2383/24 4300/2381/24
f 511/2371/24 1985/2384/24 4293/2375/24 2244/2372/24
f 1985/2384/24 1984/2385/24 4294/2376/24 4293/2375/24
f 1984/2385/24 1983/2386/24 4295/2379/24 4294/2376/24
f 1983/2386/24 510/2387/24 2247/2388/24 4295/2379/24
f 4295/2379/24 2247/2388/24 2248/2389/24 4298/2380/24
f 4298/2380/24 2248/2389/24 2249/2390/24 4301/2383/24
f 4301/2383/24 2249/2390/24 522/2156/24 2019/2155/24
f 4300/2381/24 4301/2383/24 2019/2155/24 2020/2154/24
f 4299/2382/24 4300/2381/24 2020/2154/24 2021/2153/24
f 2246/2374/24 4299/2382/24 2021/2153/24 523/2136/24
f 2245/2373/24 4296/2378/24 4299/2382/24 2246/2374/24
f 2244/2372/24 4293/2375/24 4296/2378/24 2245/2373/24
f 4302/2391/24 4303/2392/24 4306/2393/24 4305/2394/24
f 4303/2392/24 4304/2395/24 4307/2396/24 4306/2393/24
f 4305/2394/24 4306/2393/24 4309/2397/24 4308/2398/24
f 4306/2393/24 4307/2396/24 4310/2399/24 4309/2397/24
f 510/2387/24 1982/2400/24 4302/2391/24 2247/2388/24
f 1982/2400/24 1981/2401/24 4303/2392/24 4302/2391/24
f 1981/2401/24 1980/2402/24 4304/2395/24 4303/2392/24
f 1980/2402/24 509/2403/24 2250/2404/24 4304/2395/24
f 4304/2395/24 2250/2404/24 2251/2405/24 4307/2396/24
f 4307/2396/24 2251/2405/24 2252/2406/24 4310/2399/24
f 4310/2399/24 2252/2406/24 521/2176/24 2016/2175/24
f 4309/2397/24 4310/2399/24 2016/2175/24 2017/2174/24
f 4308/2398/24 4309/2397/24 2017/2174/24 2018/2173/24
f 2249/2390/24 4308/2398/24 2018/2173/24 522/2156/24
f 2248/2389/24 4305/2394/24 4308/2398/24 2249/2390/24
f 2247/2388/24 4302/2391/24 4305/2394/24 2248/2389/24
f 4311/2407/24 4312/2408/24 4315/2409/24 4314/2410/24
f 4312/2408/24 4313/2411/24 4316/2412/24 4315/2409/24
f 4314/2410/24 4315/2409/24 4318/2413/24 4317/2414/24
f 4315/2409/24 4316/2412/24 4319/2415/24 4318/2413/24
f 509/2403/24 1979/2416/24 4311/2407/24 2250/2404/24
f 1979/2416/24 1978/2417/24 4312/2408/24 4311/2407/24
f 1978/2417/24 1977/2418/24 4313/2411/24 4312/2408/24
f 1977/2418/24 508/2419/24 2253/2420/24 4313/2411/24
f 4313/2411/24 2253/2420/24 2254/2421/24 4316/2412/24
f 4316/2412/24 2254/2421/24 2255/2422/24 4319/2415/24
f 4319/2415/24 2255/2422/24 520/2196/24 2013/2195/24
f 4318/2413/24 4319/2415/24 2013/2195/24 2014/2194/24
f 4317/2414/24 4318/2413/24 2014/2194/24 2015/2193/24
f 2252/2406/24 4317/2414/24 2015/2193/24 521/2176/24
f 2251/2405/24 4314/2410/24 4317/2414/24 2252/2406/24
f 2250/2404/24 4311/2407/24 4314/2410/24 2251/2405/24
f 4320/2423/24 4321/2424/24 4324/2425/24 4323/2426/24
f 4321/2424/24 4322/2427/24 4325/2428/24 4324/2425/24
f 4323/2426/24 4324/2425/24 4327/2429/24 4326/2430/24
f 4324/2425/24 4325/2428/24 4328/2431/24 4327/2429/24
f 508/2419/24 1976/2432/24 4320/2423/24 2253/2420/24
f 1976/2432/24 1975/2433/24 4321/2424/24 4320/2423/24
f 1975/2433/24 1974/2434/24 4322/2427/24 4321/2424/24
f 1974/2434/24 507/2435/24 2256/2436/24 4322/2427/24
f 4322/2427/24 2256/2436/24 2257/2437/24 4325/2428/24
f 4325/2428/24 2257/2437/24 2258/2438/24 4328/2431/24
f 4328/2431/24 2258/2438/24 519/2216/24 2010/2215/24
f 4327/2429/24 4328/2431/24 2010/2215/24 2011/2214/24
f 4326/2430/24 4327/2429/24 2011/2214/24 2012/2213/24
f 2255/2422/24 4326/2430/24 2012/2213/24 520/2196/24
f 2254/2421/24 4323/2426/24 4326/2430/24 2255/2422/24
f 2253/2420/24 4320/2423/24 4323/2426/24 2254/2421/24
f 4329/2439/24 4330/2440/24 4333/2441/24 4332/2442/24
f 4330/2440/24 4331/2443/24 4334/2444/24 4333/2441/24
f 4332/2442/24 4333/2441/24 4336/2445/24 4335/2446/24
f 4333/2441/24 4334/2444/24 4337/2447/24 4336/2445/24
f 507/2435/24 1973/2448/24 4329/2439/24 2256/2436/24
f 1973/2448/24 1972/2449/24 4330/2440/24 4329/2439/24
f 1972/2449/24 1971/2450/24 4331/2443/24 4330/2440/24
f 1971/2450/24 506/2451/24 2259/2452/24 4331/2443/24
f 4331/2443/24 2259/2452/24 2260/2453/24 4334/2444/24
f 4334/2444/24 2260/2453/24 2261/2454/24 4337/2447/24
f 4337/2447/24 2261/2454/24 518/2236/24 2007/2235/24
f 4336/2445/24 4337/2447/24 2007/2235/24 2008/2234/24
f 4335/2446/24 4336/2445/24 2008/2234/24 2009/2233/24
f 2258/2438/24 4335/2446/24 2009/2233/24 519/2216/24
f 2257/2437/24 4332/2442/24 4335/2446/24 2258/2438/24
f 2256/2436/24 4329/2439/24 4332/2442/24 2257/2437/24
f 4338/2455/24 4339/2456/24 4342/2457/24 4341/2458/24
f 4339/2456/24 4340/2459/24 4343/2460/24 4342/2457/24
f 4341/2458/24 4342/2457/24 4345/2461/24 4344/2462/24
f 4342/2457/24 4343/2460/24 4346/2463/24 4345/2461/24
f 506/2451/24 1970/2464/24 4338/2455/24 2259/2452/24
f 1970/2464/24 1969/2465/24 4339/2456/24 4338/2455/24
f 1969/2465/24 1968/2466/24 4340/2459/24 4339/2456/24
f 1968/2466/24 505/2467/24 2262/2468/24 4340/2459/24
f 4340/2459/24 2262/2468/24 2263/2469/24 4343/2460/24
f 4343/2460/24 2263/2469/24 2264/2470/24 4346/2463/24
f 4346/2463/24 2264/2470/24 517/2256/24 2004/2255/24
f 4345/2461/24 4346/2463/24 2004/2255/24 2005/2254/24
f 4344/2462/24 4345/2461/24 2005/2254/24 2006/2253/24
f 2261/2454/24 4344/2462/24 2006/2253/24 518/2236/24
f 2260/2453/24 4341/2458/24 4344/2462/24 2261/2454/24
f 2259/2452/24 4338/2455/24 4341/2458/24 2260/2453/24
f 4347/2471/24 4348/2472/24 4351/2473/24 4350/2474/24
f 4348/2472/24 4349/2475/24 4352/2476/24 4351/2473/24
f 4350/2474/24 4351/2473/24 4354/2477/24 4353/2478/24
f 4351/2473/24 4352/2476/24 4355/2479/24 4354/2477/24
f 505/2467/24 1967/2480/24 4347/2471/24 2262/2468/24
f 1967/2480/24 1966/2481/24 4348/2472/24 4347/2471/24
f 1966/2481/24 1965/2482/24 4349/2475/24 4348/2472/24
f 1965/2482/24 504/2483/24 2265/2484/24 4349/2475/24
f 4349/2475/24 2265/2484/24 2266/2485/24 4352/2476/24
f 4352/2476/24 2266/2485/24 2267/2486/24 4355/2479/24
f 4355/2479/24 2267/2486/24 516/2276/24 2001/2275/24
f 4354/2477/24 4355/2479/24 2001/2275/24 2002/2274/24
f 4353/2478/24 4354/2477/24 2002/2274/24 2003/2273/24
f 2264/2470/24 4353/2478/24 2003/2273/24 517/2256/24
f 2263/2469/24 4350/2474/24 4353/2478/24 2264/2470/24
f 2262/2468/24 4347/2471/24 4350/2474/24 2263/2469/24
f 4356/2487/24 4357/2488/24 4360/2489/24 4359/2490/24
f 4357/2488/24 4358/2491/24 4361/2492/24 4360/2489/24
f 4359/2490/24 4360/2489/24 4363/2493/24 4362/2494/24
f 4360/2489/24 4361/2492/24 4364/2495/24 4363/2493/24
f 504/2483/24 1964/2496/24 4356/2487/24 2265/2484/24
f 1964/2496/24 1963/2497/24 4357/2488/24 4356/2487/24
f 1963/2497/24 1962/2498/24 4358/2491/24 4357/2488/24
f 1962/2498/24 503/2499/24 2268/2500/24 4358/2491/24
f 4358/2491/24 2268/2500/24 2269/2501/24 4361/2492/24
f 4361/2492/24 2269/2501/24 2270/2502/24 4364/2495/24
f 4364/2495/24 2270/2502/24 515/2296/24 1998/2295/24
f 4363/2493/24 4364/2495/24 1998/2295/24 1999/2294/24
f 4362/2494/24 4363/2493/24 1999/2294/24 2000/2293/24
f 2267/2486/24 4362/2494/24 2000/2293/24 516/2276/24
f 2266/2485/24 4359/2490/24 4362/2494/24 2267/2486/24
f 2265/2484/24 4356/2487/24 4359/2490/24 2266/2485/24
f 4365/2503/24 4366/2504/24 4369/2505/24 4368/2506/24
f 4366/2504/24 4367/2507/24 4370/2508/24 4369/2505/24
f 4368/2506/24 4369/2505/24 4372/2509/24 4371/2510/24
f 4369/2505/24 4370/2508/24 4373/2511/24 4372/2509/24
f 503/2499/24 1961/2512/24 4365/2503/24 2268/2500/24
f 1961/2512/24 1960/2513/24 4366/2504/24 4365/2503/24
f 1960/2513/24 1959/2514/24 4367/2507/24 4366/2504/24
f 1959/2514/24 502/2515/24 2271/2516/24 4367/2507/24
f 4367/2507/24 2271/2516/24 2272/2517/24 4370/2508/24
f 4370/2508/24 2272/2517/24 2273/2518/24 4373/2511/24
f 4373/2511/24 2273/2518/24 514/2316/24 1995/2315/24
f 4372/2509/24 4373/2511/24 1995/2315/24 1996/2314/24
f 4371/2510/24 4372/2509/24 1996/2314/24 1997/2313/24
f 2270/2502/24 4371/2510/24 1997/2313/24 515/2296/24
f 2269/2501/24 4368/2506/24 4371/2510/24 2270/2502/24
f 2268/2500/24 4365/2503/24 4368/2506/24 2269/2501/24
f 4374/2519/24 4375/2520/24 4378/2521/24 4377/2522/24
f 4375/2520/24 4376/2523/24 4379/2524/24 4378/2521/24
f 4377/2522/24 4378/2521/24 4381/2525/24 4380/2526/24
f 4378/2521/24 4379/2524/24 4382/2527/24 4381/2525/24
f 502/2515/24 1958/2528/24 4374/2519/24 2271/2516/24
f 1958/2528/24 1957/2529/24 4375/2520/24 4374/2519/24
f 1957/2529/24 1956/2530/24 4376/2523/24 4375/2520/24
f 1956/2530/24 501/972/24 2274/986/24 4376/2523/24
f 4376/2523/24 2274/986/24 2275/997/24 4379/2524/24
f 4379/2524/24 2275/997/24 2276/995/24 4382/2527/24
f 4382/2527/24 2276/995/24 513/996/24 1992/2335/24
f 4381/2525/24 4382/2527/24 1992/2335/24 1993/2334/24
f 4380/2526/24 4381/2525/24 1993/2334/24 1994/2333/24
f 2273/2518/24 4380/2526/24 1994/2333/24 514/2316/24
f 2272/2517/24 4377/2522/24 4380/2526/24 2273/2518/24
f 2271/2516/24 4374/2519/24 4377/2522/24 2272/2517/24
f 4383/2531/351 4384/2532/351 4387/2533/351 4386/2534/351
f 4384/2535/352 4385/2536/352 4388/2537/352 4387/2538/352
f 4386/2534/351 4387/2533/351 4390/2539/351 4389/2540/351
f 4387/2538/352 4388/2537/352 4391/2541/352 4390/2542/352
f 133/1550/353 803/2543/353 4383/2531/353 624/1571/353
f 803/2543/351 802/2544/351 4384/2532/351 4383/2531/351
f 802/2545/352 801/2546/352 4385/2536/352 4384/2535/352
f 801/2546/354 500/2547/354 2277/2548/354 4385/2536/354
f 4385/2536/354 2277/2548/354 2278/2549/354 4388/2537/354
f 4388/2537/354 2278/2549/354 2279/2550/354 4391/2541/354
f 4391/2541/354 2279/2550/354 512/2355/354 804/2354/354
f 4390/2542/352 4391/2541/352 804/2354/352 805/2353/352
f 4389/2540/351 4390/2539/351 805/2352/351 806/2351/351
f 626/1568/353 4389/2540/353 806/2351/353 134/1566/353
f 625/1572/353 4386/2534/353 4389/2540/353 626/1568/353
f 624/1571/353 4383/2531/353 4386/2534/353 625/1572/353
f 4392/2551/24 4393/2552/24 4396/2553/24 4395/2554/24
f 4393/2552/24 4394/2555/24 4397/2556/24 4396/2553/24
f 4395/2554/24 4396/2553/24 4399/2557/24 4398/2558/24
f 4396/2553/24 4397/2556/24 4400/2559/24 4399/2557/24
f 500/2547/24 1952/2560/24 4392/2551/24 2277/2548/24
f 1952/2560/24 1951/2561/24 4393/2552/24 4392/2551/24
f 1951/2561/24 1950/2562/24 4394/2555/24 4393/2552/24
f 1950/2562/24 499/2563/24 2280/2564/24 4394/2555/24
f 4394/2555/24 2280/2564/24 2281/2565/24 4397/2556/24
f 4397/2556/24 2281/2565/24 2282/2566/24 4400/2559/24
f 4400/2559/24 2282/2566/24 511/2371/24 1986/2370/24
f 4399/2557/24 4400/2559/24 1986/2370/24 1987/2369/24
f 4398/2558/24 4399/2557/24 1987/2369/24 1988/2368/24
f 2279/2550/24 4398/2558/24 1988/2368/24 512/2355/24
f 2278/2549/24 4395/2554/24 4398/2558/24 2279/2550/24
f 2277/2548/24 4392/2551/24 4395/2554/24 2278/2549/24
f 4401/2567/24 4402/2568/24 4405/2569/24 4404/2570/24
f 4402/2568/24 4403/2571/24 4406/2572/24 4405/2569/24
f 4404/2570/24 4405/2569/24 4408/2573/24 4407/2574/24
f 4405/2569/24 4406/2572/24 4409/2575/24 4408/2573/24
f 499/2563/24 1949/2576/24 4401/2567/24 2280/2564/24
f 1949/2576/24 1948/2577/24 4402/2568/24 4401/2567/24
f 1948/2577/24 1947/2578/24 4403/2571/24 4402/2568/24
f 1947/2578/24 498/2579/24 2283/2580/24 4403/2571/24
f 4403/2571/24 2283/2580/24 2284/2581/24 4406/2572/24
f 4406/2572/24 2284/2581/24 2285/2582/24 4409/2575/24
f 4409/2575/24 2285/2582/24 510/2387/24 1983/2386/24
f 4408/2573/24 4409/2575/24 1983/2386/24 1984/2385/24
f 4407/2574/24 4408/2573/24 1984/2385/24 1985/2384/24
f 2282/2566/24 4407/2574/24 1985/2384/24 511/2371/24
f 2281/2565/24 4404/2570/24 4407/2574/24 2282/2566/24
f 2280/2564/24 4401/2567/24 4404/2570/24 2281/2565/24
f 4410/2583/24 4411/2584/24 4414/2585/24 4413/2586/24
f 4411/2584/24 4412/2587/24 4415/2588/24 4414/2585/24
f 4413/2586/24 4414/2585/24 4417/2589/24 4416/2590/24
f 4414/2585/24 4415/2588/24 4418/2591/24 4417/2589/24
f 498/2579/24 1946/2592/24 4410/2583/24 2283/2580/24
f 1946/2592/24 1945/2593/24 4411/2584/24 4410/2583/24
f 1945/2593/24 1944/2594/24 4412/2587/24 4411/2584/24
f 1944/2594/24 497/2595/24 2286/2596/24 4412/2587/24
f 4412/2587/24 2286/2596/24 2287/2597/24 4415/2588/24
f 4415/2588/24 2287/2597/24 2288/2598/24 4418/2591/24
f 4418/2591/24 2288/2598/24 509/2403/24 1980/2402/24
f 4417/2589/24 4418/2591/24 1980/2402/24 1981/2401/24
f 4416/2590/24 4417/2589/24 1981/2401/24 1982/2400/24
f 2285/2582/24 4416/2590/24 1982/2400/24 510/2387/24
f 2284/2581/24 4413/2586/24 4416/2590/24 2285/2582/24
f 2283/2580/24 4410/2583/24 4413/2586/24 2284/2581/24
f 4419/2599/24 4420/2600/24 4423/2601/24 4422/2602/24
f 4420/2600/24 4421/2603/24 4424/2604/24 4423/2601/24
f 4422/2602/24 4423/2601/24 4426/2605/24 4425/2606/24
f 4423/2601/24 4424/2604/24 4427/2607/24 4426/2605/24
f 497/2595/24 1943/2608/24 4419/2599/24 2286/2596/24
f 1943/2608/24 1942/2609/24 4420/2600/24 4419/2599/24
f 1942/2609/24 1941/2610/24 4421/2603/24 4420/2600/24
f 1941/2610/24 496/2611/24 2289/2612/24 4421/2603/24
f 4421/2603/24 2289/2612/24 2290/2613/24 4424/2604/24
f 4424/2604/24 2290/2613/24 2291/2614/24 4427/2607/24
f 4427/2607/24 2291/2614/24 508/2419/24 1977/2418/24
f 4426/2605/24 4427/2607/24 1977/2418/24 1978/2417/24
f 4425/2606/24 4426/2605/24 1978/2417/24 1979/2416/24
f 2288/2598/24 4425/2606/24 1979/2416/24 509/2403/24
f 2287/2597/24 4422/2602/24 4425/2606/24 2288/2598/24
f 2286/2596/24 4419/2599/24 4422/2602/24 2287/2597/24
f 4428/2615/24 4429/2616/24 4432/2617/24 4431/2618/24
f 4429/2616/24 4430/2619/24 4433/2620/24 4432/2617/24
f 4431/2618/24 4432/2617/24 4435/2621/24 4434/2622/24
f 4432/2617/24 4433/2620/24 4436/2623/24 4435/2621/24
f 496/2611/24 1940/2624/24 4428/2615/24 2289/2612/24
f 1940/2624/24 1939/2625/24 4429/2616/24 4428/2615/24
f 1939/2625/24 1938/2626/24 4430/2619/24 4429/2616/24
f 1938/2626/24 495/2627/24 2292/2628/24 4430/2619/24
f 4430/2619/24 2292/2628/24 2293/2629/24 4433/2620/24
f 4433/2620/24 2293/2629/24 2294/2630/24 4436/2623/24
f 4436/2623/24 2294/2630/24 507/2435/24 1974/2434/24
f 4435/2621/24 4436/2623/24 1974/2434/24 1975/2433/24
f 4434/2622/24 4435/2621/24 1975/2433/24 1976/2432/24
f 2291/2614/24 4434/2622/24 1976/2432/24 508/2419/24
f 2290/2613/24 4431/2618/24 4434/2622/24 2291/2614/24
f 2289/2612/24 4428/2615/24 4431/2618/24 2290/2613/24
f 4437/2631/24 4438/2632/24 4441/2633/24 4440/2634/24
f 4438/2632/24 4439/2635/24 4442/2636/24 4441/2633/24
f 4440/2634/24 4441/2633/24 4444/2637/24 4443/2638/24
f 4441/2633/24 4442/2636/24 4445/2639/24 4444/2637/24
f 495/2627/24 1937/2640/24 4437/2631/24 2292/2628/24
f 1937/2640/24 1936/2641/24 4438/2632/24 4437/2631/24
f 1936/2641/24 1935/2642/24 4439/2635/24 4438/2632/24
f 1935/2642/24 494/2643/24 2295/2644/24 4439/2635/24
f 4439/2635/24 2295/2644/24 2296/2645/24 4442/2636/24
f 4442/2636/24 2296/2645/24 2297/2646/24 4445/2639/24
f 4445/2639/24 2297/2646/24 506/2451/24 1971/2450/24
f 4444/2637/24 4445/2639/24 1971/2450/24 1972/2449/24
f 4443/2638/24 4444/2637/24 1972/2449/24 1973/2448/24
f 2294/2630/24 4443/2638/24 1973/2448/24 507/2435/24
f 2293/2629/24 4440/2634/24 4443/2638/24 2294/2630/24
f 2292/2628/24 4437/2631/24 4440/2634/24 2293/2629/24
f 4446/2647/24 4447/2648/24 4450/2649/24 4449/2650/24
f 4447/2648/24 4448/2651/24 4451/2652/24 4450/2649/24
f 4449/2650/24 4450/2649/24 4453/2653/24 4452/2654/24
f 4450/2649/24 4451/2652/24 4454/2655/24 4453/2653/24
f 494/2643/24 1934/2656/24 4446/2647/24 2295/2644/24
f 1934/2656/24 1933/2657/24 4447/2648/24 4446/2647/24
f 1933/2657/24 1932/2658/24 4448/2651/24 4447/2648/24
f 1932/2658/24 493/2659/24 2298/2660/24 4448/2651/24
f 4448/2651/24 2298/2660/24 2299/2661/24 4451/2652/24
f 4451/2652/24 2299/2661/24 2300/2662/24 4454/2655/24
f 4454/2655/24 2300/2662/24 505/2467/24 1968/2466/24
f 4453/2653/24 4454/2655/24 1968/2466/24 1969/2465/24
f 4452/2654/24 4453/2653/24 1969/2465/24 1970/2464/24
f 2297/2646/24 4452/2654/24 1970/2464/24 506/2451/24
f 2296/2645/24 4449/2650/24 4452/2654/24 2297/2646/24
f 2295/2644/24 4446/2647/24 4449/2650/24 2296/2645/24
f 4455/2663/24 4456/2664/24 4459/2665/24 4458/2666/24
f 4456/2664/24 4457/2667/24 4460/2668/24 4459/2665/24
f 4458/2666/24 4459/2665/24 4462/2669/24 4461/2670/24
f 4459/2665/24 4460/2668/24 4463/2671/24 4462/2669/24
f 493/2659/24 1931/2672/24 4455/2663/24 2298/2660/24
f 1931/2672/24 1930/2673/24 4456/2664/24 4455/2663/24
f 1930/2673/24 1929/2674/24 4457/2667/24 4456/2664/24
f 1929/2674/24 492/2675/24 2301/2676/24 4457/2667/24
f 4457/2667/24 2301/2676/24 2302/2677/24 4460/2668/24
f 4460/2668/24 2302/2677/24 2303/2678/24 4463/2671/24
f 4463/2671/24 2303/2678/24 504/2483/24 1965/2482/24
f 4462/2669/24 4463/2671/24 1965/2482/24 1966/2481/24
f 4461/2670/24 4462/2669/24 1966/2481/24 1967/2480/24
f 2300/2662/24 4461/2670/24 1967/2480/24 505/2467/24
f 2299/2661/24 4458/2666/24 4461/2670/24 2300/2662/24
f 2298/2660/24 4455/2663/24 4458/2666/24 2299/2661/24
f 4464/2679/24 4465/2680/24 4468/2681/24 4467/2682/24
f 4465/2680/24 4466/2683/24 4469/2684/24 4468/2681/24
f 4467/2682/24 4468/2681/24 4471/2685/24 4470/2686/24
f 4468/2681/24 4469/2684/24 4472/2687/24 4471/2685/24
f 492/2675/24 1928/2688/24 4464/2679/24 2301/2676/24
f 1928/2688/24 1927/2689/24 4465/2680/24 4464/2679/24
f 1927/2689/24 1926/2690/24 4466/2683/24 4465/2680/24
f 1926/2690/24 491/2691/24 2304/2692/24 4466/2683/24
f 4466/2683/24 2304/2692/24 2305/2693/24 4469/2684/24
f 4469/2684/24 2305/2693/24 2306/2694/24 4472/2687/24
f 4472/2687/24 2306/2694/24 503/2499/24 1962/2498/24
f 4471/2685/24 4472/2687/24 1962/2498/24 1963/2497/24
f 4470/2686/24 4471/2685/24 1963/2497/24 1964/2496/24
f 2303/2678/24 4470/2686/24 1964/2496/24 504/2483/24
f 2302/2677/24 4467/2682/24 4470/2686/24 2303/2678/24
f 2301/2676/24 4464/2679/24 4467/2682/24 2302/2677/24
f 4473/2695/24 4474/2696/24 4477/2697/24 4476/2698/24
f 4474/2696/24 4475/2699/24 4478/2700/24 4477/2697/24
f 4476/2698/24 4477/2697/24 4480/2701/24 4479/2702/24
f 4477/2697/24 4478/2700/24 4481/2703/24 4480/2701/24
f 491/2691/24 1925/2704/24 4473/2695/24 2304/2692/24
f 1925/2704/24 1924/2705/24 4474/2696/24 4473/2695/24
f 1924/2705/24 1923/2706/24 4475/2699/24 4474/2696/24
f 1923/2706/24 490/2707/24 2307/2708/24 4475/2699/24
f 4475/2699/24 2307/2708/24 2308/2709/24 4478/2700/24
f 4478/2700/24 2308/2709/24 2309/2710/24 4481/2703/24
f 4481/2703/24 2309/2710/24 502/2515/24 1959/2514/24
f 4480/2701/24 4481/2703/24 1959/2514/24 1960/2513/24
f 4479/2702/24 4480/2701/24 1960/2513/24 1961/2512/24
f 2306/2694/24 4479/2702/24 1961/2512/24 503/2499/24
f 2305/2693/24 4476/2698/24 4479/2702/24 2306/2694/24
f 2304/2692/24 4473/2695/24 4476/2698/24 2305/2693/24
f 4482/2711/24 4483/2712/24 4486/2713/24 4485/2714/24
f 4483/2712/24 4484/2715/24 4487/2716/24 4486/2713/24
f 4485/2714/24 4486/2713/24 4489/2717/24 4488/2718/24
f 4486/2713/24 4487/2716/24 4490/2719/24 4489/2717/24
f 490/2707/24 1922/2720/24 4482/2711/24 2307/2708/24
f 1922/2720/24 1921/2721/24 4483/2712/24 4482/2711/24
f 1921/2721/24 1920/2722/24 4484/2715/24 4483/2712/24
f 1920/2722/24 489/948/24 2310/962/24 4484/2715/24
f 4484/2715/24 2310/962/24 2311/973/24 4487/2716/24
f 4487/2716/24 2311/973/24 2312/971/24 4490/2719/24
f 4490/2719/24 2312/971/24 501/972/24 1956/2530/24
f 4489/2717/24 4490/2719/24 1956/2530/24 1957/2529/24
f 4488/2718/24 4489/2717/24 1957/2529/24 1958/2528/24
f 2309/2710/24 4488/2718/24 1958/2528/24 502/2515/24
f 2308/2709/24 4485/2714/24 4488/2718/24 2309/2710/24
f 2307/2708/24 4482/2711/24 4485/2714/24 2308/2709/24
f 4491/2723/351 4492/2724/351 4495/2725/351 4494/2726/351
f 4492/2727/352 4493/2728/352 4496/2729/352 4495/2730/352
f 4494/2726/351 4495/2725/351 4498/2731/351 4497/2732/351
f 4495/2730/352 4496/2729/352 4499/2733/352 4498/2734/352
f 132/1534/353 800/2735/353 4491/2723/353 621/1555/353
f 800/2735/351 799/2736/351 4492/2724/351 4491/2723/351
f 799/2737/352 798/2738/352 4493/2728/352 4492/2727/352
f 798/2738/354 488/2739/354 2313/2740/354 4493/2728/354
f 4493/2728/354 2313/2740/354 2314/2741/354 4496/2729/354
f 4496/2729/354 2314/2741/354 2315/2742/354 4499/2733/354
f 4499/2733/354 2315/2742/354 500/2547/354 801/2546/354
f 4498/2734/352 4499/2733/352 801/2546/352 802/2545/352
f 4497/2732/351 4498/2731/351 802/2544/351 803/2543/351
f 623/1552/353 4497/2732/353 803/2543/353 133/1550/353
f 622/1556/353 4494/2726/353 4497/2732/353 623/1552/353
f 621/1555/353 4491/2723/353 4494/2726/353 622/1556/353
f 4500/2743/24 4501/2744/24 4504/2745/24 4503/2746/24
f 4501/2744/24 4502/2747/24 4505/2748/24 4504/2745/24
f 4503/2746/24 4504/2745/24 4507/2749/24 4506/2750/24
f 4504/2745/24 4505/2748/24 4508/2751/24 4507/2749/24
f 488/2739/24 1916/2752/24 4500/2743/24 2313/2740/24
f 1916/2752/24 1915/2753/24 4501/2744/24 4500/2743/24
f 1915/2753/24 1914/2754/24 4502/2747/24 4501/2744/24
f 1914/2754/24 487/2755/24 2316/2756/24 4502/2747/24
f 4502/2747/24 2316/2756/24 2317/2757/24 4505/2748/24
f 4505/2748/24 2317/2757/24 2318/2758/24 4508/2751/24
f 4508/2751/24 2318/2758/24 499/2563/24 1950/2562/24
f 4507/2749/24 4508/2751/24 1950/2562/24 1951/2561/24
f 4506/2750/24 4507/2749/24 1951/2561/24 1952/2560/24
f 2315/2742/24 4506/2750/24 1952/2560/24 500/2547/24
f 2314/2741/24 4503/2746/24 4506/2750/24 2315/2742/24
f 2313/2740/24 4500/2743/24 4503/2746/24 2314/2741/24
f 4509/2759/24 4510/2760/24 4513/2761/24 4512/2762/24
f 4510/2760/24 4511/2763/24 4514/2764/24 4513/2761/24
f 4512/2762/24 4513/2761/24 4516/2765/24 4515/2766/24
f 4513/2761/24 4514/2764/24 4517/2767/24 4516/2765/24
f 487/2755/24 1913/2768/24 4509/2759/24 2316/2756/24
f 1913/2768/24 1912/2769/24 4510/2760/24 4509/2759/24
f 1912/2769/24 1911/2770/24 4511/2763/24 4510/2760/24
f 1911/2770/24 486/2771/24 2319/2772/24 4511/2763/24
f 4511/2763/24 2319/2772/24 2320/2773/24 4514/2764/24
f 4514/2764/24 2320/2773/24 2321/2774/24 4517/2767/24
f 4517/2767/24 2321/2774/24 498/2579/24 1947/2578/24
f 4516/2765/24 4517/2767/24 1947/2578/24 1948/2577/24
f 4515/2766/24 4516/2765/24 1948/2577/24 1949/2576/24
f 2318/2758/24 4515/2766/24 1949/2576/24 499/2563/24
f 2317/2757/24 4512/2762/24 4515/2766/24 2318/2758/24
f 2316/2756/24 4509/2759/24 4512/2762/24 2317/2757/24
f 4518/2775/24 4519/2776/24 4522/2777/24 4521/2778/24
f 4519/2776/24 4520/2779/24 4523/2780/24 4522/2777/24
f 4521/2778/24 4522/2777/24 4525/2781/24 4524/2782/24
f 4522/2777/24 4523/2780/24 4526/2783/24 4525/2781/24
f 486/2771/24 1910/2784/24 4518/2775/24 2319/2772/24
f 1910/2784/24 1909/2785/24 4519/2776/24 4518/2775/24
f 1909/2785/24 1908/2786/24 4520/2779/24 4519/2776/24
f 1908/2786/24 485/2787/24 2322/2788/24 4520/2779/24
f 4520/2779/24 2322/2788/24 2323/2789/24 4523/2780/24
f 4523/2780/24 2323/2789/24 2324/2790/24 4526/2783/24
f 4526/2783/24 2324/2790/24 497/2595/24 1944/2594/24
f 4525/2781/24 4526/2783/24 1944/2594/24 1945/2593/24
f 4524/2782/24 4525/2781/24 1945/2593/24 1946/2592/24
f 2321/2774/24 4524/2782/24 1946/2592/24 498/2579/24
f 2320/2773/24 4521/2778/24 4524/2782/24 2321/2774/24
f 2319/2772/24 4518/2775/24 4521/2778/24 2320/2773/24
f 4527/2791/24 4528/2792/24 4531/2793/24 4530/2794/24
f 4528/2792/24 4529/2795/24 4532/2796/24 4531/2793/24
f 4530/2794/24 4531/2793/24 4534/2797/24 4533/2798/24
f 4531/2793/24 4532/2796/24 4535/2799/24 4534/2797/24
f 485/2787/24 1907/2800/24 4527/2791/24 2322/2788/24
f 1907/2800/24 1906/2801/24 4528/2792/24 4527/2791/24
f 1906/2801/24 1905/2802/24 4529/2795/24 4528/2792/24
f 1905/2802/24 484/2803/24 2325/2804/24 4529/2795/24
f 4529/2795/24 2325/2804/24 2326/2805/24 4532/2796/24
f 4532/2796/24 2326/2805/24 2327/2806/24 4535/2799/24
f 4535/2799/24 2327/2806/24 496/2611/24 1941/2610/24
f 4534/2797/24 4535/2799/24 1941/2610/24 1942/2609/24
f 4533/2798/24 4534/2797/24 1942/2609/24 1943/2608/24
f 2324/2790/24 4533/2798/24 1943/2608/24 497/2595/24
f 2323/2789/24 4530/2794/24 4533/2798/24 2324/2790/24
f 2322/2788/24 4527/2791/24 4530/2794/24 2323/2789/24
f 4536/2807/24 4537/2808/24 4540/2809/24 4539/2810/24
f 4537/2808/24 4538/2811/24 4541/2812/24 4540/2809/24
f 4539/2810/24 4540/2809/24 4543/2813/24 4542/2814/24
f 4540/2809/24 4541/2812/24 4544/2815/24 4543/2813/24
f 484/2803/24 1904/2816/24 4536/2807/24 2325/2804/24
f 1904/2816/24 1903/2817/24 4537/2808/24 4536/2807/24
f 1903/2817/24 1902/2818/24 4538/2811/24 4537/2808/24
f 1902/2818/24 483/2819/24 2328/2820/24 4538/2811/24
f 4538/2811/24 2328/2820/24 2329/2821/24 4541/2812/24
f 4541/2812/24 2329/2821/24 2330/2822/24 4544/2815/24
f 4544/2815/24 2330/2822/24 495/2627/24 1938/2626/24
f 4543/2813/24 4544/2815/24 1938/2626/24 1939/2625/24
f 4542/2814/24 4543/2813/24 1939/2625/24 1940/2624/24
f 2327/2806/24 4542/2814/24 1940/2624/24 496/2611/24
f 2326/2805/24 4539/2810/24 4542/2814/24 2327/2806/24
f 2325/2804/24 4536/2807/24 4539/2810/24 2326/2805/24
f 4545/2823/24 4546/2824/24 4549/2825/24 4548/2826/24
f 4546/2824/24 4547/2827/24 4550/2828/24 4549/2825/24
f 4548/2826/24 4549/2825/24 4552/2829/24 4551/2830/24
f 4549/2825/24 4550/2828/24 4553/2831/24 4552/2829/24
f 483/2819/24 1901/2832/24 4545/2823/24 2328/2820/24
f 1901/2832/24 1900/2833/24 4546/2824/24 4545/2823/24
f 1900/2833/24 1899/2834/24 4547/2827/24 4546/2824/24
f 1899/2834/24 482/2835/24 2331/2836/24 4547/2827/24
f 4547/2827/24 2331/2836/24 2332/2837/24 4550/2828/24
f 4550/2828/24 2332/2837/24 2333/2838/24 4553/2831/24
f 4553/2831/24 2333/2838/24 494/2643/24 1935/2642/24
f 4552/2829/24 4553/2831/24 1935/2642/24 1936/2641/24
f 4551/2830/24 4552/2829/24 1936/2641/24 1937/2640/24
f 2330/2822/24 4551/2830/24 1937/2640/24 495/2627/24
f 2329/2821/24 4548/2826/24 4551/2830/24 2330/2822/24
f 2328/2820/24 4545/2823/24 4548/2826/24 2329/2821/24
f 4554/2839/24 4555/2840/24 4558/2841/24 4557/2842/24
f 4555/2840/24 4556/2843/24 4559/2844/24 4558/2841/24
f 4557/2842/24 4558/2841/24 4561/2845/24 4560/2846/24
f 4558/2841/24 4559/2844/24 4562/2847/24 4561/2845/24
f 482/2835/24 1898/2848/24 4554/2839/24 2331/2836/24
f 1898/2848/24 1897/2849/24 4555/2840/24 4554/2839/24
f 1897/2849/24 1896/2850/24 4556/2843/24 4555/2840/24
f 1896/2850/24 481/2851/24 2334/2852/24 4556/2843/24
f 4556/2843/24 2334/2852/24 2335/2853/24 4559/2844/24
f 4559/2844/24 2335/2853/24 2336/2854/24 4562/2847/24
f 4562/2847/24 2336/2854/24 493/2659/24 1932/2658/24
f 4561/2845/24 4562/2847/24 1932/2658/24 1933/2657/24
f 4560/2846/24 4561/2845/24 1933/2657/24 1934/2656/24
f 2333/2838/24 4560/2846/24 1934/2656/24 494/2643/24
f 2332/2837/24 4557/2842/24 4560/2846/24 2333/2838/24
f 2331/2836/24 4554/2839/24 4557/2842/24 2332/2837/24
f 4563/2855/24 4564/2856/24 4567/2857/24 4566/2858/24
f 4564/2856/24 4565/2859/24 4568/2860/24 4567/2857/24
f 4566/2858/24 4567/2857/24 4570/2861/24 4569/2862/24
f 4567/2857/24 4568/2860/24 4571/2863/24 4570/2861/24
f 481/2851/24 1895/2864/24 4563/2855/24 2334/2852/24
f 1895/2864/24 1894/2865/24 4564/2856/24 4563/2855/24
f 1894/2865/24 1893/2866/24 4565/2859/24 4564/2856/24
f 1893/2866/24 480/2867/24 2337/2868/24 4565/2859/24
f 4565/2859/24 2337/2868/24 2338/2869/24 4568/2860/24
f 4568/2860/24 2338/2869/24 2339/2870/24 4571/2863/24
f 4571/2863/24 2339/2870/24 492/2675/24 1929/2674/24
f 4570/2861/24 4571/2863/24 1929/2674/24 1930/2673/24
f 4569/2862/24 4570/2861/24 1930/2673/24 1931/2672/24
f 2336/2854/24 4569/2862/24 1931/2672/24 493/2659/24
f 2335/2853/24 4566/2858/24 4569/2862/24 2336/2854/24
f 2334/2852/24 4563/2855/24 4566/2858/24 2335/2853/24
f 4572/2871/24 4573/2872/24 4576/2873/24 4575/2874/24
f 4573/2872/24 4574/2875/24 4577/2876/24 4576/2873/24
f 4575/2874/24 4576/2873/24 4579/2877/24 4578/2878/24
f 4576/2873/24 4577/2876/24 4580/2879/24 4579/2877/24
f 480/2867/24 1892/2880/24 4572/2871/24 2337/2868/24
f 1892/2880/24 1891/2881/24 4573/2872/24 4572/2871/24
f 1891/2881/24 1890/2882/24 4574/2875/24 4573/2872/24
f 1890/2882/24 479/2883/24 2340/2884/24 4574/2875/24
f 4574/2875/24 2340/2884/24 2341/2885/24 4577/2876/24
f 4577/2876/24 2341/2885/24 2342/2886/24 4580/2879/24
f 4580/2879/24 2342/2886/24 491/2691/24 1926/2690/24
f 4579/2877/24 4580/2879/24 1926/2690/24 1927/2689/24
f 4578/2878/24 4579/2877/24 1927/2689/24 1928/2688/24
f 2339/2870/24 4578/2878/24 1928/2688/24 492/2675/24
f 2338/2869/24 4575/2874/24 4578/2878/24 2339/2870/24
f 2337/2868/24 4572/2871/24 4575/2874/24 2338/2869/24
f 4581/2887/24 4582/2888/24 4585/2889/24 4584/2890/24
f 4582/2888/24 4583/2891/24 4586/2892/24 4585/2889/24
f 4584/2890/24 4585/2889/24 4588/2893/24 4587/2894/24
f 4585/2889/24 4586/2892/24 4589/2895/24 4588/2893/24
f 479/2883/24 1889/2896/24 4581/2887/24 2340/2884/24
f 1889/2896/24 1888/2897/24 4582/2888/24 4581/2887/24
f 1888/2897/24 1887/2898/24 4583/2891/24 4582/2888/24
f 1887/2898/24 478/2899/24 2343/2900/24 4583/2891/24
f 4583/2891/24 2343/2900/24 2344/2901/24 4586/2892/24
f 4586/2892/24 2344/2901/24 2345/2902/24 4589/2895/24
f 4589/2895/24 2345/2902/24 490/2707/24 1923/2706/24
f 4588/2893/24 4589/2895/24 1923/2706/24 1924/2705/24
f 4587/2894/24 4588/2893/24 1924/2705/24 1925/2704/24
f 2342/2886/24 4587/2894/24 1925/2704/24 491/2691/24
f 2341/2885/24 4584/2890/24 4587/2894/24 2342/2886/24
f 2340/2884/24 4581/2887/24 4584/2890/24 2341/2885/24
f 4590/2903/24 4591/2904/24 4594/2905/24 4593/2906/24
f 4591/2904/24 4592/2907/24 4595/2908/24 4594/2905/24
f 4593/2906/24 4594/2905/24 4597/2909/24 4596/2910/24
f 4594/2905/24 4595/2908/24 4598/2911/24 4597/2909/24
f 478/2899/24 1886/2912/24 4590/2903/24 2343/2900/24
f 1886/2912/24 1885/2913/24 4591/2904/24 4590/2903/24
f 1885/2913/24 1884/2914/24 4592/2907/24 4591/2904/24
f 1884/2914/24 477/924/24 2346/938/24 4592/2907/24
f 4592/2907/24 2346/938/24 2347/949/24 4595/2908/24
f 4595/2908/24 2347/949/24 2348/947/24 4598/2911/24
f 4598/2911/24 2348/947/24 489/948/24 1920/2722/24
f 4597/2909/24 4598/2911/24 1920/2722/24 1921/2721/24
f 4596/2910/24 4597/2909/24 1921/2721/24 1922/2720/24
f 2345/2902/24 4596/2910/24 1922/2720/24 490/2707/24
f 2344/2901/24 4593/2906/24 4596/2910/24 2345/2902/24
f 2343/2900/24 4590/2903/24 4593/2906/24 2344/2901/24
f 4599/2915/351 4600/2916/351 4603/2917/351 4602/2918/351
f 4600/2919/352 4601/2920/352 4604/2921/352 4603/2922/352
f 4602/2918/351 4603/2917/351 4606/2923/351 4605/2924/351
f 4603/2922/352 4604/2921/352 4607/2925/352 4606/2926/352
f 131/1518/353 797/2927/353 4599/2915/353 618/1539/353
f 797/2927/351 796/2928/351 4600/2916/351 4599/2915/351
f 796/2929/352 795/2930/352 4601/2920/352 4600/2919/352
f 795/2930/354 476/2931/354 2349/2932/354 4601/2920/354
f 4601/2920/354 2349/2932/354 2350/2933/354 4604/2921/354
f 4604/2921/354 2350/2933/354 2351/2934/354 4607/2925/354
f 4607/2925/354 2351/2934/354 488/2739/354 798/2738/354
f 4606/2926/352 4607/2925/352 798/2738/352 799/2737/352
f 4605/2924/351 4606/2923/351 799/2736/351 800/2735/351
f 620/1536/353 4605/2924/353 800/2735/353 132/1534/353
f 619/1540/353 4602/2918/353 4605/2924/353 620/1536/353
f 618/1539/353 4599/2915/353 4602/2918/353 619/1540/353
f 4608/2935/24 4609/2936/24 4612/2937/24 4611/2938/24
f 4609/2936/24 4610/2939/24 4613/2940/24 4612/2937/24
f 4611/2938/24 4612/2937/24 4615/2941/24 4614/2942/24
f 4612/2937/24 4613/2940/24 4616/2943/24 4615/2941/24
f 476/2931/24 1880/2944/24 4608/2935/24 2349/2932/24
f 1880/2944/24 1879/2945/24 4609/2936/24 4608/2935/24
f 1879/2945/24 1878/2946/24 4610/2939/24 4609/2936/24
f 1878/2946/24 475/2947/24 2352/2948/24 4610/2939/24
f 4610/2939/24 2352/2948/24 2353/2949/24 4613/2940/24
f 4613/2940/24 2353/2949/24 2354/2950/24 4616/2943/24
f 4616/2943/24 2354/2950/24 487/2755/24 1914/2754/24
f 4615/2941/24 4616/2943/24 1914/2754/24 1915/2753/24
f 4614/2942/24 4615/2941/24 1915/2753/24 1916/2752/24
f 2351/2934/24 4614/2942/24 1916/2752/24 488/2739/24
f 2350/2933/24 4611/2938/24 4614/2942/24 2351/2934/24
f 2349/2932/24 4608/2935/24 4611/2938/24 2350/2933/24
f 4617/2951/24 4618/2952/24 4621/2953/24 4620/2954/24
f 4618/2952/24 4619/2955/24 4622/2956/24 4621/2953/24
f 4620/2954/24 4621/2953/24 4624/2957/24 4623/2958/24
f 4621/2953/24 4622/2956/24 4625/2959/24 4624/2957/24
f 475/2947/24 1877/2960/24 4617/2951/24 2352/2948/24
f 1877/2960/24 1876/2961/24 4618/2952/24 4617/2951/24
f 1876/2961/24 1875/2962/24 4619/2955/24 4618/2952/24
f 1875/2962/24 474/2963/24 2355/2964/24 4619/2955/24
f 4619/2955/24 2355/2964/24 2356/2965/24 4622/2956/24
f 4622/2956/24 2356/2965/24 2357/2966/24 4625/2959/24
f 4625/2959/24 2357/2966/24 486/2771/24 1911/2770/24
f 4624/2957/24 4625/2959/24 1911/2770/24 1912/2769/24
f 4623/2958/24 4624/2957/24 1912/2769/24 1913/2768/24
f 2354/2950/24 4623/2958/24 1913/2768/24 487/2755/24
f 2353/2949/24 4620/2954/24 4623/2958/24 2354/2950/24
f 2352/2948/24 4617/2951/24 4620/2954/24 2353/2949/24
f 4626/2967/24 4627/2968/24 4630/2969/24 4629/2970/24
f 4627/2968/24 4628/2971/24 4631/2972/24 4630/2969/24
f 4629/2970/24 4630/2969/24 4633/2973/24 4632/2974/24
f 4630/2969/24 4631/2972/24 4634/2975/24 4633/2973/24
f 474/2963/24 1874/2976/24 4626/2967/24 2355/2964/24
f 1874/2976/24 1873/2977/24 4627/2968/24 4626/2967/24
f 1873/2977/24 1872/2978/24 4628/2971/24 4627/2968/24
f 1872/2978/24 473/2979/24 2358/2980/24 4628/2971/24
f 4628/2971/24 2358/2980/24 2359/2981/24 4631/2972/24
f 4631/2972/24 2359/2981/24 2360/2982/24 4634/2975/24
f 4634/2975/24 2360/2982/24 485/2787/24 1908/2786/24
f 4633/2973/24 4634/2975/24 1908/2786/24 1909/2785/24
f 4632/2974/24 4633/2973/24 1909/2785/24 1910/2784/24
f 2357/2966/24 4632/2974/24 1910/2784/24 486/2771/24
f 2356/2965/24 4629/2970/24 4632/2974/24 2357/2966/24
f 2355/2964/24 4626/2967/24 4629/2970/24 2356/2965/24
f 4635/2983/24 4636/2984/24 4639/2985/24 4638/2986/24
f 4636/2984/24 4637/2987/24 4640/2988/24 4639/2985/24
f 4638/2986/24 4639/2985/24 4642/2989/24 4641/2990/24
f 4639/2985/24 4640/2988/24 4643/2991/24 4642/2989/24
f 473/2979/24 1871/2992/24 4635/2983/24 2358/2980/24
f 1871/2992/24 1870/2993/24 4636/2984/24 4635/2983/24
f 1870/2993/24 1869/2994/24 4637/2987/24 4636/2984/24
f 1869/2994/24 472/2995/24 2361/2996/24 4637/2987/24
f 4637/2987/24 2361/2996/24 2362/2997/24 4640/2988/24
f 4640/2988/24 2362/2997/24 2363/2998/24 4643/2991/24
f 4643/2991/24 2363/2998/24 484/2803/24 1905/2802/24
f 4642/2989/24 4643/2991/24 1905/2802/24 1906/2801/24
f 4641/2990/24 4642/2989/24 1906/2801/24 1907/2800/24
f 2360/2982/24 4641/2990/24 1907/2800/24 485/2787/24
f 2359/2981/24 4638/2986/24 4641/2990/24 2360/2982/24
f 2358/2980/24 4635/2983/24 4638/2986/24 2359/2981/24
f 4644/2999/24 4645/3000/24 4648/3001/24 4647/3002/24
f 4645/3000/24 4646/3003/24 4649/3004/24 4648/3001/24
f 4647/3002/24 4648/3001/24 4651/3005/24 4650/3006/24
f 4648/3001/24 4649/3004/24 4652/3007/24 4651/3005/24
f 472/2995/24 1868/3008/24 4644/2999/24 2361/2996/24
f 1868/3008/24 1867/3009/24 4645/3000/24 4644/2999/24
f 1867/3009/24 1866/3010/24 4646/3003/24 4645/3000/24
f 1866/3010/24 471/3011/24 2364/3012/24 4646/3003/24
f 4646/3003/24 2364/3012/24 2365/3013/24 4649/3004/24
f 4649/3004/24 2365/3013/24 2366/3014/24 4652/3007/24
f 4652/3007/24 2366/3014/24 483/2819/24 1902/2818/24
f 4651/3005/24 4652/3007/24 1902/2818/24 1903/2817/24
f 4650/3006/24 4651/3005/24 1903/2817/24 1904/2816/24
f 2363/2998/24 4650/3006/24 1904/2816/24 484/2803/24
f 2362/2997/24 4647/3002/24 4650/3006/24 2363/2998/24
f 2361/2996/24 4644/2999/24 4647/3002/24 2362/2997/24
f 4653/3015/24 4654/3016/24 4657/3017/24 4656/3018/24
f 4654/3016/24 4655/3019/24 4658/3020/24 4657/3017/24
f 4656/3018/24 4657/3017/24 4660/3021/24 4659/3022/24
f 4657/3017/24 4658/3020/24 4661/3023/24 4660/3021/24
f 471/3011/24 1865/3024/24 4653/3015/24 2364/3012/24
f 1865/3024/24 1864/3025/24 4654/3016/24 4653/3015/24
f 1864/3025/24 1863/3026/24 4655/3019/24 4654/3016/24
f 1863/3026/24 470/3027/24 2367/3028/24 4655/3019/24
f 4655/3019/24 2367/3028/24 2368/3029/24 4658/3020/24
f 4658/3020/24 2368/3029/24 2369/3030/24 4661/3023/24
f 4661/3023/24 2369/3030/24 482/2835/24 1899/2834/24
f 4660/3021/24 4661/3023/24 1899/2834/24 1900/2833/24
f 4659/3022/24 4660/3021/24 1900/2833/24 1901/2832/24
f 2366/3014/24 4659/3022/24 1901/2832/24 483/2819/24
f 2365/3013/24 4656/3018/24 4659/3022/24 2366/3014/24
f 2364/3012/24 4653/3015/24 4656/3018/24 2365/3013/24
f 4662/3031/24 4663/3032/24 4666/3033/24 4665/3034/24
f 4663/3032/24 4664/3035/24 4667/3036/24 4666/3033/24
f 4665/3034/24 4666/3033/24 4669/3037/24 4668/3038/24
f 4666/3033/24 4667/3036/24 4670/3039/24 4669/3037/24
f 470/3027/24 1862/3040/24 4662/3031/24 2367/3028/24
f 1862/3040/24 1861/3041/24 4663/3032/24 4662/3031/24
f 1861/3041/24 1860/3042/24 4664/3035/24 4663/3032/24
f 1860/3042/24 469/3043/24 2370/3044/24 4664/3035/24
f 4664/3035/24 2370/3044/24 2371/3045/24 4667/3036/24
f 4667/3036/24 2371/3045/24 2372/3046/24 4670/3039/24
f 4670/3039/24 2372/3046/24 481/2851/24 1896/2850/24
f 4669/3037/24 4670/3039/24 1896/2850/24 1897/2849/24
f 4668/3038/24 4669/3037/24 1897/2849/24 1898/2848/24
f 2369/3030/24 4668/3038/24 1898/2848/24 482/2835/24
f 2368/3029/24 4665/3034/24 4668/3038/24 2369/3030/24
f 2367/3028/24 4662/3031/24 4665/3034/24 2368/3029/24
f 4671/3047/24 4672/3048/24 4675/3049/24 4674/3050/24
f 4672/3048/24 4673/3051/24 4676/3052/24 4675/3049/24
f 4674/3050/24 4675/3049/24 4678/3053/24 4677/3054/24
f 4675/3049/24 4676/3052/24 4679/3055/24 4678/3053/24
f 469/3043/24 1859/3056/24 4671/3047/24 2370/3044/24
f 1859/3056/24 1858/3057/24 4672/3048/24 4671/3047/24
f 1858/3057/24 1857/3058/24 4673/3051/24 4672/3048/24
f 1857/3058/24 468/3059/24 2373/3060/24 4673/3051/24
f 4673/3051/24 2373/3060/24 2374/3061/24 4676/3052/24
f 4676/3052/24 2374/3061/24 2375/3062/24 4679/3055/24
f 4679/3055/24 2375/3062/24 480/2867/24 1893/2866/24
f 4678/3053/24 4679/3055/24 1893/2866/24 1894/2865/24
f 4677/3054/24 4678/3053/24 1894/2865/24 1895/2864/24
f 2372/3046/24 4677/3054/24 1895/2864/24 481/2851/24
f 2371/3045/24 4674/3050/24 4677/3054/24 2372/3046/24
f 2370/3044/24 4671/3047/24 4674/3050/24 2371/3045/24
f 4680/3063/24 4681/3064/24 4684/3065/24 4683/3066/24
f 4681/3064/24 4682/3067/24 4685/3068/24 4684/3065/24
f 4683/3066/24 4684/3065/24 4687/3069/24 4686/3070/24
f 4684/3065/24 4685/3068/24 4688/3071/24 4687/3069/24
f 468/3059/24 1856/3072/24 4680/3063/24 2373/3060/24
f 1856/3072/24 1855/3073/24 4681/3064/24 4680/3063/24
f 1855/3073/24 1854/3074/24 4682/3067/24 4681/3064/24
f 1854/3074/24 467/3075/24 2376/3076/24 4682/3067/24
f 4682/3067/24 2376/3076/24 2377/3077/24 4685/3068/24
f 4685/3068/24 2377/3077/24 2378/3078/24 4688/3071/24
f 4688/3071/24 2378/3078/24 479/2883/24 1890/2882/24
f 4687/3069/24 4688/3071/24 1890/2882/24 1891/2881/24
f 4686/3070/24 4687/3069/24 1891/2881/24 1892/2880/24
f 2375/3062/24 4686/3070/24 1892/2880/24 480/2867/24
f 2374/3061/24 4683/3066/24 4686/3070/24 2375/3062/24
f 2373/3060/24 4680/3063/24 4683/3066/24 2374/3061/24
f 4689/3079/24 4690/3080/24 4693/3081/24 4692/3082/24
f 4690/3080/24 4691/3083/24 4694/3084/24 4693/3081/24
f 4692/3082/24 4693/3081/24 4696/3085/24 4695/3086/24
f 4693/3081/24 4694/3084/24 4697/3087/24 4696/3085/24
f 467/3075/24 1853/3088/24 4689/3079/24 2376/3076/24
f 1853/3088/24 1852/3089/24 4690/3080/24 4689/3079/24
f 1852/3089/24 1851/3090/24 4691/3083/24 4690/3080/24
f 1851/3090/24 466/3091/24 2379/3092/24 4691/3083/24
f 4691/3083/24 2379/3092/24 2380/3093/24 4694/3084/24
f 4694/3084/24 2380/3093/24 2381/3094/24 4697/3087/24
f 4697/3087/24 2381/3094/24 478/2899/24 1887/2898/24
f 4696/3085/24 4697/3087/24 1887/2898/24 1888/2897/24
f 4695/3086/24 4696/3085/24 1888/2897/24 1889/2896/24
f 2378/3078/24 4695/3086/24 1889/2896/24 479/2883/24
f 2377/3077/24 4692/3082/24 4695/3086/24 2378/3078/24
f 2376/3076/24 4689/3079/24 4692/3082/24 2377/3077/24
f 4698/3095/24 4699/3096/24 4702/3097/24 4701/3098/24
f 4699/3096/24 4700/3099/24 4703/3100/24 4702/3097/24
f 4701/3098/24 4702/3097/24 4705/3101/24 4704/3102/24
f 4702/3097/24 4703/3100/24 4706/3103/24 4705/3101/24
f 466/3091/24 1850/3104/24 4698/3095/24 2379/3092/24
f 1850/3104/24 1849/3105/24 4699/3096/24 4698/3095/24
f 1849/3105/24 1848/3106/24 4700/3099/24 4699/3096/24
f 1848/3106/24 465/900/24 2382/914/24 4700/3099/24
f 4700/3099/24 2382/914/24 2383/925/24 4703/3100/24
f 4703/3100/24 2383/925/24 2384/923/24 4706/3103/24
f 4706/3103/24 2384/923/24 477/924/24 1884/2914/24
f 4705/3101/24 4706/3103/24 1884/2914/24 1885/2913/24
f 4704/3102/24 4705/3101/24 1885/2913/24 1886/2912/24
f 2381/3094/24 4704/3102/24 1886/2912/24 478/2899/24
f 2380/3093/24 4701/3098/24 4704/3102/24 2381/3094/24
f 2379/3092/24 4698/3095/24 4701/3098/24 2380/3093/24
f 4707/3107/351 4708/3108/351 4711/3109/351 4710/3110/351
f 4708/3111/352 4709/3112/352 4712/3113/352 4711/3114/352
f 4710/3110/351 4711/3109/351 4714/3115/351 4713/3116/351
f 4711/3114/352 4712/3113/352 4715/3117/352 4714/3118/352
f 130/1502/353 794/3119/353 4707/3107/353 615/1523/353
f 794/3119/351 793/3120/351 4708/3108/351 4707/3107/351
f 793/3121/352 792/3122/352 4709/3112/352 4708/3111/352
f 792/3122/354 464/3123/354 2385/3124/354 4709/3112/354
f 4709/3112/354 2385/3124/354 2386/3125/354 4712/3113/354
f 4712/3113/354 2386/3125/354 2387/3126/354 4715/3117/354
f 4715/3117/354 2387/3126/354 476/2931/354 795/2930/354
f 4714/3118/352 4715/3117/352 795/2930/352 796/2929/352
f 4713/3116/351 4714/3115/351 796/2928/351 797/2927/351
f 617/1520/353 4713/3116/353 797/2927/353 131/1518/353
f 616/1524/353 4710/3110/353 4713/3116/353 617/1520/353
f 615/1523/353 4707/3107/353 4710/3110/353 616/1524/353
f 4716/3127/24 4717/3128/24 4720/3129/24 4719/3130/24
f 4717/3128/24 4718/3131/24 4721/3132/24 4720/3129/24
f 4719/3130/24 4720/3129/24 4723/3133/24 4722/3134/24
f 4720/3129/24 4721/3132/24 4724/3135/24 4723/3133/24
f 464/3123/24 1844/3136/24 4716/3127/24 2385/3124/24
f 1844/3136/24 1843/3137/24 4717/3128/24 4716/3127/24
f 1843/3137/24 1842/3138/24 4718/3131/24 4717/3128/24
f 1842/3138/24 463/3139/24 2388/3140/24 4718/3131/24
f 4718/3131/24 2388/3140/24 2389/3141/24 4721/3132/24
f 4721/3132/24 2389/3141/24 2390/3142/24 4724/3135/24
f 4724/3135/24 2390/3142/24 475/2947/24 1878/2946/24
f 4723/3133/24 4724/3135/24 1878/2946/24 1879/2945/24
f 4722/3134/24 4723/3133/24 1879/2945/24 1880/2944/24
f 2387/3126/24 4722/3134/24 1880/2944/24 476/2931/24
f 2386/3125/24 4719/3130/24 4722/3134/24 2387/3126/24
f 2385/3124/24 4716/3127/24 4719/3130/24 2386/3125/24
f 4725/3143/24 4726/3144/24 4729/3145/24 4728/3146/24
f 4726/3144/24 4727/3147/24 4730/3148/24 4729/3145/24
f 4728/3146/24 4729/3145/24 4732/3149/24 4731/3150/24
f 4729/3145/24 4730/3148/24 4733/3151/24 4732/3149/24
f 463/3139/24 1841/3152/24 4725/3143/24 2388/3140/24
f 1841/3152/24 1840/3153/24 4726/3144/24 4725/3143/24
f 1840/3153/24 1839/3154/24 4727/3147/24 4726/3144/24
f 1839/3154/24 462/3155/24 2391/3156/24 4727/3147/24
f 4727/3147/24 2391/3156/24 2392/3157/24 4730/3148/24
f 4730/3148/24 2392/3157/24 2393/3158/24 4733/3151/24
f 4733/3151/24 2393/3158/24 474/2963/24 1875/2962/24
f 4732/3149/24 4733/3151/24 1875/2962/24 1876/2961/24
f 4731/3150/24 4732/3149/24 1876/2961/24 1877/2960/24
f 2390/3142/24 4731/3150/24 1877/2960/24 475/2947/24
f 2389/3141/24 4728/3146/24 4731/3150/24 2390/3142/24
f 2388/3140/24 4725/3143/24 4728/3146/24 2389/3141/24
f 4734/3159/24 4735/3160/24 4738/3161/24 4737/3162/24
f 4735/3160/24 4736/3163/24 4739/3164/24 4738/3161/24
f 4737/3162/24 4738/3161/24 4741/3165/24 4740/3166/24
f 4738/3161/24 4739/3164/24 4742/3167/24 4741/3165/24
f 462/3155/24 1838/3168/24 4734/3159/24 2391/3156/24
f 1838/3168/24 1837/3169/24 4735/3160/24 4734/3159/24
f 1837/3169/24 1836/3170/24 4736/3163/24 4735/3160/24
f 1836/3170/24 461/3171/24 2394/3172/24 4736/3163/24
f 4736/3163/24 2394/3172/24 2395/3173/24 4739/3164/24
f 4739/3164/24 2395/3173/24 2396/3174/24 4742/3167/24
f 4742/3167/24 2396/3174/24 473/2979/24 1872/2978/24
f 4741/3165/24 4742/3167/24 1872/2978/24 1873/2977/24
f 4740/3166/24 4741/3165/24 1873/2977/24 1874/2976/24
f 2393/3158/24 4740/3166/24 1874/2976/24 474/2963/24
f 2392/3157/24 4737/3162/24 4740/3166/24 2393/3158/24
f 2391/3156/24 4734/3159/24 4737/3162/24 2392/3157/24
f 4743/3175/24 4744/3176/24 4747/3177/24 4746/3178/24
f 4744/3176/24 4745/3179/24 4748/3180/24 4747/3177/24
f 4746/3178/24 4747/3177/24 4750/3181/24 4749/3182/24
f 4747/3177/24 4748/3180/24 4751/3183/24 4750/3181/24
f 461/3171/24 1835/3184/24 4743/3175/24 2394/3172/24
f 1835/3184/24 1834/3185/24 4744/3176/24 4743/3175/24
f 1834/3185/24 1833/3186/24 4745/3179/24 4744/3176/24
f 1833/3186/24 460/3187/24 2397/3188/24 4745/3179/24
f 4745/3179/24 2397/3188/24 2398/3189/24 4748/3180/24
f 4748/3180/24 2398/3189/24 2399/3190/24 4751/3183/24
f 4751/3183/24 2399/3190/24 472/2995/24 1869/2994/24
f 4750/3181/24 4751/3183/24 1869/2994/24 1870/2993/24
f 4749/3182/24 4750/3181/24 1870/2993/24 1871/2992/24
f 2396/3174/24 4749/3182/24 1871/2992/24 473/2979/24
f 2395/3173/24 4746/3178/24 4749/3182/24 2396/3174/24
f 2394/3172/24 4743/3175/24 4746/3178/24 2395/3173/24
f 4752/3191/24 4753/3192/24 4756/3193/24 4755/3194/24
f 4753/3192/24 4754/3195/24 4757/3196/24 4756/3193/24
f 4755/3194/24 4756/3193/24 4759/3197/24 4758/3198/24
f 4756/3193/24 4757/3196/24 4760/3199/24 4759/3197/24
f 460/3187/24 1832/3200/24 4752/3191/24 2397/3188/24
f 1832/3200/24 1831/3201/24 4753/3192/24 4752/3191/24
f 1831/3201/24 1830/3202/24 4754/3195/24 4753/3192/24
f 1830/3202/24 459/3203/24 2400/3204/24 4754/3195/24
f 4754/3195/24 2400/3204/24 2401/3205/24 4757/3196/24
f 4757/3196/24 2401/3205/24 2402/3206/24 4760/3199/24
f 4760/3199/24 2402/3206/24 471/3011/24 1866/3010/24
f 4759/3197/24 4760/3199/24 1866/3010/24 1867/3009/24
f 4758/3198/24 4759/3197/24 1867/3009/24 1868/3008/24
f 2399/3190/24 4758/3198/24 1868/3008/24 472/2995/24
f 2398/3189/24 4755/3194/24 4758/3198/24 2399/3190/24
f 2397/3188/24 4752/3191/24 4755/3194/24 2398/3189/24
f 4761/3207/24 4762/3208/24 4765/3209/24 4764/3210/24
f 4762/3208/24 4763/3211/24 4766/3212/24 4765/3209/24
f 4764/3210/24 4765/3209/24 4768/3213/24 4767/3214/24
f 4765/3209/24 4766/3212/24 4769/3215/24 4768/3213/24
f 459/3203/24 1829/3216/24 4761/3207/24 2400/3204/24
f 1829/3216/24 1828/3217/24 4762/3208/24 4761/3207/24
f 1828/3217/24 1827/3218/24 4763/3211/24 4762/3208/24
f 1827/3218/24 458/3219/24 2403/3220/24 4763/3211/24
f 4763/3211/24 2403/3220/24 2404/3221/24 4766/3212/24
f 4766/3212/24 2404/3221/24 2405/3222/24 4769/3215/24
f 4769/3215/24 2405/3222/24 470/3027/24 1863/3026/24
f 4768/3213/24 4769/3215/24 1863/3026/24 1864/3025/24
f 4767/3214/24 4768/3213/24 1864/3025/24 1865/3024/24
f 2402/3206/24 4767/3214/24 1865/3024/24 471/3011/24
f 2401/3205/24 4764/3210/24 4767/3214/24 2402/3206/24
f 2400/3204/24 4761/3207/24 4764/3210/24 2401/3205/24
f 4770/3223/24 4771/3224/24 4774/3225/24 4773/3226/24
f 4771/3224/24 4772/3227/24 4775/3228/24 4774/3225/24
f 4773/3226/24 4774/3225/24 4777/3229/24 4776/3230/24
f 4774/3225/24 4775/3228/24 4778/3231/24 4777/3229/24
f 458/3219/24 1826/3232/24 4770/3223/24 2403/3220/24
f 1826/3232/24 1825/3233/24 4771/3224/24 4770/3223/24
f 1825/3233/24 1824/3234/24 4772/3227/24 4771/3224/24
f 1824/3234/24 457/3235/24 2406/3236/24 4772/3227/24
f 4772/3227/24 2406/3236/24 2407/3237/24 4775/3228/24
f 4775/3228/24 2407/3237/24 2408/3238/24 4778/3231/24
f 4778/3231/24 2408/3238/24 469/3043/24 1860/3042/24
f 4777/3229/24 4778/3231/24 1860/3042/24 1861/3041/24
f 4776/3230/24 4777/3229/24 1861/3041/24 1862/3040/24
f 2405/3222/24 4776/3230/24 1862/3040/24 470/3027/24
f 2404/3221/24 4773/3226/24 4776/3230/24 2405/3222/24
f 2403/3220/24 4770/3223/24 4773/3226/24 2404/3221/24
f 4779/3239/24 4780/3240/24 4783/3241/24 4782/3242/24
f 4780/3240/24 4781/3243/24 4784/3244/24 4783/3241/24
f 4782/3242/24 4783/3241/24 4786/3245/24 4785/3246/24
f 4783/3241/24 4784/3244/24 4787/3247/24 4786/3245/24
f 457/3235/24 1823/3248/24 4779/3239/24 2406/3236/24
f 1823/3248/24 1822/3249/24 4780/3240/24 4779/3239/24
f 1822/3249/24 1821/3250/24 4781/3243/24 4780/3240/24
f 1821/3250/24 456/3251/24 2409/3252/24 4781/3243/24
f 4781/3243/24 2409/3252/24 2410/3253/24 4784/3244/24
f 4784/3244/24 2410/3253/24 2411/3254/24 4787/3247/24
f 4787/3247/24 2411/3254/24 468/3059/24 1857/3058/24
f 4786/3245/24 4787/3247/24 1857/3058/24 1858/3057/24
f 4785/3246/24 4786/3245/24 1858/3057/24 1859/3056/24
f 2408/3238/24 4785/3246/24 1859/3056/24 469/3043/24
f 2407/3237/24 4782/3242/24 4785/3246/24 2408/3238/24
f 2406/3236/24 4779/3239/24 4782/3242/24 2407/3237/24
f 4788/3255/24 4789/3256/24 4792/3257/24 4791/3258/24
f 4789/3256/24 4790/3259/24 4793/3260/24 4792/3257/24
f 4791/3258/24 4792/3257/24 4795/3261/24 4794/3262/24
f 4792/3257/24 4793/3260/24 4796/3263/24 4795/3261/24
f 456/3251/24 1820/3264/24 4788/3255/24 2409/3252/24
f 1820/3264/24 1819/3265/24 4789/3256/24 4788/3255/24
f 1819/3265/24 1818/3266/24 4790/3259/24 4789/3256/24
f 1818/3266/24 455/3267/24 2412/3268/24 4790/3259/24
f 4790/3259/24 2412/3268/24 2413/3269/24 4793/3260/24
f 4793/3260/24 2413/3269/24 2414/3270/24 4796/3263/24
f 4796/3263/24 2414/3270/24 467/3075/24 1854/3074/24
f 4795/3261/24 4796/3263/24 1854/3074/24 1855/3073/24
f 4794/3262/24 4795/3261/24 1855/3073/24 1856/3072/24
f 2411/3254/24 4794/3262/24 1856/3072/24 468/3059/24
f 2410/3253/24 4791/3258/24 4794/3262/24 2411/3254/24
f 2409/3252/24 4788/3255/24 4791/3258/24 2410/3253/24
f 4797/3271/24 4798/3272/24 4801/3273/24 4800/3274/24
f 4798/3272/24 4799/3275/24 4802/3276/24 4801/3273/24
f 4800/3274/24 4801/3273/24 4804/3277/24 4803/3278/24
f 4801/3273/24 4802/3276/24 4805/3279/24 4804/3277/24
f 455/3267/24 1817/3280/24 4797/3271/24 2412/3268/24
f 1817/3280/24 1816/3281/24 4798/3272/24 4797/3271/24
f 1816/3281/24 1815/3282/24 4799/3275/24 4798/3272/24
f 1815/3282/24 454/3283/24 2415/3284/24 4799/3275/24
f 4799/3275/24 2415/3284/24 2416/3285/24 4802/3276/24
f 4802/3276/24 2416/3285/24 2417/3286/24 4805/3279/24
f 4805/3279/24 2417/3286/24 466/3091/24 1851/3090/24
f 4804/3277/24 4805/3279/24 1851/3090/24 1852/3089/24
f 4803/3278/24 4804/3277/24 1852/3089/24 1853/3088/24
f 2414/3270/24 4803/3278/24 1853/3088/24 467/3075/24
f 2413/3269/24 4800/3274/24 4803/3278/24 2414/3270/24
f 2412/3268/24 4797/3271/24 4800/3274/24 2413/3269/24
f 4806/3287/24 4807/3288/24 4810/3289/24 4809/3290/24
f 4807/3288/24 4808/3291/24 4811/3292/24 4810/3289/24
f 4809/3290/24 4810/3289/24 4813/3293/24 4812/3294/24
f 4810/3289/24 4811/3292/24 4814/3295/24 4813/3293/24
f 454/3283/24 1814/3296/24 4806/3287/24 2415/3284/24
f 1814/3296/24 1813/3297/24 4807/3288/24 4806/3287/24
f 1813/3297/24 1812/3298/24 4808/3291/24 4807/3288/24
f 1812/3298/24 453/876/24 2418/890/24 4808/3291/24
f 4808/3291/24 2418/890/24 2419/901/24 4811/3292/24
f 4811/3292/24 2419/901/24 2420/899/24 4814/3295/24
f 4814/3295/24 2420/899/24 465/900/24 1848/3106/24
f 4813/3293/24 4814/3295/24 1848/3106/24 1849/3105/24
f 4812/3294/24 4813/3293/24 1849/3105/24 1850/3104/24
f 2417/3286/24 4812/3294/24 1850/3104/24 466/3091/24
f 2416/3285/24 4809/3290/24 4812/3294/24 2417/3286/24
f 2415/3284/24 4806/3287/24 4809/3290/24 2416/3285/24
f 4815/3299/351 4816/3300/351 4819/3301/351 4818/3302/351
f 4816/3303/352 4817/3304/352 4820/3305/352 4819/3306/352
f 4818/3302/351 4819/3301/351 4822/3307/351 4821/3308/351
f 4819/3306/352 4820/3305/352 4823/3309/352 4822/3310/352
f 129/1486/353 791/3311/353 4815/3299/353 612/1507/353
f 791/3311/351 790/3312/351 4816/3300/351 4815/3299/351
f 790/3313/352 789/3314/352 4817/3304/352 4816/3303/352
f 789/3314/354 452/3315/354 2421/3316/354 4817/3304/354
f 4817/3304/354 2421/3316/354 2422/3317/354 4820/3305/354
f 4820/3305/354 2422/3317/354 2423/3318/354 4823/3309/354
f 4823/3309/354 2423/3318/354 464/3123/354 792/3122/354
f 4822/3310/352 4823/3309/352 792/3122/352 793/3121/352
f 4821/3308/351 4822/3307/351 793/3120/351 794/3119/351
f 614/1504/353 4821/3308/353 794/3119/353 130/1502/353
f 613/1508/353 4818/3302/353 4821/3308/353 614/1504/353
f 612/1507/353 4815/3299/353 4818/3302/353 613/1508/353
f 4824/3319/24 4825/3320/24 4828/3321/24 4827/3322/24
f 4825/3320/24 4826/3323/24 4829/3324/24 4828/3321/24
f 4827/3322/24 4828/3321/24 4831/3325/24 4830/3326/24
f 4828/3321/24 4829/3324/24 4832/3327/24 4831/3325/24
f 452/3315/24 1808/3328/24 4824/3319/24 2421/3316/24
f 1808/3328/24 1807/3329/24 4825/3320/24 4824/3319/24
f 1807/3329/24 1806/3330/24 4826/3323/24 4825/3320/24
f 1806/3330/24 451/3331/24 2424/3332/24 4826/3323/24
f 4826/3323/24 2424/3332/24 2425/3333/24 4829/3324/24
f 4829/3324/24 2425/3333/24 2426/3334/24 4832/3327/24
f 4832/3327/24 2426/3334/24 463/3139/24 1842/3138/24
f 4831/3325/24 4832/3327/24 1842/3138/24 1843/3137/24
f 4830/3326/24 4831/3325/24 1843/3137/24 1844/3136/24
f 2423/3318/24 4830/3326/24 1844/3136/24 464/3123/24
f 2422/3317/24 4827/3322/24 4830/3326/24 2423/3318/24
f 2421/3316/24 4824/3319/24 4827/3322/24 2422/3317/24
f 4833/3335/24 4834/3336/24 4837/3337/24 4836/3338/24
f 4834/3336/24 4835/3339/24 4838/3340/24 4837/3337/24
f 4836/3338/24 4837/3337/24 4840/3341/24 4839/3342/24
f 4837/3337/24 4838/3340/24 4841/3343/24 4840/3341/24
f 451/3331/24 1805/3344/24 4833/3335/24 2424/3332/24
f 1805/3344/24 1804/3345/24 4834/3336/24 4833/3335/24
f 1804/3345/24 1803/3346/24 4835/3339/24 4834/3336/24
f 1803/3346/24 450/3347/24 2427/3348/24 4835/3339/24
f 4835/3339/24 2427/3348/24 2428/3349/24 4838/3340/24
f 4838/3340/24 2428/3349/24 2429/3350/24 4841/3343/24
f 4841/3343/24 2429/3350/24 462/3155/24 1839/3154/24
f 4840/3341/24 4841/3343/24 1839/3154/24 1840/3153/24
f 4839/3342/24 4840/3341/24 1840/3153/24 1841/3152/24
f 2426/3334/24 4839/3342/24 1841/3152/24 463/3139/24
f 2425/3333/24 4836/3338/24 4839/3342/24 2426/3334/24
f 2424/3332/24 4833/3335/24 4836/3338/24 2425/3333/24
f 4842/3351/24 4843/3352/24 4846/3353/24 4845/3354/24
f 4843/3352/24 4844/3355/24 4847/3356/24 4846/3353/24
f 4845/3354/24 4846/3353/24 4849/3357/24 4848/3358/24
f 4846/3353/24 4847/3356/24 4850/3359/24 4849/3357/24
f 450/3347/24 1802/3360/24 4842/3351/24 2427/3348/24
f 1802/3360/24 1801/3361/24 4843/3352/24 4842/3351/24
f 1801/3361/24 1800/3362/24 4844/3355/24 4843/3352/24
f 1800/3362/24 449/3363/24 2430/3364/24 4844/3355/24
f 4844/3355/24 2430/3364/24 2431/3365/24 4847/3356/24
f 4847/3356/24 2431/3365/24 2432/3366/24 4850/3359/24
f 4850/3359/24 2432/3366/24 461/3171/24 1836/3170/24
f 4849/3357/24 4850/3359/24 1836/3170/24 1837/3169/24
f 4848/3358/24 4849/3357/24 1837/3169/24 1838/3168/24
f 2429/3350/24 4848/3358/24 1838/3168/24 462/3155/24
f 2428/3349/24 4845/3354/24 4848/3358/24 2429/3350/24
f 2427/3348/24 4842/3351/24 4845/3354/24 2428/3349/24
f 4851/3367/24 4852/3368/24 4855/3369/24 4854/3370/24
f 4852/3368/24 4853/3371/24 4856/3372/24 4855/3369/24
f 4854/3370/24 4855/3369/24 4858/3373/24 4857/3374/24
f 4855/3369/24 4856/3372/24 4859/3375/24 4858/3373/24
f 449/3363/24 1799/3376/24 4851/3367/24 2430/3364/24
f 1799/3376/24 1798/3377/24 4852/3368/24 4851/3367/24
f 1798/3377/24 1797/3378/24 4853/3371/24 4852/3368/24
f 1797/3378/24 448/3379/24 2433/3380/24 4853/3371/24
f 4853/3371/24 2433/3380/24 2434/3381/24 4856/3372/24
f 4856/3372/24 2434/3381/24 2435/3382/24 4859/3375/24
f 4859/3375/24 2435/3382/24 460/3187/24 1833/3186/24
f 4858/3373/24 4859/3375/24 1833/3186/24 1834/3185/24
f 4857/3374/24 4858/3373/24 1834/3185/24 1835/3184/24
f 2432/3366/24 4857/3374/24 1835/3184/24 461/3171/24
f 2431/3365/24 4854/3370/24 4857/3374/24 2432/3366/24
f 2430/3364/24 4851/3367/24 4854/3370/24 2431/3365/24
f 4860/3383/24 4861/3384/24 4864/3385/24 4863/3386/24
f 4861/3384/24 4862/3387/24 4865/3388/24 4864/3385/24
f 4863/3386/24 4864/3385/24 4867/3389/24 4866/3390/24
f 4864/3385/24 4865/3388/24 4868/3391/24 4867/3389/24
f 448/3379/24 1796/3392/24 4860/3383/24 2433/3380/24
f 1796/3392/24 1795/3393/24 4861/3384/24 4860/3383/24
f 1795/3393/24 1794/3394/24 4862/3387/24 4861/3384/24
f 1794/3394/24 447/3395/24 2436/3396/24 4862/3387/24
f 4862/3387/24 2436/3396/24 2437/3397/24 4865/3388/24
f 4865/3388/24 2437/3397/24 2438/3398/24 4868/3391/24
f 4868/3391/24 2438/3398/24 459/3203/24 1830/3202/24
f 4867/3389/24 4868/3391/24 1830/3202/24 1831/3201/24
f 4866/3390/24 4867/3389/24 1831/3201/24 1832/3200/24
f 2435/3382/24 4866/3390/24 1832/3200/24 460/3187/24
f 2434/3381/24 4863/3386/24 4866/3390/24 2435/3382/24
f 2433/3380/24 4860/3383/24 4863/3386/24 2434/3381/24
f 4869/3399/24 4870/3400/24 4873/3401/24 4872/3402/24
f 4870/3400/24 4871/3403/24 4874/3404/24 4873/3401/24
f 4872/3402/24 4873/3401/24 4876/3405/24 4875/3406/24
f 4873/3401/24 4874/3404/24 4877/3407/24 4876/3405/24
f 447/3395/24 1793/3408/24 4869/3399/24 2436/3396/24
f 1793/3408/24 1792/3409/24 4870/3400/24 4869/3399/24
f 1792/3409/24 1791/3410/24 4871/3403/24 4870/3400/24
f 1791/3410/24 446/3411/24 2439/3412/24 4871/3403/24
f 4871/3403/24 2439/3412/24 2440/3413/24 4874/3404/24
f 4874/3404/24 2440/3413/24 2441/3414/24 4877/3407/24
f 4877/3407/24 2441/3414/24 458/3219/24 1827/3218/24
f 4876/3405/24 4877/3407/24 1827/3218/24 1828/3217/24
f 4875/3406/24 4876/3405/24 1828/3217/24 1829/3216/24
f 2438/3398/24 4875/3406/24 1829/3216/24 459/3203/24
f 2437/3397/24 4872/3402/24 4875/3406/24 2438/3398/24
f 2436/3396/24 4869/3399/24 4872/3402/24 2437/3397/24
f 4878/3415/24 4879/3416/24 4882/3417/24 4881/3418/24
f 4879/3416/24 4880/3419/24 4883/3420/24 4882/3417/24
f 4881/3418/24 4882/3417/24 4885/3421/24 4884/3422/24
f 4882/3417/24 4883/3420/24 4886/3423/24 4885/3421/24
f 446/3411/24 1790/3424/24 4878/3415/24 2439/3412/24
f 1790/3424/24 1789/3425/24 4879/3416/24 4878/3415/24
f 1789/3425/24 1788/3426/24 4880/3419/24 4879/3416/24
f 1788/3426/24 445/3427/24 2442/3428/24 4880/3419/24
f 4880/3419/24 2442/3428/24 2443/3429/24 4883/3420/24
f 4883/3420/24 2443/3429/24 2444/3430/24 4886/3423/24
f 4886/3423/24 2444/3430/24 457/3235/24 1824/3234/24
f 4885/3421/24 4886/3423/24 1824/3234/24 1825/3233/24
f 4884/3422/24 4885/3421/24 1825/3233/24 1826/3232/24
f 2441/3414/24 4884/3422/24 1826/3232/24 458/3219/24
f 2440/3413/24 4881/3418/24 4884/3422/24 2441/3414/24
f 2439/3412/24 4878/3415/24 4881/3418/24 2440/3413/24
f 4887/3431/24 4888/3432/24 4891/3433/24 4890/3434/24
f 4888/3432/24 4889/3435/24 4892/3436/24 4891/3433/24
f 4890/3434/24 4891/3433/24 4894/3437/24 4893/3438/24
f 4891/3433/24 4892/3436/24 4895/3439/24 4894/3437/24
f 445/3427/24 1787/3440/24 4887/3431/24 2442/3428/24
f 1787/3440/24 1786/3441/24 4888/3432/24 4887/3431/24
f 1786/3441/24 1785/3442/24 4889/3435/24 4888/3432/24
f 1785/3442/24 444/3443/24 2445/3444/24 4889/3435/24
f 4889/3435/24 2445/3444/24 2446/3445/24 4892/3436/24
f 4892/3436/24 2446/3445/24 2447/3446/24 4895/3439/24
f 4895/3439/24 2447/3446/24 456/3251/24 1821/3250/24
f 4894/3437/24 4895/3439/24 1821/3250/24 1822/3249/24
f 4893/3438/24 4894/3437/24 1822/3249/24 1823/3248/24
f 2444/3430/24 4893/3438/24 1823/3248/24 457/3235/24
f 2443/3429/24 4890/3434/24 4893/3438/24 2444/3430/24
f 2442/3428/24 4887/3431/24 4890/3434/24 2443/3429/24
f 4896/3447/24 4897/3448/24 4900/3449/24 4899/3450/24
f 4897/3448/24 4898/3451/24 4901/3452/24 4900/3449/24
f 4899/3450/24 4900/3449/24 4903/3453/24 4902/3454/24
f 4900/3449/24 4901/3452/24 4904/3455/24 4903/3453/24
f 444/3443/24 1784/3456/24 4896/3447/24 2445/3444/24
f 1784/3456/24 1783/3457/24 4897/3448/24 4896/3447/24
f 1783/3457/24 1782/3458/24 4898/3451/24 4897/3448/24
f 1782/3458/24 443/3459/24 2448/3460/24 4898/3451/24
f 4898/3451/24 2448/3460/24 2449/3461/24 4901/3452/24
f 4901/3452/24 2449/3461/24 2450/3462/24 4904/3455/24
f 4904/3455/24 2450/3462/24 455/3267/24 1818/3266/24
f 4903/3453/24 4904/3455/24 1818/3266/24 1819/3265/24
f 4902/3454/24 4903/3453/24 1819/3265/24 1820/3264/24
f 2447/3446/24 4902/3454/24 1820/3264/24 456/3251/24
f 2446/3445/24 4899/3450/24 4902/3454/24 2447/3446/24
f 2445/3444/24 4896/3447/24 4899/3450/24 2446/3445/24
f 4905/3463/24 4906/3464/24 4909/3465/24 4908/3466/24
f 4906/3464/24 4907/3467/24 4910/3468/24 4909/3465/24
f 4908/3466/24 4909/3465/24 4912/3469/24 4911/3470/24
f 4909/3465/24 4910/3468/24 4913/3471/24 4912/3469/24
f 443/3459/24 1781/3472/24 4905/3463/24 2448/3460/24
f 1781/3472/24 1780/3473/24 4906/3464/24 4905/3463/24
f 1780/3473/24 1779/3474/24 4907/3467/24 4906/3464/24
f 1779/3474/24 442/3475/24 2451/3476/24 4907/3467/24
f 4907/3467/24 2451/3476/24 2452/3477/24 4910/3468/24
f 4910/3468/24 2452/3477/24 2453/3478/24 4913/3471/24
f 4913/3471/24 2453/3478/24 454/3283/24 1815/3282/24
f 4912/3469/24 4913/3471/24 1815/3282/24 1816/3281/24
f 4911/3470/24 4912/3469/24 1816/3281/24 1817/3280/24
f 2450/3462/24 4911/3470/24 1817/3280/24 455/3267/24
f 2449/3461/24 4908/3466/24 4911/3470/24 2450/3462/24
f 2448/3460/24 4905/3463/24 4908/3466/24 2449/3461/24
f 4914/3479/24 4915/3480/24 4918/3481/24 4917/3482/24
f 4915/3480/24 4916/3483/24 4919/3484/24 4918/3481/24
f 4917/3482/24 4918/3481/24 4921/3485/24 4920/3486/24
f 4918/3481/24 4919/3484/24 4922/3487/24 4921/3485/24
f 442/3475/24 1778/3488/24 4914/3479/24 2451/3476/24
f 1778/3488/24 1777/3489/24 4915/3480/24 4914/3479/24
f 1777/3489/24 1776/3490/24 4916/3483/24 4915/3480/24
f 1776/3490/24 441/852/24 2454/866/24 4916/3483/24
f 4916/3483/24 2454/866/24 2455/877/24 4919/3484/24
f 4919/3484/24 2455/877/24 2456/875/24 4922/3487/24
f 4922/3487/24 2456/875/24 453/876/24 1812/3298/24
f 4921/3485/24 4922/3487/24 1812/3298/24 1813/3297/24
f 4920/3486/24 4921/3485/24 1813/3297/24 1814/3296/24
f 2453/3478/24 4920/3486/24 1814/3296/24 454/3283/24
f 2452/3477/24 4917/3482/24 4920/3486/24 2453/3478/24
f 2451/3476/24 4914/3479/24 4917/3482/24 2452/3477/24
f 4923/3491/351 4924/3492/351 4927/3493/351 4926/3494/351
f 4924/3495/352 4925/3496/352 4928/3497/352 4927/3498/352
f 4926/3494/351 4927/3493/351 4930/3499/351 4929/3500/351
f 4927/3498/352 4928/3497/352 4931/3501/352 4930/3502/352
f 128/1470/353 788/3503/353 4923/3491/353 609/1491/353
f 788/3503/351 787/3504/351 4924/3492/351 4923/3491/351
f 787/3505/352 786/3506/352 4925/3496/352 4924/3495/352
f 786/3506/354 440/3507/354 2457/3508/354 4925/3496/354
f 4925/3496/354 2457/3508/354 2458/3509/354 4928/3497/354
f 4928/3497/354 2458/3509/354 2459/3510/354 4931/3501/354
f 4931/3501/354 2459/3510/354 452/3315/354 789/3314/354
f 4930/3502/352 4931/3501/352 789/3314/352 790/3313/352
f 4929/3500/351 4930/3499/351 790/3312/351 791/3311/351
f 611/1488/353 4929/3500/353 791/3311/353 129/1486/353
f 610/1492/353 4926/3494/353 4929/3500/353 611/1488/353
f 609/1491/353 4923/3491/353 4926/3494/353 610/1492/353
f 4932/3511/24 4933/3512/24 4936/3513/24 4935/3514/24
f 4933/3512/24 4934/3515/24 4937/3516/24 4936/3513/24
f 4935/3514/24 4936/3513/24 4939/3517/24 4938/3518/24
f 4936/3513/24 4937/3516/24 4940/3519/24 4939/3517/24
f 440/3507/24 1772/3520/24 4932/3511/24 2457/3508/24
f 1772/3520/24 1771/3521/24 4933/3512/24 4932/3511/24
f 1771/3521/24 1770/3522/24 4934/3515/24 4933/3512/24
f 1770/3522/24 439/3523/24 2460/3524/24 4934/3515/24
f 4934/3515/24 2460/3524/24 2461/3525/24 4937/3516/24
f 4937/3516/24 2461/3525/24 2462/3526/24 4940/3519/24
f 4940/3519/24 2462/3526/24 451/3331/24 1806/3330/24
f 4939/3517/24 4940/3519/24 1806/3330/24 1807/3329/24
f 4938/3518/24 4939/3517/24 1807/3329/24 1808/3328/24
f 2459/3510/24 4938/3518/24 1808/3328/24 452/3315/24
f 2458/3509/24 4935/3514/24 4938/3518/24 2459/3510/24
f 2457/3508/24 4932/3511/24 4935/3514/24 2458/3509/24
f 4941/3527/24 4942/3528/24 4945/3529/24 4944/3530/24
f 4942/3528/24 4943/3531/24 4946/3532/24 4945/3529/24
f 4944/3530/24 4945/3529/24 4948/3533/24 4947/3534/24
f 4945/3529/24 4946/3532/24 4949/3535/24 4948/3533/24
f 439/3523/24 1769/3536/24 4941/3527/24 2460/3524/24
f 1769/3536/24 1768/3537/24 4942/3528/24 4941/3527/24
f 1768/3537/24 1767/3538/24 4943/3531/24 4942/3528/24
f 1767/3538/24 438/3539/24 2463/3540/24 4943/3531/24
f 4943/3531/24 2463/3540/24 2464/3541/24 4946/3532/24
f 4946/3532/24 2464/3541/24 2465/3542/24 4949/3535/24
f 4949/3535/24 2465/3542/24 450/3347/24 1803/3346/24
f 4948/3533/24 4949/3535/24 1803/3346/24 1804/3345/24
f 4947/3534/24 4948/3533/24 1804/3345/24 1805/3344/24
f 2462/3526/24 4947/3534/24 1805/3344/24 451/3331/24
f 2461/3525/24 4944/3530/24 4947/3534/24 2462/3526/24
f 2460/3524/24 4941/3527/24 4944/3530/24 2461/3525/24
f 4950/3543/24 4951/3544/24 4954/3545/24 4953/3546/24
f 4951/3544/24 4952/3547/24 4955/3548/24 4954/3545/24
f 4953/3546/24 4954/3545/24 4957/3549/24 4956/3550/24
f 4954/3545/24 4955/3548/24 4958/3551/24 4957/3549/24
f 438/3539/24 1766/3552/24 4950/3543/24 2463/3540/24
f 1766/3552/24 1765/3553/24 4951/3544/24 4950/3543/24
f 1765/3553/24 1764/3554/24 4952/3547/24 4951/3544/24
f 1764/3554/24 437/3555/24 2466/3556/24 4952/3547/24
f 4952/3547/24 2466/3556/24 2467/3557/24 4955/3548/24
f 4955/3548/24 2467/3557/24 2468/3558/24 4958/3551/24
f 4958/3551/24 2468/3558/24 449/3363/24 1800/3362/24
f 4957/3549/24 4958/3551/24 1800/3362/24 1801/3361/24
f 4956/3550/24 4957/3549/24 1801/3361/24 1802/3360/24
f 2465/3542/24 4956/3550/24 1802/3360/24 450/3347/24
f 2464/3541/24 4953/3546/24 4956/3550/24 2465/3542/24
f 2463/3540/24 4950/3543/24 4953/3546/24 2464/3541/24
f 4959/3559/24 4960/3560/24 4963/3561/24 4962/3562/24
f 4960/3560/24 4961/3563/24 4964/3564/24 4963/3561/24
f 4962/3562/24 4963/3561/24 4966/3565/24 4965/3566/24
f 4963/3561/24 4964/3564/24 4967/3567/24 4966/3565/24
f 437/3555/24 1763/3568/24 4959/3559/24 2466/3556/24
f 1763/3568/24 1762/3569/24 4960/3560/24 4959/3559/24
f 1762/3569/24 1761/3570/24 4961/3563/24 4960/3560/24
f 1761/3570/24 436/3571/24 2469/3572/24 4961/3563/24
f 4961/3563/24 2469/3572/24 2470/3573/24 4964/3564/24
f 4964/3564/24 2470/3573/24 2471/3574/24 4967/3567/24
f 4967/3567/24 2471/3574/24 448/3379/24 1797/3378/24
f 4966/3565/24 4967/3567/24 1797/3378/24 1798/3377/24
f 4965/3566/24 4966/3565/24 1798/3377/24 1799/3376/24
f 2468/3558/24 4965/3566/24 1799/3376/24 449/3363/24
f 2467/3557/24 4962/3562/24 4965/3566/24 2468/3558/24
f 2466/3556/24 4959/3559/24 4962/3562/24 2467/3557/24
f 4968/3575/24 4969/3576/24 4972/3577/24 4971/3578/24
f 4969/3576/24 4970/3579/24 4973/3580/24 4972/3577/24
f 4971/3578/24 4972/3577/24 4975/3581/24 4974/3582/24
f 4972/3577/24 4973/3580/24 4976/3583/24 4975/3581/24
f 436/3571/24 1760/3584/24 4968/3575/24 2469/3572/24
f 1760/3584/24 1759/3585/24 4969/3576/24 4968/3575/24
f 1759/3585/24 1758/3586/24 4970/3579/24 4969/3576/24
f 1758/3586/24 435/3587/24 2472/3588/24 4970/3579/24
f 4970/3579/24 2472/3588/24 2473/3589/24 4973/3580/24
f 4973/3580/24 2473/3589/24 2474/3590/24 4976/3583/24
f 4976/3583/24 2474/3590/24 447/3395/24 1794/3394/24
f 4975/3581/24 4976/3583/24 1794/3394/24 1795/3393/24
f 4974/3582/24 4975/3581/24 1795/3393/24 1796/3392/24
f 2471/3574/24 4974/3582/24 1796/3392/24 448/3379/24
f 2470/3573/24 4971/3578/24 4974/3582/24 2471/3574/24
f 2469/3572/24 4968/3575/24 4971/3578/24 2470/3573/24
f 4977/3591/24 4978/3592/24 4981/3593/24 4980/3594/24
f 4978/3592/24 4979/3595/24 4982/3596/24 4981/3593/24
f 4980/3594/24 4981/3593/24 4984/3597/24 4983/3598/24
f 4981/3593/24 4982/3596/24 4985/3599/24 4984/3597/24
f 435/3587/24 1757/3600/24 4977/3591/24 2472/3588/24
f 1757/3600/24 1756/3601/24 4978/3592/24 4977/3591/24
f 1756/3601/24 1755/3602/24 4979/3595/24 4978/3592/24
f 1755/3602/24 434/3603/24 2475/3604/24 4979/3595/24
f 4979/3595/24 2475/3604/24 2476/3605/24 4982/3596/24
f 4982/3596/24 2476/3605/24 2477/3606/24 4985/3599/24
f 4985/3599/24 2477/3606/24 446/3411/24 1791/3410/24
f 4984/3597/24 4985/3599/24 1791/3410/24 1792/3409/24
f 4983/3598/24 4984/3597/24 1792/3409/24 1793/3408/24
f 2474/3590/24 4983/3598/24 1793/3408/24 447/3395/24
f 2473/3589/24 4980/3594/24 4983/3598/24 2474/3590/24
f 2472/3588/24 4977/3591/24 4980/3594/24 2473/3589/24
f 4986/3607/24 4987/3608/24 4990/3609/24 4989/3610/24
f 4987/3608/24 4988/3611/24 4991/3612/24 4990/3609/24
f 4989/3610/24 4990/3609/24 4993/3613/24 4992/3614/24
f 4990/3609/24 4991/3612/24 4994/3615/24 4993/3613/24
f 434/3603/24 1754/3616/24 4986/3607/24 2475/3604/24
f 1754/3616/24 1753/3617/24 4987/3608/24 4986/3607/24
f 1753/3617/24 1752/3618/24 4988/3611/24 4987/3608/24
f 1752/3618/24 433/3619/24 2478/3620/24 4988/3611/24
f 4988/3611/24 2478/3620/24 2479/3621/24 4991/3612/24
f 4991/3612/24 2479/3621/24 2480/3622/24 4994/3615/24
f 4994/3615/24 2480/3622/24 445/3427/24 1788/3426/24
f 4993/3613/24 4994/3615/24 1788/3426/24 1789/3425/24
f 4992/3614/24 4993/3613/24 1789/3425/24 1790/3424/24
f 2477/3606/24 4992/3614/24 1790/3424/24 446/3411/24
f 2476/3605/24 4989/3610/24 4992/3614/24 2477/3606/24
f 2475/3604/24 4986/3607/24 4989/3610/24 2476/3605/24
f 4995/3623/24 4996/3624/24 4999/3625/24 4998/3626/24
f 4996/3624/24 4997/3627/24 5000/3628/24 4999/3625/24
f 4998/3626/24 4999/3625/24 5002/3629/24 5001/3630/24
f 4999/3625/24 5000/3628/24 5003/3631/24 5002/3629/24
f 433/3619/24 1751/3632/24 4995/3623/24 2478/3620/24
f 1751/3632/24 1750/3633/24 4996/3624/24 4995/3623/24
f 1750/3633/24 1749/3634/24 4997/3627/24 4996/3624/24
f 1749/3634/24 432/3635/24 2481/3636/24 4997/3627/24
f 4997/3627/24 2481/3636/24 2482/3637/24 5000/3628/24
f 5000/3628/24 2482/3637/24 2483/3638/24 5003/3631/24
f 5003/3631/24 2483/3638/24 444/3443/24 1785/3442/24
f 5002/3629/24 5003/3631/24 1785/3442/24 1786/3441/24
f 5001/3630/24 5002/3629/24 1786/3441/24 1787/3440/24
f 2480/3622/24 5001/3630/24 1787/3440/24 445/3427/24
f 2479/3621/24 4998/3626/24 5001/3630/24 2480/3622/24
f 2478/3620/24 4995/3623/24 4998/3626/24 2479/3621/24
f 5004/3639/24 5005/3640/24 5008/3641/24 5007/3642/24
f 5005/3640/24 5006/3643/24 5009/3644/24 5008/3641/24
f 5007/3642/24 5008/3641/24 5011/3645/24 5010/3646/24
f 5008/3641/24 5009/3644/24 5012/3647/24 5011/3645/24
f 432/3635/24 1748/3648/24 5004/3639/24 2481/3636/24
f 1748/3648/24 1747/3649/24 5005/3640/24 5004/3639/24
f 1747/3649/24 1746/3650/24 5006/3643/24 5005/3640/24
f 1746/3650/24 431/3651/24 2484/3652/24 5006/3643/24
f 5006/3643/24 2484/3652/24 2485/3653/24 5009/3644/24
f 5009/3644/24 2485/3653/24 2486/3654/24 5012/3647/24
f 5012/3647/24 2486/3654/24 443/3459/24 1782/3458/24
f 5011/3645/24 5012/3647/24 1782/3458/24 1783/3457/24
f 5010/3646/24 5011/3645/24 1783/3457/24 1784/3456/24
f 2483/3638/24 5010/3646/24 1784/3456/24 444/3443/24
f 2482/3637/24 5007/3642/24 5010/3646/24 2483/3638/24
f 2481/3636/24 5004/3639/24 5007/3642/24 2482/3637/24
f 5013/3655/24 5014/3656/24 5017/3657/24 5016/3658/24
f 5014/3656/24 5015/3659/24 5018/3660/24 5017/3657/24
f 5016/3658/24 5017/3657/24 5020/3661/24 5019/3662/24
f 5017/3657/24 5018/3660/24 5021/3663/24 5020/3661/24
f 431/3651/24 1745/3664/24 5013/3655/24 2484/3652/24
f 1745/3664/24 1744/3665/24 5014/3656/24 5013/3655/24
f 1744/3665/24 1743/3666/24 5015/3659/24 5014/3656/24
f 1743/3666/24 430/3667/24 2487/3668/24 5015/3659/24
f 5015/3659/24 2487/3668/24 2488/3669/24 5018/3660/24
f 5018/3660/24 2488/3669/24 2489/3670/24 5021/3663/24
f 5021/3663/24 2489/3670/24 442/3475/24 1779/3474/24
f 5020/3661/24 5021/3663/24 1779/3474/24 1780/3473/24
f 5019/3662/24 5020/3661/24 1780/3473/24 1781/3472/24
f 2486/3654/24 5019/3662/24 1781/3472/24 443/3459/24
f 2485/3653/24 5016/3658/24 5019/3662/24 2486/3654/24
f 2484/3652/24 5013/3655/24 5016/3658/24 2485/3653/24
f 5022/3671/24 5023/3672/24 5026/3673/24 5025/3674/24
f 5023/3672/24 5024/3675/24 5027/3676/24 5026/3673/24
f 5025/3674/24 5026/3673/24 5029/3677/24 5028/3678/24
f 5026/3673/24 5027/3676/24 5030/3679/24 5029/3677/24
f 430/3667/24 1742/3680/24 5022/3671/24 2487/3668/24
f 1742/3680/24 1741/3681/24 5023/3672/24 5022/3671/24
f 1741/3681/24 1740/3682/24 5024/3675/24 5023/3672/24
f 1740/3682/24 429/828/24 2490/842/24 5024/3675/24
f 5024/3675/24 2490/842/24 2491/853/24 5027/3676/24
f 5027/3676/24 2491/853/24 2492/851/24 5030/3679/24
f 5030/3679/24 2492/851/24 441/852/24 1776/3490/24
f 5029/3677/24 5030/3679/24 1776/3490/24 1777/3489/24
f 5028/3678/24 5029/3677/24 1777/3489/24 1778/3488/24
f 2489/3670/24 5028/3678/24 1778/3488/24 442/3475/24
f 2488/3669/24 5025/3674/24 5028/3678/24 2489/3670/24
f 2487/3668/24 5022/3671/24 5025/3674/24 2488/3669/24
f 5031/3683/351 5032/3684/351 5035/3685/351 5034/3686/351
f 5032/3687/352 5033/3688/352 5036/3689/352 5035/3690/352
f 5034/3686/351 5035/3685/351 5038/3691/351 5037/3692/351
f 5035/3690/352 5036/3689/352 5039/3693/352 5038/3694/352
f 127/1454/353 785/3695/353 5031/3683/353 606/1475/353
f 785/3695/351 784/3696/351 5032/3684/351 5031/3683/351
f 784/3697/352 783/3698/352 5033/3688/352 5032/3687/352
f 783/3698/354 428/3699/354 2493/3700/354 5033/3688/354
f 5033/3688/354 2493/3700/354 2494/3701/354 5036/3689/354
f 5036/3689/354 2494/3701/354 2495/3702/354 5039/3693/354
f 5039/3693/354 2495/3702/354 440/3507/354 786/3506/354
f 5038/3694/352 5039/3693/352 786/3506/352 787/3505/352
f 5037/3692/351 5038/3691/351 787/3504/351 788/3503/351
f 608/1472/353 5037/3692/353 788/3503/353 128/1470/353
f 607/1476/353 5034/3686/353 5037/3692/353 608/1472/353
f 606/1475/353 5031/3683/353 5034/3686/353 607/1476/353
f 5040/3703/24 5041/3704/24 5044/3705/24 5043/3706/24
f 5041/3704/24 5042/3707/24 5045/3708/24 5044/3705/24
f 5043/3706/24 5044/3705/24 5047/3709/24 5046/3710/24
f 5044/3705/24 5045/3708/24 5048/3711/24 5047/3709/24
f 428/3699/24 1736/3712/24 5040/3703/24 2493/3700/24
f 1736/3712/24 1735/3713/24 5041/3704/24 5040/3703/24
f 1735/3713/24 1734/3714/24 5042/3707/24 5041/3704/24
f 1734/3714/24 427/3715/24 2496/3716/24 5042/3707/24
f 5042/3707/24 2496/3716/24 2497/3717/24 5045/3708/24
f 5045/3708/24 2497/3717/24 2498/3718/24 5048/3711/24
f 5048/3711/24 2498/3718/24 439/3523/24 1770/3522/24
f 5047/3709/24 5048/3711/24 1770/3522/24 1771/3521/24
f 5046/3710/24 5047/3709/24 1771/3521/24 1772/3520/24
f 2495/3702/24 5046/3710/24 1772/3520/24 440/3507/24
f 2494/3701/24 5043/3706/24 5046/3710/24 2495/3702/24
f 2493/3700/24 5040/3703/24 5043/3706/24 2494/3701/24
f 5049/3719/24 5050/3720/24 5053/3721/24 5052/3722/24
f 5050/3720/24 5051/3723/24 5054/3724/24 5053/3721/24
f 5052/3722/24 5053/3721/24 5056/3725/24 5055/3726/24
f 5053/3721/24 5054/3724/24 5057/3727/24 5056/3725/24
f 427/3715/24 1733/3728/24 5049/3719/24 2496/3716/24
f 1733/3728/24 1732/3729/24 5050/3720/24 5049/3719/24
f 1732/3729/24 1731/3730/24 5051/3723/24 5050/3720/24
f 1731/3730/24 426/3731/24 2499/3732/24 5051/3723/24
f 5051/3723/24 2499/3732/24 2500/3733/24 5054/3724/24
f 5054/3724/24 2500/3733/24 2501/3734/24 5057/3727/24
f 5057/3727/24 2501/3734/24 438/3539/24 1767/3538/24
f 5056/3725/24 5057/3727/24 1767/3538/24 1768/3537/24
f 5055/3726/24 5056/3725/24 1768/3537/24 1769/3536/24
f 2498/3718/24 5055/3726/24 1769/3536/24 439/3523/24
f 2497/3717/24 5052/3722/24 5055/3726/24 2498/3718/24
f 2496/3716/24 5049/3719/24 5052/3722/24 2497/3717/24
f 5058/3735/24 5059/3736/24 5062/3737/24 5061/3738/24
f 5059/3736/24 5060/3739/24 5063/3740/24 5062/3737/24
f 5061/3738/24 5062/3737/24 5065/3741/24 5064/3742/24
f 5062/3737/24 5063/3740/24 5066/3743/24 5065/3741/24
f 426/3731/24 1730/3744/24 5058/3735/24 2499/3732/24
f 1730/3744/24 1729/3745/24 5059/3736/24 5058/3735/24
f 1729/3745/24 1728/3746/24 5060/3739/24 5059/3736/24
f 1728/3746/24 425/3747/24 2502/3748/24 5060/3739/24
f 5060/3739/24 2502/3748/24 2503/3749/24 5063/3740/24
f 5063/3740/24 2503/3749/24 2504/3750/24 5066/3743/24
f 5066/3743/24 2504/3750/24 437/3555/24 1764/3554/24
f 5065/3741/24 5066/3743/24 1764/3554/24 1765/3553/24
f 5064/3742/24 5065/3741/24 1765/3553/24 1766/3552/24
f 2501/3734/24 5064/3742/24 1766/3552/24 438/3539/24
f 2500/3733/24 5061/3738/24 5064/3742/24 2501/3734/24
f 2499/3732/24 5058/3735/24 5061/3738/24 2500/3733/24
f 5067/3751/24 5068/3752/24 5071/3753/24 5070/3754/24
f 5068/3752/24 5069/3755/24 5072/3756/24 5071/3753/24
f 5070/3754/24 5071/3753/24 5074/3757/24 5073/3758/24
f 5071/3753/24 5072/3756/24 5075/3759/24 5074/3757/24
f 425/3747/24 1727/3760/24 5067/3751/24 2502/3748/24
f 1727/3760/24 1726/3761/24 5068/3752/24 5067/3751/24
f 1726/3761/24 1725/3762/24 5069/3755/24 5068/3752/24
f 1725/3762/24 424/3763/24 2505/3764/24 5069/3755/24
f 5069/3755/24 2505/3764/24 2506/3765/24 5072/3756/24
f 5072/3756/24 2506/3765/24 2507/3766/24 5075/3759/24
f 5075/3759/24 2507/3766/24 436/3571/24 1761/3570/24
f 5074/3757/24 5075/3759/24 1761/3570/24 1762/3569/24
f 5073/3758/24 5074/3757/24 1762/3569/24 1763/3568/24
f 2504/3750/24 5073/3758/24 1763/3568/24 437/3555/24
f 2503/3749/24 5070/3754/24 5073/3758/24 2504/3750/24
f 2502/3748/24 5067/3751/24 5070/3754/24 2503/3749/24
f 5076/3767/24 5077/3768/24 5080/3769/24 5079/3770/24
f 5077/3768/24 5078/3771/24 5081/3772/24 5080/3769/24
f 5079/3770/24 5080/3769/24 5083/3773/24 5082/3774/24
f 5080/3769/24 5081/3772/24 5084/3775/24 5083/3773/24
f 424/3763/24 1724/3776/24 5076/3767/24 2505/3764/24
f 1724/3776/24 1723/3777/24 5077/3768/24 5076/3767/24
f 1723/3777/24 1722/3778/24 5078/3771/24 5077/3768/24
f 1722/3778/24 423/3779/24 2508/3780/24 5078/3771/24
f 5078/3771/24 2508/3780/24 2509/3781/24 5081/3772/24
f 5081/3772/24 2509/3781/24 2510/3782/24 5084/3775/24
f 5084/3775/24 2510/3782/24 435/3587/24 1758/3586/24
f 5083/3773/24 5084/3775/24 1758/3586/24 1759/3585/24
f 5082/3774/24 5083/3773/24 1759/3585/24 1760/3584/24
f 2507/3766/24 5082/3774/24 1760/3584/24 436/3571/24
f 2506/3765/24 5079/3770/24 5082/3774/24 2507/3766/24
f 2505/3764/24 5076/3767/24 5079/3770/24 2506/3765/24
f 5085/3783/24 5086/3784/24 5089/3785/24 5088/3786/24
f 5086/3784/24 5087/3787/24 5090/3788/24 5089/3785/24
f 5088/3786/24 5089/3785/24 5092/3789/24 5091/3790/24
f 5089/3785/24 5090/3788/24 5093/3791/24 5092/3789/24
f 423/3779/24 1721/3792/24 5085/3783/24 2508/3780/24
f 1721/3792/24 1720/3793/24 5086/3784/24 5085/3783/24
f 1720/3793/24 1719/3794/24 5087/3787/24 5086/3784/24
f 1719/3794/24 422/3795/24 2511/3796/24 5087/3787/24
f 5087/3787/24 2511/3796/24 2512/3797/24 5090/3788/24
f 5090/3788/24 2512/3797/24 2513/3798/24 5093/3791/24
f 5093/3791/24 2513/3798/24 434/3603/24 1755/3602/24
f 5092/3789/24 5093/3791/24 1755/3602/24 1756/3601/24
f 5091/3790/24 5092/3789/24 1756/3601/24 1757/3600/24
f 2510/3782/24 5091/3790/24 1757/3600/24 435/3587/24
f 2509/3781/24 5088/3786/24 5091/3790/24 2510/3782/24
f 2508/3780/24 5085/3783/24 5088/3786/24 2509/3781/24
f 5094/3799/24 5095/3800/24 5098/3801/24 5097/3802/24
f 5095/3800/24 5096/3803/24 5099/3804/24 5098/3801/24
f 5097/3802/24 5098/3801/24 5101/3805/24 5100/3806/24
f 5098/3801/24 5099/3804/24 5102/3807/24 5101/3805/24
f 422/3795/24 1718/3808/24 5094/3799/24 2511/3796/24
f 1718/3808/24 1717/3809/24 5095/3800/24 5094/3799/24
f 1717/3809/24 1716/3810/24 5096/3803/24 5095/3800/24
f 1716/3810/24 421/3811/24 2514/3812/24 5096/3803/24
f 5096/3803/24 2514/3812/24 2515/3813/24 5099/3804/24
f 5099/3804/24 2515/3813/24 2516/3814/24 5102/3807/24
f 5102/3807/24 2516/3814/24 433/3619/24 1752/3618/24
f 5101/3805/24 5102/3807/24 1752/3618/24 1753/3617/24
f 5100/3806/24 5101/3805/24 1753/3617/24 1754/3616/24
f 2513/3798/24 5100/3806/24 1754/3616/24 434/3603/24
f 2512/3797/24 5097/3802/24 5100/3806/24 2513/3798/24
f 2511/3796/24 5094/3799/24 5097/3802/24 2512/3797/24
f 5103/3815/24 5104/3816/24 5107/3817/24 5106/3818/24
f 5104/3816/24 5105/3819/24 5108/3820/24 5107/3817/24
f 5106/3818/24 5107/3817/24 5110/3821/24 5109/3822/24
f 5107/3817/24 5108/3820/24 5111/3823/24 5110/3821/24
f 421/3811/24 1715/3824/24 5103/3815/24 2514/3812/24
f 1715/3824/24 1714/3825/24 5104/3816/24 5103/3815/24
f 1714/3825/24 1713/3826/24 5105/3819/24 5104/3816/24
f 1713/3826/24 420/3827/24 2517/3828/24 5105/3819/24
f 5105/3819/24 2517/3828/24 2518/3829/24 5108/3820/24
f 5108/3820/24 2518/3829/24 2519/3830/24 5111/3823/24
f 5111/3823/24 2519/3830/24 432/3635/24 1749/3634/24
f 5110/3821/24 5111/3823/24 1749/3634/24 1750/3633/24
f 5109/3822/24 5110/3821/24 1750/3633/24 1751/3632/24
f 2516/3814/24 5109/3822/24 1751/3632/24 433/3619/24
f 2515/3813/24 5106/3818/24 5109/3822/24 2516/3814/24
f 2514/3812/24 5103/3815/24 5106/3818/24 2515/3813/24
f 5112/3831/24 5113/3832/24 5116/3833/24 5115/3834/24
f 5113/3832/24 5114/3835/24 5117/3836/24 5116/3833/24
f 5115/3834/24 5116/3833/24 5119/3837/24 5118/3838/24
f 5116/3833/24 5117/3836/24 5120/3839/24 5119/3837/24
f 420/3827/24 1712/3840/24 5112/3831/24 2517/3828/24
f 1712/3840/24 1711/3841/24 5113/3832/24 5112/3831/24
f 1711/3841/24 1710/3842/24 5114/3835/24 5113/3832/24
f 1710/3842/24 419/3843/24 2520/3844/24 5114/3835/24
f 5114/3835/24 2520/3844/24 2521/3845/24 5117/3836/24
f 5117/3836/24 2521/3845/24 2522/3846/24 5120/3839/24
f 5120/3839/24 2522/3846/24 431/3651/24 1746/3650/24
f 5119/3837/24 5120/3839/24 1746/3650/24 1747/3649/24
f 5118/3838/24 5119/3837/24 1747/3649/24 1748/3648/24
f 2519/3830/24 5118/3838/24 1748/3648/24 432/3635/24
f 2518/3829/24 5115/3834/24 5118/3838/24 2519/3830/24
f 2517/3828/24 5112/3831/24 5115/3834/24 2518/3829/24
f 5121/3847/24 5122/3848/24 5125/3849/24 5124/3850/24
f 5122/3848/24 5123/3851/24 5126/3852/24 5125/3849/24
f 5124/3850/24 5125/3849/24 5128/3853/24 5127/3854/24
f 5125/3849/24 5126/3852/24 5129/3855/24 5128/3853/24
f 419/3843/24 1709/3856/24 5121/3847/24 2520/3844/24
f 1709/3856/24 1708/3857/24 5122/3848/24 5121/3847/24
f 1708/3857/24 1707/3858/24 5123/3851/24 5122/3848/24
f 1707/3858/24 418/3859/24 2523/3860/24 5123/3851/24
f 5123/3851/24 2523/3860/24 2524/3861/24 5126/3852/24
f 5126/3852/24 2524/3861/24 2525/3862/24 5129/3855/24
f 5129/3855/24 2525/3862/24 430/3667/24 1743/3666/24
f 5128/3853/24 5129/3855/24 1743/3666/24 1744/3665/24
f 5127/3854/24 5128/3853/24 1744/3665/24 1745/3664/24
f 2522/3846/24 5127/3854/24 1745/3664/24 431/3651/24
f 2521/3845/24 5124/3850/24 5127/3854/24 2522/3846/24
f 2520/3844/24 5121/3847/24 5124/3850/24 2521/3845/24
f 5130/3863/24 5131/3864/24 5134/3865/24 5133/3866/24
f 5131/3864/24 5132/3867/24 5135/3868/24 5134/3865/24
f 5133/3866/24 5134/3865/24 5137/3869/24 5136/3870/24
f 5134/3865/24 5135/3868/24 5138/3871/24 5137/3869/24
f 418/3859/24 1706/3872/24 5130/3863/24 2523/3860/24
f 1706/3872/24 1705/3873/24 5131/3864/24 5130/3863/24
f 1705/3873/24 1704/3874/24 5132/3867/24 5131/3864/24
f 1704/3874/24 417/804/24 2526/818/24 5132/3867/24
f 5132/3867/24 2526/818/24 2527/829/24 5135/3868/24
f 5135/3868/24 2527/829/24 2528/827/24 5138/3871/24
f 5138/3871/24 2528/827/24 429/828/24 1740/3682/24
f 5137/3869/24 5138/3871/24 1740/3682/24 1741/3681/24
f 5136/3870/24 5137/3869/24 1741/3681/24 1742/3680/24
f 2525/3862/24 5136/3870/24 1742/3680/24 430/3667/24
f 2524/3861/24 5133/3866/24 5136/3870/24 2525/3862/24
f 2523/3860/24 5130/3863/24 5133/3866/24 2524/3861/24
f 5139/3875/351 5140/3876/351 5143/3877/351 5142/3878/351
f 5140/3879/352 5141/3880/352 5144/3881/352 5143/3882/352
f 5142/3878/351 5143/3877/351 5146/3883/351 5145/3884/351
f 5143/3882/352 5144/3881/352 5147/3885/352 5146/3886/352
f 126/1434/353 782/3887/353 5139/3875/353 603/1459/353
f 782/3887/351 781/3888/351 5140/3876/351 5139/3875/351
f 781/3889/352 780/3890/352 5141/3880/352 5140/3879/352
f 780/3890/354 416/3891/354 2529/3892/354 5141/3880/354
f 5141/3880/354 2529/3892/354 2530/3893/354 5144/3881/354
f 5144/3881/354 2530/3893/354 2531/3894/354 5147/3885/354
f 5147/3885/354 2531/3894/354 428/3699/354 783/3698/354
f 5146/3886/352 5147/3885/352 783/3698/352 784/3697/352
f 5145/3884/351 5146/3883/351 784/3696/351 785/3695/351
f 605/1456/353 5145/3884/353 785/3695/353 127/1454/353
f 604/1460/353 5142/3878/353 5145/3884/353 605/1456/353
f 603/1459/353 5139/3875/353 5142/3878/353 604/1460/353
f 5148/3895/24 5149/3896/24 5152/3897/24 5151/3898/24
f 5149/3896/24 5150/3899/24 5153/3900/24 5152/3897/24
f 5151/3898/24 5152/3897/24 5155/3901/24 5154/3902/24
f 5152/3897/24 5153/3900/24 5156/3903/24 5155/3901/24
f 416/3891/24 1700/3904/24 5148/3895/24 2529/3892/24
f 1700/3904/24 1699/3905/24 5149/3896/24 5148/3895/24
f 1699/3905/24 1698/3906/24 5150/3899/24 5149/3896/24
f 1698/3906/24 415/3907/24 2532/3908/24 5150/3899/24
f 5150/3899/24 2532/3908/24 2533/3909/24 5153/3900/24
f 5153/3900/24 2533/3909/24 2534/3910/24 5156/3903/24
f 5156/3903/24 2534/3910/24 427/3715/24 1734/3714/24
f 5155/3901/24 5156/3903/24 1734/3714/24 1735/3713/24
f 5154/3902/24 5155/3901/24 1735/3713/24 1736/3712/24
f 2531/3894/24 5154/3902/24 1736/3712/24 428/3699/24
f 2530/3893/24 5151/3898/24 5154/3902/24 2531/3894/24
f 2529/3892/24 5148/3895/24 5151/3898/24 2530/3893/24
f 5157/3911/24 5158/3912/24 5161/3913/24 5160/3914/24
f 5158/3912/24 5159/3915/24 5162/3916/24 5161/3913/24
f 5160/3914/24 5161/3913/24 5164/3917/24 5163/3918/24
f 5161/3913/24 5162/3916/24 5165/3919/24 5164/3917/24
f 415/3907/24 1697/3920/24 5157/3911/24 2532/3908/24
f 1697/3920/24 1696/3921/24 5158/3912/24 5157/3911/24
f 1696/3921/24 1695/3922/24 5159/3915/24 5158/3912/24
f 1695/3922/24 414/3923/24 2535/3924/24 5159/3915/24
f 5159/3915/24 2535/3924/24 2536/3925/24 5162/3916/24
f 5162/3916/24 2536/3925/24 2537/3926/24 5165/3919/24
f 5165/3919/24 2537/3926/24 426/3731/24 1731/3730/24
f 5164/3917/24 5165/3919/24 1731/3730/24 1732/3729/24
f 5163/3918/24 5164/3917/24 1732/3729/24 1733/3728/24
f 2534/3910/24 5163/3918/24 1733/3728/24 427/3715/24
f 2533/3909/24 5160/3914/24 5163/3918/24 2534/3910/24
f 2532/3908/24 5157/3911/24 5160/3914/24 2533/3909/24
f 5166/3927/24 5167/3928/24 5170/3929/24 5169/3930/24
f 5167/3928/24 5168/3931/24 5171/3932/24 5170/3929/24
f 5169/3930/24 5170/3929/24 5173/3933/24 5172/3934/24
f 5170/3929/24 5171/3932/24 5174/3935/24 5173/3933/24
f 414/3923/24 1694/3936/24 5166/3927/24 2535/3924/24
f 1694/3936/24 1693/3937/24 5167/3928/24 5166/3927/24
f 1693/3937/24 1692/3938/24 5168/3931/24 5167/3928/24
f 1692/3938/24 413/3939/24 2538/3940/24 5168/3931/24
f 5168/3931/24 2538/3940/24 2539/3941/24 5171/3932/24
f 5171/3932/24 2539/3941/24 2540/3942/24 5174/3935/24
f 5174/3935/24 2540/3942/24 425/3747/24 1728/3746/24
f 5173/3933/24 5174/3935/24 1728/3746/24 1729/3745/24
f 5172/3934/24 5173/3933/24 1729/3745/24 1730/3744/24
f 2537/3926/24 5172/3934/24 1730/3744/24 426/3731/24
f 2536/3925/24 5169/3930/24 5172/3934/24 2537/3926/24
f 2535/3924/24 5166/3927/24 5169/3930/24 2536/3925/24
f 5175/3943/24 5176/3944/24 5179/3945/24 5178/3946/24
f 5176/3944/24 5177/3947/24 5180/3948/24 5179/3945/24
f 5178/3946/24 5179/3945/24 5182/3949/24 5181/3950/24
f 5179/3945/24 5180/3948/24 5183/3951/24 5182/3949/24
f 413/3939/24 1691/3952/24 5175/3943/24 2538/3940/24
f 1691/3952/24 1690/3953/24 5176/3944/24 5175/3943/24
f 1690/3953/24 1689/3954/24 5177/3947/24 5176/3944/24
f 1689/3954/24 412/3955/24 2541/3956/24 5177/3947/24
f 5177/3947/24 2541/3956/24 2542/3957/24 5180/3948/24
f 5180/3948/24 2542/3957/24 2543/3958/24 5183/3951/24
f 5183/3951/24 2543/3958/24 424/3763/24 1725/3762/24
f 5182/3949/24 5183/3951/24 1725/3762/24 1726/3761/24
f 5181/3950/24 5182/3949/24 1726/3761/24 1727/3760/24
f 2540/3942/24 5181/3950/24 1727/3760/24 425/3747/24
f 2539/3941/24 5178/3946/24 5181/3950/24 2540/3942/24
f 2538/3940/24 5175/3943/24 5178/3946/24 2539/3941/24
f 5184/3959/24 5185/3960/24 5188/3961/24 5187/3962/24
f 5185/3960/24 5186/3963/24 5189/3964/24 5188/3961/24
f 5187/3962/24 5188/3961/24 5191/3965/24 5190/3966/24
f 5188/3961/24 5189/3964/24 5192/3967/24 5191/3965/24
f 412/3955/24 1688/3968/24 5184/3959/24 2541/3956/24
f 1688/3968/24 1687/3969/24 5185/3960/24 5184/3959/24
f 1687/3969/24 1686/3970/24 5186/3963/24 5185/3960/24
f 1686/3970/24 411/3971/24 2544/3972/24 5186/3963/24
f 5186/3963/24 2544/3972/24 2545/3973/24 5189/3964/24
f 5189/3964/24 2545/3973/24 2546/3974/24 5192/3967/24
f 5192/3967/24 2546/3974/24 423/3779/24 1722/3778/24
f 5191/3965/24 5192/3967/24 1722/3778/24 1723/3777/24
f 5190/3966/24 5191/3965/24 1723/3777/24 1724/3776/24
f 2543/3958/24 5190/3966/24 1724/3776/24 424/3763/24
f 2542/3957/24 5187/3962/24 5190/3966/24 2543/3958/24
f 2541/3956/24 5184/3959/24 5187/3962/24 2542/3957/24
f 5193/3975/24 5194/3976/24 5197/3977/24 5196/3978/24
f 5194/3976/24 5195/3979/24 5198/3980/24 5197/3977/24
f 5196/3978/24 5197/3977/24 5200/3981/24 5199/3982/24
f 5197/3977/24 5198/3980/24 5201/3983/24 5200/3981/24
f 411/3971/24 1685/3984/24 5193/3975/24 2544/3972/24
f 1685/3984/24 1684/3985/24 5194/3976/24 5193/3975/24
f 1684/3985/24 1683/3986/24 5195/3979/24 5194/3976/24
f 1683/3986/24 410/3987/24 2547/3988/24 5195/3979/24
f 5195/3979/24 2547/3988/24 2548/3989/24 5198/3980/24
f 5198/3980/24 2548/3989/24 2549/3990/24 5201/3983/24
f 5201/3983/24 2549/3990/24 422/3795/24 1719/3794/24
f 5200/3981/24 5201/3983/24 1719/3794/24 1720/3793/24
f 5199/3982/24 5200/3981/24 1720/3793/24 1721/3792/24
f 2546/3974/24 5199/3982/24 1721/3792/24 423/3779/24
f 2545/3973/24 5196/3978/24 5199/3982/24 2546/3974/24
f 2544/3972/24 5193/3975/24 5196/3978/24 2545/3973/24
f 5202/3991/24 5203/3992/24 5206/3993/24 5205/3994/24
f 5203/3992/24 5204/3995/24 5207/3996/24 5206/3993/24
f 5205/3994/24 5206/3993/24 5209/3997/24 5208/3998/24
f 5206/3993/24 5207/3996/24 5210/3999/24 5209/3997/24
f 410/3987/24 1682/4000/24 5202/3991/24 2547/3988/24
f 1682/4000/24 1681/4001/24 5203/3992/24 5202/3991/24
f 1681/4001/24 1680/4002/24 5204/3995/24 5203/3992/24
f 1680/4002/24 409/4003/24 2550/4004/24 5204/3995/24
f 5204/3995/24 2550/4004/24 2551/4005/24 5207/3996/24
f 5207/3996/24 2551/4005/24 2552/4006/24 5210/3999/24
f 5210/3999/24 2552/4006/24 421/3811/24 1716/3810/24
f 5209/3997/24 5210/3999/24 1716/3810/24 1717/3809/24
f 5208/3998/24 5209/3997/24 1717/3809/24 1718/3808/24
f 2549/3990/24 5208/3998/24 1718/3808/24 422/3795/24
f 2548/3989/24 5205/3994/24 5208/3998/24 2549/3990/24
f 2547/3988/24 5202/3991/24 5205/3994/24 2548/3989/24
f 5211/4007/24 5212/4008/24 5215/4009/24 5214/4010/24
f 5212/4008/24 5213/4011/24 5216/4012/24 5215/4009/24
f 5214/4010/24 5215/4009/24 5218/4013/24 5217/4014/24
f 5215/4009/24 5216/4012/24 5219/4015/24 5218/4013/24
f 409/4003/24 1679/4016/24 5211/4007/24 2550/4004/24
f 1679/4016/24 1678/4017/24 5212/4008/24 5211/4007/24
f 1678/4017/24 1677/4018/24 5213/4011/24 5212/4008/24
f 1677/4018/24 408/4019/24 2553/4020/24 5213/4011/24
f 5213/4011/24 2553/4020/24 2554/4021/24 5216/4012/24
f 5216/4012/24 2554/4021/24 2555/4022/24 5219/4015/24
f 5219/4015/24 2555/4022/24 420/3827/24 1713/3826/24
f 5218/4013/24 5219/4015/24 1713/3826/24 1714/3825/24
f 5217/4014/24 5218/4013/24 1714/3825/24 1715/3824/24
f 2552/4006/24 5217/4014/24 1715/3824/24 421/3811/24
f 2551/4005/24 5214/4010/24 5217/4014/24 2552/4006/24
f 2550/4004/24 5211/4007/24 5214/4010/24 2551/4005/24
f 5220/4023/24 5221/4024/24 5224/4025/24 5223/4026/24
f 5221/4024/24 5222/4027/24 5225/4028/24 5224/4025/24
f 5223/4026/24 5224/4025/24 5227/4029/24 5226/4030/24
f 5224/4025/24 5225/4028/24 5228/4031/24 5227/4029/24
f 408/4019/24 1676/4032/24 5220/4023/24 2553/4020/24
f 1676/4032/24 1675/4033/24 5221/4024/24 5220/4023/24
f 1675/4033/24 1674/4034/24 5222/4027/24 5221/4024/24
f 1674/4034/24 407/4035/24 2556/4036/24 5222/4027/24
f 5222/4027/24 2556/4036/24 2557/4037/24 5225/4028/24
f 5225/4028/24 2557/4037/24 2558/4038/24 5228/4031/24
f 5228/4031/24 2558/4038/24 419/3843/24 1710/3842/24
f 5227/4029/24 5228/4031/24 1710/3842/24 1711/3841/24
f 5226/4030/24 5227/4029/24 1711/3841/24 1712/3840/24
f 2555/4022/24 5226/4030/24 1712/3840/24 420/3827/24
f 2554/4021/24 5223/4026/24 5226/4030/24 2555/4022/24
f 2553/4020/24 5220/4023/24 5223/4026/24 2554/4021/24
f 5229/4039/24 5230/4040/24 5233/4041/24 5232/4042/24
f 5230/4040/24 5231/4043/24 5234/4044/24 5233/4041/24
f 5232/4042/24 5233/4041/24 5236/4045/24 5235/4046/24
f 5233/4041/24 5234/4044/24 5237/4047/24 5236/4045/24
f 407/4035/24 1673/4048/24 5229/4039/24 2556/4036/24
f 1673/4048/24 1672/4049/24 5230/4040/24 5229/4039/24
f 1672/4049/24 1671/4050/24 5231/4043/24 5230/4040/24
f 1671/4050/24 406/4051/24 2559/4052/24 5231/4043/24
f 5231/4043/24 2559/4052/24 2560/4053/24 5234/4044/24
f 5234/4044/24 2560/4053/24 2561/4054/24 5237/4047/24
f 5237/4047/24 2561/4054/24 418/3859/24 1707/3858/24
f 5236/4045/24 5237/4047/24 1707/3858/24 1708/3857/24
f 5235/4046/24 5236/4045/24 1708/3857/24 1709/3856/24
f 2558/4038/24 5235/4046/24 1709/3856/24 419/3843/24
f 2557/4037/24 5232/4042/24 5235/4046/24 2558/4038/24
f 2556/4036/24 5229/4039/24 5232/4042/24 2557/4037/24
f 5238/4055/24 5239/4056/24 5242/4057/24 5241/4058/24
f 5239/4056/24 5240/4059/24 5243/4060/24 5242/4057/24
f 5241/4058/24 5242/4057/24 5245/4061/24 5244/4062/24
f 5242/4057/24 5243/4060/24 5246/4063/24 5245/4061/24
f 406/4051/24 1670/4064/24 5238/4055/24 2559/4052/24
f 1670/4064/24 1669/4065/24 5239/4056/24 5238/4055/24
f 1669/4065/24 1668/4066/24 5240/4059/24 5239/4056/24
f 1668/4066/24 405/780/24 2562/794/24 5240/4059/24
f 5240/4059/24 2562/794/24 2563/805/24 5243/4060/24
f 5243/4060/24 2563/805/24 2564/803/24 5246/4063/24
f 5246/4063/24 2564/803/24 417/804/24 1704/3874/24
f 5245/4061/24 5246/4063/24 1704/3874/24 1705/3873/24
f 5244/4062/24 5245/4061/24 1705/3873/24 1706/3872/24
f 2561/4054/24 5244/4062/24 1706/3872/24 418/3859/24
f 2560/4053/24 5241/4058/24 5244/4062/24 2561/4054/24
f 2559/4052/24 5238/4055/24 5241/4058/24 2560/4053/24
f 5247/4067/351 5248/4068/351 5251/4069/351 5250/4070/351
f 5248/4071/352 5249/4072/352 5252/4073/352 5251/4074/352
f 5250/4070/351 5251/4069/351 5254/4075/351 5253/4076/351
f 5251/4074/352 5252/4073/352 5255/4077/352 5254/4078/352
f 125/1443/353 779/4079/353 5247/4067/353 600/1442/353
f 779/4079/351 778/4080/351 5248/4068/351 5247/4067/351
f 778/4081/352 777/4082/352 5249/4072/352 5248/4071/352
f 777/4082/354 404/4083/354 2565/4084/354 5249/4072/354
f 5249/4072/354 2565/4084/354 2566/4085/354 5252/4073/354
f 5252/4073/354 2566/4085/354 2567/4086/354 5255/4077/354
f 5255/4077/354 2567/4086/354 416/3891/354 780/3890/354
f 5254/4078/352 5255/4077/352 780/3890/352 781/3889/352
f 5253/4076/351 5254/4075/351 781/3888/351 782/3887/351
f 602/1436/353 5253/4076/353 782/3887/353 126/1434/353
f 601/1444/353 5250/4070/353 5253/4076/353 602/1436/353
f 600/1442/353 5247/4067/353 5250/4070/353 601/1444/353
f 5256/4087/24 5257/4088/24 5260/4089/24 5259/4090/24
f 5257/4088/24 5258/4091/24 5261/4092/24 5260/4089/24
f 5259/4090/24 5260/4089/24 5263/4093/24 5262/4094/24
f 5260/4089/24 5261/4092/24 5264/4095/24 5263/4093/24
f 404/4083/24 1664/4096/24 5256/4087/24 2565/4084/24
f 1664/4096/24 1663/4097/24 5257/4088/24 5256/4087/24
f 1663/4097/24 1662/4098/24 5258/4091/24 5257/4088/24
f 1662/4098/24 403/4099/24 2568/4100/24 5258/4091/24
f 5258/4091/24 2568/4100/24 2569/4101/24 5261/4092/24
f 5261/4092/24 2569/4101/24 2570/4102/24 5264/4095/24
f 5264/4095/24 2570/4102/24 415/3907/24 1698/3906/24
f 5263/4093/24 5264/4095/24 1698/3906/24 1699/3905/24
f 5262/4094/24 5263/4093/24 1699/3905/24 1700/3904/24
f 2567/4086/24 5262/4094/24 1700/3904/24 416/3891/24
f 2566/4085/24 5259/4090/24 5262/4094/24 2567/4086/24
f 2565/4084/24 5256/4087/24 5259/4090/24 2566/4085/24
f 5265/4103/24 5266/4104/24 5269/4105/24 5268/4106/24
f 5266/4104/24 5267/4107/24 5270/4108/24 5269/4105/24
f 5268/4106/24 5269/4105/24 5272/4109/24 5271/4110/24
f 5269/4105/24 5270/4108/24 5273/4111/24 5272/4109/24
f 403/4099/24 1661/4112/24 5265/4103/24 2568/4100/24
f 1661/4112/24 1660/4113/24 5266/4104/24 5265/4103/24
f 1660/4113/24 1659/4114/24 5267/4107/24 5266/4104/24
f 1659/4114/24 402/4115/24 2571/4116/24 5267/4107/24
f 5267/4107/24 2571/4116/24 2572/4117/24 5270/4108/24
f 5270/4108/24 2572/4117/24 2573/4118/24 5273/4111/24
f 5273/4111/24 2573/4118/24 414/3923/24 1695/3922/24
f 5272/4109/24 5273/4111/24 1695/3922/24 1696/3921/24
f 5271/4110/24 5272/4109/24 1696/3921/24 1697/3920/24
f 2570/4102/24 5271/4110/24 1697/3920/24 415/3907/24
f 2569/4101/24 5268/4106/24 5271/4110/24 2570/4102/24
f 2568/4100/24 5265/4103/24 5268/4106/24 2569/4101/24
f 5274/4119/24 5275/4120/24 5278/4121/24 5277/4122/24
f 5275/4120/24 5276/4123/24 5279/4124/24 5278/4121/24
f 5277/4122/24 5278/4121/24 5281/4125/24 5280/4126/24
f 5278/4121/24 5279/4124/24 5282/4127/24 5281/4125/24
f 402/4115/24 1658/4128/24 5274/4119/24 2571/4116/24
f 1658/4128/24 1657/4129/24 5275/4120/24 5274/4119/24
f 1657/4129/24 1656/4130/24 5276/4123/24 5275/4120/24
f 1656/4130/24 401/4131/24 2574/4132/24 5276/4123/24
f 5276/4123/24 2574/4132/24 2575/4133/24 5279/4124/24
f 5279/4124/24 2575/4133/24 2576/4134/24 5282/4127/24
f 5282/4127/24 2576/4134/24 413/3939/24 1692/3938/24
f 5281/4125/24 5282/4127/24 1692/3938/24 1693/3937/24
f 5280/4126/24 5281/4125/24 1693/3937/24 1694/3936/24
f 2573/4118/24 5280/4126/24 1694/3936/24 414/3923/24
f 2572/4117/24 5277/4122/24 5280/4126/24 2573/4118/24
f 2571/4116/24 5274/4119/24 5277/4122/24 2572/4117/24
f 5283/4135/24 5284/4136/24 5287/4137/24 5286/4138/24
f 5284/4136/24 5285/4139/24 5288/4140/24 5287/4137/24
f 5286/4138/24 5287/4137/24 5290/4141/24 5289/4142/24
f 5287/4137/24 5288/4140/24 5291/4143/24 5290/4141/24
f 401/4131/24 1655/4144/24 5283/4135/24 2574/4132/24
f 1655/4144/24 1654/4145/24 5284/4136/24 5283/4135/24
f 1654/4145/24 1653/4146/24 5285/4139/24 5284/4136/24
f 1653/4146/24 400/4147/24 2577/4148/24 5285/4139/24
f 5285/4139/24 2577/4148/24 2578/4149/24 5288/4140/24
f 5288/4140/24 2578/4149/24 2579/4150/24 5291/4143/24
f 5291/4143/24 2579/4150/24 412/3955/24 1689/3954/24
f 5290/4141/24 5291/4143/24 1689/3954/24 1690/3953/24
f 5289/4142/24 5290/4141/24 1690/3953/24 1691/3952/24
f 2576/4134/24 5289/4142/24 1691/3952/24 413/3939/24
f 2575/4133/24 5286/4138/24 5289/4142/24 2576/4134/24
f 2574/4132/24 5283/4135/24 5286/4138/24 2575/4133/24
f 5292/4151/24 5293/4152/24 5296/4153/24 5295/4154/24
f 5293/4152/24 5294/4155/24 5297/4156/24 5296/4153/24
f 5295/4154/24 5296/4153/24 5299/4157/24 5298/4158/24
f 5296/4153/24 5297/4156/24 5300/4159/24 5299/4157/24
f 400/4147/24 1652/4160/24 5292/4151/24 2577/4148/24
f 1652/4160/24 1651/4161/24 5293/4152/24 5292/4151/24
f 1651/4161/24 1650/4162/24 5294/4155/24 5293/4152/24
f 1650/4162/24 399/4163/24 2580/4164/24 5294/4155/24
f 5294/4155/24 2580/4164/24 2581/4165/24 5297/4156/24
f 5297/4156/24 2581/4165/24 2582/4166/24 5300/4159/24
f 5300/4159/24 2582/4166/24 411/3971/24 1686/3970/24
f 5299/4157/24 5300/4159/24 1686/3970/24 1687/3969/24
f 5298/4158/24 5299/4157/24 1687/3969/24 1688/3968/24
f 2579/4150/24 5298/4158/24 1688/3968/24 412/3955/24
f 2578/4149/24 5295/4154/24 5298/4158/24 2579/4150/24
f 2577/4148/24 5292/4151/24 5295/4154/24 2578/4149/24
f 5301/4167/24 5302/4168/24 5305/4169/24 5304/4170/24
f 5302/4168/24 5303/4171/24 5306/4172/24 5305/4169/24
f 5304/4170/24 5305/4169/24 5308/4173/24 5307/4174/24
f 5305/4169/24 5306/4172/24 5309/4175/24 5308/4173/24
f 399/4163/24 1649/4176/24 5301/4167/24 2580/4164/24
f 1649/4176/24 1648/4177/24 5302/4168/24 5301/4167/24
f 1648/4177/24 1647/4178/24 5303/4171/24 5302/4168/24
f 1647/4178/24 398/4179/24 2583/4180/24 5303/4171/24
f 5303/4171/24 2583/4180/24 2584/4181/24 5306/4172/24
f 5306/4172/24 2584/4181/24 2585/4182/24 5309/4175/24
f 5309/4175/24 2585/4182/24 410/3987/24 1683/3986/24
f 5308/4173/24 5309/4175/24 1683/3986/24 1684/3985/24
f 5307/4174/24 5308/4173/24 1684/3985/24 1685/3984/24
f 2582/4166/24 5307/4174/24 1685/3984/24 411/3971/24
f 2581/4165/24 5304/4170/24 5307/4174/24 2582/4166/24
f 2580/4164/24 5301/4167/24 5304/4170/24 2581/4165/24
f 5310/4183/24 5311/4184/24 5314/4185/24 5313/4186/24
f 5311/4184/24 5312/4187/24 5315/4188/24 5314/4185/24
f 5313/4186/24 5314/4185/24 5317/4189/24 5316/4190/24
f 5314/4185/24 5315/4188/24 5318/4191/24 5317/4189/24
f 398/4179/24 1646/4192/24 5310/4183/24 2583/4180/24
f 1646/4192/24 1645/4193/24 5311/4184/24 5310/4183/24
f 1645/4193/24 1644/4194/24 5312/4187/24 5311/4184/24
f 1644/4194/24 397/4195/24 2586/4196/24 5312/4187/24
f 5312/4187/24 2586/4196/24 2587/4197/24 5315/4188/24
f 5315/4188/24 2587/4197/24 2588/4198/24 5318/4191/24
f 5318/4191/24 2588/4198/24 409/4003/24 1680/4002/24
f 5317/4189/24 5318/4191/24 1680/4002/24 1681/4001/24
f 5316/4190/24 5317/4189/24 1681/4001/24 1682/4000/24
f 2585/4182/24 5316/4190/24 1682/4000/24 410/3987/24
f 2584/4181/24 5313/4186/24 5316/4190/24 2585/4182/24
f 2583/4180/24 5310/4183/24 5313/4186/24 2584/4181/24
f 5319/4199/24 5320/4200/24 5323/4201/24 5322/4202/24
f 5320/4200/24 5321/4203/24 5324/4204/24 5323/4201/24
f 5322/4202/24 5323/4201/24 5326/4205/24 5325/4206/24
f 5323/4201/24 5324/4204/24 5327/4207/24 5326/4205/24
f 397/4195/24 1643/4208/24 5319/4199/24 2586/4196/24
f 1643/4208/24 1642/4209/24 5320/4200/24 5319/4199/24
f 1642/4209/24 1641/4210/24 5321/4203/24 5320/4200/24
f 1641/4210/24 396/4211/24 2589/4212/24 5321/4203/24
f 5321/4203/24 2589/4212/24 2590/4213/24 5324/4204/24
f 5324/4204/24 2590/4213/24 2591/4214/24 5327/4207/24
f 5327/4207/24 2591/4214/24 408/4019/24 1677/4018/24
f 5326/4205/24 5327/4207/24 1677/4018/24 1678/4017/24
f 5325/4206/24 5326/4205/24 1678/4017/24 1679/4016/24
f 2588/4198/24 5325/4206/24 1679/4016/24 409/4003/24
f 2587/4197/24 5322/4202/24 5325/4206/24 2588/4198/24
f 2586/4196/24 5319/4199/24 5322/4202/24 2587/4197/24
f 5328/4215/24 5329/4216/24 5332/4217/24 5331/4218/24
f 5329/4216/24 5330/4219/24 5333/4220/24 5332/4217/24
f 5331/4218/24 5332/4217/24 5335/4221/24 5334/4222/24
f 5332/4217/24 5333/4220/24 5336/4223/24 5335/4221/24
f 396/4211/24 1640/4224/24 5328/4215/24 2589/4212/24
f 1640/4224/24 1639/4225/24 5329/4216/24 5328/4215/24
f 1639/4225/24 1638/4226/24 5330/4219/24 5329/4216/24
f 1638/4226/24 395/4227/24 2592/4228/24 5330/4219/24
f 5330/4219/24 2592/4228/24 2593/4229/24 5333/4220/24
f 5333/4220/24 2593/4229/24 2594/4230/24 5336/4223/24
f 5336/4223/24 2594/4230/24 407/4035/24 1674/4034/24
f 5335/4221/24 5336/4223/24 1674/4034/24 1675/4033/24
f 5334/4222/24 5335/4221/24 1675/4033/24 1676/4032/24
f 2591/4214/24 5334/4222/24 1676/4032/24 408/4019/24
f 2590/4213/24 5331/4218/24 5334/4222/24 2591/4214/24
f 2589/4212/24 5328/4215/24 5331/4218/24 2590/4213/24
f 5337/4231/24 5338/4232/24 5341/4233/24 5340/4234/24
f 5338/4232/24 5339/4235/24 5342/4236/24 5341/4233/24
f 5340/4234/24 5341/4233/24 5344/4237/24 5343/4238/24
f 5341/4233/24 5342/4236/24 5345/4239/24 5344/4237/24
f 395/4227/24 1637/4240/24 5337/4231/24 2592/4228/24
f 1637/4240/24 1636/4241/24 5338/4232/24 5337/4231/24
f 1636/4241/24 1635/4242/24 5339/4235/24 5338/4232/24
f 1635/4242/24 394/4243/24 2595/4244/24 5339/4235/24
f 5339/4235/24 2595/4244/24 2596/4245/24 5342/4236/24
f 5342/4236/24 2596/4245/24 2597/4246/24 5345/4239/24
f 5345/4239/24 2597/4246/24 406/4051/24 1671/4050/24
f 5344/4237/24 5345/4239/24 1671/4050/24 1672/4049/24
f 5343/4238/24 5344/4237/24 1672/4049/24 1673/4048/24
f 2594/4230/24 5343/4238/24 1673/4048/24 407/4035/24
f 2593/4229/24 5340/4234/24 5343/4238/24 2594/4230/24
f 2592/4228/24 5337/4231/24 5340/4234/24 2593/4229/24
f 5346/4247/24 5347/4248/24 5350/4249/24 5349/4250/24
f 5347/4248/24 5348/4251/24 5351/4252/24 5350/4249/24
f 5349/4250/24 5350/4249/24 5353/4253/24 5352/4254/24
f 5350/4249/24 5351/4252/24 5354/4255/24 5353/4253/24
f 394/4243/24 1634/4256/24 5346/4247/24 2595/4244/24
f 1634/4256/24 1633/4257/24 5347/4248/24 5346/4247/24
f 1633/4257/24 1632/4258/24 5348/4251/24 5347/4248/24
f 1632/4258/24 393/756/24 2598/770/24 5348/4251/24
f 5348/4251/24 2598/770/24 2599/781/24 5351/4252/24
f 5351/4252/24 2599/781/24 2600/779/24 5354/4255/24
f 5354/4255/24 2600/779/24 405/780/24 1668/4066/24
f 5353/4253/24 5354/4255/24 1668/4066/24 1669/4065/24
f 5352/4254/24 5353/4253/24 1669/4065/24 1670/4064/24
f 2597/4246/24 5352/4254/24 1670/4064/24 406/4051/24
f 2596/4245/24 5349/4250/24 5352/4254/24 2597/4246/24
f 2595/4244/24 5346/4247/24 5349/4250/24 2596/4245/24
f 5355/4259/355 5356/4260/355 5359/4261/355 5358/4262/355
f 5356/4263/356 5357/386/356 5360/385/356 5359/388/356
f 5358/4262/357 5359/4261/357 5362/4264/357 5361/4265/357
f 5359/4266/358 5360/4267/358 5363/4268/358 5362/4269/358
f 119/1800/359 575/1817/359 5355/405/359 597/4270/359
f 575/1817/360 574/403/360 5356/4263/360 5355/405/360
f 574/403/361 573/1820/361 5357/386/361 5356/4263/361
f 573/1820/362 212/401/362 2601/400/362 5357/386/362
f 5357/386/363 2601/400/363 2602/399/363 5360/385/363
f 5360/4267/364 2602/4271/364 2603/4272/364 5363/4268/364
f 5363/4268/365 2603/4272/365 404/4083/365 777/4082/365
f 5362/4269/366 5363/4268/366 777/4082/366 778/4081/366
f 5361/4265/367 5362/4264/367 778/4080/367 779/4079/367
f 599/1810/368 5361/4265/368 779/4079/368 125/1443/368
f 598/1816/369 5358/4262/369 5361/4265/369 599/1810/369
f 597/1814/370 5355/4259/370 5358/4262/370 598/1816/370
f 5364/1008/371 5365/1004/371 5368/4273/371 5367/1009/371
f 5365/1004/371 5366/1003/371 5369/4274/371 5368/4273/371
f 5367/4275/372 5368/4276/372 5371/4277/372 5370/4278/372
f 5368/4276/372 5369/4279/372 5372/4280/372 5371/4277/372
f 212/401/373 1088/1013/373 5364/1008/373 2601/400/373
f 1088/1013/373 1087/1012/373 5365/1004/373 5364/1008/373
f 1087/1012/373 1086/1011/373 5366/1003/373 5365/1004/373
f 1086/1011/373 211/990/373 2604/4281/373 5366/1003/373
f 5366/1003/371 2604/4281/371 2605/992/371 5369/4274/371
f 5369/4279/372 2605/4282/372 2606/4283/372 5372/4280/372
f 5372/4280/374 2606/4283/374 403/4099/374 1662/4098/374
f 5371/4277/374 5372/4280/374 1662/4098/374 1663/4097/374
f 5370/4278/374 5371/4277/374 1663/4097/374 1664/4096/374
f 2603/4272/374 5370/4278/374 1664/4096/374 404/4083/374
f 2602/4271/372 5367/4275/372 5370/4278/372 2603/4272/372
f 2601/400/371 5364/1008/371 5367/1009/371 2602/399/371
f 5373/984/371 5374/4284/371 5377/4285/371 5376/985/371
f 5374/4284/371 5375/979/371 5378/4286/371 5377/4285/371
f 5376/4287/372 5377/4288/372 5380/4289/372 5379/4290/372
f 5377/4288/372 5378/4291/372 5381/4292/372 5380/4289/372
f 211/990/373 1085/1827/373 5373/984/373 2604/4281/373
f 1085/1827/373 1084/1830/373 5374/4284/373 5373/984/373
f 1084/1830/373 1083/987/373 5375/979/373 5374/4284/373
f 1083/987/373 210/966/373 2607/967/373 5375/979/373
f 5375/979/371 2607/967/371 2608/4293/371 5378/4286/371
f 5378/4291/372 2608/4294/372 2609/4295/372 5381/4292/372
f 5381/4292/374 2609/4295/374 402/4115/374 1659/4114/374
f 5380/4289/374 5381/4292/374 1659/4114/374 1660/4113/374
f 5379/4290/374 5380/4289/374 1660/4113/374 1661/4112/374
f 2606/4283/374 5379/4290/374 1661/4112/374 403/4099/374
f 2605/4282/372 5376/4287/372 5379/4290/372 2606/4283/372
f 2604/4281/371 5373/984/371 5376/985/371 2605/992/371
f 5382/4296/371 5383/956/371 5386/4297/371 5385/961/371
f 5383/956/371 5384/955/371 5387/4298/371 5386/4297/371
f 5385/4299/372 5386/4300/372 5389/4301/372 5388/4302/372
f 5386/4300/372 5387/4303/372 5390/4304/372 5389/4301/372
f 210/966/373 1082/965/373 5382/4296/373 2607/967/373
f 1082/965/373 1081/1835/373 5383/956/373 5382/4296/373
f 1081/1835/373 1080/963/373 5384/955/373 5383/956/373
f 1080/963/373 209/942/373 2610/943/373 5384/955/373
f 5384/955/371 2610/943/371 2611/944/371 5387/4298/371
f 5387/4303/372 2611/4305/372 2612/4306/372 5390/4304/372
f 5390/4304/374 2612/4306/374 401/4131/374 1656/4130/374
f 5389/4301/374 5390/4304/374 1656/4130/374 1657/4129/374
f 5388/4302/374 5389/4301/374 1657/4129/374 1658/4128/374
f 2609/4295/374 5388/4302/374 1658/4128/374 402/4115/374
f 2608/4294/372 5385/4299/372 5388/4302/372 2609/4295/372
f 2607/967/371 5382/4296/371 5385/961/371 2608/4293/371
f 5391/4307/371 5392/4308/371 5395/4309/371 5394/937/371
f 5392/4308/371 5393/931/371 5396/4310/371 5395/4309/371
f 5394/4311/372 5395/4312/372 5398/4313/372 5397/4314/372
f 5395/4312/372 5396/4315/372 5399/4316/372 5398/4313/372
f 209/942/373 1079/1839/373 5391/4307/373 2610/943/373
f 1079/1839/373 1078/1841/373 5392/4308/373 5391/4307/373
f 1078/1841/373 1077/1840/373 5393/931/373 5392/4308/373
f 1077/1840/373 208/918/373 2613/919/373 5393/931/373
f 5393/931/371 2613/919/371 2614/920/371 5396/4310/371
f 5396/4315/372 2614/4317/372 2615/4318/372 5399/4316/372
f 5399/4316/374 2615/4318/374 400/4147/374 1653/4146/374
f 5398/4313/374 5399/4316/374 1653/4146/374 1654/4145/374
f 5397/4314/374 5398/4313/374 1654/4145/374 1655/4144/374
f 2612/4306/374 5397/4314/374 1655/4144/374 401/4131/374
f 2611/4305/372 5394/4311/372 5397/4314/372 2612/4306/372
f 2610/943/371 5391/4307/371 5394/937/371 2611/944/371
f 5400/912/371 5401/908/371 5404/4319/371 5403/913/371
f 5401/908/371 5402/907/371 5405/4320/371 5404/4319/371
f 5403/4321/372 5404/4322/372 5407/4323/372 5406/4324/372
f 5404/4322/372 5405/4325/372 5408/4326/372 5407/4323/372
f 208/918/373 1076/1842/373 5400/912/373 2613/919/373
f 1076/1842/373 1075/916/373 5401/908/373 5400/912/373
f 1075/916/373 1074/915/373 5402/907/373 5401/908/373
f 1074/915/373 207/894/373 2616/895/373 5402/907/373
f 5402/907/371 2616/895/371 2617/896/371 5405/4320/371
f 5405/4325/372 2617/4327/372 2618/4328/372 5408/4326/372
f 5408/4326/374 2618/4328/374 399/4163/374 1650/4162/374
f 5407/4323/374 5408/4326/374 1650/4162/374 1651/4161/374
f 5406/4324/374 5407/4323/374 1651/4161/374 1652/4160/374
f 2615/4318/374 5406/4324/374 1652/4160/374 400/4147/374
f 2614/4317/372 5403/4321/372 5406/4324/372 2615/4318/372
f 2613/919/371 5400/912/371 5403/913/371 2614/920/371
f 5409/888/371 5410/884/371 5413/4329/371 5412/889/371
f 5410/884/371 5411/883/371 5414/4330/371 5413/4329/371
f 5412/4331/372 5413/4332/372 5416/4333/372 5415/4334/372
f 5413/4332/372 5414/4335/372 5417/4336/372 5416/4333/372
f 207/894/373 1073/893/373 5409/888/373 2616/895/373
f 1073/893/373 1072/892/373 5410/884/373 5409/888/373
f 1072/892/373 1071/891/373 5411/883/373 5410/884/373
f 1071/891/373 206/870/373 2619/871/373 5411/883/373
f 5411/883/371 2619/871/371 2620/872/371 5414/4330/371
f 5414/4335/372 2620/4337/372 2621/4338/372 5417/4336/372
f 5417/4336/374 2621/4338/374 398/4179/374 1647/4178/374
f 5416/4333/374 5417/4336/374 1647/4178/374 1648/4177/374
f 5415/4334/374 5416/4333/374 1648/4177/374 1649/4176/374
f 2618/4328/374 5415/4334/374 1649/4176/374 399/4163/374
f 2617/4327/372 5412/4331/372 5415/4334/372 2618/4328/372
f 2616/895/371 5409/888/371 5412/889/371 2617/896/371
f 5418/864/371 5419/860/371 5422/4339/371 5421/865/371
f 5419/860/371 5420/4340/371 5423/4341/371 5422/4339/371
f 5421/4342/372 5422/4343/372 5425/4344/372 5424/4345/372
f 5422/4343/372 5423/4346/372 5426/4347/372 5425/4344/372
f 206/870/373 1070/869/373 5418/864/373 2619/871/373
f 1070/869/373 1069/868/373 5419/860/373 5418/864/373
f 1069/868/373 1068/867/373 5420/4340/373 5419/860/373
f 1068/867/373 205/1850/373 2622/4348/373 5420/4340/373
f 5420/4340/371 2622/4348/371 2623/848/371 5423/4341/371
f 5423/4346/372 2623/4349/372 2624/4350/372 5426/4347/372
f 5426/4347/374 2624/4350/374 397/4195/374 1644/4194/374
f 5425/4344/374 5426/4347/374 1644/4194/374 1645/4193/374
f 5424/4345/374 5425/4344/374 1645/4193/374 1646/4192/374
f 2621/4338/374 5424/4345/374 1646/4192/374 398/4179/374
f 2620/4337/372 5421/4342/372 5424/4345/372 2621/4338/372
f 2619/871/371 5418/864/371 5421/865/371 2620/872/371
f 5427/840/371 5428/836/371 5431/4351/371 5430/841/371
f 5428/836/371 5429/835/371 5432/4352/371 5431/4351/371
f 5430/4353/372 5431/4354/372 5434/4355/372 5433/4356/372
f 5431/4354/372 5432/4357/372 5435/4358/372 5434/4355/372
f 205/1850/373 1067/845/373 5427/840/373 2622/4348/373
f 1067/845/373 1066/844/373 5428/836/373 5427/840/373
f 1066/844/373 1065/843/373 5429/835/373 5428/836/373
f 1065/843/373 204/822/373 2625/823/373 5429/835/373
f 5429/835/371 2625/823/371 2626/824/371 5432/4352/371
f 5432/4357/372 2626/4359/372 2627/4360/372 5435/4358/372
f 5435/4358/374 2627/4360/374 396/4211/374 1641/4210/374
f 5434/4355/374 5435/4358/374 1641/4210/374 1642/4209/374
f 5433/4356/374 5434/4355/374 1642/4209/374 1643/4208/374
f 2624/4350/374 5433/4356/374 1643/4208/374 397/4195/374
f 2623/4349/372 5430/4353/372 5433/4356/372 2624/4350/372
f 2622/4348/371 5427/840/371 5430/841/371 2623/848/371
f 5436/4361/371 5437/812/371 5440/4362/371 5439/817/371
f 5437/812/371 5438/811/371 5441/4363/371 5440/4362/371
f 5439/4364/372 5440/4365/372 5443/4366/372 5442/4367/372
f 5440/4365/372 5441/4368/372 5444/4369/372 5443/4366/372
f 204/822/373 1064/1854/373 5436/4361/373 2625/823/373
f 1064/1854/373 1063/820/373 5437/812/373 5436/4361/373
f 1063/820/373 1062/819/373 5438/811/373 5437/812/373
f 1062/819/373 203/798/373 2628/799/373 5438/811/373
f 5438/811/371 2628/799/371 2629/4370/371 5441/4363/371
f 5441/4368/372 2629/4371/372 2630/4372/372 5444/4369/372
f 5444/4369/374 2630/4372/374 395/4227/374 1638/4226/374
f 5443/4366/374 5444/4369/374 1638/4226/374 1639/4225/374
f 5442/4367/374 5443/4366/374 1639/4225/374 1640/4224/374
f 2627/4360/374 5442/4367/374 1640/4224/374 396/4211/374
f 2626/4359/372 5439/4364/372 5442/4367/372 2627/4360/372
f 2625/823/371 5436/4361/371 5439/817/371 2626/824/371
f 5445/792/371 5446/788/371 5449/4373/371 5448/4374/371
f 5446/788/371 5447/787/371 5450/4375/371 5449/4373/371
f 5448/4376/372 5449/4377/372 5452/4378/372 5451/4379/372
f 5449/4377/372 5450/4380/372 5453/4381/372 5452/4378/372
f 203/798/373 1061/1860/373 5445/792/373 2628/799/373
f 1061/1860/373 1060/796/373 5446/788/373 5445/792/373
f 1060/796/373 1059/795/373 5447/787/373 5446/788/373
f 1059/795/373 202/774/373 2631/775/373 5447/787/373
f 5447/787/371 2631/775/371 2632/776/371 5450/4375/371
f 5450/4380/372 2632/4382/372 2633/4383/372 5453/4381/372
f 5453/4381/374 2633/4383/374 394/4243/374 1635/4242/374
f 5452/4378/374 5453/4381/374 1635/4242/374 1636/4241/374
f 5451/4379/374 5452/4378/374 1636/4241/374 1637/4240/374
f 2630/4372/374 5451/4379/374 1637/4240/374 395/4227/374
f 2629/4371/372 5448/4376/372 5451/4379/372 2630/4372/372
f 2628/799/371 5445/792/371 5448/4374/371 2629/4370/371
f 5454/768/371 5455/764/371 5458/4384/371 5457/769/371
f 5455/764/371 5456/763/371 5459/4385/371 5458/4384/371
f 5457/4386/372 5458/4387/372 5461/4388/372 5460/4389/372
f 5458/4387/372 5459/4390/372 5462/4391/372 5461/4388/372
f 202/774/373 1058/773/373 5454/768/373 2631/775/373
f 1058/773/373 1057/772/373 5455/764/373 5454/768/373
f 1057/772/373 1056/771/373 5456/763/373 5455/764/373
f 1056/771/373 201/744/373 2634/746/373 5456/763/373
f 5456/763/371 2634/746/371 2635/752/371 5459/4385/371
f 5459/4390/372 2635/757/372 2636/755/372 5462/4391/372
f 5462/4391/374 2636/755/374 393/756/374 1632/4258/374
f 5461/4388/374 5462/4391/374 1632/4258/374 1633/4257/374
f 5460/4389/374 5461/4388/374 1633/4257/374 1634/4256/374
f 2633/4383/374 5460/4389/374 1634/4256/374 394/4243/374
f 2632/4382/372 5457/4386/372 5460/4389/372 2633/4383/372
f 2631/775/371 5454/768/371 5457/769/371 2632/776/371
f 5463/4392/375 5464/4393/375 5467/4394/375 5466/4395/375
f 5464/4396/376 5465/4397/376 5468/4398/376 5467/4399/376
f 5466/4395/375 5467/4394/375 5470/4400/375 5469/4401/375
f 5467/4399/376 5468/4398/376 5471/4402/376 5470/4403/376
f 171/1211/377 773/4404/377 5463/4392/377 738/1228/377
f 773/4404/375 772/4405/375 5464/4393/375 5463/4392/375
f 772/4406/376 771/4407/376 5465/4397/376 5464/4396/376
f 771/4407/378 380/4408/378 2637/4409/378 5465/4397/378
f 5465/4397/378 2637/4409/378 2638/4410/378 5468/4398/378
f 5468/4398/378 2638/4410/378 2639/4411/378 5471/4402/378
f 5471/4402/378 2639/4411/378 392/4412/378 774/4413/378
f 5470/4403/376 5471/4402/376 774/4413/376 775/4414/376
f 5469/4401/375 5470/4400/375 775/473/375 776/461/375
f 740/1230/377 5469/4401/377 776/461/377 172/345/377
f 739/1229/377 5466/4395/377 5469/4401/377 740/1230/377
f 738/1228/377 5463/4392/377 5466/4395/377 739/1229/377
f 5472/4415/20 5473/4416/20 5476/4417/20 5475/4418/20
f 5473/4416/20 5474/4419/20 5477/4420/20 5476/4417/20
f 5475/4418/20 5476/4417/20 5479/4421/20 5478/4422/20
f 5476/4417/20 5477/4420/20 5480/4423/20 5479/4421/20
f 380/4408/20 1592/4424/20 5472/4415/20 2637/4409/20
f 1592/4424/20 1591/4425/20 5473/4416/20 5472/4415/20
f 1591/4425/20 1590/4426/20 5474/4419/20 5473/4416/20
f 1590/4426/20 379/4427/20 2640/4428/20 5474/4419/20
f 5474/4419/20 2640/4428/20 2641/4429/20 5477/4420/20
f 5477/4420/20 2641/4429/20 2642/4430/20 5480/4423/20
f 5480/4423/20 2642/4430/20 391/4431/20 1626/4432/20
f 5479/4421/20 5480/4423/20 1626/4432/20 1627/4433/20
f 5478/4422/20 5479/4421/20 1627/4433/20 1628/4434/20
f 2639/4411/20 5478/4422/20 1628/4434/20 392/4412/20
f 2638/4410/20 5475/4418/20 5478/4422/20 2639/4411/20
f 2637/4409/20 5472/4415/20 5475/4418/20 2638/4410/20
f 5481/4435/20 5482/4436/20 5485/4437/20 5484/4438/20
f 5482/4436/20 5483/4439/20 5486/4440/20 5485/4437/20
f 5484/4438/20 5485/4437/20 5488/4441/20 5487/4442/20
f 5485/4437/20 5486/4440/20 5489/4443/20 5488/4441/20
f 379/4427/20 1589/4444/20 5481/4435/20 2640/4428/20
f 1589/4444/20 1588/4445/20 5482/4436/20 5481/4435/20
f 1588/4445/20 1587/4446/20 5483/4439/20 5482/4436/20
f 1587/4446/20 378/4447/20 2643/4448/20 5483/4439/20
f 5483/4439/20 2643/4448/20 2644/4449/20 5486/4440/20
f 5486/4440/20 2644/4449/20 2645/4450/20 5489/4443/20
f 5489/4443/20 2645/4450/20 390/4451/20 1623/4452/20
f 5488/4441/20 5489/4443/20 1623/4452/20 1624/4453/20
f 5487/4442/20 5488/4441/20 1624/4453/20 1625/4454/20
f 2642/4430/20 5487/4442/20 1625/4454/20 391/4431/20
f 2641/4429/20 5484/4438/20 5487/4442/20 2642/4430/20
f 2640/4428/20 5481/4435/20 5484/4438/20 2641/4429/20
f 5490/4455/20 5491/4456/20 5494/4457/20 5493/4458/20
f 5491/4456/20 5492/4459/20 5495/4460/20 5494/4457/20
f 5493/4458/20 5494/4457/20 5497/4461/20 5496/4462/20
f 5494/4457/20 5495/4460/20 5498/4463/20 5497/4461/20
f 378/4447/20 1586/4464/20 5490/4455/20 2643/4448/20
f 1586/4464/20 1585/4465/20 5491/4456/20 5490/4455/20
f 1585/4465/20 1584/4466/20 5492/4459/20 5491/4456/20
f 1584/4466/20 377/4467/20 2646/4468/20 5492/4459/20
f 5492/4459/20 2646/4468/20 2647/4469/20 5495/4460/20
f 5495/4460/20 2647/4469/20 2648/4470/20 5498/4463/20
f 5498/4463/20 2648/4470/20 389/4471/20 1620/4472/20
f 5497/4461/20 5498/4463/20 1620/4472/20 1621/4473/20
f 5496/4462/20 5497/4461/20 1621/4473/20 1622/4474/20
f 2645/4450/20 5496/4462/20 1622/4474/20 390/4451/20
f 2644/4449/20 5493/4458/20 5496/4462/20 2645/4450/20
f 2643/4448/20 5490/4455/20 5493/4458/20 2644/4449/20
f 5499/4475/20 5500/4476/20 5503/4477/20 5502/4478/20
f 5500/4476/20 5501/4479/20 5504/4480/20 5503/4477/20
f 5502/4478/20 5503/4477/20 5506/4481/20 5505/4482/20
f 5503/4477/20 5504/4480/20 5507/4483/20 5506/4481/20
f 377/4467/20 1583/4484/20 5499/4475/20 2646/4468/20
f 1583/4484/20 1582/4485/20 5500/4476/20 5499/4475/20
f 1582/4485/20 1581/4486/20 5501/4479/20 5500/4476/20
f 1581/4486/20 376/4487/20 2649/4488/20 5501/4479/20
f 5501/4479/20 2649/4488/20 2650/4489/20 5504/4480/20
f 5504/4480/20 2650/4489/20 2651/4490/20 5507/4483/20
f 5507/4483/20 2651/4490/20 388/4491/20 1617/4492/20
f 5506/4481/20 5507/4483/20 1617/4492/20 1618/4493/20
f 5505/4482/20 5506/4481/20 1618/4493/20 1619/4494/20
f 2648/4470/20 5505/4482/20 1619/4494/20 389/4471/20
f 2647/4469/20 5502/4478/20 5505/4482/20 2648/4470/20
f 2646/4468/20 5499/4475/20 5502/4478/20 2647/4469/20
f 5508/4495/20 5509/4496/20 5512/4497/20 5511/4498/20
f 5509/4496/20 5510/4499/20 5513/4500/20 5512/4497/20
f 5511/4498/20 5512/4497/20 5515/4501/20 5514/4502/20
f 5512/4497/20 5513/4500/20 5516/4503/20 5515/4501/20
f 376/4487/20 1580/4504/20 5508/4495/20 2649/4488/20
f 1580/4504/20 1579/4505/20 5509/4496/20 5508/4495/20
f 1579/4505/20 1578/4506/20 5510/4499/20 5509/4496/20
f 1578/4506/20 375/4507/20 2652/4508/20 5510/4499/20
f 5510/4499/20 2652/4508/20 2653/4509/20 5513/4500/20
f 5513/4500/20 2653/4509/20 2654/4510/20 5516/4503/20
f 5516/4503/20 2654/4510/20 387/4511/20 1614/4512/20
f 5515/4501/20 5516/4503/20 1614/4512/20 1615/4513/20
f 5514/4502/20 5515/4501/20 1615/4513/20 1616/4514/20
f 2651/4490/20 5514/4502/20 1616/4514/20 388/4491/20
f 2650/4489/20 5511/4498/20 5514/4502/20 2651/4490/20
f 2649/4488/20 5508/4495/20 5511/4498/20 2650/4489/20
f 5517/4515/20 5518/4516/20 5521/4517/20 5520/4518/20
f 5518/4516/20 5519/4519/20 5522/4520/20 5521/4517/20
f 5520/4518/20 5521/4517/20 5524/4521/20 5523/4522/20
f 5521/4517/20 5522/4520/20 5525/4523/20 5524/4521/20
f 375/4507/20 1577/4524/20 5517/4515/20 2652/4508/20
f 1577/4524/20 1576/4525/20 5518/4516/20 5517/4515/20
f 1576/4525/20 1575/4526/20 5519/4519/20 5518/4516/20
f 1575/4526/20 374/4527/20 2655/4528/20 5519/4519/20
f 5519/4519/20 2655/4528/20 2656/4529/20 5522/4520/20
f 5522/4520/20 2656/4529/20 2657/4530/20 5525/4523/20
f 5525/4523/20 2657/4530/20 386/4531/20 1611/4532/20
f 5524/4521/20 5525/4523/20 1611/4532/20 1612/4533/20
f 5523/4522/20 5524/4521/20 1612/4533/20 1613/4534/20
f 2654/4510/20 5523/4522/20 1613/4534/20 387/4511/20
f 2653/4509/20 5520/4518/20 5523/4522/20 2654/4510/20
f 2652/4508/20 5517/4515/20 5520/4518/20 2653/4509/20
f 5526/4535/20 5527/4536/20 5530/4537/20 5529/4538/20
f 5527/4536/20 5528/4539/20 5531/4540/20 5530/4537/20
f 5529/4538/20 5530/4537/20 5533/4541/20 5532/4542/20
f 5530/4537/20 5531/4540/20 5534/4543/20 5533/4541/20
f 374/4527/20 1574/4544/20 5526/4535/20 2655/4528/20
f 1574/4544/20 1573/4545/20 5527/4536/20 5526/4535/20
f 1573/4545/20 1572/4546/20 5528/4539/20 5527/4536/20
f 1572/4546/20 373/4547/20 2658/4548/20 5528/4539/20
f 5528/4539/20 2658/4548/20 2659/4549/20 5531/4540/20
f 5531/4540/20 2659/4549/20 2660/4550/20 5534/4543/20
f 5534/4543/20 2660/4550/20 385/4551/20 1608/4552/20
f 5533/4541/20 5534/4543/20 1608/4552/20 1609/4553/20
f 5532/4542/20 5533/4541/20 1609/4553/20 1610/4554/20
f 2657/4530/20 5532/4542/20 1610/4554/20 386/4531/20
f 2656/4529/20 5529/4538/20 5532/4542/20 2657/4530/20
f 2655/4528/20 5526/4535/20 5529/4538/20 2656/4529/20
f 5535/4555/20 5536/4556/20 5539/4557/20 5538/4558/20
f 5536/4556/20 5537/4559/20 5540/4560/20 5539/4557/20
f 5538/4558/20 5539/4557/20 5542/4561/20 5541/4562/20
f 5539/4557/20 5540/4560/20 5543/4563/20 5542/4561/20
f 373/4547/20 1571/4564/20 5535/4555/20 2658/4548/20
f 1571/4564/20 1570/4565/20 5536/4556/20 5535/4555/20
f 1570/4565/20 1569/4566/20 5537/4559/20 5536/4556/20
f 1569/4566/20 372/4567/20 2661/4568/20 5537/4559/20
f 5537/4559/20 2661/4568/20 2662/4569/20 5540/4560/20
f 5540/4560/20 2662/4569/20 2663/4570/20 5543/4563/20
f 5543/4563/20 2663/4570/20 384/4571/20 1605/4572/20
f 5542/4561/20 5543/4563/20 1605/4572/20 1606/4573/20
f 5541/4562/20 5542/4561/20 1606/4573/20 1607/4574/20
f 2660/4550/20 5541/4562/20 1607/4574/20 385/4551/20
f 2659/4549/20 5538/4558/20 5541/4562/20 2660/4550/20
f 2658/4548/20 5535/4555/20 5538/4558/20 2659/4549/20
f 5544/4575/20 5545/4576/20 5548/4577/20 5547/4578/20
f 5545/4576/20 5546/4579/20 5549/4580/20 5548/4577/20
f 5547/4578/20 5548/4577/20 5551/4581/20 5550/4582/20
f 5548/4577/20 5549/4580/20 5552/4583/20 5551/4581/20
f 372/4567/20 1568/4584/20 5544/4575/20 2661/4568/20
f 1568/4584/20 1567/4585/20 5545/4576/20 5544/4575/20
f 1567/4585/20 1566/4586/20 5546/4579/20 5545/4576/20
f 1566/4586/20 371/4587/20 2664/4588/20 5546/4579/20
f 5546/4579/20 2664/4588/20 2665/4589/20 5549/4580/20
f 5549/4580/20 2665/4589/20 2666/4590/20 5552/4583/20
f 5552/4583/20 2666/4590/20 383/4591/20 1602/4592/20
f 5551/4581/20 5552/4583/20 1602/4592/20 1603/4593/20
f 5550/4582/20 5551/4581/20 1603/4593/20 1604/4594/20
f 2663/4570/20 5550/4582/20 1604/4594/20 384/4571/20
f 2662/4569/20 5547/4578/20 5550/4582/20 2663/4570/20
f 2661/4568/20 5544/4575/20 5547/4578/20 2662/4569/20
f 5553/4595/20 5554/4596/20 5557/4597/20 5556/4598/20
f 5554/4596/20 5555/4599/20 5558/4600/20 5557/4597/20
f 5556/4598/20 5557/4597/20 5560/4601/20 5559/4602/20
f 5557/4597/20 5558/4600/20 5561/4603/20 5560/4601/20
f 371/4587/20 1565/4604/20 5553/4595/20 2664/4588/20
f 1565/4604/20 1564/4605/20 5554/4596/20 5553/4595/20
f 1564/4605/20 1563/4606/20 5555/4599/20 5554/4596/20
f 1563/4606/20 370/4607/20 2667/4608/20 5555/4599/20
f 5555/4599/20 2667/4608/20 2668/4609/20 5558/4600/20
f 5558/4600/20 2668/4609/20 2669/4610/20 5561/4603/20
f 5561/4603/20 2669/4610/20 382/4611/20 1599/4612/20
f 5560/4601/20 5561/4603/20 1599/4612/20 1600/4613/20
f 5559/4602/20 5560/4601/20 1600/4613/20 1601/4614/20
f 2666/4590/20 5559/4602/20 1601/4614/20 383/4591/20
f 2665/4589/20 5556/4598/20 5559/4602/20 2666/4590/20
f 2664/4588/20 5553/4595/20 5556/4598/20 2665/4589/20
f 5562/4615/20 5563/4616/20 5566/4617/20 5565/4618/20
f 5563/4616/20 5564/4619/20 5567/4620/20 5566/4617/20
f 5565/4618/20 5566/4617/20 5569/4621/20 5568/4622/20
f 5566/4617/20 5567/4620/20 5570/4623/20 5569/4621/20
f 370/4607/20 1562/4624/20 5562/4615/20 2667/4608/20
f 1562/4624/20 1561/4625/20 5563/4616/20 5562/4615/20
f 1561/4625/20 1560/4626/20 5564/4619/20 5563/4616/20
f 1560/4626/20 369/712/20 2670/726/20 5564/4619/20
f 5564/4619/20 2670/726/20 2671/731/20 5567/4620/20
f 5567/4620/20 2671/731/20 2672/730/20 5570/4623/20
f 5570/4623/20 2672/730/20 381/429/20 1596/4627/20
f 5569/4621/20 5570/4623/20 1596/4627/20 1597/4628/20
f 5568/4622/20 5569/4621/20 1597/4628/20 1598/4629/20
f 2669/4610/20 5568/4622/20 1598/4629/20 382/4611/20
f 2668/4609/20 5565/4618/20 5568/4622/20 2669/4610/20
f 2667/4608/20 5562/4615/20 5565/4618/20 2668/4609/20
f 5571/4630/375 5572/4631/375 5575/4632/375 5574/4633/375
f 5572/4634/376 5573/4635/376 5576/4636/376 5575/4637/376
f 5574/4633/375 5575/4632/375 5578/4638/375 5577/4639/375
f 5575/4637/376 5576/4636/376 5579/4640/376 5578/4641/376
f 170/1191/377 770/4642/377 5571/4630/377 735/1208/377
f 770/4642/375 769/4643/375 5572/4631/375 5571/4630/375
f 769/4644/376 768/4645/376 5573/4635/376 5572/4634/376
f 768/4645/378 368/4646/378 2673/4647/378 5573/4635/378
f 5573/4635/378 2673/4647/378 2674/4648/378 5576/4636/378
f 5576/4636/378 2674/4648/378 2675/4649/378 5579/4640/378
f 5579/4640/378 2675/4649/378 380/4408/378 771/4407/378
f 5578/4641/376 5579/4640/376 771/4407/376 772/4406/376
f 5577/4639/375 5578/4638/375 772/4405/375 773/4404/375
f 737/1210/377 5577/4639/377 773/4404/377 171/1211/377
f 736/1209/377 5574/4633/377 5577/4639/377 737/1210/377
f 735/1208/377 5571/4630/377 5574/4633/377 736/1209/377
f 5580/4650/20 5581/4651/20 5584/4652/20 5583/4653/20
f 5581/4651/20 5582/4654/20 5585/4655/20 5584/4652/20
f 5583/4653/20 5584/4652/20 5587/4656/20 5586/4657/20
f 5584/4652/20 5585/4655/20 5588/4658/20 5587/4656/20
f 368/4646/20 1556/4659/20 5580/4650/20 2673/4647/20
f 1556/4659/20 1555/4660/20 5581/4651/20 5580/4650/20
f 1555/4660/20 1554/4661/20 5582/4654/20 5581/4651/20
f 1554/4661/20 367/4662/20 2676/4663/20 5582/4654/20
f 5582/4654/20 2676/4663/20 2677/4664/20 5585/4655/20
f 5585/4655/20 2677/4664/20 2678/4665/20 5588/4658/20
f 5588/4658/20 2678/4665/20 379/4427/20 1590/4426/20
f 5587/4656/20 5588/4658/20 1590/4426/20 1591/4425/20
f 5586/4657/20 5587/4656/20 1591/4425/20 1592/4424/20
f 2675/4649/20 5586/4657/20 1592/4424/20 380/4408/20
f 2674/4648/20 5583/4653/20 5586/4657/20 2675/4649/20
f 2673/4647/20 5580/4650/20 5583/4653/20 2674/4648/20
f 5589/4666/20 5590/4667/20 5593/4668/20 5592/4669/20
f 5590/4667/20 5591/4670/20 5594/4671/20 5593/4668/20
f 5592/4669/20 5593/4668/20 5596/4672/20 5595/4673/20
f 5593/4668/20 5594/4671/20 5597/4674/20 5596/4672/20
f 367/4662/20 1553/4675/20 5589/4666/20 2676/4663/20
f 1553/4675/20 1552/4676/20 5590/4667/20 5589/4666/20
f 1552/4676/20 1551/4677/20 5591/4670/20 5590/4667/20
f 1551/4677/20 366/4678/20 2679/4679/20 5591/4670/20
f 5591/4670/20 2679/4679/20 2680/4680/20 5594/4671/20
f 5594/4671/20 2680/4680/20 2681/4681/20 5597/4674/20
f 5597/4674/20 2681/4681/20 378/4447/20 1587/4446/20
f 5596/4672/20 5597/4674/20 1587/4446/20 1588/4445/20
f 5595/4673/20 5596/4672/20 1588/4445/20 1589/4444/20
f 2678/4665/20 5595/4673/20 1589/4444/20 379/4427/20
f 2677/4664/20 5592/4669/20 5595/4673/20 2678/4665/20
f 2676/4663/20 5589/4666/20 5592/4669/20 2677/4664/20
f 5598/4682/20 5599/4683/20 5602/4684/20 5601/4685/20
f 5599/4683/20 5600/4686/20 5603/4687/20 5602/4684/20
f 5601/4685/20 5602/4684/20 5605/4688/20 5604/4689/20
f 5602/4684/20 5603/4687/20 5606/4690/20 5605/4688/20
f 366/4678/20 1550/4691/20 5598/4682/20 2679/4679/20
f 1550/4691/20 1549/4692/20 5599/4683/20 5598/4682/20
f 1549/4692/20 1548/4693/20 5600/4686/20 5599/4683/20
f 1548/4693/20 365/4694/20 2682/4695/20 5600/4686/20
f 5600/4686/20 2682/4695/20 2683/4696/20 5603/4687/20
f 5603/4687/20 2683/4696/20 2684/4697/20 5606/4690/20
f 5606/4690/20 2684/4697/20 377/4467/20 1584/4466/20
f 5605/4688/20 5606/4690/20 1584/4466/20 1585/4465/20
f 5604/4689/20 5605/4688/20 1585/4465/20 1586/4464/20
f 2681/4681/20 5604/4689/20 1586/4464/20 378/4447/20
f 2680/4680/20 5601/4685/20 5604/4689/20 2681/4681/20
f 2679/4679/20 5598/4682/20 5601/4685/20 2680/4680/20
f 5607/4698/20 5608/4699/20 5611/4700/20 5610/4701/20
f 5608/4699/20 5609/4702/20 5612/4703/20 5611/4700/20
f 5610/4701/20 5611/4700/20 5614/4704/20 5613/4705/20
f 5611/4700/20 5612/4703/20 5615/4706/20 5614/4704/20
f 365/4694/20 1547/4707/20 5607/4698/20 2682/4695/20
f 1547/4707/20 1546/4708/20 5608/4699/20 5607/4698/20
f 1546/4708/20 1545/4709/20 5609/4702/20 5608/4699/20
f 1545/4709/20 364/4710/20 2685/4711/20 5609/4702/20
f 5609/4702/20 2685/4711/20 2686/4712/20 5612/4703/20
f 5612/4703/20 2686/4712/20 2687/4713/20 5615/4706/20
f 5615/4706/20 2687/4713/20 376/4487/20 1581/4486/20
f 5614/4704/20 5615/4706/20 1581/4486/20 1582/4485/20
f 5613/4705/20 5614/4704/20 1582/4485/20 1583/4484/20
f 2684/4697/20 5613/4705/20 1583/4484/20 377/4467/20
f 2683/4696/20 5610/4701/20 5613/4705/20 2684/4697/20
f 2682/4695/20 5607/4698/20 5610/4701/20 2683/4696/20
f 5616/4714/20 5617/4715/20 5620/4716/20 5619/4717/20
f 5617/4715/20 5618/4718/20 5621/4719/20 5620/4716/20
f 5619/4717/20 5620/4716/20 5623/4720/20 5622/4721/20
f 5620/4716/20 5621/4719/20 5624/4722/20 5623/4720/20
f 364/4710/20 1544/4723/20 5616/4714/20 2685/4711/20
f 1544/4723/20 1543/4724/20 5617/4715/20 5616/4714/20
f 1543/4724/20 1542/4725/20 5618/4718/20 5617/4715/20
f 1542/4725/20 363/4726/20 2688/4727/20 5618/4718/20
f 5618/4718/20 2688/4727/20 2689/4728/20 5621/4719/20
f 5621/4719/20 2689/4728/20 2690/4729/20 5624/4722/20
f 5624/4722/20 2690/4729/20 375/4507/20 1578/4506/20
f 5623/4720/20 5624/4722/20 1578/4506/20 1579/4505/20
f 5622/4721/20 5623/4720/20 1579/4505/20 1580/4504/20
f 2687/4713/20 5622/4721/20 1580/4504/20 376/4487/20
f 2686/4712/20 5619/4717/20 5622/4721/20 2687/4713/20
f 2685/4711/20 5616/4714/20 5619/4717/20 2686/4712/20
f 5625/4730/20 5626/4731/20 5629/4732/20 5628/4733/20
f 5626/4731/20 5627/4734/20 5630/4735/20 5629/4732/20
f 5628/4733/20 5629/4732/20 5632/4736/20 5631/4737/20
f 5629/4732/20 5630/4735/20 5633/4738/20 5632/4736/20
f 363/4726/20 1541/4739/20 5625/4730/20 2688/4727/20
f 1541/4739/20 1540/4740/20 5626/4731/20 5625/4730/20
f 1540/4740/20 1539/4741/20 5627/4734/20 5626/4731/20
f 1539/4741/20 362/4742/20 2691/4743/20 5627/4734/20
f 5627/4734/20 2691/4743/20 2692/4744/20 5630/4735/20
f 5630/4735/20 2692/4744/20 2693/4745/20 5633/4738/20
f 5633/4738/20 2693/4745/20 374/4527/20 1575/4526/20
f 5632/4736/20 5633/4738/20 1575/4526/20 1576/4525/20
f 5631/4737/20 5632/4736/20 1576/4525/20 1577/4524/20
f 2690/4729/20 5631/4737/20 1577/4524/20 375/4507/20
f 2689/4728/20 5628/4733/20 5631/4737/20 2690/4729/20
f 2688/4727/20 5625/4730/20 5628/4733/20 2689/4728/20
f 5634/4746/20 5635/4747/20 5638/4748/20 5637/4749/20
f 5635/4747/20 5636/4750/20 5639/4751/20 5638/4748/20
f 5637/4749/20 5638/4748/20 5641/4752/20 5640/4753/20
f 5638/4748/20 5639/4751/20 5642/4754/20 5641/4752/20
f 362/4742/20 1538/4755/20 5634/4746/20 2691/4743/20
f 1538/4755/20 1537/4756/20 5635/4747/20 5634/4746/20
f 1537/4756/20 1536/4757/20 5636/4750/20 5635/4747/20
f 1536/4757/20 361/4758/20 2694/4759/20 5636/4750/20
f 5636/4750/20 2694/4759/20 2695/4760/20 5639/4751/20
f 5639/4751/20 2695/4760/20 2696/4761/20 5642/4754/20
f 5642/4754/20 2696/4761/20 373/4547/20 1572/4546/20
f 5641/4752/20 5642/4754/20 1572/4546/20 1573/4545/20
f 5640/4753/20 5641/4752/20 1573/4545/20 1574/4544/20
f 2693/4745/20 5640/4753/20 1574/4544/20 374/4527/20
f 2692/4744/20 5637/4749/20 5640/4753/20 2693/4745/20
f 2691/4743/20 5634/4746/20 5637/4749/20 2692/4744/20
f 5643/4762/20 5644/4763/20 5647/4764/20 5646/4765/20
f 5644/4763/20 5645/4766/20 5648/4767/20 5647/4764/20
f 5646/4765/20 5647/4764/20 5650/4768/20 5649/4769/20
f 5647/4764/20 5648/4767/20 5651/4770/20 5650/4768/20
f 361/4758/20 1535/4771/20 5643/4762/20 2694/4759/20
f 1535/4771/20 1534/4772/20 5644/4763/20 5643/4762/20
f 1534/4772/20 1533/4773/20 5645/4766/20 5644/4763/20
f 1533/4773/20 360/4774/20 2697/4775/20 5645/4766/20
f 5645/4766/20 2697/4775/20 2698/4776/20 5648/4767/20
f 5648/4767/20 2698/4776/20 2699/4777/20 5651/4770/20
f 5651/4770/20 2699/4777/20 372/4567/20 1569/4566/20
f 5650/4768/20 5651/4770/20 1569/4566/20 1570/4565/20
f 5649/4769/20 5650/4768/20 1570/4565/20 1571/4564/20
f 2696/4761/20 5649/4769/20 1571/4564/20 373/4547/20
f 2695/4760/20 5646/4765/20 5649/4769/20 2696/4761/20
f 2694/4759/20 5643/4762/20 5646/4765/20 2695/4760/20
f 5652/4778/20 5653/4779/20 5656/4780/20 5655/4781/20
f 5653/4779/20 5654/4782/20 5657/4783/20 5656/4780/20
f 5655/4781/20 5656/4780/20 5659/4784/20 5658/4785/20
f 5656/4780/20 5657/4783/20 5660/4786/20 5659/4784/20
f 360/4774/20 1532/4787/20 5652/4778/20 2697/4775/20
f 1532/4787/20 1531/4788/20 5653/4779/20 5652/4778/20
f 1531/4788/20 1530/4789/20 5654/4782/20 5653/4779/20
f 1530/4789/20 359/4790/20 2700/4791/20 5654/4782/20
f 5654/4782/20 2700/4791/20 2701/4792/20 5657/4783/20
f 5657/4783/20 2701/4792/20 2702/4793/20 5660/4786/20
f 5660/4786/20 2702/4793/20 371/4587/20 1566/4586/20
f 5659/4784/20 5660/4786/20 1566/4586/20 1567/4585/20
f 5658/4785/20 5659/4784/20 1567/4585/20 1568/4584/20
f 2699/4777/20 5658/4785/20 1568/4584/20 372/4567/20
f 2698/4776/20 5655/4781/20 5658/4785/20 2699/4777/20
f 2697/4775/20 5652/4778/20 5655/4781/20 2698/4776/20
f 5661/4794/20 5662/4795/20 5665/4796/20 5664/4797/20
f 5662/4795/20 5663/4798/20 5666/4799/20 5665/4796/20
f 5664/4797/20 5665/4796/20 5668/4800/20 5667/4801/20
f 5665/4796/20 5666/4799/20 5669/4802/20 5668/4800/20
f 359/4790/20 1529/4803/20 5661/4794/20 2700/4791/20
f 1529/4803/20 1528/4804/20 5662/4795/20 5661/4794/20
f 1528/4804/20 1527/4805/20 5663/4798/20 5662/4795/20
f 1527/4805/20 358/4806/20 2703/4807/20 5663/4798/20
f 5663/4798/20 2703/4807/20 2704/4808/20 5666/4799/20
f 5666/4799/20 2704/4808/20 2705/4809/20 5669/4802/20
f 5669/4802/20 2705/4809/20 370/4607/20 1563/4606/20
f 5668/4800/20 5669/4802/20 1563/4606/20 1564/4605/20
f 5667/4801/20 5668/4800/20 1564/4605/20 1565/4604/20
f 2702/4793/20 5667/4801/20 1565/4604/20 371/4587/20
f 2701/4792/20 5664/4797/20 5667/4801/20 2702/4793/20
f 2700/4791/20 5661/4794/20 5664/4797/20 2701/4792/20
f 5670/4810/20 5671/4811/20 5674/4812/20 5673/4813/20
f 5671/4811/20 5672/4814/20 5675/4815/20 5674/4812/20
f 5673/4813/20 5674/4812/20 5677/4816/20 5676/4817/20
f 5674/4812/20 5675/4815/20 5678/4818/20 5677/4816/20
f 358/4806/20 1526/4819/20 5670/4810/20 2703/4807/20
f 1526/4819/20 1525/4820/20 5671/4811/20 5670/4810/20
f 1525/4820/20 1524/4821/20 5672/4814/20 5671/4811/20
f 1524/4821/20 357/688/20 2706/702/20 5672/4814/20
f 5672/4814/20 2706/702/20 2707/713/20 5675/4815/20
f 5675/4815/20 2707/713/20 2708/711/20 5678/4818/20
f 5678/4818/20 2708/711/20 369/712/20 1560/4626/20
f 5677/4816/20 5678/4818/20 1560/4626/20 1561/4625/20
f 5676/4817/20 5677/4816/20 1561/4625/20 1562/4624/20
f 2705/4809/20 5676/4817/20 1562/4624/20 370/4607/20
f 2704/4808/20 5673/4813/20 5676/4817/20 2705/4809/20
f 2703/4807/20 5670/4810/20 5673/4813/20 2704/4808/20
f 5679/4822/375 5680/4823/375 5683/4824/375 5682/4825/375
f 5680/4826/376 5681/4827/376 5684/4828/376 5683/4829/376
f 5682/4825/375 5683/4824/375 5686/4830/375 5685/4831/375
f 5683/4829/376 5684/4828/376 5687/4832/376 5686/4833/376
f 169/1171/377 767/4834/377 5679/4822/377 732/1188/377
f 767/4834/375 766/4835/375 5680/4823/375 5679/4822/375
f 766/4836/376 765/4837/376 5681/4827/376 5680/4826/376
f 765/4837/378 356/4838/378 2709/4839/378 5681/4827/378
f 5681/4827/378 2709/4839/378 2710/4840/378 5684/4828/378
f 5684/4828/378 2710/4840/378 2711/4841/378 5687/4832/378
f 5687/4832/378 2711/4841/378 368/4646/378 768/4645/378
f 5686/4833/376 5687/4832/376 768/4645/376 769/4644/376
f 5685/4831/375 5686/4830/375 769/4643/375 770/4642/375
f 734/1190/377 5685/4831/377 770/4642/377 170/1191/377
f 733/1189/377 5682/4825/377 5685/4831/377 734/1190/377
f 732/1188/377 5679/4822/377 5682/4825/377 733/1189/377
f 5688/4842/20 5689/4843/20 5692/4844/20 5691/4845/20
f 5689/4843/20 5690/4846/20 5693/4847/20 5692/4844/20
f 5691/4845/20 5692/4844/20 5695/4848/20 5694/4849/20
f 5692/4844/20 5693/4847/20 5696/4850/20 5695/4848/20
f 356/4838/20 1520/4851/20 5688/4842/20 2709/4839/20
f 1520/4851/20 1519/4852/20 5689/4843/20 5688/4842/20
f 1519/4852/20 1518/4853/20 5690/4846/20 5689/4843/20
f 1518/4853/20 355/4854/20 2712/4855/20 5690/4846/20
f 5690/4846/20 2712/4855/20 2713/4856/20 5693/4847/20
f 5693/4847/20 2713/4856/20 2714/4857/20 5696/4850/20
f 5696/4850/20 2714/4857/20 367/4662/20 1554/4661/20
f 5695/4848/20 5696/4850/20 1554/4661/20 1555/4660/20
f 5694/4849/20 5695/4848/20 1555/4660/20 1556/4659/20
f 2711/4841/20 5694/4849/20 1556/4659/20 368/4646/20
f 2710/4840/20 5691/4845/20 5694/4849/20 2711/4841/20
f 2709/4839/20 5688/4842/20 5691/4845/20 2710/4840/20
f 5697/4858/20 5698/4859/20 5701/4860/20 5700/4861/20
f 5698/4859/20 5699/4862/20 5702/4863/20 5701/4860/20
f 5700/4861/20 5701/4860/20 5704/4864/20 5703/4865/20
f 5701/4860/20 5702/4863/20 5705/4866/20 5704/4864/20
f 355/4854/20 1517/4867/20 5697/4858/20 2712/4855/20
f 1517/4867/20 1516/4868/20 5698/4859/20 5697/4858/20
f 1516/4868/20 1515/4869/20 5699/4862/20 5698/4859/20
f 1515/4869/20 354/4870/20 2715/4871/20 5699/4862/20
f 5699/4862/20 2715/4871/20 2716/4872/20 5702/4863/20
f 5702/4863/20 2716/4872/20 2717/4873/20 5705/4866/20
f 5705/4866/20 2717/4873/20 366/4678/20 1551/4677/20
f 5704/4864/20 5705/4866/20 1551/4677/20 1552/4676/20
f 5703/4865/20 5704/4864/20 1552/4676/20 1553/4675/20
f 2714/4857/20 5703/4865/20 1553/4675/20 367/4662/20
f 2713/4856/20 5700/4861/20 5703/4865/20 2714/4857/20
f 2712/4855/20 5697/4858/20 5700/4861/20 2713/4856/20
f 5706/4874/20 5707/4875/20 5710/4876/20 5709/4877/20
f 5707/4875/20 5708/4878/20 5711/4879/20 5710/4876/20
f 5709/4877/20 5710/4876/20 5713/4880/20 5712/4881/20
f 5710/4876/20 5711/4879/20 5714/4882/20 5713/4880/20
f 354/4870/20 1514/4883/20 5706/4874/20 2715/4871/20
f 1514/4883/20 1513/4884/20 5707/4875/20 5706/4874/20
f 1513/4884/20 1512/4885/20 5708/4878/20 5707/4875/20
f 1512/4885/20 353/4886/20 2718/4887/20 5708/4878/20
f 5708/4878/20 2718/4887/20 2719/4888/20 5711/4879/20
f 5711/4879/20 2719/4888/20 2720/4889/20 5714/4882/20
f 5714/4882/20 2720/4889/20 365/4694/20 1548/4693/20
f 5713/4880/20 5714/4882/20 1548/4693/20 1549/4692/20
f 5712/4881/20 5713/4880/20 1549/4692/20 1550/4691/20
f 2717/4873/20 5712/4881/20 1550/4691/20 366/4678/20
f 2716/4872/20 5709/4877/20 5712/4881/20 2717/4873/20
f 2715/4871/20 5706/4874/20 5709/4877/20 2716/4872/20
f 5715/4890/20 5716/4891/20 5719/4892/20 5718/4893/20
f 5716/4891/20 5717/4894/20 5720/4895/20 5719/4892/20
f 5718/4893/20 5719/4892/20 5722/4896/20 5721/4897/20
f 5719/4892/20 5720/4895/20 5723/4898/20 5722/4896/20
f 353/4886/20 1511/4899/20 5715/4890/20 2718/4887/20
f 1511/4899/20 1510/4900/20 5716/4891/20 5715/4890/20
f 1510/4900/20 1509/4901/20 5717/4894/20 5716/4891/20
f 1509/4901/20 352/4902/20 2721/4903/20 5717/4894/20
f 5717/4894/20 2721/4903/20 2722/4904/20 5720/4895/20
f 5720/4895/20 2722/4904/20 2723/4905/20 5723/4898/20
f 5723/4898/20 2723/4905/20 364/4710/20 1545/4709/20
f 5722/4896/20 5723/4898/20 1545/4709/20 1546/4708/20
f 5721/4897/20 5722/4896/20 1546/4708/20 1547/4707/20
f 2720/4889/20 5721/4897/20 1547/4707/20 365/4694/20
f 2719/4888/20 5718/4893/20 5721/4897/20 2720/4889/20
f 2718/4887/20 5715/4890/20 5718/4893/20 2719/4888/20
f 5724/4906/20 5725/4907/20 5728/4908/20 5727/4909/20
f 5725/4907/20 5726/4910/20 5729/4911/20 5728/4908/20
f 5727/4909/20 5728/4908/20 5731/4912/20 5730/4913/20
f 5728/4908/20 5729/4911/20 5732/4914/20 5731/4912/20
f 352/4902/20 1508/4915/20 5724/4906/20 2721/4903/20
f 1508/4915/20 1507/4916/20 5725/4907/20 5724/4906/20
f 1507/4916/20 1506/4917/20 5726/4910/20 5725/4907/20
f 1506/4917/20 351/4918/20 2724/4919/20 5726/4910/20
f 5726/4910/20 2724/4919/20 2725/4920/20 5729/4911/20
f 5729/4911/20 2725/4920/20 2726/4921/20 5732/4914/20
f 5732/4914/20 2726/4921/20 363/4726/20 1542/4725/20
f 5731/4912/20 5732/4914/20 1542/4725/20 1543/4724/20
f 5730/4913/20 5731/4912/20 1543/4724/20 1544/4723/20
f 2723/4905/20 5730/4913/20 1544/4723/20 364/4710/20
f 2722/4904/20 5727/4909/20 5730/4913/20 2723/4905/20
f 2721/4903/20 5724/4906/20 5727/4909/20 2722/4904/20
f 5733/4922/20 5734/4923/20 5737/4924/20 5736/4925/20
f 5734/4923/20 5735/4926/20 5738/4927/20 5737/4924/20
f 5736/4925/20 5737/4924/20 5740/4928/20 5739/4929/20
f 5737/4924/20 5738/4927/20 5741/4930/20 5740/4928/20
f 351/4918/20 1505/4931/20 5733/4922/20 2724/4919/20
f 1505/4931/20 1504/4932/20 5734/4923/20 5733/4922/20
f 1504/4932/20 1503/4933/20 5735/4926/20 5734/4923/20
f 1503/4933/20 350/4934/20 2727/4935/20 5735/4926/20
f 5735/4926/20 2727/4935/20 2728/4936/20 5738/4927/20
f 5738/4927/20 2728/4936/20 2729/4937/20 5741/4930/20
f 5741/4930/20 2729/4937/20 362/4742/20 1539/4741/20
f 5740/4928/20 5741/4930/20 1539/4741/20 1540/4740/20
f 5739/4929/20 5740/4928/20 1540/4740/20 1541/4739/20
f 2726/4921/20 5739/4929/20 1541/4739/20 363/4726/20
f 2725/4920/20 5736/4925/20 5739/4929/20 2726/4921/20
f 2724/4919/20 5733/4922/20 5736/4925/20 2725/4920/20
f 5742/4938/20 5743/4939/20 5746/4940/20 5745/4941/20
f 5743/4939/20 5744/4942/20 5747/4943/20 5746/4940/20
f 5745/4941/20 5746/4940/20 5749/4944/20 5748/4945/20
f 5746/4940/20 5747/4943/20 5750/4946/20 5749/4944/20
f 350/4934/20 1502/4947/20 5742/4938/20 2727/4935/20
f 1502/4947/20 1501/4948/20 5743/4939/20 5742/4938/20
f 1501/4948/20 1500/4949/20 5744/4942/20 5743/4939/20
f 1500/4949/20 349/4950/20 2730/4951/20 5744/4942/20
f 5744/4942/20 2730/4951/20 2731/4952/20 5747/4943/20
f 5747/4943/20 2731/4952/20 2732/4953/20 5750/4946/20
f 5750/4946/20 2732/4953/20 361/4758/20 1536/4757/20
f 5749/4944/20 5750/4946/20 1536/4757/20 1537/4756/20
f 5748/4945/20 5749/4944/20 1537/4756/20 1538/4755/20
f 2729/4937/20 5748/4945/20 1538/4755/20 362/4742/20
f 2728/4936/20 5745/4941/20 5748/4945/20 2729/4937/20
f 2727/4935/20 5742/4938/20 5745/4941/20 2728/4936/20
f 5751/4954/20 5752/4955/20 5755/4956/20 5754/4957/20
f 5752/4955/20 5753/4958/20 5756/4959/20 5755/4956/20
f 5754/4957/20 5755/4956/20 5758/4960/20 5757/4961/20
f 5755/4956/20 5756/4959/20 5759/4962/20 5758/4960/20
f 349/4950/20 1499/4963/20 5751/4954/20 2730/4951/20
f 1499/4963/20 1498/4964/20 5752/4955/20 5751/4954/20
f 1498/4964/20 1497/4965/20 5753/4958/20 5752/4955/20
f 1497/4965/20 348/4966/20 2733/4967/20 5753/4958/20
f 5753/4958/20 2733/4967/20 2734/4968/20 5756/4959/20
f 5756/4959/20 2734/4968/20 2735/4969/20 5759/4962/20
f 5759/4962/20 2735/4969/20 360/4774/20 1533/4773/20
f 5758/4960/20 5759/4962/20 1533/4773/20 1534/4772/20
f 5757/4961/20 5758/4960/20 1534/4772/20 1535/4771/20
f 2732/4953/20 5757/4961/20 1535/4771/20 361/4758/20
f 2731/4952/20 5754/4957/20 5757/4961/20 2732/4953/20
f 2730/4951/20 5751/4954/20 5754/4957/20 2731/4952/20
f 5760/4970/20 5761/4971/20 5764/4972/20 5763/4973/20
f 5761/4971/20 5762/4974/20 5765/4975/20 5764/4972/20
f 5763/4973/20 5764/4972/20 5767/4976/20 5766/4977/20
f 5764/4972/20 5765/4975/20 5768/4978/20 5767/4976/20
f 348/4966/20 1496/4979/20 5760/4970/20 2733/4967/20
f 1496/4979/20 1495/4980/20 5761/4971/20 5760/4970/20
f 1495/4980/20 1494/4981/20 5762/4974/20 5761/4971/20
f 1494/4981/20 347/4982/20 2736/4983/20 5762/4974/20
f 5762/4974/20 2736/4983/20 2737/4984/20 5765/4975/20
f 5765/4975/20 2737/4984/20 2738/4985/20 5768/4978/20
f 5768/4978/20 2738/4985/20 359/4790/20 1530/4789/20
f 5767/4976/20 5768/4978/20 1530/4789/20 1531/4788/20
f 5766/4977/20 5767/4976/20 1531/4788/20 1532/4787/20
f 2735/4969/20 5766/4977/20 1532/4787/20 360/4774/20
f 2734/4968/20 5763/4973/20 5766/4977/20 2735/4969/20
f 2733/4967/20 5760/4970/20 5763/4973/20 2734/4968/20
f 5769/4986/20 5770/4987/20 5773/4988/20 5772/4989/20
f 5770/4987/20 5771/4990/20 5774/4991/20 5773/4988/20
f 5772/4989/20 5773/4988/20 5776/4992/20 5775/4993/20
f 5773/4988/20 5774/4991/20 5777/4994/20 5776/4992/20
f 347/4982/20 1493/4995/20 5769/4986/20 2736/4983/20
f 1493/4995/20 1492/4996/20 5770/4987/20 5769/4986/20
f 1492/4996/20 1491/4997/20 5771/4990/20 5770/4987/20
f 1491/4997/20 346/4998/20 2739/4999/20 5771/4990/20
f 5771/4990/20 2739/4999/20 2740/5000/20 5774/4991/20
f 5774/4991/20 2740/5000/20 2741/5001/20 5777/4994/20
f 5777/4994/20 2741/5001/20 358/4806/20 1527/4805/20
f 5776/4992/20 5777/4994/20 1527/4805/20 1528/4804/20
f 5775/4993/20 5776/4992/20 1528/4804/20 1529/4803/20
f 2738/4985/20 5775/4993/20 1529/4803/20 359/4790/20
f 2737/4984/20 5772/4989/20 5775/4993/20 2738/4985/20
f 2736/4983/20 5769/4986/20 5772/4989/20 2737/4984/20
f 5778/5002/20 5779/5003/20 5782/5004/20 5781/5005/20
f 5779/5003/20 5780/5006/20 5783/5007/20 5782/5004/20
f 5781/5005/20 5782/5004/20 5785/5008/20 5784/5009/20
f 5782/5004/20 5783/5007/20 5786/5010/20 5785/5008/20
f 346/4998/20 1490/5011/20 5778/5002/20 2739/4999/20
f 1490/5011/20 1489/5012/20 5779/5003/20 5778/5002/20
f 1489/5012/20 1488/5013/20 5780/5006/20 5779/5003/20
f 1488/5013/20 345/664/20 2742/678/20 5780/5006/20
f 5780/5006/20 2742/678/20 2743/689/20 5783/5007/20
f 5783/5007/20 2743/689/20 2744/687/20 5786/5010/20
f 5786/5010/20 2744/687/20 357/688/20 1524/4821/20
f 5785/5008/20 5786/5010/20 1524/4821/20 1525/4820/20
f 5784/5009/20 5785/5008/20 1525/4820/20 1526/4819/20
f 2741/5001/20 5784/5009/20 1526/4819/20 358/4806/20
f 2740/5000/20 5781/5005/20 5784/5009/20 2741/5001/20
f 2739/4999/20 5778/5002/20 5781/5005/20 2740/5000/20
f 5787/5014/375 5788/5015/375 5791/5016/375 5790/5017/375
f 5788/5018/376 5789/5019/376 5792/5020/376 5791/5021/376
f 5790/5017/375 5791/5016/375 5794/5022/375 5793/5023/375
f 5791/5021/376 5792/5020/376 5795/5024/376 5794/5025/376
f 168/1151/377 764/5026/377 5787/5014/377 729/1168/377
f 764/5026/375 763/5027/375 5788/5015/375 5787/5014/375
f 763/5028/376 762/5029/376 5789/5019/376 5788/5018/376
f 762/5029/378 344/5030/378 2745/5031/378 5789/5019/378
f 5789/5019/378 2745/5031/378 2746/5032/378 5792/5020/378
f 5792/5020/378 2746/5032/378 2747/5033/378 5795/5024/378
f 5795/5024/378 2747/5033/378 356/4838/378 765/4837/378
f 5794/5025/376 5795/5024/376 765/4837/376 766/4836/376
f 5793/5023/375 5794/5022/375 766/4835/375 767/4834/375
f 731/1170/377 5793/5023/377 767/4834/377 169/1171/377
f 730/1169/377 5790/5017/377 5793/5023/377 731/1170/377
f 729/1168/377 5787/5014/377 5790/5017/377 730/1169/377
f 5796/5034/20 5797/5035/20 5800/5036/20 5799/5037/20
f 5797/5035/20 5798/5038/20 5801/5039/20 5800/5036/20
f 5799/5037/20 5800/5036/20 5803/5040/20 5802/5041/20
f 5800/5036/20 5801/5039/20 5804/5042/20 5803/5040/20
f 344/5030/20 1484/5043/20 5796/5034/20 2745/5031/20
f 1484/5043/20 1483/5044/20 5797/5035/20 5796/5034/20
f 1483/5044/20 1482/5045/20 5798/5038/20 5797/5035/20
f 1482/5045/20 343/5046/20 2748/5047/20 5798/5038/20
f 5798/5038/20 2748/5047/20 2749/5048/20 5801/5039/20
f 5801/5039/20 2749/5048/20 2750/5049/20 5804/5042/20
f 5804/5042/20 2750/5049/20 355/4854/20 1518/4853/20
f 5803/5040/20 5804/5042/20 1518/4853/20 1519/4852/20
f 5802/5041/20 5803/5040/20 1519/4852/20 1520/4851/20
f 2747/5033/20 5802/5041/20 1520/4851/20 356/4838/20
f 2746/5032/20 5799/5037/20 5802/5041/20 2747/5033/20
f 2745/5031/20 5796/5034/20 5799/5037/20 2746/5032/20
f 5805/5050/20 5806/5051/20 5809/5052/20 5808/5053/20
f 5806/5051/20 5807/5054/20 5810/5055/20 5809/5052/20
f 5808/5053/20 5809/5052/20 5812/5056/20 5811/5057/20
f 5809/5052/20 5810/5055/20 5813/5058/20 5812/5056/20
f 343/5046/20 1481/5059/20 5805/5050/20 2748/5047/20
f 1481/5059/20 1480/5060/20 5806/5051/20 5805/5050/20
f 1480/5060/20 1479/5061/20 5807/5054/20 5806/5051/20
f 1479/5061/20 342/5062/20 2751/5063/20 5807/5054/20
f 5807/5054/20 2751/5063/20 2752/5064/20 5810/5055/20
f 5810/5055/20 2752/5064/20 2753/5065/20 5813/5058/20
f 5813/5058/20 2753/5065/20 354/4870/20 1515/4869/20
f 5812/5056/20 5813/5058/20 1515/4869/20 1516/4868/20
f 5811/5057/20 5812/5056/20 1516/4868/20 1517/4867/20
f 2750/5049/20 5811/5057/20 1517/4867/20 355/4854/20
f 2749/5048/20 5808/5053/20 5811/5057/20 2750/5049/20
f 2748/5047/20 5805/5050/20 5808/5053/20 2749/5048/20
f 5814/5066/20 5815/5067/20 5818/5068/20 5817/5069/20
f 5815/5067/20 5816/5070/20 5819/5071/20 5818/5068/20
f 5817/5069/20 5818/5068/20 5821/5072/20 5820/5073/20
f 5818/5068/20 5819/5071/20 5822/5074/20 5821/5072/20
f 342/5062/20 1478/5075/20 5814/5066/20 2751/5063/20
f 1478/5075/20 1477/5076/20 5815/5067/20 5814/5066/20
f 1477/5076/20 1476/5077/20 5816/5070/20 5815/5067/20
f 1476/5077/20 341/5078/20 2754/5079/20 5816/5070/20
f 5816/5070/20 2754/5079/20 2755/5080/20 5819/5071/20
f 5819/5071/20 2755/5080/20 2756/5081/20 5822/5074/20
f 5822/5074/20 2756/5081/20 353/4886/20 1512/4885/20
f 5821/5072/20 5822/5074/20 1512/4885/20 1513/4884/20
f 5820/5073/20 5821/5072/20 1513/4884/20 1514/4883/20
f 2753/5065/20 5820/5073/20 1514/4883/20 354/4870/20
f 2752/5064/20 5817/5069/20 5820/5073/20 2753/5065/20
f 2751/5063/20 5814/5066/20 5817/5069/20 2752/5064/20
f 5823/5082/20 5824/5083/20 5827/5084/20 5826/5085/20
f 5824/5083/20 5825/5086/20 5828/5087/20 5827/5084/20
f 5826/5085/20 5827/5084/20 5830/5088/20 5829/5089/20
f 5827/5084/20 5828/5087/20 5831/5090/20 5830/5088/20
f 341/5078/20 1475/5091/20 5823/5082/20 2754/5079/20
f 1475/5091/20 1474/5092/20 5824/5083/20 5823/5082/20
f 1474/5092/20 1473/5093/20 5825/5086/20 5824/5083/20
f 1473/5093/20 340/5094/20 2757/5095/20 5825/5086/20
f 5825/5086/20 2757/5095/20 2758/5096/20 5828/5087/20
f 5828/5087/20 2758/5096/20 2759/5097/20 5831/5090/20
f 5831/5090/20 2759/5097/20 352/4902/20 1509/4901/20
f 5830/5088/20 5831/5090/20 1509/4901/20 1510/4900/20
f 5829/5089/20 5830/5088/20 1510/4900/20 1511/4899/20
f 2756/5081/20 5829/5089/20 1511/4899/20 353/4886/20
f 2755/5080/20 5826/5085/20 5829/5089/20 2756/5081/20
f 2754/5079/20 5823/5082/20 5826/5085/20 2755/5080/20
f 5832/5098/20 5833/5099/20 5836/5100/20 5835/5101/20
f 5833/5099/20 5834/5102/20 5837/5103/20 5836/5100/20
f 5835/5101/20 5836/5100/20 5839/5104/20 5838/5105/20
f 5836/5100/20 5837/5103/20 5840/5106/20 5839/5104/20
f 340/5094/20 1472/5107/20 5832/5098/20 2757/5095/20
f 1472/5107/20 1471/5108/20 5833/5099/20 5832/5098/20
f 1471/5108/20 1470/5109/20 5834/5102/20 5833/5099/20
f 1470/5109/20 339/5110/20 2760/5111/20 5834/5102/20
f 5834/5102/20 2760/5111/20 2761/5112/20 5837/5103/20
f 5837/5103/20 2761/5112/20 2762/5113/20 5840/5106/20
f 5840/5106/20 2762/5113/20 351/4918/20 1506/4917/20
f 5839/5104/20 5840/5106/20 1506/4917/20 1507/4916/20
f 5838/5105/20 5839/5104/20 1507/4916/20 1508/4915/20
f 2759/5097/20 5838/5105/20 1508/4915/20 352/4902/20
f 2758/5096/20 5835/5101/20 5838/5105/20 2759/5097/20
f 2757/5095/20 5832/5098/20 5835/5101/20 2758/5096/20
f 5841/5114/20 5842/5115/20 5845/5116/20 5844/5117/20
f 5842/5115/20 5843/5118/20 5846/5119/20 5845/5116/20
f 5844/5117/20 5845/5116/20 5848/5120/20 5847/5121/20
f 5845/5116/20 5846/5119/20 5849/5122/20 5848/5120/20
f 339/5110/20 1469/5123/20 5841/5114/20 2760/5111/20
f 1469/5123/20 1468/5124/20 5842/5115/20 5841/5114/20
f 1468/5124/20 1467/5125/20 5843/5118/20 5842/5115/20
f 1467/5125/20 338/5126/20 2763/5127/20 5843/5118/20
f 5843/5118/20 2763/5127/20 2764/5128/20 5846/5119/20
f 5846/5119/20 2764/5128/20 2765/5129/20 5849/5122/20
f 5849/5122/20 2765/5129/20 350/4934/20 1503/4933/20
f 5848/5120/20 5849/5122/20 1503/4933/20 1504/4932/20
f 5847/5121/20 5848/5120/20 1504/4932/20 1505/4931/20
f 2762/5113/20 5847/5121/20 1505/4931/20 351/4918/20
f 2761/5112/20 5844/5117/20 5847/5121/20 2762/5113/20
f 2760/5111/20 5841/5114/20 5844/5117/20 2761/5112/20
f 5850/5130/20 5851/5131/20 5854/5132/20 5853/5133/20
f 5851/5131/20 5852/5134/20 5855/5135/20 5854/5132/20
f 5853/5133/20 5854/5132/20 5857/5136/20 5856/5137/20
f 5854/5132/20 5855/5135/20 5858/5138/20 5857/5136/20
f 338/5126/20 1466/5139/20 5850/5130/20 2763/5127/20
f 1466/5139/20 1465/5140/20 5851/5131/20 5850/5130/20
f 1465/5140/20 1464/5141/20 5852/5134/20 5851/5131/20
f 1464/5141/20 337/5142/20 2766/5143/20 5852/5134/20
f 5852/5134/20 2766/5143/20 2767/5144/20 5855/5135/20
f 5855/5135/20 2767/5144/20 2768/5145/20 5858/5138/20
f 5858/5138/20 2768/5145/20 349/4950/20 1500/4949/20
f 5857/5136/20 5858/5138/20 1500/4949/20 1501/4948/20
f 5856/5137/20 5857/5136/20 1501/4948/20 1502/4947/20
f 2765/5129/20 5856/5137/20 1502/4947/20 350/4934/20
f 2764/5128/20 5853/5133/20 5856/5137/20 2765/5129/20
f 2763/5127/20 5850/5130/20 5853/5133/20 2764/5128/20
f 5859/5146/20 5860/5147/20 5863/5148/20 5862/5149/20
f 5860/5147/20 5861/5150/20 5864/5151/20 5863/5148/20
f 5862/5149/20 5863/5148/20 5866/5152/20 5865/5153/20
f 5863/5148/20 5864/5151/20 5867/5154/20 5866/5152/20
f 337/5142/20 1463/5155/20 5859/5146/20 2766/5143/20
f 1463/5155/20 1462/5156/20 5860/5147/20 5859/5146/20
f 1462/5156/20 1461/5157/20 5861/5150/20 5860/5147/20
f 1461/5157/20 336/5158/20 2769/5159/20 5861/5150/20
f 5861/5150/20 2769/5159/20 2770/5160/20 5864/5151/20
f 5864/5151/20 2770/5160/20 2771/5161/20 5867/5154/20
f 5867/5154/20 2771/5161/20 348/4966/20 1497/4965/20
f 5866/5152/20 5867/5154/20 1497/4965/20 1498/4964/20
f 5865/5153/20 5866/5152/20 1498/4964/20 1499/4963/20
f 2768/5145/20 5865/5153/20 1499/4963/20 349/4950/20
f 2767/5144/20 5862/5149/20 5865/5153/20 2768/5145/20
f 2766/5143/20 5859/5146/20 5862/5149/20 2767/5144/20
f 5868/5162/20 5869/5163/20 5872/5164/20 5871/5165/20
f 5869/5163/20 5870/5166/20 5873/5167/20 5872/5164/20
f 5871/5165/20 5872/5164/20 5875/5168/20 5874/5169/20
f 5872/5164/20 5873/5167/20 5876/5170/20 5875/5168/20
f 336/5158/20 1460/5171/20 5868/5162/20 2769/5159/20
f 1460/5171/20 1459/5172/20 5869/5163/20 5868/5162/20
f 1459/5172/20 1458/5173/20 5870/5166/20 5869/5163/20
f 1458/5173/20 335/5174/20 2772/5175/20 5870/5166/20
f 5870/5166/20 2772/5175/20 2773/5176/20 5873/5167/20
f 5873/5167/20 2773/5176/20 2774/5177/20 5876/5170/20
f 5876/5170/20 2774/5177/20 347/4982/20 1494/4981/20
f 5875/5168/20 5876/5170/20 1494/4981/20 1495/4980/20
f 5874/5169/20 5875/5168/20 1495/4980/20 1496/4979/20
f 2771/5161/20 5874/5169/20 1496/4979/20 348/4966/20
f 2770/5160/20 5871/5165/20 5874/5169/20 2771/5161/20
f 2769/5159/20 5868/5162/20 5871/5165/20 2770/5160/20
f 5877/5178/20 5878/5179/20 5881/5180/20 5880/5181/20
f 5878/5179/20 5879/5182/20 5882/5183/20 5881/5180/20
f 5880/5181/20 5881/5180/20 5884/5184/20 5883/5185/20
f 5881/5180/20 5882/5183/20 5885/5186/20 5884/5184/20
f 335/5174/20 1457/5187/20 5877/5178/20 2772/5175/20
f 1457/5187/20 1456/5188/20 5878/5179/20 5877/5178/20
f 1456/5188/20 1455/5189/20 5879/5182/20 5878/5179/20
f 1455/5189/20 334/5190/20 2775/5191/20 5879/5182/20
f 5879/5182/20 2775/5191/20 2776/5192/20 5882/5183/20
f 5882/5183/20 2776/5192/20 2777/5193/20 5885/5186/20
f 5885/5186/20 2777/5193/20 346/4998/20 1491/4997/20
f 5884/5184/20 5885/5186/20 1491/4997/20 1492/4996/20
f 5883/5185/20 5884/5184/20 1492/4996/20 1493/4995/20
f 2774/5177/20 5883/5185/20 1493/4995/20 347/4982/20
f 2773/5176/20 5880/5181/20 5883/5185/20 2774/5177/20
f 2772/5175/20 5877/5178/20 5880/5181/20 2773/5176/20
f 5886/5194/20 5887/5195/20 5890/5196/20 5889/5197/20
f 5887/5195/20 5888/5198/20 5891/5199/20 5890/5196/20
f 5889/5197/20 5890/5196/20 5893/5200/20 5892/5201/20
f 5890/5196/20 5891/5199/20 5894/5202/20 5893/5200/20
f 334/5190/20 1454/5203/20 5886/5194/20 2775/5191/20
f 1454/5203/20 1453/5204/20 5887/5195/20 5886/5194/20
f 1453/5204/20 1452/5205/20 5888/5198/20 5887/5195/20
f 1452/5205/20 333/640/20 2778/654/20 5888/5198/20
f 5888/5198/20 2778/654/20 2779/665/20 5891/5199/20
f 5891/5199/20 2779/665/20 2780/663/20 5894/5202/20
f 5894/5202/20 2780/663/20 345/664/20 1488/5013/20
f 5893/5200/20 5894/5202/20 1488/5013/20 1489/5012/20
f 5892/5201/20 5893/5200/20 1489/5012/20 1490/5011/20
f 2777/5193/20 5892/5201/20 1490/5011/20 346/4998/20
f 2776/5192/20 5889/5197/20 5892/5201/20 2777/5193/20
f 2775/5191/20 5886/5194/20 5889/5197/20 2776/5192/20
f 5895/5206/375 5896/5207/375 5899/5208/375 5898/5209/375
f 5896/5210/376 5897/5211/376 5900/5212/376 5899/5213/376
f 5898/5209/375 5899/5208/375 5902/5214/375 5901/5215/375
f 5899/5213/376 5900/5212/376 5903/5216/376 5902/5217/376
f 167/1131/377 761/5218/377 5895/5206/377 726/1148/377
f 761/5218/375 760/5219/375 5896/5207/375 5895/5206/375
f 760/5220/376 759/5221/376 5897/5211/376 5896/5210/376
f 759/5221/378 332/5222/378 2781/5223/378 5897/5211/378
f 5897/5211/378 2781/5223/378 2782/5224/378 5900/5212/378
f 5900/5212/378 2782/5224/378 2783/5225/378 5903/5216/378
f 5903/5216/378 2783/5225/378 344/5030/378 762/5029/378
f 5902/5217/376 5903/5216/376 762/5029/376 763/5028/376
f 5901/5215/375 5902/5214/375 763/5027/375 764/5026/375
f 728/1150/377 5901/5215/377 764/5026/377 168/1151/377
f 727/1149/377 5898/5209/377 5901/5215/377 728/1150/377
f 726/1148/377 5895/5206/377 5898/5209/377 727/1149/377
f 5904/5226/20 5905/5227/20 5908/5228/20 5907/5229/20
f 5905/5227/20 5906/5230/20 5909/5231/20 5908/5228/20
f 5907/5229/20 5908/5228/20 5911/5232/20 5910/5233/20
f 5908/5228/20 5909/5231/20 5912/5234/20 5911/5232/20
f 332/5222/20 1448/5235/20 5904/5226/20 2781/5223/20
f 1448/5235/20 1447/5236/20 5905/5227/20 5904/5226/20
f 1447/5236/20 1446/5237/20 5906/5230/20 5905/5227/20
f 1446/5237/20 331/5238/20 2784/5239/20 5906/5230/20
f 5906/5230/20 2784/5239/20 2785/5240/20 5909/5231/20
f 5909/5231/20 2785/5240/20 2786/5241/20 5912/5234/20
f 5912/5234/20 2786/5241/20 343/5046/20 1482/5045/20
f 5911/5232/20 5912/5234/20 1482/5045/20 1483/5044/20
f 5910/5233/20 5911/5232/20 1483/5044/20 1484/5043/20
f 2783/5225/20 5910/5233/20 1484/5043/20 344/5030/20
f 2782/5224/20 5907/5229/20 5910/5233/20 2783/5225/20
f 2781/5223/20 5904/5226/20 5907/5229/20 2782/5224/20
f 5913/5242/20 5914/5243/20 5917/5244/20 5916/5245/20
f 5914/5243/20 5915/5246/20 5918/5247/20 5917/5244/20
f 5916/5245/20 5917/5244/20 5920/5248/20 5919/5249/20
f 5917/5244/20 5918/5247/20 5921/5250/20 5920/5248/20
f 331/5238/20 1445/5251/20 5913/5242/20 2784/5239/20
f 1445/5251/20 1444/5252/20 5914/5243/20 5913/5242/20
f 1444/5252/20 1443/5253/20 5915/5246/20 5914/5243/20
f 1443/5253/20 330/5254/20 2787/5255/20 5915/5246/20
f 5915/5246/20 2787/5255/20 2788/5256/20 5918/5247/20
f 5918/5247/20 2788/5256/20 2789/5257/20 5921/5250/20
f 5921/5250/20 2789/5257/20 342/5062/20 1479/5061/20
f 5920/5248/20 5921/5250/20 1479/5061/20 1480/5060/20
f 5919/5249/20 5920/5248/20 1480/5060/20 1481/5059/20
f 2786/5241/20 5919/5249/20 1481/5059/20 343/5046/20
f 2785/5240/20 5916/5245/20 5919/5249/20 2786/5241/20
f 2784/5239/20 5913/5242/20 5916/5245/20 2785/5240/20
f 5922/5258/20 5923/5259/20 5926/5260/20 5925/5261/20
f 5923/5259/20 5924/5262/20 5927/5263/20 5926/5260/20
f 5925/5261/20 5926/5260/20 5929/5264/20 5928/5265/20
f 5926/5260/20 5927/5263/20 5930/5266/20 5929/5264/20
f 330/5254/20 1442/5267/20 5922/5258/20 2787/5255/20
f 1442/5267/20 1441/5268/20 5923/5259/20 5922/5258/20
f 1441/5268/20 1440/5269/20 5924/5262/20 5923/5259/20
f 1440/5269/20 329/5270/20 2790/5271/20 5924/5262/20
f 5924/5262/20 2790/5271/20 2791/5272/20 5927/5263/20
f 5927/5263/20 2791/5272/20 2792/5273/20 5930/5266/20
f 5930/5266/20 2792/5273/20 341/5078/20 1476/5077/20
f 5929/5264/20 5930/5266/20 1476/5077/20 1477/5076/20
f 5928/5265/20 5929/5264/20 1477/5076/20 1478/5075/20
f 2789/5257/20 5928/5265/20 1478/5075/20 342/5062/20
f 2788/5256/20 5925/5261/20 5928/5265/20 2789/5257/20
f 2787/5255/20 5922/5258/20 5925/5261/20 2788/5256/20
f 5931/5274/20 5932/5275/20 5935/5276/20 5934/5277/20
f 5932/5275/20 5933/5278/20 5936/5279/20 5935/5276/20
f 5934/5277/20 5935/5276/20 5938/5280/20 5937/5281/20
f 5935/5276/20 5936/5279/20 5939/5282/20 5938/5280/20
f 329/5270/20 1439/5283/20 5931/5274/20 2790/5271/20
f 1439/5283/20 1438/5284/20 5932/5275/20 5931/5274/20
f 1438/5284/20 1437/5285/20 5933/5278/20 5932/5275/20
f 1437/5285/20 328/5286/20 2793/5287/20 5933/5278/20
f 5933/5278/20 2793/5287/20 2794/5288/20 5936/5279/20
f 5936/5279/20 2794/5288/20 2795/5289/20 5939/5282/20
f 5939/5282/20 2795/5289/20 340/5094/20 1473/5093/20
f 5938/5280/20 5939/5282/20 1473/5093/20 1474/5092/20
f 5937/5281/20 5938/5280/20 1474/5092/20 1475/5091/20
f 2792/5273/20 5937/5281/20 1475/5091/20 341/5078/20
f 2791/5272/20 5934/5277/20 5937/5281/20 2792/5273/20
f 2790/5271/20 5931/5274/20 5934/5277/20 2791/5272/20
f 5940/5290/20 5941/5291/20 5944/5292/20 5943/5293/20
f 5941/5291/20 5942/5294/20 5945/5295/20 5944/5292/20
f 5943/5293/20 5944/5292/20 5947/5296/20 5946/5297/20
f 5944/5292/20 5945/5295/20 5948/5298/20 5947/5296/20
f 328/5286/20 1436/5299/20 5940/5290/20 2793/5287/20
f 1436/5299/20 1435/5300/20 5941/5291/20 5940/5290/20
f 1435/5300/20 1434/5301/20 5942/5294/20 5941/5291/20
f 1434/5301/20 327/5302/20 2796/5303/20 5942/5294/20
f 5942/5294/20 2796/5303/20 2797/5304/20 5945/5295/20
f 5945/5295/20 2797/5304/20 2798/5305/20 5948/5298/20
f 5948/5298/20 2798/5305/20 339/5110/20 1470/5109/20
f 5947/5296/20 5948/5298/20 1470/5109/20 1471/5108/20
f 5946/5297/20 5947/5296/20 1471/5108/20 1472/5107/20
f 2795/5289/20 5946/5297/20 1472/5107/20 340/5094/20
f 2794/5288/20 5943/5293/20 5946/5297/20 2795/5289/20
f 2793/5287/20 5940/5290/20 5943/5293/20 2794/5288/20
f 5949/5306/20 5950/5307/20 5953/5308/20 5952/5309/20
f 5950/5307/20 5951/5310/20 5954/5311/20 5953/5308/20
f 5952/5309/20 5953/5308/20 5956/5312/20 5955/5313/20
f 5953/5308/20 5954/5311/20 5957/5314/20 5956/5312/20
f 327/5302/20 1433/5315/20 5949/5306/20 2796/5303/20
f 1433/5315/20 1432/5316/20 5950/5307/20 5949/5306/20
f 1432/5316/20 1431/5317/20 5951/5310/20 5950/5307/20
f 1431/5317/20 326/5318/20 2799/5319/20 5951/5310/20
f 5951/5310/20 2799/5319/20 2800/5320/20 5954/5311/20
f 5954/5311/20 2800/5320/20 2801/5321/20 5957/5314/20
f 5957/5314/20 2801/5321/20 338/5126/20 1467/5125/20
f 5956/5312/20 5957/5314/20 1467/5125/20 1468/5124/20
f 5955/5313/20 5956/5312/20 1468/5124/20 1469/5123/20
f 2798/5305/20 5955/5313/20 1469/5123/20 339/5110/20
f 2797/5304/20 5952/5309/20 5955/5313/20 2798/5305/20
f 2796/5303/20 5949/5306/20 5952/5309/20 2797/5304/20
f 5958/5322/20 5959/5323/20 5962/5324/20 5961/5325/20
f 5959/5323/20 5960/5326/20 5963/5327/20 5962/5324/20
f 5961/5325/20 5962/5324/20 5965/5328/20 5964/5329/20
f 5962/5324/20 5963/5327/20 5966/5330/20 5965/5328/20
f 326/5318/20 1430/5331/20 5958/5322/20 2799/5319/20
f 1430/5331/20 1429/5332/20 5959/5323/20 5958/5322/20
f 1429/5332/20 1428/5333/20 5960/5326/20 5959/5323/20
f 1428/5333/20 325/5334/20 2802/5335/20 5960/5326/20
f 5960/5326/20 2802/5335/20 2803/5336/20 5963/5327/20
f 5963/5327/20 2803/5336/20 2804/5337/20 5966/5330/20
f 5966/5330/20 2804/5337/20 337/5142/20 1464/5141/20
f 5965/5328/20 5966/5330/20 1464/5141/20 1465/5140/20
f 5964/5329/20 5965/5328/20 1465/5140/20 1466/5139/20
f 2801/5321/20 5964/5329/20 1466/5139/20 338/5126/20
f 2800/5320/20 5961/5325/20 5964/5329/20 2801/5321/20
f 2799/5319/20 5958/5322/20 5961/5325/20 2800/5320/20
f 5967/5338/20 5968/5339/20 5971/5340/20 5970/5341/20
f 5968/5339/20 5969/5342/20 5972/5343/20 5971/5340/20
f 5970/5341/20 5971/5340/20 5974/5344/20 5973/5345/20
f 5971/5340/20 5972/5343/20 5975/5346/20 5974/5344/20
f 325/5334/20 1427/5347/20 5967/5338/20 2802/5335/20
f 1427/5347/20 1426/5348/20 5968/5339/20 5967/5338/20
f 1426/5348/20 1425/5349/20 5969/5342/20 5968/5339/20
f 1425/5349/20 324/5350/20 2805/5351/20 5969/5342/20
f 5969/5342/20 2805/5351/20 2806/5352/20 5972/5343/20
f 5972/5343/20 2806/5352/20 2807/5353/20 5975/5346/20
f 5975/5346/20 2807/5353/20 336/5158/20 1461/5157/20
f 5974/5344/20 5975/5346/20 1461/5157/20 1462/5156/20
f 5973/5345/20 5974/5344/20 1462/5156/20 1463/5155/20
f 2804/5337/20 5973/5345/20 1463/5155/20 337/5142/20
f 2803/5336/20 5970/5341/20 5973/5345/20 2804/5337/20
f 2802/5335/20 5967/5338/20 5970/5341/20 2803/5336/20
f 5976/5354/20 5977/5355/20 5980/5356/20 5979/5357/20
f 5977/5355/20 5978/5358/20 5981/5359/20 5980/5356/20
f 5979/5357/20 5980/5356/20 5983/5360/20 5982/5361/20
f 5980/5356/20 5981/5359/20 5984/5362/20 5983/5360/20
f 324/5350/20 1424/5363/20 5976/5354/20 2805/5351/20
f 1424/5363/20 1423/5364/20 5977/5355/20 5976/5354/20
f 1423/5364/20 1422/5365/20 5978/5358/20 5977/5355/20
f 1422/5365/20 323/5366/20 2808/5367/20 5978/5358/20
f 5978/5358/20 2808/5367/20 2809/5368/20 5981/5359/20
f 5981/5359/20 2809/5368/20 2810/5369/20 5984/5362/20
f 5984/5362/20 2810/5369/20 335/5174/20 1458/5173/20
f 5983/5360/20 5984/5362/20 1458/5173/20 1459/5172/20
f 5982/5361/20 5983/5360/20 1459/5172/20 1460/5171/20
f 2807/5353/20 5982/5361/20 1460/5171/20 336/5158/20
f 2806/5352/20 5979/5357/20 5982/5361/20 2807/5353/20
f 2805/5351/20 5976/5354/20 5979/5357/20 2806/5352/20
f 5985/5370/20 5986/5371/20 5989/5372/20 5988/5373/20
f 5986/5371/20 5987/5374/20 5990/5375/20 5989/5372/20
f 5988/5373/20 5989/5372/20 5992/5376/20 5991/5377/20
f 5989/5372/20 5990/5375/20 5993/5378/20 5992/5376/20
f 323/5366/20 1421/5379/20 5985/5370/20 2808/5367/20
f 1421/5379/20 1420/5380/20 5986/5371/20 5985/5370/20
f 1420/5380/20 1419/5381/20 5987/5374/20 5986/5371/20
f 1419/5381/20 322/5382/20 2811/5383/20 5987/5374/20
f 5987/5374/20 2811/5383/20 2812/5384/20 5990/5375/20
f 5990/5375/20 2812/5384/20 2813/5385/20 5993/5378/20
f 5993/5378/20 2813/5385/20 334/5190/20 1455/5189/20
f 5992/5376/20 5993/5378/20 1455/5189/20 1456/5188/20
f 5991/5377/20 5992/5376/20 1456/5188/20 1457/5187/20
f 2810/5369/20 5991/5377/20 1457/5187/20 335/5174/20
f 2809/5368/20 5988/5373/20 5991/5377/20 2810/5369/20
f 2808/5367/20 5985/5370/20 5988/5373/20 2809/5368/20
f 5994/5386/20 5995/5387/20 5998/5388/20 5997/5389/20
f 5995/5387/20 5996/5390/20 5999/5391/20 5998/5388/20
f 5997/5389/20 5998/5388/20 6001/5392/20 6000/5393/20
f 5998/5388/20 5999/5391/20 6002/5394/20 6001/5392/20
f 322/5382/20 1418/5395/20 5994/5386/20 2811/5383/20
f 1418/5395/20 1417/5396/20 5995/5387/20 5994/5386/20
f 1417/5396/20 1416/5397/20 5996/5390/20 5995/5387/20
f 1416/5397/20 321/616/20 2814/630/20 5996/5390/20
f 5996/5390/20 2814/630/20 2815/641/20 5999/5391/20
f 5999/5391/20 2815/641/20 2816/639/20 6002/5394/20
f 6002/5394/20 2816/639/20 333/640/20 1452/5205/20
f 6001/5392/20 6002/5394/20 1452/5205/20 1453/5204/20
f 6000/5393/20 6001/5392/20 1453/5204/20 1454/5203/20
f 2813/5385/20 6000/5393/20 1454/5203/20 334/5190/20
f 2812/5384/20 5997/5389/20 6000/5393/20 2813/5385/20
f 2811/5383/20 5994/5386/20 5997/5389/20 2812/5384/20
f 6003/5398/375 6004/5399/375 6007/5400/375 6006/5401/375
f 6004/5402/376 6005/5403/376 6008/5404/376 6007/5405/376
f 6006/5401/375 6007/5400/375 6010/5406/375 6009/5407/375
f 6007/5405/376 6008/5404/376 6011/5408/376 6010/5409/376
f 166/1111/377 758/5410/377 6003/5398/377 723/1128/377
f 758/5410/375 757/5411/375 6004/5399/375 6003/5398/375
f 757/5412/376 756/5413/376 6005/5403/376 6004/5402/376
f 756/5413/378 320/5414/378 2817/5415/378 6005/5403/378
f 6005/5403/378 2817/5415/378 2818/5416/378 6008/5404/378
f 6008/5404/378 2818/5416/378 2819/5417/378 6011/5408/378
f 6011/5408/378 2819/5417/378 332/5222/378 759/5221/378
f 6010/5409/376 6011/5408/376 759/5221/376 760/5220/376
f 6009/5407/375 6010/5406/375 760/5219/375 761/5218/375
f 725/1130/377 6009/5407/377 761/5218/377 167/1131/377
f 724/1129/377 6006/5401/377 6009/5407/377 725/1130/377
f 723/1128/377 6003/5398/377 6006/5401/377 724/1129/377
f 6012/5418/20 6013/5419/20 6016/5420/20 6015/5421/20
f 6013/5419/20 6014/5422/20 6017/5423/20 6016/5420/20
f 6015/5421/20 6016/5420/20 6019/5424/20 6018/5425/20
f 6016/5420/20 6017/5423/20 6020/5426/20 6019/5424/20
f 320/5414/20 1412/5427/20 6012/5418/20 2817/5415/20
f 1412/5427/20 1411/5428/20 6013/5419/20 6012/5418/20
f 1411/5428/20 1410/5429/20 6014/5422/20 6013/5419/20
f 1410/5429/20 319/5430/20 2820/5431/20 6014/5422/20
f 6014/5422/20 2820/5431/20 2821/5432/20 6017/5423/20
f 6017/5423/20 2821/5432/20 2822/5433/20 6020/5426/20
f 6020/5426/20 2822/5433/20 331/5238/20 1446/5237/20
f 6019/5424/20 6020/5426/20 1446/5237/20 1447/5236/20
f 6018/5425/20 6019/5424/20 1447/5236/20 1448/5235/20
f 2819/5417/20 6018/5425/20 1448/5235/20 332/5222/20
f 2818/5416/20 6015/5421/20 6018/5425/20 2819/5417/20
f 2817/5415/20 6012/5418/20 6015/5421/20 2818/5416/20
f 6021/5434/20 6022/5435/20 6025/5436/20 6024/5437/20
f 6022/5435/20 6023/5438/20 6026/5439/20 6025/5436/20
f 6024/5437/20 6025/5436/20 6028/5440/20 6027/5441/20
f 6025/5436/20 6026/5439/20 6029/5442/20 6028/5440/20
f 319/5430/20 1409/5443/20 6021/5434/20 2820/5431/20
f 1409/5443/20 1408/5444/20 6022/5435/20 6021/5434/20
f 1408/5444/20 1407/5445/20 6023/5438/20 6022/5435/20
f 1407/5445/20 318/5446/20 2823/5447/20 6023/5438/20
f 6023/5438/20 2823/5447/20 2824/5448/20 6026/5439/20
f 6026/5439/20 2824/5448/20 2825/5449/20 6029/5442/20
f 6029/5442/20 2825/5449/20 330/5254/20 1443/5253/20
f 6028/5440/20 6029/5442/20 1443/5253/20 1444/5252/20
f 6027/5441/20 6028/5440/20 1444/5252/20 1445/5251/20
f 2822/5433/20 6027/5441/20 1445/5251/20 331/5238/20
f 2821/5432/20 6024/5437/20 6027/5441/20 2822/5433/20
f 2820/5431/20 6021/5434/20 6024/5437/20 2821/5432/20
f 6030/5450/20 6031/5451/20 6034/5452/20 6033/5453/20
f 6031/5451/20 6032/5454/20 6035/5455/20 6034/5452/20
f 6033/5453/20 6034/5452/20 6037/5456/20 6036/5457/20
f 6034/5452/20 6035/5455/20 6038/5458/20 6037/5456/20
f 318/5446/20 1406/5459/20 6030/5450/20 2823/5447/20
f 1406/5459/20 1405/5460/20 6031/5451/20 6030/5450/20
f 1405/5460/20 1404/5461/20 6032/5454/20 6031/5451/20
f 1404/5461/20 317/5462/20 2826/5463/20 6032/5454/20
f 6032/5454/20 2826/5463/20 2827/5464/20 6035/5455/20
f 6035/5455/20 2827/5464/20 2828/5465/20 6038/5458/20
f 6038/5458/20 2828/5465/20 329/5270/20 1440/5269/20
f 6037/5456/20 6038/5458/20 1440/5269/20 1441/5268/20
f 6036/5457/20 6037/5456/20 1441/5268/20 1442/5267/20
f 2825/5449/20 6036/5457/20 1442/5267/20 330/5254/20
f 2824/5448/20 6033/5453/20 6036/5457/20 2825/5449/20
f 2823/5447/20 6030/5450/20 6033/5453/20 2824/5448/20
f 6039/5466/20 6040/5467/20 6043/5468/20 6042/5469/20
f 6040/5467/20 6041/5470/20 6044/5471/20 6043/5468/20
f 6042/5469/20 6043/5468/20 6046/5472/20 6045/5473/20
f 6043/5468/20 6044/5471/20 6047/5474/20 6046/5472/20
f 317/5462/20 1403/5475/20 6039/5466/20 2826/5463/20
f 1403/5475/20 1402/5476/20 6040/5467/20 6039/5466/20
f 1402/5476/20 1401/5477/20 6041/5470/20 6040/5467/20
f 1401/5477/20 316/5478/20 2829/5479/20 6041/5470/20
f 6041/5470/20 2829/5479/20 2830/5480/20 6044/5471/20
f 6044/5471/20 2830/5480/20 2831/5481/20 6047/5474/20
f 6047/5474/20 2831/5481/20 328/5286/20 1437/5285/20
f 6046/5472/20 6047/5474/20 1437/5285/20 1438/5284/20
f 6045/5473/20 6046/5472/20 1438/5284/20 1439/5283/20
f 2828/5465/20 6045/5473/20 1439/5283/20 329/5270/20
f 2827/5464/20 6042/5469/20 6045/5473/20 2828/5465/20
f 2826/5463/20 6039/5466/20 6042/5469/20 2827/5464/20
f 6048/5482/20 6049/5483/20 6052/5484/20 6051/5485/20
f 6049/5483/20 6050/5486/20 6053/5487/20 6052/5484/20
f 6051/5485/20 6052/5484/20 6055/5488/20 6054/5489/20
f 6052/5484/20 6053/5487/20 6056/5490/20 6055/5488/20
f 316/5478/20 1400/5491/20 6048/5482/20 2829/5479/20
f 1400/5491/20 1399/5492/20 6049/5483/20 6048/5482/20
f 1399/5492/20 1398/5493/20 6050/5486/20 6049/5483/20
f 1398/5493/20 315/5494/20 2832/5495/20 6050/5486/20
f 6050/5486/20 2832/5495/20 2833/5496/20 6053/5487/20
f 6053/5487/20 2833/5496/20 2834/5497/20 6056/5490/20
f 6056/5490/20 2834/5497/20 327/5302/20 1434/5301/20
f 6055/5488/20 6056/5490/20 1434/5301/20 1435/5300/20
f 6054/5489/20 6055/5488/20 1435/5300/20 1436/5299/20
f 2831/5481/20 6054/5489/20 1436/5299/20 328/5286/20
f 2830/5480/20 6051/5485/20 6054/5489/20 2831/5481/20
f 2829/5479/20 6048/5482/20 6051/5485/20 2830/5480/20
f 6057/5498/20 6058/5499/20 6061/5500/20 6060/5501/20
f 6058/5499/20 6059/5502/20 6062/5503/20 6061/5500/20
f 6060/5501/20 6061/5500/20 6064/5504/20 6063/5505/20
f 6061/5500/20 6062/5503/20 6065/5506/20 6064/5504/20
f 315/5494/20 1397/5507/20 6057/5498/20 2832/5495/20
f 1397/5507/20 1396/5508/20 6058/5499/20 6057/5498/20
f 1396/5508/20 1395/5509/20 6059/5502/20 6058/5499/20
f 1395/5509/20 314/5510/20 2835/5511/20 6059/5502/20
f 6059/5502/20 2835/5511/20 2836/5512/20 6062/5503/20
f 6062/5503/20 2836/5512/20 2837/5513/20 6065/5506/20
f 6065/5506/20 2837/5513/20 326/5318/20 1431/5317/20
f 6064/5504/20 6065/5506/20 1431/5317/20 1432/5316/20
f 6063/5505/20 6064/5504/20 1432/5316/20 1433/5315/20
f 2834/5497/20 6063/5505/20 1433/5315/20 327/5302/20
f 2833/5496/20 6060/5501/20 6063/5505/20 2834/5497/20
f 2832/5495/20 6057/5498/20 6060/5501/20 2833/5496/20
f 6066/5514/20 6067/5515/20 6070/5516/20 6069/5517/20
f 6067/5515/20 6068/5518/20 6071/5519/20 6070/5516/20
f 6069/5517/20 6070/5516/20 6073/5520/20 6072/5521/20
f 6070/5516/20 6071/5519/20 6074/5522/20 6073/5520/20
f 314/5510/20 1394/5523/20 6066/5514/20 2835/5511/20
f 1394/5523/20 1393/5524/20 6067/5515/20 6066/5514/20
f 1393/5524/20 1392/5525/20 6068/5518/20 6067/5515/20
f 1392/5525/20 313/5526/20 2838/5527/20 6068/5518/20
f 6068/5518/20 2838/5527/20 2839/5528/20 6071/5519/20
f 6071/5519/20 2839/5528/20 2840/5529/20 6074/5522/20
f 6074/5522/20 2840/5529/20 325/5334/20 1428/5333/20
f 6073/5520/20 6074/5522/20 1428/5333/20 1429/5332/20
f 6072/5521/20 6073/5520/20 1429/5332/20 1430/5331/20
f 2837/5513/20 6072/5521/20 1430/5331/20 326/5318/20
f 2836/5512/20 6069/5517/20 6072/5521/20 2837/5513/20
f 2835/5511/20 6066/5514/20 6069/5517/20 2836/5512/20
f 6075/5530/20 6076/5531/20 6079/5532/20 6078/5533/20
f 6076/5531/20 6077/5534/20 6080/5535/20 6079/5532/20
f 6078/5533/20 6079/5532/20 6082/5536/20 6081/5537/20
f 6079/5532/20 6080/5535/20 6083/5538/20 6082/5536/20
f 313/5526/20 1391/5539/20 6075/5530/20 2838/5527/20
f 1391/5539/20 1390/5540/20 6076/5531/20 6075/5530/20
f 1390/5540/20 1389/5541/20 6077/5534/20 6076/5531/20
f 1389/5541/20 312/5542/20 2841/5543/20 6077/5534/20
f 6077/5534/20 2841/5543/20 2842/5544/20 6080/5535/20
f 6080/5535/20 2842/5544/20 2843/5545/20 6083/5538/20
f 6083/5538/20 2843/5545/20 324/5350/20 1425/5349/20
f 6082/5536/20 6083/5538/20 1425/5349/20 1426/5348/20
f 6081/5537/20 6082/5536/20 1426/5348/20 1427/5347/20
f 2840/5529/20 6081/5537/20 1427/5347/20 325/5334/20
f 2839/5528/20 6078/5533/20 6081/5537/20 2840/5529/20
f 2838/5527/20 6075/5530/20 6078/5533/20 2839/5528/20
f 6084/5546/20 6085/5547/20 6088/5548/20 6087/5549/20
f 6085/5547/20 6086/5550/20 6089/5551/20 6088/5548/20
f 6087/5549/20 6088/5548/20 6091/5552/20 6090/5553/20
f 6088/5548/20 6089/5551/20 6092/5554/20 6091/5552/20
f 312/5542/20 1388/5555/20 6084/5546/20 2841/5543/20
f 1388/5555/20 1387/5556/20 6085/5547/20 6084/5546/20
f 1387/5556/20 1386/5557/20 6086/5550/20 6085/5547/20
f 1386/5557/20 311/5558/20 2844/5559/20 6086/5550/20
f 6086/5550/20 2844/5559/20 2845/5560/20 6089/5551/20
f 6089/5551/20 2845/5560/20 2846/5561/20 6092/5554/20
f 6092/5554/20 2846/5561/20 323/5366/20 1422/5365/20
f 6091/5552/20 6092/5554/20 1422/5365/20 1423/5364/20
f 6090/5553/20 6091/5552/20 1423/5364/20 1424/5363/20
f 2843/5545/20 6090/5553/20 1424/5363/20 324/5350/20
f 2842/5544/20 6087/5549/20 6090/5553/20 2843/5545/20
f 2841/5543/20 6084/5546/20 6087/5549/20 2842/5544/20
f 6093/5562/20 6094/5563/20 6097/5564/20 6096/5565/20
f 6094/5563/20 6095/5566/20 6098/5567/20 6097/5564/20
f 6096/5565/20 6097/5564/20 6100/5568/20 6099/5569/20
f 6097/5564/20 6098/5567/20 6101/5570/20 6100/5568/20
f 311/5558/20 1385/5571/20 6093/5562/20 2844/5559/20
f 1385/5571/20 1384/5572/20 6094/5563/20 6093/5562/20
f 1384/5572/20 1383/5573/20 6095/5566/20 6094/5563/20
f 1383/5573/20 310/5574/20 2847/5575/20 6095/5566/20
f 6095/5566/20 2847/5575/20 2848/5576/20 6098/5567/20
f 6098/5567/20 2848/5576/20 2849/5577/20 6101/5570/20
f 6101/5570/20 2849/5577/20 322/5382/20 1419/5381/20
f 6100/5568/20 6101/5570/20 1419/5381/20 1420/5380/20
f 6099/5569/20 6100/5568/20 1420/5380/20 1421/5379/20
f 2846/5561/20 6099/5569/20 1421/5379/20 323/5366/20
f 2845/5560/20 6096/5565/20 6099/5569/20 2846/5561/20
f 2844/5559/20 6093/5562/20 6096/5565/20 2845/5560/20
f 6102/5578/20 6103/5579/20 6106/5580/20 6105/5581/20
f 6103/5579/20 6104/5582/20 6107/5583/20 6106/5580/20
f 6105/5581/20 6106/5580/20 6109/5584/20 6108/5585/20
f 6106/5580/20 6107/5583/20 6110/5586/20 6109/5584/20
f 310/5574/20 1382/5587/20 6102/5578/20 2847/5575/20
f 1382/5587/20 1381/5588/20 6103/5579/20 6102/5578/20
f 1381/5588/20 1380/5589/20 6104/5582/20 6103/5579/20
f 1380/5589/20 309/592/20 2850/606/20 6104/5582/20
f 6104/5582/20 2850/606/20 2851/617/20 6107/5583/20
f 6107/5583/20 2851/617/20 2852/615/20 6110/5586/20
f 6110/5586/20 2852/615/20 321/616/20 1416/5397/20
f 6109/5584/20 6110/5586/20 1416/5397/20 1417/5396/20
f 6108/5585/20 6109/5584/20 1417/5396/20 1418/5395/20
f 2849/5577/20 6108/5585/20 1418/5395/20 322/5382/20
f 2848/5576/20 6105/5581/20 6108/5585/20 2849/5577/20
f 2847/5575/20 6102/5578/20 6105/5581/20 2848/5576/20
f 6111/5590/375 6112/5591/375 6115/5592/375 6114/5593/375
f 6112/5594/376 6113/5595/376 6116/5596/376 6115/5597/376
f 6114/5593/375 6115/5592/375 6118/5598/375 6117/5599/375
f 6115/5597/376 6116/5596/376 6119/5600/376 6118/5601/376
f 165/1091/377 755/5602/377 6111/5590/377 720/1108/377
f 755/5602/375 754/5603/375 6112/5591/375 6111/5590/375
f 754/5604/376 753/5605/376 6113/5595/376 6112/5594/376
f 753/5605/378 308/5606/378 2853/5607/378 6113/5595/378
f 6113/5595/378 2853/5607/378 2854/5608/378 6116/5596/378
f 6116/5596/378 2854/5608/378 2855/5609/378 6119/5600/378
f 6119/5600/378 2855/5609/378 320/5414/378 756/5413/378
f 6118/5601/376 6119/5600/376 756/5413/376 757/5412/376
f 6117/5599/375 6118/5598/375 757/5411/375 758/5410/375
f 722/1110/377 6117/5599/377 758/5410/377 166/1111/377
f 721/1109/377 6114/5593/377 6117/5599/377 722/1110/377
f 720/1108/377 6111/5590/377 6114/5593/377 721/1109/377
f 6120/5610/20 6121/5611/20 6124/5612/20 6123/5613/20
f 6121/5611/20 6122/5614/20 6125/5615/20 6124/5612/20
f 6123/5613/20 6124/5612/20 6127/5616/20 6126/5617/20
f 6124/5612/20 6125/5615/20 6128/5618/20 6127/5616/20
f 308/5606/20 1376/5619/20 6120/5610/20 2853/5607/20
f 1376/5619/20 1375/5620/20 6121/5611/20 6120/5610/20
f 1375/5620/20 1374/5621/20 6122/5614/20 6121/5611/20
f 1374/5621/20 307/5622/20 2856/5623/20 6122/5614/20
f 6122/5614/20 2856/5623/20 2857/5624/20 6125/5615/20
f 6125/5615/20 2857/5624/20 2858/5625/20 6128/5618/20
f 6128/5618/20 2858/5625/20 319/5430/20 1410/5429/20
f 6127/5616/20 6128/5618/20 1410/5429/20 1411/5428/20
f 6126/5617/20 6127/5616/20 1411/5428/20 1412/5427/20
f 2855/5609/20 6126/5617/20 1412/5427/20 320/5414/20
f 2854/5608/20 6123/5613/20 6126/5617/20 2855/5609/20
f 2853/5607/20 6120/5610/20 6123/5613/20 2854/5608/20
f 6129/5626/20 6130/5627/20 6133/5628/20 6132/5629/20
f 6130/5627/20 6131/5630/20 6134/5631/20 6133/5628/20
f 6132/5629/20 6133/5628/20 6136/5632/20 6135/5633/20
f 6133/5628/20 6134/5631/20 6137/5634/20 6136/5632/20
f 307/5622/20 1373/5635/20 6129/5626/20 2856/5623/20
f 1373/5635/20 1372/5636/20 6130/5627/20 6129/5626/20
f 1372/5636/20 1371/5637/20 6131/5630/20 6130/5627/20
f 1371/5637/20 306/5638/20 2859/5639/20 6131/5630/20
f 6131/5630/20 2859/5639/20 2860/5640/20 6134/5631/20
f 6134/5631/20 2860/5640/20 2861/5641/20 6137/5634/20
f 6137/5634/20 2861/5641/20 318/5446/20 1407/5445/20
f 6136/5632/20 6137/5634/20 1407/5445/20 1408/5444/20
f 6135/5633/20 6136/5632/20 1408/5444/20 1409/5443/20
f 2858/5625/20 6135/5633/20 1409/5443/20 319/5430/20
f 2857/5624/20 6132/5629/20 6135/5633/20 2858/5625/20
f 2856/5623/20 6129/5626/20 6132/5629/20 2857/5624/20
f 6138/5642/20 6139/5643/20 6142/5644/20 6141/5645/20
f 6139/5643/20 6140/5646/20 6143/5647/20 6142/5644/20
f 6141/5645/20 6142/5644/20 6145/5648/20 6144/5649/20
f 6142/5644/20 6143/5647/20 6146/5650/20 6145/5648/20
f 306/5638/20 1370/5651/20 6138/5642/20 2859/5639/20
f 1370/5651/20 1369/5652/20 6139/5643/20 6138/5642/20
f 1369/5652/20 1368/5653/20 6140/5646/20 6139/5643/20
f 1368/5653/20 305/5654/20 2862/5655/20 6140/5646/20
f 6140/5646/20 2862/5655/20 2863/5656/20 6143/5647/20
f 6143/5647/20 2863/5656/20 2864/5657/20 6146/5650/20
f 6146/5650/20 2864/5657/20 317/5462/20 1404/5461/20
f 6145/5648/20 6146/5650/20 1404/5461/20 1405/5460/20
f 6144/5649/20 6145/5648/20 1405/5460/20 1406/5459/20
f 2861/5641/20 6144/5649/20 1406/5459/20 318/5446/20
f 2860/5640/20 6141/5645/20 6144/5649/20 2861/5641/20
f 2859/5639/20 6138/5642/20 6141/5645/20 2860/5640/20
f 6147/5658/20 6148/5659/20 6151/5660/20 6150/5661/20
f 6148/5659/20 6149/5662/20 6152/5663/20 6151/5660/20
f 6150/5661/20 6151/5660/20 6154/5664/20 6153/5665/20
f 6151/5660/20 6152/5663/20 6155/5666/20 6154/5664/20
f 305/5654/20 1367/5667/20 6147/5658/20 2862/5655/20
f 1367/5667/20 1366/5668/20 6148/5659/20 6147/5658/20
f 1366/5668/20 1365/5669/20 6149/5662/20 6148/5659/20
f 1365/5669/20 304/5670/20 2865/5671/20 6149/5662/20
f 6149/5662/20 2865/5671/20 2866/5672/20 6152/5663/20
f 6152/5663/20 2866/5672/20 2867/5673/20 6155/5666/20
f 6155/5666/20 2867/5673/20 316/5478/20 1401/5477/20
f 6154/5664/20 6155/5666/20 1401/5477/20 1402/5476/20
f 6153/5665/20 6154/5664/20 1402/5476/20 1403/5475/20
f 2864/5657/20 6153/5665/20 1403/5475/20 317/5462/20
f 2863/5656/20 6150/5661/20 6153/5665/20 2864/5657/20
f 2862/5655/20 6147/5658/20 6150/5661/20 2863/5656/20
f 6156/5674/20 6157/5675/20 6160/5676/20 6159/5677/20
f 6157/5675/20 6158/5678/20 6161/5679/20 6160/5676/20
f 6159/5677/20 6160/5676/20 6163/5680/20 6162/5681/20
f 6160/5676/20 6161/5679/20 6164/5682/20 6163/5680/20
f 304/5670/20 1364/5683/20 6156/5674/20 2865/5671/20
f 1364/5683/20 1363/5684/20 6157/5675/20 6156/5674/20
f 1363/5684/20 1362/5685/20 6158/5678/20 6157/5675/20
f 1362/5685/20 303/5686/20 2868/5687/20 6158/5678/20
f 6158/5678/20 2868/5687/20 2869/5688/20 6161/5679/20
f 6161/5679/20 2869/5688/20 2870/5689/20 6164/5682/20
f 6164/5682/20 2870/5689/20 315/5494/20 1398/5493/20
f 6163/5680/20 6164/5682/20 1398/5493/20 1399/5492/20
f 6162/5681/20 6163/5680/20 1399/5492/20 1400/5491/20
f 2867/5673/20 6162/5681/20 1400/5491/20 316/5478/20
f 2866/5672/20 6159/5677/20 6162/5681/20 2867/5673/20
f 2865/5671/20 6156/5674/20 6159/5677/20 2866/5672/20
f 6165/5690/20 6166/5691/20 6169/5692/20 6168/5693/20
f 6166/5691/20 6167/5694/20 6170/5695/20 6169/5692/20
f 6168/5693/20 6169/5692/20 6172/5696/20 6171/5697/20
f 6169/5692/20 6170/5695/20 6173/5698/20 6172/5696/20
f 303/5686/20 1361/5699/20 6165/5690/20 2868/5687/20
f 1361/5699/20 1360/5700/20 6166/5691/20 6165/5690/20
f 1360/5700/20 1359/5701/20 6167/5694/20 6166/5691/20
f 1359/5701/20 302/5702/20 2871/5703/20 6167/5694/20
f 6167/5694/20 2871/5703/20 2872/5704/20 6170/5695/20
f 6170/5695/20 2872/5704/20 2873/5705/20 6173/5698/20
f 6173/5698/20 2873/5705/20 314/5510/20 1395/5509/20
f 6172/5696/20 6173/5698/20 1395/5509/20 1396/5508/20
f 6171/5697/20 6172/5696/20 1396/5508/20 1397/5507/20
f 2870/5689/20 6171/5697/20 1397/5507/20 315/5494/20
f 2869/5688/20 6168/5693/20 6171/5697/20 2870/5689/20
f 2868/5687/20 6165/5690/20 6168/5693/20 2869/5688/20
f 6174/5706/20 6175/5707/20 6178/5708/20 6177/5709/20
f 6175/5707/20 6176/5710/20 6179/5711/20 6178/5708/20
f 6177/5709/20 6178/5708/20 6181/5712/20 6180/5713/20
f 6178/5708/20 6179/5711/20 6182/5714/20 6181/5712/20
f 302/5702/20 1358/5715/20 6174/5706/20 2871/5703/20
f 1358/5715/20 1357/5716/20 6175/5707/20 6174/5706/20
f 1357/5716/20 1356/5717/20 6176/5710/20 6175/5707/20
f 1356/5717/20 301/5718/20 2874/5719/20 6176/5710/20
f 6176/5710/20 2874/5719/20 2875/5720/20 6179/5711/20
f 6179/5711/20 2875/5720/20 2876/5721/20 6182/5714/20
f 6182/5714/20 2876/5721/20 313/5526/20 1392/5525/20
f 6181/5712/20 6182/5714/20 1392/5525/20 1393/5524/20
f 6180/5713/20 6181/5712/20 1393/5524/20 1394/5523/20
f 2873/5705/20 6180/5713/20 1394/5523/20 314/5510/20
f 2872/5704/20 6177/5709/20 6180/5713/20 2873/5705/20
f 2871/5703/20 6174/5706/20 6177/5709/20 2872/5704/20
f 6183/5722/20 6184/5723/20 6187/5724/20 6186/5725/20
f 6184/5723/20 6185/5726/20 6188/5727/20 6187/5724/20
f 6186/5725/20 6187/5724/20 6190/5728/20 6189/5729/20
f 6187/5724/20 6188/5727/20 6191/5730/20 6190/5728/20
f 301/5718/20 1355/5731/20 6183/5722/20 2874/5719/20
f 1355/5731/20 1354/5732/20 6184/5723/20 6183/5722/20
f 1354/5732/20 1353/5733/20 6185/5726/20 6184/5723/20
f 1353/5733/20 300/5734/20 2877/5735/20 6185/5726/20
f 6185/5726/20 2877/5735/20 2878/5736/20 6188/5727/20
f 6188/5727/20 2878/5736/20 2879/5737/20 6191/5730/20
f 6191/5730/20 2879/5737/20 312/5542/20 1389/5541/20
f 6190/5728/20 6191/5730/20 1389/5541/20 1390/5540/20
f 6189/5729/20 6190/5728/20 1390/5540/20 1391/5539/20
f 2876/5721/20 6189/5729/20 1391/5539/20 313/5526/20
f 2875/5720/20 6186/5725/20 6189/5729/20 2876/5721/20
f 2874/5719/20 6183/5722/20 6186/5725/20 2875/5720/20
f 6192/5738/20 6193/5739/20 6196/5740/20 6195/5741/20
f 6193/5739/20 6194/5742/20 6197/5743/20 6196/5740/20
f 6195/5741/20 6196/5740/20 6199/5744/20 6198/5745/20
f 6196/5740/20 6197/5743/20 6200/5746/20 6199/5744/20
f 300/5734/20 1352/5747/20 6192/5738/20 2877/5735/20
f 1352/5747/20 1351/5748/20 6193/5739/20 6192/5738/20
f 1351/5748/20 1350/5749/20 6194/5742/20 6193/5739/20
f 1350/5749/20 299/5750/20 2880/5751/20 6194/5742/20
f 6194/5742/20 2880/5751/20 2881/5752/20 6197/5743/20
f 6197/5743/20 2881/5752/20 2882/5753/20 6200/5746/20
f 6200/5746/20 2882/5753/20 311/5558/20 1386/5557/20
f 6199/5744/20 6200/5746/20 1386/5557/20 1387/5556/20
f 6198/5745/20 6199/5744/20 1387/5556/20 1388/5555/20
f 2879/5737/20 6198/5745/20 1388/5555/20 312/5542/20
f 2878/5736/20 6195/5741/20 6198/5745/20 2879/5737/20
f 2877/5735/20 6192/5738/20 6195/5741/20 2878/5736/20
f 6201/5754/20 6202/5755/20 6205/5756/20 6204/5757/20
f 6202/5755/20 6203/5758/20 6206/5759/20 6205/5756/20
f 6204/5757/20 6205/5756/20 6208/5760/20 6207/5761/20
f 6205/5756/20 6206/5759/20 6209/5762/20 6208/5760/20
f 299/5750/20 1349/5763/20 6201/5754/20 2880/5751/20
f 1349/5763/20 1348/5764/20 6202/5755/20 6201/5754/20
f 1348/5764/20 1347/5765/20 6203/5758/20 6202/5755/20
f 1347/5765/20 298/5766/20 2883/5767/20 6203/5758/20
f 6203/5758/20 2883/5767/20 2884/5768/20 6206/5759/20
f 6206/5759/20 2884/5768/20 2885/5769/20 6209/5762/20
f 6209/5762/20 2885/5769/20 310/5574/20 1383/5573/20
f 6208/5760/20 6209/5762/20 1383/5573/20 1384/5572/20
f 6207/5761/20 6208/5760/20 1384/5572/20 1385/5571/20
f 2882/5753/20 6207/5761/20 1385/5571/20 311/5558/20
f 2881/5752/20 6204/5757/20 6207/5761/20 2882/5753/20
f 2880/5751/20 6201/5754/20 6204/5757/20 2881/5752/20
f 6210/5770/20 6211/5771/20 6214/5772/20 6213/5773/20
f 6211/5771/20 6212/5774/20 6215/5775/20 6214/5772/20
f 6213/5773/20 6214/5772/20 6217/5776/20 6216/5777/20
f 6214/5772/20 6215/5775/20 6218/5778/20 6217/5776/20
f 298/5766/20 1346/5779/20 6210/5770/20 2883/5767/20
f 1346/5779/20 1345/5780/20 6211/5771/20 6210/5770/20
f 1345/5780/20 1344/5781/20 6212/5774/20 6211/5771/20
f 1344/5781/20 297/568/20 2886/582/20 6212/5774/20
f 6212/5774/20 2886/582/20 2887/593/20 6215/5775/20
f 6215/5775/20 2887/593/20 2888/591/20 6218/5778/20
f 6218/5778/20 2888/591/20 309/592/20 1380/5589/20
f 6217/5776/20 6218/5778/20 1380/5589/20 1381/5588/20
f 6216/5777/20 6217/5776/20 1381/5588/20 1382/5587/20
f 2885/5769/20 6216/5777/20 1382/5587/20 310/5574/20
f 2884/5768/20 6213/5773/20 6216/5777/20 2885/5769/20
f 2883/5767/20 6210/5770/20 6213/5773/20 2884/5768/20
f 6219/5782/375 6220/5783/375 6223/5784/375 6222/5785/375
f 6220/5786/376 6221/5787/376 6224/5788/376 6223/5789/376
f 6222/5785/375 6223/5784/375 6226/5790/375 6225/5791/375
f 6223/5789/376 6224/5788/376 6227/5792/376 6226/5793/376
f 164/1071/377 752/5794/377 6219/5782/377 717/1088/377
f 752/5794/375 751/5795/375 6220/5783/375 6219/5782/375
f 751/5796/376 750/5797/376 6221/5787/376 6220/5786/376
f 750/5797/378 296/5798/378 2889/5799/378 6221/5787/378
f 6221/5787/378 2889/5799/378 2890/5800/378 6224/5788/378
f 6224/5788/378 2890/5800/378 2891/5801/378 6227/5792/378
f 6227/5792/378 2891/5801/378 308/5606/378 753/5605/378
f 6226/5793/376 6227/5792/376 753/5605/376 754/5604/376
f 6225/5791/375 6226/5790/375 754/5603/375 755/5602/375
f 719/1090/377 6225/5791/377 755/5602/377 165/1091/377
f 718/1089/377 6222/5785/377 6225/5791/377 719/1090/377
f 717/1088/377 6219/5782/377 6222/5785/377 718/1089/377
f 6228/5802/20 6229/5803/20 6232/5804/20 6231/5805/20
f 6229/5803/20 6230/5806/20 6233/5807/20 6232/5804/20
f 6231/5805/20 6232/5804/20 6235/5808/20 6234/5809/20
f 6232/5804/20 6233/5807/20 6236/5810/20 6235/5808/20
f 296/5798/20 1340/5811/20 6228/5802/20 2889/5799/20
f 1340/5811/20 1339/5812/20 6229/5803/20 6228/5802/20
f 1339/5812/20 1338/5813/20 6230/5806/20 6229/5803/20
f 1338/5813/20 295/5814/20 2892/5815/20 6230/5806/20
f 6230/5806/20 2892/5815/20 2893/5816/20 6233/5807/20
f 6233/5807/20 2893/5816/20 2894/5817/20 6236/5810/20
f 6236/5810/20 2894/5817/20 307/5622/20 1374/5621/20
f 6235/5808/20 6236/5810/20 1374/5621/20 1375/5620/20
f 6234/5809/20 6235/5808/20 1375/5620/20 1376/5619/20
f 2891/5801/20 6234/5809/20 1376/5619/20 308/5606/20
f 2890/5800/20 6231/5805/20 6234/5809/20 2891/5801/20
f 2889/5799/20 6228/5802/20 6231/5805/20 2890/5800/20
f 6237/5818/20 6238/5819/20 6241/5820/20 6240/5821/20
f 6238/5819/20 6239/5822/20 6242/5823/20 6241/5820/20
f 6240/5821/20 6241/5820/20 6244/5824/20 6243/5825/20
f 6241/5820/20 6242/5823/20 6245/5826/20 6244/5824/20
f 295/5814/20 1337/5827/20 6237/5818/20 2892/5815/20
f 1337/5827/20 1336/5828/20 6238/5819/20 6237/5818/20
f 1336/5828/20 1335/5829/20 6239/5822/20 6238/5819/20
f 1335/5829/20 294/5830/20 2895/5831/20 6239/5822/20
f 6239/5822/20 2895/5831/20 2896/5832/20 6242/5823/20
f 6242/5823/20 2896/5832/20 2897/5833/20 6245/5826/20
f 6245/5826/20 2897/5833/20 306/5638/20 1371/5637/20
f 6244/5824/20 6245/5826/20 1371/5637/20 1372/5636/20
f 6243/5825/20 6244/5824/20 1372/5636/20 1373/5635/20
f 2894/5817/20 6243/5825/20 1373/5635/20 307/5622/20
f 2893/5816/20 6240/5821/20 6243/5825/20 2894/5817/20
f 2892/5815/20 6237/5818/20 6240/5821/20 2893/5816/20
f 6246/5834/20 6247/5835/20 6250/5836/20 6249/5837/20
f 6247/5835/20 6248/5838/20 6251/5839/20 6250/5836/20
f 6249/5837/20 6250/5836/20 6253/5840/20 6252/5841/20
f 6250/5836/20 6251/5839/20 6254/5842/20 6253/5840/20
f 294/5830/20 1334/5843/20 6246/5834/20 2895/5831/20
f 1334/5843/20 1333/5844/20 6247/5835/20 6246/5834/20
f 1333/5844/20 1332/5845/20 6248/5838/20 6247/5835/20
f 1332/5845/20 293/5846/20 2898/5847/20 6248/5838/20
f 6248/5838/20 2898/5847/20 2899/5848/20 6251/5839/20
f 6251/5839/20 2899/5848/20 2900/5849/20 6254/5842/20
f 6254/5842/20 2900/5849/20 305/5654/20 1368/5653/20
f 6253/5840/20 6254/5842/20 1368/5653/20 1369/5652/20
f 6252/5841/20 6253/5840/20 1369/5652/20 1370/5651/20
f 2897/5833/20 6252/5841/20 1370/5651/20 306/5638/20
f 2896/5832/20 6249/5837/20 6252/5841/20 2897/5833/20
f 2895/5831/20 6246/5834/20 6249/5837/20 2896/5832/20
f 6255/5850/20 6256/5851/20 6259/5852/20 6258/5853/20
f 6256/5851/20 6257/5854/20 6260/5855/20 6259/5852/20
f 6258/5853/20 6259/5852/20 6262/5856/20 6261/5857/20
f 6259/5852/20 6260/5855/20 6263/5858/20 6262/5856/20
f 293/5846/20 1331/5859/20 6255/5850/20 2898/5847/20
f 1331/5859/20 1330/5860/20 6256/5851/20 6255/5850/20
f 1330/5860/20 1329/5861/20 6257/5854/20 6256/5851/20
f 1329/5861/20 292/5862/20 2901/5863/20 6257/5854/20
f 6257/5854/20 2901/5863/20 2902/5864/20 6260/5855/20
f 6260/5855/20 2902/5864/20 2903/5865/20 6263/5858/20
f 6263/5858/20 2903/5865/20 304/5670/20 1365/5669/20
f 6262/5856/20 6263/5858/20 1365/5669/20 1366/5668/20
f 6261/5857/20 6262/5856/20 1366/5668/20 1367/5667/20
f 2900/5849/20 6261/5857/20 1367/5667/20 305/5654/20
f 2899/5848/20 6258/5853/20 6261/5857/20 2900/5849/20
f 2898/5847/20 6255/5850/20 6258/5853/20 2899/5848/20
f 6264/5866/20 6265/5867/20 6268/5868/20 6267/5869/20
f 6265/5867/20 6266/5870/20 6269/5871/20 6268/5868/20
f 6267/5869/20 6268/5868/20 6271/5872/20 6270/5873/20
f 6268/5868/20 6269/5871/20 6272/5874/20 6271/5872/20
f 292/5862/20 1328/5875/20 6264/5866/20 2901/5863/20
f 1328/5875/20 1327/5876/20 6265/5867/20 6264/5866/20
f 1327/5876/20 1326/5877/20 6266/5870/20 6265/5867/20
f 1326/5877/20 291/5878/20 2904/5879/20 6266/5870/20
f 6266/5870/20 2904/5879/20 2905/5880/20 6269/5871/20
f 6269/5871/20 2905/5880/20 2906/5881/20 6272/5874/20
f 6272/5874/20 2906/5881/20 303/5686/20 1362/5685/20
f 6271/5872/20 6272/5874/20 1362/5685/20 1363/5684/20
f 6270/5873/20 6271/5872/20 1363/5684/20 1364/5683/20
f 2903/5865/20 6270/5873/20 1364/5683/20 304/5670/20
f 2902/5864/20 6267/5869/20 6270/5873/20 2903/5865/20
f 2901/5863/20 6264/5866/20 6267/5869/20 2902/5864/20
f 6273/5882/20 6274/5883/20 6277/5884/20 6276/5885/20
f 6274/5883/20 6275/5886/20 6278/5887/20 6277/5884/20
f 6276/5885/20 6277/5884/20 6280/5888/20 6279/5889/20
f 6277/5884/20 6278/5887/20 6281/5890/20 6280/5888/20
f 291/5878/20 1325/5891/20 6273/5882/20 2904/5879/20
f 1325/5891/20 1324/5892/20 6274/5883/20 6273/5882/20
f 1324/5892/20 1323/5893/20 6275/5886/20 6274/5883/20
f 1323/5893/20 290/5894/20 2907/5895/20 6275/5886/20
f 6275/5886/20 2907/5895/20 2908/5896/20 6278/5887/20
f 6278/5887/20 2908/5896/20 2909/5897/20 6281/5890/20
f 6281/5890/20 2909/5897/20 302/5702/20 1359/5701/20
f 6280/5888/20 6281/5890/20 1359/5701/20 1360/5700/20
f 6279/5889/20 6280/5888/20 1360/5700/20 1361/5699/20
f 2906/5881/20 6279/5889/20 1361/5699/20 303/5686/20
f 2905/5880/20 6276/5885/20 6279/5889/20 2906/5881/20
f 2904/5879/20 6273/5882/20 6276/5885/20 2905/5880/20
f 6282/5898/20 6283/5899/20 6286/5900/20 6285/5901/20
f 6283/5899/20 6284/5902/20 6287/5903/20 6286/5900/20
f 6285/5901/20 6286/5900/20 6289/5904/20 6288/5905/20
f 6286/5900/20 6287/5903/20 6290/5906/20 6289/5904/20
f 290/5894/20 1322/5907/20 6282/5898/20 2907/5895/20
f 1322/5907/20 1321/5908/20 6283/5899/20 6282/5898/20
f 1321/5908/20 1320/5909/20 6284/5902/20 6283/5899/20
f 1320/5909/20 289/5910/20 2910/5911/20 6284/5902/20
f 6284/5902/20 2910/5911/20 2911/5912/20 6287/5903/20
f 6287/5903/20 2911/5912/20 2912/5913/20 6290/5906/20
f 6290/5906/20 2912/5913/20 301/5718/20 1356/5717/20
f 6289/5904/20 6290/5906/20 1356/5717/20 1357/5716/20
f 6288/5905/20 6289/5904/20 1357/5716/20 1358/5715/20
f 2909/5897/20 6288/5905/20 1358/5715/20 302/5702/20
f 2908/5896/20 6285/5901/20 6288/5905/20 2909/5897/20
f 2907/5895/20 6282/5898/20 6285/5901/20 2908/5896/20
f 6291/5914/20 6292/5915/20 6295/5916/20 6294/5917/20
f 6292/5915/20 6293/5918/20 6296/5919/20 6295/5916/20
f 6294/5917/20 6295/5916/20 6298/5920/20 6297/5921/20
f 6295/5916/20 6296/5919/20 6299/5922/20 6298/5920/20
f 289/5910/20 1319/5923/20 6291/5914/20 2910/5911/20
f 1319/5923/20 1318/5924/20 6292/5915/20 6291/5914/20
f 1318/5924/20 1317/5925/20 6293/5918/20 6292/5915/20
f 1317/5925/20 288/5926/20 2913/5927/20 6293/5918/20
f 6293/5918/20 2913/5927/20 2914/5928/20 6296/5919/20
f 6296/5919/20 2914/5928/20 2915/5929/20 6299/5922/20
f 6299/5922/20 2915/5929/20 300/5734/20 1353/5733/20
f 6298/5920/20 6299/5922/20 1353/5733/20 1354/5732/20
f 6297/5921/20 6298/5920/20 1354/5732/20 1355/5731/20
f 2912/5913/20 6297/5921/20 1355/5731/20 301/5718/20
f 2911/5912/20 6294/5917/20 6297/5921/20 2912/5913/20
f 2910/5911/20 6291/5914/20 6294/5917/20 2911/5912/20
f 6300/5930/20 6301/5931/20 6304/5932/20 6303/5933/20
f 6301/5931/20 6302/5934/20 6305/5935/20 6304/5932/20
f 6303/5933/20 6304/5932/20 6307/5936/20 6306/5937/20
f 6304/5932/20 6305/5935/20 6308/5938/20 6307/5936/20
f 288/5926/20 1316/5939/20 6300/5930/20 2913/5927/20
f 1316/5939/20 1315/5940/20 6301/5931/20 6300/5930/20
f 1315/5940/20 1314/5941/20 6302/5934/20 6301/5931/20
f 1314/5941/20 287/5942/20 2916/5943/20 6302/5934/20
f 6302/5934/20 2916/5943/20 2917/5944/20 6305/5935/20
f 6305/5935/20 2917/5944/20 2918/5945/20 6308/5938/20
f 6308/5938/20 2918/5945/20 299/5750/20 1350/5749/20
f 6307/5936/20 6308/5938/20 1350/5749/20 1351/5748/20
f 6306/5937/20 6307/5936/20 1351/5748/20 1352/5747/20
f 2915/5929/20 6306/5937/20 1352/5747/20 300/5734/20
f 2914/5928/20 6303/5933/20 6306/5937/20 2915/5929/20
f 2913/5927/20 6300/5930/20 6303/5933/20 2914/5928/20
f 6309/5946/20 6310/5947/20 6313/5948/20 6312/5949/20
f 6310/5947/20 6311/5950/20 6314/5951/20 6313/5948/20
f 6312/5949/20 6313/5948/20 6316/5952/20 6315/5953/20
f 6313/5948/20 6314/5951/20 6317/5954/20 6316/5952/20
f 287/5942/20 1313/5955/20 6309/5946/20 2916/5943/20
f 1313/5955/20 1312/5956/20 6310/5947/20 6309/5946/20
f 1312/5956/20 1311/5957/20 6311/5950/20 6310/5947/20
f 1311/5957/20 286/5958/20 2919/5959/20 6311/5950/20
f 6311/5950/20 2919/5959/20 2920/5960/20 6314/5951/20
f 6314/5951/20 2920/5960/20 2921/5961/20 6317/5954/20
f 6317/5954/20 2921/5961/20 298/5766/20 1347/5765/20
f 6316/5952/20 6317/5954/20 1347/5765/20 1348/5764/20
f 6315/5953/20 6316/5952/20 1348/5764/20 1349/5763/20
f 2918/5945/20 6315/5953/20 1349/5763/20 299/5750/20
f 2917/5944/20 6312/5949/20 6315/5953/20 2918/5945/20
f 2916/5943/20 6309/5946/20 6312/5949/20 2917/5944/20
f 6318/5962/20 6319/5963/20 6322/5964/20 6321/5965/20
f 6319/5963/20 6320/5966/20 6323/5967/20 6322/5964/20
f 6321/5965/20 6322/5964/20 6325/5968/20 6324/5969/20
f 6322/5964/20 6323/5967/20 6326/5970/20 6325/5968/20
f 286/5958/20 1310/5971/20 6318/5962/20 2919/5959/20
f 1310/5971/20 1309/5972/20 6319/5963/20 6318/5962/20
f 1309/5972/20 1308/5973/20 6320/5966/20 6319/5963/20
f 1308/5973/20 285/544/20 2922/558/20 6320/5966/20
f 6320/5966/20 2922/558/20 2923/569/20 6323/5967/20
f 6323/5967/20 2923/569/20 2924/567/20 6326/5970/20
f 6326/5970/20 2924/567/20 297/568/20 1344/5781/20
f 6325/5968/20 6326/5970/20 1344/5781/20 1345/5780/20
f 6324/5969/20 6325/5968/20 1345/5780/20 1346/5779/20
f 2921/5961/20 6324/5969/20 1346/5779/20 298/5766/20
f 2920/5960/20 6321/5965/20 6324/5969/20 2921/5961/20
f 2919/5959/20 6318/5962/20 6321/5965/20 2920/5960/20
f 6327/5974/375 6328/5975/375 6331/5976/375 6330/5977/375
f 6328/5978/376 6329/5979/376 6332/5980/376 6331/5981/376
f 6330/5977/375 6331/5976/375 6334/5982/375 6333/5983/375
f 6331/5981/376 6332/5980/376 6335/5984/376 6334/5985/376
f 163/1051/377 749/5986/377 6327/5974/377 714/1068/377
f 749/5986/375 748/5987/375 6328/5975/375 6327/5974/375
f 748/5988/376 747/5989/376 6329/5979/376 6328/5978/376
f 747/5989/378 284/5990/378 2925/5991/378 6329/5979/378
f 6329/5979/378 2925/5991/378 2926/5992/378 6332/5980/378
f 6332/5980/378 2926/5992/378 2927/5993/378 6335/5984/378
f 6335/5984/378 2927/5993/378 296/5798/378 750/5797/378
f 6334/5985/376 6335/5984/376 750/5797/376 751/5796/376
f 6333/5983/375 6334/5982/375 751/5795/375 752/5794/375
f 716/1070/377 6333/5983/377 752/5794/377 164/1071/377
f 715/1069/377 6330/5977/377 6333/5983/377 716/1070/377
f 714/1068/377 6327/5974/377 6330/5977/377 715/1069/377
f 6336/5994/20 6337/5995/20 6340/5996/20 6339/5997/20
f 6337/5995/20 6338/5998/20 6341/5999/20 6340/5996/20
f 6339/5997/20 6340/5996/20 6343/6000/20 6342/6001/20
f 6340/5996/20 6341/5999/20 6344/6002/20 6343/6000/20
f 284/5990/20 1304/6003/20 6336/5994/20 2925/5991/20
f 1304/6003/20 1303/6004/20 6337/5995/20 6336/5994/20
f 1303/6004/20 1302/6005/20 6338/5998/20 6337/5995/20
f 1302/6005/20 283/6006/20 2928/6007/20 6338/5998/20
f 6338/5998/20 2928/6007/20 2929/6008/20 6341/5999/20
f 6341/5999/20 2929/6008/20 2930/6009/20 6344/6002/20
f 6344/6002/20 2930/6009/20 295/5814/20 1338/5813/20
f 6343/6000/20 6344/6002/20 1338/5813/20 1339/5812/20
f 6342/6001/20 6343/6000/20 1339/5812/20 1340/5811/20
f 2927/5993/20 6342/6001/20 1340/5811/20 296/5798/20
f 2926/5992/20 6339/5997/20 6342/6001/20 2927/5993/20
f 2925/5991/20 6336/5994/20 6339/5997/20 2926/5992/20
f 6345/6010/20 6346/6011/20 6349/6012/20 6348/6013/20
f 6346/6011/20 6347/6014/20 6350/6015/20 6349/6012/20
f 6348/6013/20 6349/6012/20 6352/6016/20 6351/6017/20
f 6349/6012/20 6350/6015/20 6353/6018/20 6352/6016/20
f 283/6006/20 1301/6019/20 6345/6010/20 2928/6007/20
f 1301/6019/20 1300/6020/20 6346/6011/20 6345/6010/20
f 1300/6020/20 1299/6021/20 6347/6014/20 6346/6011/20
f 1299/6021/20 282/6022/20 2931/6023/20 6347/6014/20
f 6347/6014/20 2931/6023/20 2932/6024/20 6350/6015/20
f 6350/6015/20 2932/6024/20 2933/6025/20 6353/6018/20
f 6353/6018/20 2933/6025/20 294/5830/20 1335/5829/20
f 6352/6016/20 6353/6018/20 1335/5829/20 1336/5828/20
f 6351/6017/20 6352/6016/20 1336/5828/20 1337/5827/20
f 2930/6009/20 6351/6017/20 1337/5827/20 295/5814/20
f 2929/6008/20 6348/6013/20 6351/6017/20 2930/6009/20
f 2928/6007/20 6345/6010/20 6348/6013/20 2929/6008/20
f 6354/6026/20 6355/6027/20 6358/6028/20 6357/6029/20
f 6355/6027/20 6356/6030/20 6359/6031/20 6358/6028/20
f 6357/6029/20 6358/6028/20 6361/6032/20 6360/6033/20
f 6358/6028/20 6359/6031/20 6362/6034/20 6361/6032/20
f 282/6022/20 1298/6035/20 6354/6026/20 2931/6023/20
f 1298/6035/20 1297/6036/20 6355/6027/20 6354/6026/20
f 1297/6036/20 1296/6037/20 6356/6030/20 6355/6027/20
f 1296/6037/20 281/6038/20 2934/6039/20 6356/6030/20
f 6356/6030/20 2934/6039/20 2935/6040/20 6359/6031/20
f 6359/6031/20 2935/6040/20 2936/6041/20 6362/6034/20
f 6362/6034/20 2936/6041/20 293/5846/20 1332/5845/20
f 6361/6032/20 6362/6034/20 1332/5845/20 1333/5844/20
f 6360/6033/20 6361/6032/20 1333/5844/20 1334/5843/20
f 2933/6025/20 6360/6033/20 1334/5843/20 294/5830/20
f 2932/6024/20 6357/6029/20 6360/6033/20 2933/6025/20
f 2931/6023/20 6354/6026/20 6357/6029/20 2932/6024/20
f 6363/6042/20 6364/6043/20 6367/6044/20 6366/6045/20
f 6364/6043/20 6365/6046/20 6368/6047/20 6367/6044/20
f 6366/6045/20 6367/6044/20 6370/6048/20 6369/6049/20
f 6367/6044/20 6368/6047/20 6371/6050/20 6370/6048/20
f 281/6038/20 1295/6051/20 6363/6042/20 2934/6039/20
f 1295/6051/20 1294/6052/20 6364/6043/20 6363/6042/20
f 1294/6052/20 1293/6053/20 6365/6046/20 6364/6043/20
f 1293/6053/20 280/6054/20 2937/6055/20 6365/6046/20
f 6365/6046/20 2937/6055/20 2938/6056/20 6368/6047/20
f 6368/6047/20 2938/6056/20 2939/6057/20 6371/6050/20
f 6371/6050/20 2939/6057/20 292/5862/20 1329/5861/20
f 6370/6048/20 6371/6050/20 1329/5861/20 1330/5860/20
f 6369/6049/20 6370/6048/20 1330/5860/20 1331/5859/20
f 2936/6041/20 6369/6049/20 1331/5859/20 293/5846/20
f 2935/6040/20 6366/6045/20 6369/6049/20 2936/6041/20
f 2934/6039/20 6363/6042/20 6366/6045/20 2935/6040/20
f 6372/6058/20 6373/6059/20 6376/6060/20 6375/6061/20
f 6373/6059/20 6374/6062/20 6377/6063/20 6376/6060/20
f 6375/6061/20 6376/6060/20 6379/6064/20 6378/6065/20
f 6376/6060/20 6377/6063/20 6380/6066/20 6379/6064/20
f 280/6054/20 1292/6067/20 6372/6058/20 2937/6055/20
f 1292/6067/20 1291/6068/20 6373/6059/20 6372/6058/20
f 1291/6068/20 1290/6069/20 6374/6062/20 6373/6059/20
f 1290/6069/20 279/6070/20 2940/6071/20 6374/6062/20
f 6374/6062/20 2940/6071/20 2941/6072/20 6377/6063/20
f 6377/6063/20 2941/6072/20 2942/6073/20 6380/6066/20
f 6380/6066/20 2942/6073/20 291/5878/20 1326/5877/20
f 6379/6064/20 6380/6066/20 1326/5877/20 1327/5876/20
f 6378/6065/20 6379/6064/20 1327/5876/20 1328/5875/20
f 2939/6057/20 6378/6065/20 1328/5875/20 292/5862/20
f 2938/6056/20 6375/6061/20 6378/6065/20 2939/6057/20
f 2937/6055/20 6372/6058/20 6375/6061/20 2938/6056/20
f 6381/6074/20 6382/6075/20 6385/6076/20 6384/6077/20
f 6382/6075/20 6383/6078/20 6386/6079/20 6385/6076/20
f 6384/6077/20 6385/6076/20 6388/6080/20 6387/6081/20
f 6385/6076/20 6386/6079/20 6389/6082/20 6388/6080/20
f 279/6070/20 1289/6083/20 6381/6074/20 2940/6071/20
f 1289/6083/20 1288/6084/20 6382/6075/20 6381/6074/20
f 1288/6084/20 1287/6085/20 6383/6078/20 6382/6075/20
f 1287/6085/20 278/6086/20 2943/6087/20 6383/6078/20
f 6383/6078/20 2943/6087/20 2944/6088/20 6386/6079/20
f 6386/6079/20 2944/6088/20 2945/6089/20 6389/6082/20
f 6389/6082/20 2945/6089/20 290/5894/20 1323/5893/20
f 6388/6080/20 6389/6082/20 1323/5893/20 1324/5892/20
f 6387/6081/20 6388/6080/20 1324/5892/20 1325/5891/20
f 2942/6073/20 6387/6081/20 1325/5891/20 291/5878/20
f 2941/6072/20 6384/6077/20 6387/6081/20 2942/6073/20
f 2940/6071/20 6381/6074/20 6384/6077/20 2941/6072/20
f 6390/6090/20 6391/6091/20 6394/6092/20 6393/6093/20
f 6391/6091/20 6392/6094/20 6395/6095/20 6394/6092/20
f 6393/6093/20 6394/6092/20 6397/6096/20 6396/6097/20
f 6394/6092/20 6395/6095/20 6398/6098/20 6397/6096/20
f 278/6086/20 1286/6099/20 6390/6090/20 2943/6087/20
f 1286/6099/20 1285/6100/20 6391/6091/20 6390/6090/20
f 1285/6100/20 1284/6101/20 6392/6094/20 6391/6091/20
f 1284/6101/20 277/6102/20 2946/6103/20 6392/6094/20
f 6392/6094/20 2946/6103/20 2947/6104/20 6395/6095/20
f 6395/6095/20 2947/6104/20 2948/6105/20 6398/6098/20
f 6398/6098/20 2948/6105/20 289/5910/20 1320/5909/20
f 6397/6096/20 6398/6098/20 1320/5909/20 1321/5908/20
f 6396/6097/20 6397/6096/20 1321/5908/20 1322/5907/20
f 2945/6089/20 6396/6097/20 1322/5907/20 290/5894/20
f 2944/6088/20 6393/6093/20 6396/6097/20 2945/6089/20
f 2943/6087/20 6390/6090/20 6393/6093/20 2944/6088/20
f 6399/6106/20 6400/6107/20 6403/6108/20 6402/6109/20
f 6400/6107/20 6401/6110/20 6404/6111/20 6403/6108/20
f 6402/6109/20 6403/6108/20 6406/6112/20 6405/6113/20
f 6403/6108/20 6404/6111/20 6407/6114/20 6406/6112/20
f 277/6102/20 1283/6115/20 6399/6106/20 2946/6103/20
f 1283/6115/20 1282/6116/20 6400/6107/20 6399/6106/20
f 1282/6116/20 1281/6117/20 6401/6110/20 6400/6107/20
f 1281/6117/20 276/6118/20 2949/6119/20 6401/6110/20
f 6401/6110/20 2949/6119/20 2950/6120/20 6404/6111/20
f 6404/6111/20 2950/6120/20 2951/6121/20 6407/6114/20
f 6407/6114/20 2951/6121/20 288/5926/20 1317/5925/20
f 6406/6112/20 6407/6114/20 1317/5925/20 1318/5924/20
f 6405/6113/20 6406/6112/20 1318/5924/20 1319/5923/20
f 2948/6105/20 6405/6113/20 1319/5923/20 289/5910/20
f 2947/6104/20 6402/6109/20 6405/6113/20 2948/6105/20
f 2946/6103/20 6399/6106/20 6402/6109/20 2947/6104/20
f 6408/6122/20 6409/6123/20 6412/6124/20 6411/6125/20
f 6409/6123/20 6410/6126/20 6413/6127/20 6412/6124/20
f 6411/6125/20 6412/6124/20 6415/6128/20 6414/6129/20
f 6412/6124/20 6413/6127/20 6416/6130/20 6415/6128/20
f 276/6118/20 1280/6131/20 6408/6122/20 2949/6119/20
f 1280/6131/20 1279/6132/20 6409/6123/20 6408/6122/20
f 1279/6132/20 1278/6133/20 6410/6126/20 6409/6123/20
f 1278/6133/20 275/6134/20 2952/6135/20 6410/6126/20
f 6410/6126/20 2952/6135/20 2953/6136/20 6413/6127/20
f 6413/6127/20 2953/6136/20 2954/6137/20 6416/6130/20
f 6416/6130/20 2954/6137/20 287/5942/20 1314/5941/20
f 6415/6128/20 6416/6130/20 1314/5941/20 1315/5940/20
f 6414/6129/20 6415/6128/20 1315/5940/20 1316/5939/20
f 2951/6121/20 6414/6129/20 1316/5939/20 288/5926/20
f 2950/6120/20 6411/6125/20 6414/6129/20 2951/6121/20
f 2949/6119/20 6408/6122/20 6411/6125/20 2950/6120/20
f 6417/6138/20 6418/6139/20 6421/6140/20 6420/6141/20
f 6418/6139/20 6419/6142/20 6422/6143/20 6421/6140/20
f 6420/6141/20 6421/6140/20 6424/6144/20 6423/6145/20
f 6421/6140/20 6422/6143/20 6425/6146/20 6424/6144/20
f 275/6134/20 1277/6147/20 6417/6138/20 2952/6135/20
f 1277/6147/20 1276/6148/20 6418/6139/20 6417/6138/20
f 1276/6148/20 1275/6149/20 6419/6142/20 6418/6139/20
f 1275/6149/20 274/6150/20 2955/6151/20 6419/6142/20
f 6419/6142/20 2955/6151/20 2956/6152/20 6422/6143/20
f 6422/6143/20 2956/6152/20 2957/6153/20 6425/6146/20
f 6425/6146/20 2957/6153/20 286/5958/20 1311/5957/20
f 6424/6144/20 6425/6146/20 1311/5957/20 1312/5956/20
f 6423/6145/20 6424/6144/20 1312/5956/20 1313/5955/20
f 2954/6137/20 6423/6145/20 1313/5955/20 287/5942/20
f 2953/6136/20 6420/6141/20 6423/6145/20 2954/6137/20
f 2952/6135/20 6417/6138/20 6420/6141/20 2953/6136/20
f 6426/6154/20 6427/6155/20 6430/6156/20 6429/6157/20
f 6427/6155/20 6428/6158/20 6431/6159/20 6430/6156/20
f 6429/6157/20 6430/6156/20 6433/6160/20 6432/6161/20
f 6430/6156/20 6431/6159/20 6434/6162/20 6433/6160/20
f 274/6150/20 1274/6163/20 6426/6154/20 2955/6151/20
f 1274/6163/20 1273/6164/20 6427/6155/20 6426/6154/20
f 1273/6164/20 1272/6165/20 6428/6158/20 6427/6155/20
f 1272/6165/20 273/520/20 2958/534/20 6428/6158/20
f 6428/6158/20 2958/534/20 2959/545/20 6431/6159/20
f 6431/6159/20 2959/545/20 2960/543/20 6434/6162/20
f 6434/6162/20 2960/543/20 285/544/20 1308/5973/20
f 6433/6160/20 6434/6162/20 1308/5973/20 1309/5972/20
f 6432/6161/20 6433/6160/20 1309/5972/20 1310/5971/20
f 2957/6153/20 6432/6161/20 1310/5971/20 286/5958/20
f 2956/6152/20 6429/6157/20 6432/6161/20 2957/6153/20
f 2955/6151/20 6426/6154/20 6429/6157/20 2956/6152/20
f 6435/6166/375 6436/6167/375 6439/6168/375 6438/6169/375
f 6436/6170/376 6437/6171/376 6440/6172/376 6439/6173/376
f 6438/6169/375 6439/6168/375 6442/6174/375 6441/6175/375
f 6439/6173/376 6440/6172/376 6443/6176/376 6442/6177/376
f 162/1031/377 746/6178/377 6435/6166/377 711/1048/377
f 746/6178/375 745/6179/375 6436/6167/375 6435/6166/375
f 745/6180/376 744/6181/376 6437/6171/376 6436/6170/376
f 744/6181/378 272/6182/378 2961/6183/378 6437/6171/378
f 6437/6171/378 2961/6183/378 2962/6184/378 6440/6172/378
f 6440/6172/378 2962/6184/378 2963/6185/378 6443/6176/378
f 6443/6176/378 2963/6185/378 284/5990/378 747/5989/378
f 6442/6177/376 6443/6176/376 747/5989/376 748/5988/376
f 6441/6175/375 6442/6174/375 748/5987/375 749/5986/375
f 713/1050/377 6441/6175/377 749/5986/377 163/1051/377
f 712/1049/377 6438/6169/377 6441/6175/377 713/1050/377
f 711/1048/377 6435/6166/377 6438/6169/377 712/1049/377
f 6444/6186/20 6445/6187/20 6448/6188/20 6447/6189/20
f 6445/6187/20 6446/6190/20 6449/6191/20 6448/6188/20
f 6447/6189/20 6448/6188/20 6451/6192/20 6450/6193/20
f 6448/6188/20 6449/6191/20 6452/6194/20 6451/6192/20
f 272/6182/20 1268/6195/20 6444/6186/20 2961/6183/20
f 1268/6195/20 1267/6196/20 6445/6187/20 6444/6186/20
f 1267/6196/20 1266/6197/20 6446/6190/20 6445/6187/20
f 1266/6197/20 271/6198/20 2964/6199/20 6446/6190/20
f 6446/6190/20 2964/6199/20 2965/6200/20 6449/6191/20
f 6449/6191/20 2965/6200/20 2966/6201/20 6452/6194/20
f 6452/6194/20 2966/6201/20 283/6006/20 1302/6005/20
f 6451/6192/20 6452/6194/20 1302/6005/20 1303/6004/20
f 6450/6193/20 6451/6192/20 1303/6004/20 1304/6003/20
f 2963/6185/20 6450/6193/20 1304/6003/20 284/5990/20
f 2962/6184/20 6447/6189/20 6450/6193/20 2963/6185/20
f 2961/6183/20 6444/6186/20 6447/6189/20 2962/6184/20
f 6453/6202/20 6454/6203/20 6457/6204/20 6456/6205/20
f 6454/6203/20 6455/6206/20 6458/6207/20 6457/6204/20
f 6456/6205/20 6457/6204/20 6460/6208/20 6459/6209/20
f 6457/6204/20 6458/6207/20 6461/6210/20 6460/6208/20
f 271/6198/20 1265/6211/20 6453/6202/20 2964/6199/20
f 1265/6211/20 1264/6212/20 6454/6203/20 6453/6202/20
f 1264/6212/20 1263/6213/20 6455/6206/20 6454/6203/20
f 1263/6213/20 270/6214/20 2967/6215/20 6455/6206/20
f 6455/6206/20 2967/6215/20 2968/6216/20 6458/6207/20
f 6458/6207/20 2968/6216/20 2969/6217/20 6461/6210/20
f 6461/6210/20 2969/6217/20 282/6022/20 1299/6021/20
f 6460/6208/20 6461/6210/20 1299/6021/20 1300/6020/20
f 6459/6209/20 6460/6208/20 1300/6020/20 1301/6019/20
f 2966/6201/20 6459/6209/20 1301/6019/20 283/6006/20
f 2965/6200/20 6456/6205/20 6459/6209/20 2966/6201/20
f 2964/6199/20 6453/6202/20 6456/6205/20 2965/6200/20
f 6462/6218/20 6463/6219/20 6466/6220/20 6465/6221/20
f 6463/6219/20 6464/6222/20 6467/6223/20 6466/6220/20
f 6465/6221/20 6466/6220/20 6469/6224/20 6468/6225/20
f 6466/6220/20 6467/6223/20 6470/6226/20 6469/6224/20
f 270/6214/20 1262/6227/20 6462/6218/20 2967/6215/20
f 1262/6227/20 1261/6228/20 6463/6219/20 6462/6218/20
f 1261/6228/20 1260/6229/20 6464/6222/20 6463/6219/20
f 1260/6229/20 269/6230/20 2970/6231/20 6464/6222/20
f 6464/6222/20 2970/6231/20 2971/6232/20 6467/6223/20
f 6467/6223/20 2971/6232/20 2972/6233/20 6470/6226/20
f 6470/6226/20 2972/6233/20 281/6038/20 1296/6037/20
f 6469/6224/20 6470/6226/20 1296/6037/20 1297/6036/20
f 6468/6225/20 6469/6224/20 1297/6036/20 1298/6035/20
f 2969/6217/20 6468/6225/20 1298/6035/20 282/6022/20
f 2968/6216/20 6465/6221/20 6468/6225/20 2969/6217/20
f 2967/6215/20 6462/6218/20 6465/6221/20 2968/6216/20
f 6471/6234/20 6472/6235/20 6475/6236/20 6474/6237/20
f 6472/6235/20 6473/6238/20 6476/6239/20 6475/6236/20
f 6474/6237/20 6475/6236/20 6478/6240/20 6477/6241/20
f 6475/6236/20 6476/6239/20 6479/6242/20 6478/6240/20
f 269/6230/20 1259/6243/20 6471/6234/20 2970/6231/20
f 1259/6243/20 1258/6244/20 6472/6235/20 6471/6234/20
f 1258/6244/20 1257/6245/20 6473/6238/20 6472/6235/20
f 1257/6245/20 268/6246/20 2973/6247/20 6473/6238/20
f 6473/6238/20 2973/6247/20 2974/6248/20 6476/6239/20
f 6476/6239/20 2974/6248/20 2975/6249/20 6479/6242/20
f 6479/6242/20 2975/6249/20 280/6054/20 1293/6053/20
f 6478/6240/20 6479/6242/20 1293/6053/20 1294/6052/20
f 6477/6241/20 6478/6240/20 1294/6052/20 1295/6051/20
f 2972/6233/20 6477/6241/20 1295/6051/20 281/6038/20
f 2971/6232/20 6474/6237/20 6477/6241/20 2972/6233/20
f 2970/6231/20 6471/6234/20 6474/6237/20 2971/6232/20
f 6480/6250/20 6481/6251/20 6484/6252/20 6483/6253/20
f 6481/6251/20 6482/6254/20 6485/6255/20 6484/6252/20
f 6483/6253/20 6484/6252/20 6487/6256/20 6486/6257/20
f 6484/6252/20 6485/6255/20 6488/6258/20 6487/6256/20
f 268/6246/20 1256/6259/20 6480/6250/20 2973/6247/20
f 1256/6259/20 1255/6260/20 6481/6251/20 6480/6250/20
f 1255/6260/20 1254/6261/20 6482/6254/20 6481/6251/20
f 1254/6261/20 267/6262/20 2976/6263/20 6482/6254/20
f 6482/6254/20 2976/6263/20 2977/6264/20 6485/6255/20
f 6485/6255/20 2977/6264/20 2978/6265/20 6488/6258/20
f 6488/6258/20 2978/6265/20 279/6070/20 1290/6069/20
f 6487/6256/20 6488/6258/20 1290/6069/20 1291/6068/20
f 6486/6257/20 6487/6256/20 1291/6068/20 1292/6067/20
f 2975/6249/20 6486/6257/20 1292/6067/20 280/6054/20
f 2974/6248/20 6483/6253/20 6486/6257/20 2975/6249/20
f 2973/6247/20 6480/6250/20 6483/6253/20 2974/6248/20
f 6489/6266/20 6490/6267/20 6493/6268/20 6492/6269/20
f 6490/6267/20 6491/6270/20 6494/6271/20 6493/6268/20
f 6492/6269/20 6493/6268/20 6496/6272/20 6495/6273/20
f 6493/6268/20 6494/6271/20 6497/6274/20 6496/6272/20
f 267/6262/20 1253/6275/20 6489/6266/20 2976/6263/20
f 1253/6275/20 1252/6276/20 6490/6267/20 6489/6266/20
f 1252/6276/20 1251/6277/20 6491/6270/20 6490/6267/20
f 1251/6277/20 266/6278/20 2979/6279/20 6491/6270/20
f 6491/6270/20 2979/6279/20 2980/6280/20 6494/6271/20
f 6494/6271/20 2980/6280/20 2981/6281/20 6497/6274/20
f 6497/6274/20 2981/6281/20 278/6086/20 1287/6085/20
f 6496/6272/20 6497/6274/20 1287/6085/20 1288/6084/20
f 6495/6273/20 6496/6272/20 1288/6084/20 1289/6083/20
f 2978/6265/20 6495/6273/20 1289/6083/20 279/6070/20
f 2977/6264/20 6492/6269/20 6495/6273/20 2978/6265/20
f 2976/6263/20 6489/6266/20 6492/6269/20 2977/6264/20
f 6498/6282/20 6499/6283/20 6502/6284/20 6501/6285/20
f 6499/6283/20 6500/6286/20 6503/6287/20 6502/6284/20
f 6501/6285/20 6502/6284/20 6505/6288/20 6504/6289/20
f 6502/6284/20 6503/6287/20 6506/6290/20 6505/6288/20
f 266/6278/20 1250/6291/20 6498/6282/20 2979/6279/20
f 1250/6291/20 1249/6292/20 6499/6283/20 6498/6282/20
f 1249/6292/20 1248/6293/20 6500/6286/20 6499/6283/20
f 1248/6293/20 265/6294/20 2982/6295/20 6500/6286/20
f 6500/6286/20 2982/6295/20 2983/6296/20 6503/6287/20
f 6503/6287/20 2983/6296/20 2984/6297/20 6506/6290/20
f 6506/6290/20 2984/6297/20 277/6102/20 1284/6101/20
f 6505/6288/20 6506/6290/20 1284/6101/20 1285/6100/20
f 6504/6289/20 6505/6288/20 1285/6100/20 1286/6099/20
f 2981/6281/20 6504/6289/20 1286/6099/20 278/6086/20
f 2980/6280/20 6501/6285/20 6504/6289/20 2981/6281/20
f 2979/6279/20 6498/6282/20 6501/6285/20 2980/6280/20
f 6507/6298/20 6508/6299/20 6511/6300/20 6510/6301/20
f 6508/6299/20 6509/6302/20 6512/6303/20 6511/6300/20
f 6510/6301/20 6511/6300/20 6514/6304/20 6513/6305/20
f 6511/6300/20 6512/6303/20 6515/6306/20 6514/6304/20
f 265/6294/20 1247/6307/20 6507/6298/20 2982/6295/20
f 1247/6307/20 1246/6308/20 6508/6299/20 6507/6298/20
f 1246/6308/20 1245/6309/20 6509/6302/20 6508/6299/20
f 1245/6309/20 264/6310/20 2985/6311/20 6509/6302/20
f 6509/6302/20 2985/6311/20 2986/6312/20 6512/6303/20
f 6512/6303/20 2986/6312/20 2987/6313/20 6515/6306/20
f 6515/6306/20 2987/6313/20 276/6118/20 1281/6117/20
f 6514/6304/20 6515/6306/20 1281/6117/20 1282/6116/20
f 6513/6305/20 6514/6304/20 1282/6116/20 1283/6115/20
f 2984/6297/20 6513/6305/20 1283/6115/20 277/6102/20
f 2983/6296/20 6510/6301/20 6513/6305/20 2984/6297/20
f 2982/6295/20 6507/6298/20 6510/6301/20 2983/6296/20
f 6516/6314/20 6517/6315/20 6520/6316/20 6519/6317/20
f 6517/6315/20 6518/6318/20 6521/6319/20 6520/6316/20
f 6519/6317/20 6520/6316/20 6523/6320/20 6522/6321/20
f 6520/6316/20 6521/6319/20 6524/6322/20 6523/6320/20
f 264/6310/20 1244/6323/20 6516/6314/20 2985/6311/20
f 1244/6323/20 1243/6324/20 6517/6315/20 6516/6314/20
f 1243/6324/20 1242/6325/20 6518/6318/20 6517/6315/20
f 1242/6325/20 263/6326/20 2988/6327/20 6518/6318/20
f 6518/6318/20 2988/6327/20 2989/6328/20 6521/6319/20
f 6521/6319/20 2989/6328/20 2990/6329/20 6524/6322/20
f 6524/6322/20 2990/6329/20 275/6134/20 1278/6133/20
f 6523/6320/20 6524/6322/20 1278/6133/20 1279/6132/20
f 6522/6321/20 6523/6320/20 1279/6132/20 1280/6131/20
f 2987/6313/20 6522/6321/20 1280/6131/20 276/6118/20
f 2986/6312/20 6519/6317/20 6522/6321/20 2987/6313/20
f 2985/6311/20 6516/6314/20 6519/6317/20 2986/6312/20
f 6525/6330/20 6526/6331/20 6529/6332/20 6528/6333/20
f 6526/6331/20 6527/6334/20 6530/6335/20 6529/6332/20
f 6528/6333/20 6529/6332/20 6532/6336/20 6531/6337/20
f 6529/6332/20 6530/6335/20 6533/6338/20 6532/6336/20
f 263/6326/20 1241/6339/20 6525/6330/20 2988/6327/20
f 1241/6339/20 1240/6340/20 6526/6331/20 6525/6330/20
f 1240/6340/20 1239/6341/20 6527/6334/20 6526/6331/20
f 1239/6341/20 262/6342/20 2991/6343/20 6527/6334/20
f 6527/6334/20 2991/6343/20 2992/6344/20 6530/6335/20
f 6530/6335/20 2992/6344/20 2993/6345/20 6533/6338/20
f 6533/6338/20 2993/6345/20 274/6150/20 1275/6149/20
f 6532/6336/20 6533/6338/20 1275/6149/20 1276/6148/20
f 6531/6337/20 6532/6336/20 1276/6148/20 1277/6147/20
f 2990/6329/20 6531/6337/20 1277/6147/20 275/6134/20
f 2989/6328/20 6528/6333/20 6531/6337/20 2990/6329/20
f 2988/6327/20 6525/6330/20 6528/6333/20 2989/6328/20
f 6534/6346/20 6535/6347/20 6538/6348/20 6537/6349/20
f 6535/6347/20 6536/6350/20 6539/6351/20 6538/6348/20
f 6537/6349/20 6538/6348/20 6541/6352/20 6540/6353/20
f 6538/6348/20 6539/6351/20 6542/6354/20 6541/6352/20
f 262/6342/20 1238/6355/20 6534/6346/20 2991/6343/20
f 1238/6355/20 1237/6356/20 6535/6347/20 6534/6346/20
f 1237/6356/20 1236/6357/20 6536/6350/20 6535/6347/20
f 1236/6357/20 261/496/20 2994/510/20 6536/6350/20
f 6536/6350/20 2994/510/20 2995/521/20 6539/6351/20
f 6539/6351/20 2995/521/20 2996/519/20 6542/6354/20
f 6542/6354/20 2996/519/20 273/520/20 1272/6165/20
f 6541/6352/20 6542/6354/20 1272/6165/20 1273/6164/20
f 6540/6353/20 6541/6352/20 1273/6164/20 1274/6163/20
f 2993/6345/20 6540/6353/20 1274/6163/20 274/6150/20
f 2992/6344/20 6537/6349/20 6540/6353/20 2993/6345/20
f 2991/6343/20 6534/6346/20 6537/6349/20 2992/6344/20
f 6543/6358/375 6544/6359/375 6547/6360/375 6546/6361/375
f 6544/6362/376 6545/6363/376 6548/6364/376 6547/6365/376
f 6546/6361/375 6547/6360/375 6550/6366/375 6549/6367/375
f 6547/6365/376 6548/6364/376 6551/6368/376 6550/6369/376
f 161/1017/377 743/6370/377 6543/6358/377 708/1028/377
f 743/6370/375 742/6371/375 6544/6359/375 6543/6358/375
f 742/6372/376 741/6373/376 6545/6363/376 6544/6362/376
f 741/6373/378 260/6374/378 2997/6375/378 6545/6363/378
f 6545/6363/378 2997/6375/378 2998/6376/378 6548/6364/378
f 6548/6364/378 2998/6376/378 2999/6377/378 6551/6368/378
f 6551/6368/378 2999/6377/378 272/6182/378 744/6181/378
f 6550/6369/376 6551/6368/376 744/6181/376 745/6180/376
f 6549/6367/375 6550/6366/375 745/6179/375 746/6178/375
f 710/1030/377 6549/6367/377 746/6178/377 162/1031/377
f 709/1029/377 6546/6361/377 6549/6367/377 710/1030/377
f 708/1028/377 6543/6358/377 6546/6361/377 709/1029/377
f 6552/6378/20 6553/6379/20 6556/6380/20 6555/6381/20
f 6553/6379/20 6554/6382/20 6557/6383/20 6556/6380/20
f 6555/6381/20 6556/6380/20 6559/6384/20 6558/6385/20
f 6556/6380/20 6557/6383/20 6560/6386/20 6559/6384/20
f 260/6374/20 1232/6387/20 6552/6378/20 2997/6375/20
f 1232/6387/20 1231/6388/20 6553/6379/20 6552/6378/20
f 1231/6388/20 1230/6389/20 6554/6382/20 6553/6379/20
f 1230/6389/20 259/6390/20 3000/6391/20 6554/6382/20
f 6554/6382/20 3000/6391/20 3001/6392/20 6557/6383/20
f 6557/6383/20 3001/6392/20 3002/6393/20 6560/6386/20
f 6560/6386/20 3002/6393/20 271/6198/20 1266/6197/20
f 6559/6384/20 6560/6386/20 1266/6197/20 1267/6196/20
f 6558/6385/20 6559/6384/20 1267/6196/20 1268/6195/20
f 2999/6377/20 6558/6385/20 1268/6195/20 272/6182/20
f 2998/6376/20 6555/6381/20 6558/6385/20 2999/6377/20
f 2997/6375/20 6552/6378/20 6555/6381/20 2998/6376/20
f 6561/6394/20 6562/6395/20 6565/6396/20 6564/6397/20
f 6562/6395/20 6563/6398/20 6566/6399/20 6565/6396/20
f 6564/6397/20 6565/6396/20 6568/6400/20 6567/6401/20
f 6565/6396/20 6566/6399/20 6569/6402/20 6568/6400/20
f 259/6390/20 1229/6403/20 6561/6394/20 3000/6391/20
f 1229/6403/20 1228/6404/20 6562/6395/20 6561/6394/20
f 1228/6404/20 1227/6405/20 6563/6398/20 6562/6395/20
f 1227/6405/20 258/6406/20 3003/6407/20 6563/6398/20
f 6563/6398/20 3003/6407/20 3004/6408/20 6566/6399/20
f 6566/6399/20 3004/6408/20 3005/6409/20 6569/6402/20
f 6569/6402/20 3005/6409/20 270/6214/20 1263/6213/20
f 6568/6400/20 6569/6402/20 1263/6213/20 1264/6212/20
f 6567/6401/20 6568/6400/20 1264/6212/20 1265/6211/20
f 3002/6393/20 6567/6401/20 1265/6211/20 271/6198/20
f 3001/6392/20 6564/6397/20 6567/6401/20 3002/6393/20
f 3000/6391/20 6561/6394/20 6564/6397/20 3001/6392/20
f 6570/6410/20 6571/6411/20 6574/6412/20 6573/6413/20
f 6571/6411/20 6572/6414/20 6575/6415/20 6574/6412/20
f 6573/6413/20 6574/6412/20 6577/6416/20 6576/6417/20
f 6574/6412/20 6575/6415/20 6578/6418/20 6577/6416/20
f 258/6406/20 1226/6419/20 6570/6410/20 3003/6407/20
f 1226/6419/20 1225/6420/20 6571/6411/20 6570/6410/20
f 1225/6420/20 1224/6421/20 6572/6414/20 6571/6411/20
f 1224/6421/20 257/6422/20 3006/6423/20 6572/6414/20
f 6572/6414/20 3006/6423/20 3007/6424/20 6575/6415/20
f 6575/6415/20 3007/6424/20 3008/6425/20 6578/6418/20
f 6578/6418/20 3008/6425/20 269/6230/20 1260/6229/20
f 6577/6416/20 6578/6418/20 1260/6229/20 1261/6228/20
f 6576/6417/20 6577/6416/20 1261/6228/20 1262/6227/20
f 3005/6409/20 6576/6417/20 1262/6227/20 270/6214/20
f 3004/6408/20 6573/6413/20 6576/6417/20 3005/6409/20
f 3003/6407/20 6570/6410/20 6573/6413/20 3004/6408/20
f 6579/6426/20 6580/6427/20 6583/6428/20 6582/6429/20
f 6580/6427/20 6581/6430/20 6584/6431/20 6583/6428/20
f 6582/6429/20 6583/6428/20 6586/6432/20 6585/6433/20
f 6583/6428/20 6584/6431/20 6587/6434/20 6586/6432/20
f 257/6422/20 1223/6435/20 6579/6426/20 3006/6423/20
f 1223/6435/20 1222/6436/20 6580/6427/20 6579/6426/20
f 1222/6436/20 1221/6437/20 6581/6430/20 6580/6427/20
f 1221/6437/20 256/6438/20 3009/6439/20 6581/6430/20
f 6581/6430/20 3009/6439/20 3010/6440/20 6584/6431/20
f 6584/6431/20 3010/6440/20 3011/6441/20 6587/6434/20
f 6587/6434/20 3011/6441/20 268/6246/20 1257/6245/20
f 6586/6432/20 6587/6434/20 1257/6245/20 1258/6244/20
f 6585/6433/20 6586/6432/20 1258/6244/20 1259/6243/20
f 3008/6425/20 6585/6433/20 1259/6243/20 269/6230/20
f 3007/6424/20 6582/6429/20 6585/6433/20 3008/6425/20
f 3006/6423/20 6579/6426/20 6582/6429/20 3007/6424/20
f 6588/6442/20 6589/6443/20 6592/6444/20 6591/6445/20
f 6589/6443/20 6590/6446/20 6593/6447/20 6592/6444/20
f 6591/6445/20 6592/6444/20 6595/6448/20 6594/6449/20
f 6592/6444/20 6593/6447/20 6596/6450/20 6595/6448/20
f 256/6438/20 1220/6451/20 6588/6442/20 3009/6439/20
f 1220/6451/20 1219/6452/20 6589/6443/20 6588/6442/20
f 1219/6452/20 1218/6453/20 6590/6446/20 6589/6443/20
f 1218/6453/20 255/6454/20 3012/6455/20 6590/6446/20
f 6590/6446/20 3012/6455/20 3013/6456/20 6593/6447/20
f 6593/6447/20 3013/6456/20 3014/6457/20 6596/6450/20
f 6596/6450/20 3014/6457/20 267/6262/20 1254/6261/20
f 6595/6448/20 6596/6450/20 1254/6261/20 1255/6260/20
f 6594/6449/20 6595/6448/20 1255/6260/20 1256/6259/20
f 3011/6441/20 6594/6449/20 1256/6259/20 268/6246/20
f 3010/6440/20 6591/6445/20 6594/6449/20 3011/6441/20
f 3009/6439/20 6588/6442/20 6591/6445/20 3010/6440/20
f 6597/6458/20 6598/6459/20 6601/6460/20 6600/6461/20
f 6598/6459/20 6599/6462/20 6602/6463/20 6601/6460/20
f 6600/6461/20 6601/6460/20 6604/6464/20 6603/6465/20
f 6601/6460/20 6602/6463/20 6605/6466/20 6604/6464/20
f 255/6454/20 1217/6467/20 6597/6458/20 3012/6455/20
f 1217/6467/20 1216/6468/20 6598/6459/20 6597/6458/20
f 1216/6468/20 1215/6469/20 6599/6462/20 6598/6459/20
f 1215/6469/20 254/6470/20 3015/6471/20 6599/6462/20
f 6599/6462/20 3015/6471/20 3016/6472/20 6602/6463/20
f 6602/6463/20 3016/6472/20 3017/6473/20 6605/6466/20
f 6605/6466/20 3017/6473/20 266/6278/20 1251/6277/20
f 6604/6464/20 6605/6466/20 1251/6277/20 1252/6276/20
f 6603/6465/20 6604/6464/20 1252/6276/20 1253/6275/20
f 3014/6457/20 6603/6465/20 1253/6275/20 267/6262/20
f 3013/6456/20 6600/6461/20 6603/6465/20 3014/6457/20
f 3012/6455/20 6597/6458/20 6600/6461/20 3013/6456/20
f 6606/6474/20 6607/6475/20 6610/6476/20 6609/6477/20
f 6607/6475/20 6608/6478/20 6611/6479/20 6610/6476/20
f 6609/6477/20 6610/6476/20 6613/6480/20 6612/6481/20
f 6610/6476/20 6611/6479/20 6614/6482/20 6613/6480/20
f 254/6470/20 1214/6483/20 6606/6474/20 3015/6471/20
f 1214/6483/20 1213/6484/20 6607/6475/20 6606/6474/20
f 1213/6484/20 1212/6485/20 6608/6478/20 6607/6475/20
f 1212/6485/20 253/6486/20 3018/6487/20 6608/6478/20
f 6608/6478/20 3018/6487/20 3019/6488/20 6611/6479/20
f 6611/6479/20 3019/6488/20 3020/6489/20 6614/6482/20
f 6614/6482/20 3020/6489/20 265/6294/20 1248/6293/20
f 6613/6480/20 6614/6482/20 1248/6293/20 1249/6292/20
f 6612/6481/20 6613/6480/20 1249/6292/20 1250/6291/20
f 3017/6473/20 6612/6481/20 1250/6291/20 266/6278/20
f 3016/6472/20 6609/6477/20 6612/6481/20 3017/6473/20
f 3015/6471/20 6606/6474/20 6609/6477/20 3016/6472/20
f 6615/6490/20 6616/6491/20 6619/6492/20 6618/6493/20
f 6616/6491/20 6617/6494/20 6620/6495/20 6619/6492/20
f 6618/6493/20 6619/6492/20 6622/6496/20 6621/6497/20
f 6619/6492/20 6620/6495/20 6623/6498/20 6622/6496/20
f 253/6486/20 1211/6499/20 6615/6490/20 3018/6487/20
f 1211/6499/20 1210/6500/20 6616/6491/20 6615/6490/20
f 1210/6500/20 1209/6501/20 6617/6494/20 6616/6491/20
f 1209/6501/20 252/6502/20 3021/6503/20 6617/6494/20
f 6617/6494/20 3021/6503/20 3022/6504/20 6620/6495/20
f 6620/6495/20 3022/6504/20 3023/6505/20 6623/6498/20
f 6623/6498/20 3023/6505/20 264/6310/20 1245/6309/20
f 6622/6496/20 6623/6498/20 1245/6309/20 1246/6308/20
f 6621/6497/20 6622/6496/20 1246/6308/20 1247/6307/20
f 3020/6489/20 6621/6497/20 1247/6307/20 265/6294/20
f 3019/6488/20 6618/6493/20 6621/6497/20 3020/6489/20
f 3018/6487/20 6615/6490/20 6618/6493/20 3019/6488/20
f 6624/6506/20 6625/6507/20 6628/6508/20 6627/6509/20
f 6625/6507/20 6626/6510/20 6629/6511/20 6628/6508/20
f 6627/6509/20 6628/6508/20 6631/6512/20 6630/6513/20
f 6628/6508/20 6629/6511/20 6632/6514/20 6631/6512/20
f 252/6502/20 1208/6515/20 6624/6506/20 3021/6503/20
f 1208/6515/20 1207/6516/20 6625/6507/20 6624/6506/20
f 1207/6516/20 1206/6517/20 6626/6510/20 6625/6507/20
f 1206/6517/20 251/6518/20 3024/6519/20 6626/6510/20
f 6626/6510/20 3024/6519/20 3025/6520/20 6629/6511/20
f 6629/6511/20 3025/6520/20 3026/6521/20 6632/6514/20
f 6632/6514/20 3026/6521/20 263/6326/20 1242/6325/20
f 6631/6512/20 6632/6514/20 1242/6325/20 1243/6324/20
f 6630/6513/20 6631/6512/20 1243/6324/20 1244/6323/20
f 3023/6505/20 6630/6513/20 1244/6323/20 264/6310/20
f 3022/6504/20 6627/6509/20 6630/6513/20 3023/6505/20
f 3021/6503/20 6624/6506/20 6627/6509/20 3022/6504/20
f 6633/6522/20 6634/6523/20 6637/6524/20 6636/6525/20
f 6634/6523/20 6635/6526/20 6638/6527/20 6637/6524/20
f 6636/6525/20 6637/6524/20 6640/6528/20 6639/6529/20
f 6637/6524/20 6638/6527/20 6641/6530/20 6640/6528/20
f 251/6518/20 1205/6531/20 6633/6522/20 3024/6519/20
f 1205/6531/20 1204/6532/20 6634/6523/20 6633/6522/20
f 1204/6532/20 1203/6533/20 6635/6526/20 6634/6523/20
f 1203/6533/20 250/6534/20 3027/6535/20 6635/6526/20
f 6635/6526/20 3027/6535/20 3028/6536/20 6638/6527/20
f 6638/6527/20 3028/6536/20 3029/6537/20 6641/6530/20
f 6641/6530/20 3029/6537/20 262/6342/20 1239/6341/20
f 6640/6528/20 6641/6530/20 1239/6341/20 1240/6340/20
f 6639/6529/20 6640/6528/20 1240/6340/20 1241/6339/20
f 3026/6521/20 6639/6529/20 1241/6339/20 263/6326/20
f 3025/6520/20 6636/6525/20 6639/6529/20 3026/6521/20
f 3024/6519/20 6633/6522/20 6636/6525/20 3025/6520/20
f 6642/6538/20 6643/6539/20 6646/6540/20 6645/6541/20
f 6643/6539/20 6644/6542/20 6647/6543/20 6646/6540/20
f 6645/6541/20 6646/6540/20 6649/6544/20 6648/6545/20
f 6646/6540/20 6647/6543/20 6650/6546/20 6649/6544/20
f 250/6534/20 1202/6547/20 6642/6538/20 3027/6535/20
f 1202/6547/20 1201/6548/20 6643/6539/20 6642/6538/20
f 1201/6548/20 1200/6549/20 6644/6542/20 6643/6539/20
f 1200/6549/20 249/471/20 3030/486/20 6644/6542/20
f 6644/6542/20 3030/486/20 3031/497/20 6647/6543/20
f 6647/6543/20 3031/497/20 3032/495/20 6650/6546/20
f 6650/6546/20 3032/495/20 261/496/20 1236/6357/20
f 6649/6544/20 6650/6546/20 1236/6357/20 1237/6356/20
f 6648/6545/20 6649/6544/20 1237/6356/20 1238/6355/20
f 3029/6537/20 6648/6545/20 1238/6355/20 262/6342/20
f 3028/6536/20 6645/6541/20 6648/6545/20 3029/6537/20
f 3027/6535/20 6642/6538/20 6645/6541/20 3028/6536/20
f 6651/6550/379 6652/6551/379 6655/6552/379 6654/6553/379
f 6652/6553/380 6653/6554/380 6656/6555/380 6655/6556/380
f 6654/6553/381 6655/6552/381 6658/6557/381 6657/6554/381
f 6655/6558/382 6656/6559/382 6659/6560/382 6658/6561/382
f 124/324/383 578/6562/383 6651/6550/383 705/1016/383
f 578/323/384 577/322/384 6652/6553/384 6651/6550/384
f 577/322/385 576/321/385 6653/6554/385 6652/6553/385
f 576/321/386 224/320/386 3033/6370/386 6653/6554/386
f 6653/6554/387 3033/6370/387 3034/6371/387 6656/6555/387
f 6656/6559/388 3034/6563/388 3035/6564/388 6659/6560/388
f 6659/6560/389 3035/6564/389 260/6374/389 741/6373/389
f 6658/6561/390 6659/6560/390 741/6373/390 742/6372/390
f 6657/6554/391 6658/6557/391 742/6371/391 743/6370/391
f 707/321/392 6657/6554/392 743/6370/392 161/1017/392
f 706/322/393 6654/6553/393 6657/6554/393 707/321/393
f 705/1016/394 6651/6550/394 6654/6553/394 706/322/394
f 6660/6358/395 6661/6361/395 6664/6360/395 6663/6359/395
f 6661/6361/395 6662/6367/395 6665/6366/395 6664/6360/395
f 6663/6565/396 6664/6566/396 6667/6567/396 6666/6568/396
f 6664/6566/396 6665/6569/396 6668/6570/396 6667/6567/396
f 224/320/397 1124/1028/397 6660/6358/397 3033/6370/397
f 1124/1028/397 1123/6571/397 6661/6361/397 6660/6358/397
f 1123/6571/397 1122/1030/397 6662/6367/397 6661/6361/397
f 1122/1030/397 223/1031/397 3036/6178/397 6662/6367/397
f 6662/6367/395 3036/6178/395 3037/6179/395 6665/6366/395
f 6665/6569/396 3037/6572/396 3038/6573/396 6668/6570/396
f 6668/6570/398 3038/6573/398 259/6390/398 1230/6389/398
f 6667/6567/398 6668/6570/398 1230/6389/398 1231/6388/398
f 6666/6568/398 6667/6567/398 1231/6388/398 1232/6387/398
f 3035/6564/398 6666/6568/398 1232/6387/398 260/6374/398
f 3034/6563/396 6663/6565/396 6666/6568/396 3035/6564/396
f 3033/6370/395 6660/6358/395 6663/6359/395 3034/6371/395
f 6669/6574/395 6670/6169/395 6673/6168/395 6672/6167/395
f 6670/6169/395 6671/6175/395 6674/6575/395 6673/6168/395
f 6672/6576/396 6673/6577/396 6676/6578/396 6675/6579/396
f 6673/6577/396 6674/6580/396 6677/6581/396 6676/6578/396
f 223/1031/397 1121/1048/397 6669/6574/397 3036/6178/397
f 1121/1048/397 1120/1049/397 6670/6169/397 6669/6574/397
f 1120/1049/397 1119/6582/397 6671/6175/397 6670/6169/397
f 1119/6582/397 222/1051/397 3039/5986/397 6671/6175/397
f 6671/6175/395 3039/5986/395 3040/5987/395 6674/6575/395
f 6674/6580/396 3040/6583/396 3041/6584/396 6677/6581/396
f 6677/6581/398 3041/6584/398 258/6406/398 1227/6405/398
f 6676/6578/398 6677/6581/398 1227/6405/398 1228/6404/398
f 6675/6579/398 6676/6578/398 1228/6404/398 1229/6403/398
f 3038/6573/398 6675/6579/398 1229/6403/398 259/6390/398
f 3037/6572/396 6672/6576/396 6675/6579/396 3038/6573/396
f 3036/6178/395 6669/6574/395 6672/6167/395 3037/6179/395
f 6678/5974/395 6679/5977/395 6682/5976/395 6681/5975/395
f 6679/5977/395 6680/5983/395 6683/5982/395 6682/5976/395
f 6681/6585/396 6682/6586/396 6685/6587/396 6684/6588/396
f 6682/6586/396 6683/6589/396 6686/6590/396 6685/6587/396
f 222/1051/397 1118/6591/397 6678/5974/397 3039/5986/397
f 1118/6591/397 1117/1069/397 6679/5977/397 6678/5974/397
f 1117/1069/397 1116/6592/397 6680/5983/397 6679/5977/397
f 1116/6592/397 221/1071/397 3042/5794/397 6680/5983/397
f 6680/5983/395 3042/5794/395 3043/5795/395 6683/5982/395
f 6683/6589/396 3043/6593/396 3044/6594/396 6686/6590/396
f 6686/6590/398 3044/6594/398 257/6422/398 1224/6421/398
f 6685/6587/398 6686/6590/398 1224/6421/398 1225/6420/398
f 6684/6588/398 6685/6587/398 1225/6420/398 1226/6419/398
f 3041/6584/398 6684/6588/398 1226/6419/398 258/6406/398
f 3040/6583/396 6681/6585/396 6684/6588/396 3041/6584/396
f 3039/5986/395 6678/5974/395 6681/5975/395 3040/5987/395
f 6687/5782/395 6688/5785/395 6691/5784/395 6690/5783/395
f 6688/5785/395 6689/5791/395 6692/5790/395 6691/5784/395
f 6690/6595/396 6691/6596/396 6694/6597/396 6693/6598/396
f 6691/6596/396 6692/6599/396 6695/6600/396 6694/6597/396
f 221/1071/397 1115/1088/397 6687/5782/397 3042/5794/397
f 1115/1088/397 1114/6601/397 6688/5785/397 6687/5782/397
f 1114/6601/397 1113/1090/397 6689/5791/397 6688/5785/397
f 1113/1090/397 220/6602/397 3045/6603/397 6689/5791/397
f 6689/5791/395 3045/6603/395 3046/6604/395 6692/5790/395
f 6692/6599/396 3046/6605/396 3047/6606/396 6695/6600/396
f 6695/6600/398 3047/6606/398 256/6438/398 1221/6437/398
f 6694/6597/398 6695/6600/398 1221/6437/398 1222/6436/398
f 6693/6598/398 6694/6597/398 1222/6436/398 1223/6435/398
f 3044/6594/398 6693/6598/398 1223/6435/398 257/6422/398
f 3043/6593/396 6690/6595/396 6693/6598/396 3044/6594/396
f 3042/5794/395 6687/5782/395 6690/5783/395 3043/5795/395
f 6696/6607/395 6697/5593/395 6700/5592/395 6699/5591/395
f 6697/5593/395 6698/5599/395 6701/5598/395 6700/5592/395
f 6699/6608/396 6700/6609/396 6703/6610/396 6702/6611/396
f 6700/6609/396 6701/6612/396 6704/6613/396 6703/6610/396
f 220/6602/397 1112/6614/397 6696/6607/397 3045/6603/397
f 1112/6614/397 1111/1109/397 6697/5593/397 6696/6607/397
f 1111/1109/397 1110/1110/397 6698/5599/397 6697/5593/397
f 1110/1110/397 219/1111/397 3048/5410/397 6698/5599/397
f 6698/5599/395 3048/5410/395 3049/5411/395 6701/5598/395
f 6701/6612/396 3049/6615/396 3050/6616/396 6704/6613/396
f 6704/6613/398 3050/6616/398 255/6454/398 1218/6453/398
f 6703/6610/398 6704/6613/398 1218/6453/398 1219/6452/398
f 6702/6611/398 6703/6610/398 1219/6452/398 1220/6451/398
f 3047/6606/398 6702/6611/398 1220/6451/398 256/6438/398
f 3046/6605/396 6699/6608/396 6702/6611/396 3047/6606/396
f 3045/6603/395 6696/6607/395 6699/5591/395 3046/6604/395
f 6705/5398/395 6706/5401/395 6709/5400/395 6708/5399/395
f 6706/5401/395 6707/5407/395 6710/5406/395 6709/5400/395
f 6708/6617/396 6709/6618/396 6712/6619/396 6711/6620/396
f 6709/6618/396 6710/6621/396 6713/6622/396 6712/6619/396
f 219/1111/397 1109/1128/397 6705/5398/397 3048/5410/397
f 1109/1128/397 1108/1129/397 6706/5401/397 6705/5398/397
f 1108/1129/397 1107/1130/397 6707/5407/397 6706/5401/397
f 1107/1130/397 218/1131/397 3051/5218/397 6707/5407/397
f 6707/5407/395 3051/5218/395 3052/5219/395 6710/5406/395
f 6710/6621/396 3052/6623/396 3053/6624/396 6713/6622/396
f 6713/6622/398 3053/6624/398 254/6470/398 1215/6469/398
f 6712/6619/398 6713/6622/398 1215/6469/398 1216/6468/398
f 6711/6620/398 6712/6619/398 1216/6468/398 1217/6467/398
f 3050/6616/398 6711/6620/398 1217/6467/398 255/6454/398
f 3049/6615/396 6708/6617/396 6711/6620/396 3050/6616/396
f 3048/5410/395 6705/5398/395 6708/5399/395 3049/5411/395
f 6714/6625/395 6715/6626/395 6718/6627/395 6717/5207/395
f 6715/6626/395 6716/6628/395 6719/6629/395 6718/6627/395
f 6717/6630/396 6718/6631/396 6721/6632/396 6720/6633/396
f 6718/6631/396 6719/6634/396 6722/6635/396 6721/6632/396
f 218/1131/397 1106/6636/397 6714/6625/397 3051/5218/397
f 1106/6636/397 1105/6637/397 6715/6626/397 6714/6625/397
f 1105/6637/397 1104/1150/397 6716/6628/397 6715/6626/397
f 1104/1150/397 217/1151/397 3054/5026/397 6716/6628/397
f 6716/6628/395 3054/5026/395 3055/5027/395 6719/6629/395
f 6719/6634/396 3055/6638/396 3056/6639/396 6722/6635/396
f 6722/6635/398 3056/6639/398 253/6486/398 1212/6485/398
f 6721/6632/398 6722/6635/398 1212/6485/398 1213/6484/398
f 6720/6633/398 6721/6632/398 1213/6484/398 1214/6483/398
f 3053/6624/398 6720/6633/398 1214/6483/398 254/6470/398
f 3052/6623/396 6717/6630/396 6720/6633/396 3053/6624/396
f 3051/5218/395 6714/6625/395 6717/5207/395 3052/5219/395
f 6723/5014/395 6724/5017/395 6727/5016/395 6726/5015/395
f 6724/5017/395 6725/6640/395 6728/6641/395 6727/5016/395
f 6726/6642/396 6727/6643/396 6730/6644/396 6729/6645/396
f 6727/6643/396 6728/6646/396 6731/6647/396 6730/6644/396
f 217/1151/397 1103/6648/397 6723/5014/397 3054/5026/397
f 1103/6648/397 1102/6649/397 6724/5017/397 6723/5014/397
f 1102/6649/397 1101/1170/397 6725/6640/397 6724/5017/397
f 1101/1170/397 216/1171/397 3057/6650/397 6725/6640/397
f 6725/6640/395 3057/6650/395 3058/6651/395 6728/6641/395
f 6728/6646/396 3058/6652/396 3059/6653/396 6731/6647/396
f 6731/6647/398 3059/6653/398 252/6502/398 1209/6501/398
f 6730/6644/398 6731/6647/398 1209/6501/398 1210/6500/398
f 6729/6645/398 6730/6644/398 1210/6500/398 1211/6499/398
f 3056/6639/398 6729/6645/398 1211/6499/398 253/6486/398
f 3055/6638/396 6726/6642/396 6729/6645/396 3056/6639/396
f 3054/5026/395 6723/5014/395 6726/5015/395 3055/5027/395
f 6732/4822/395 6733/6654/395 6736/4824/395 6735/4823/395
f 6733/6654/395 6734/6655/395 6737/4830/395 6736/4824/395
f 6735/6656/396 6736/6657/396 6739/6658/396 6738/6659/396
f 6736/6657/396 6737/6660/396 6740/6661/396 6739/6658/396
f 216/1171/397 1100/1188/397 6732/4822/397 3057/6650/397
f 1100/1188/397 1099/6662/397 6733/6654/397 6732/4822/397
f 1099/6662/397 1098/1190/397 6734/6655/397 6733/6654/397
f 1098/1190/397 215/1191/397 3060/6663/397 6734/6655/397
f 6734/6655/395 3060/6663/395 3061/6664/395 6737/4830/395
f 6737/6660/396 3061/6665/396 3062/6666/396 6740/6661/396
f 6740/6661/398 3062/6666/398 251/6518/398 1206/6517/398
f 6739/6658/398 6740/6661/398 1206/6517/398 1207/6516/398
f 6738/6659/398 6739/6658/398 1207/6516/398 1208/6515/398
f 3059/6653/398 6738/6659/398 1208/6515/398 252/6502/398
f 3058/6652/396 6735/6656/396 6738/6659/396 3059/6653/396
f 3057/6650/395 6732/4822/395 6735/4823/395 3058/6651/395
f 6741/4630/395 6742/4633/395 6745/4632/395 6744/4631/395
f 6742/4633/395 6743/4639/395 6746/4638/395 6745/4632/395
f 6744/6667/396 6745/6668/396 6748/6669/396 6747/6670/396
f 6745/6668/396 6746/6671/396 6749/6672/396 6748/6669/396
f 215/1191/397 1097/6673/397 6741/4630/397 3060/6663/397
f 1097/6673/397 1096/6674/397 6742/4633/397 6741/4630/397
f 1096/6674/397 1095/6675/397 6743/4639/397 6742/4633/397
f 1095/6675/397 214/1211/397 3063/6676/397 6743/4639/397
f 6743/4639/395 3063/6676/395 3064/6677/395 6746/4638/395
f 6746/6671/396 3064/6678/396 3065/6679/396 6749/6672/396
f 6749/6672/398 3065/6679/398 250/6534/398 1203/6533/398
f 6748/6669/398 6749/6672/398 1203/6533/398 1204/6532/398
f 6747/6670/398 6748/6669/398 1204/6532/398 1205/6531/398
f 3062/6666/398 6747/6670/398 1205/6531/398 251/6518/398
f 3061/6665/396 6744/6667/396 6747/6670/396 3062/6666/396
f 3060/6663/395 6741/4630/395 6744/4631/395 3061/6664/395
f 6750/6680/395 6751/4395/395 6754/4394/395 6753/4393/395
f 6751/4395/395 6752/4401/395 6755/4400/395 6754/4394/395
f 6753/6681/396 6754/6682/396 6757/6683/396 6756/6684/396
f 6754/6682/396 6755/6685/396 6758/6686/396 6757/6683/396
f 214/1211/397 1094/6687/397 6750/6680/397 3063/6676/397
f 1094/6687/397 1093/1229/397 6751/4395/397 6750/6680/397
f 1093/1229/397 1092/1230/397 6752/4401/397 6751/4395/397
f 1092/1230/397 213/459/397 3066/461/397 6752/4401/397
f 6752/4401/395 3066/461/395 3067/473/395 6755/4400/395
f 6755/6685/396 3067/472/396 3068/470/396 6758/6686/396
f 6758/6686/398 3068/470/398 249/471/398 1200/6549/398
f 6757/6683/398 6758/6686/398 1200/6549/398 1201/6548/398
f 6756/6684/398 6757/6683/398 1201/6548/398 1202/6547/398
f 3065/6679/398 6756/6684/398 1202/6547/398 250/6534/398
f 3064/6678/396 6753/6681/396 6756/6684/396 3065/6679/396
f 3063/6676/395 6750/6680/395 6753/4393/395 3064/6677/395
f 6759/445/399 6760/448/399 6763/447/399 6762/446/399
f 6760/6688/400 6761/6689/400 6764/6690/400 6763/6691/400
f 6762/6692/401 6763/6693/401 6766/6694/401 6765/6695/401
f 6763/6693/402 6764/6696/402 6767/6697/402 6766/6694/402
f 172/345/403 776/461/403 6759/445/403 585/346/403
f 776/461/404 775/473/404 6760/448/404 6759/445/404
f 775/4414/405 774/4413/405 6761/6689/405 6760/6688/405
f 774/4413/406 392/4412/406 3069/6698/406 6761/6689/406
f 6761/6689/407 3069/6698/407 3070/6699/407 6764/6690/407
f 6764/6696/408 3070/6700/408 3071/6701/408 6767/6697/408
f 6767/6697/409 3071/6701/409 237/6702/409 1163/6703/409
f 6766/6694/410 6767/6697/410 1163/6703/410 1162/6704/410
f 6765/6695/411 6766/6694/411 1162/6704/411 1161/6705/411
f 587/6706/412 6765/6695/412 1161/6705/412 122/6707/412
f 586/347/413 6762/446/413 6765/6708/413 587/348/413
f 585/346/414 6759/445/414 6762/446/414 586/347/414
f 6768/6709/415 6769/6710/415 6772/6711/415 6771/6712/415
f 6769/6710/415 6770/6713/415 6773/6714/415 6772/6711/415
f 6771/6715/416 6772/6716/416 6775/6717/416 6774/6718/416
f 6772/6716/416 6773/6719/416 6776/6720/416 6775/6717/416
f 392/4412/417 1628/4434/417 6768/6709/417 3069/6698/417
f 1628/4434/417 1627/4433/417 6769/6710/417 6768/6709/417
f 1627/4433/417 1626/4432/417 6770/6713/417 6769/6710/417
f 1626/4432/417 391/4431/417 3072/6721/417 6770/6713/417
f 6770/6713/415 3072/6721/415 3073/6722/415 6773/6714/415
f 6773/6719/416 3073/6723/416 3074/6724/416 6776/6720/416
f 6776/6720/418 3074/6724/418 238/6725/418 1166/6726/418
f 6775/6717/418 6776/6720/418 1166/6726/418 1165/6727/418
f 6774/6718/418 6775/6717/418 1165/6727/418 1164/6728/418
f 3071/6701/418 6774/6718/418 1164/6728/418 237/6702/418
f 3070/6700/416 6771/6715/416 6774/6718/416 3071/6701/416
f 3069/6698/415 6768/6709/415 6771/6712/415 3070/6699/415
f 6777/6729/415 6778/6730/415 6781/6731/415 6780/6732/415
f 6778/6730/415 6779/6733/415 6782/6734/415 6781/6731/415
f 6780/6735/416 6781/6736/416 6784/6737/416 6783/6738/416
f 6781/6736/416 6782/6739/416 6785/6740/416 6784/6737/416
f 391/4431/417 1625/4454/417 6777/6729/417 3072/6721/417
f 1625/4454/417 1624/4453/417 6778/6730/417 6777/6729/417
f 1624/4453/417 1623/4452/417 6779/6733/417 6778/6730/417
f 1623/4452/417 390/4451/417 3075/6741/417 6779/6733/417
f 6779/6733/415 3075/6741/415 3076/6742/415 6782/6734/415
f 6782/6739/416 3076/6743/416 3077/6744/416 6785/6740/416
f 6785/6740/418 3077/6744/418 239/6745/418 1169/6746/418
f 6784/6737/418 6785/6740/418 1169/6746/418 1168/6747/418
f 6783/6738/418 6784/6737/418 1168/6747/418 1167/6748/418
f 3074/6724/418 6783/6738/418 1167/6748/418 238/6725/418
f 3073/6723/416 6780/6735/416 6783/6738/416 3074/6724/416
f 3072/6721/415 6777/6729/415 6780/6732/415 3073/6722/415
f 6786/6749/415 6787/6750/415 6790/6751/415 6789/6752/415
f 6787/6750/415 6788/6753/415 6791/6754/415 6790/6751/415
f 6789/6755/416 6790/6756/416 6793/6757/416 6792/6758/416
f 6790/6756/416 6791/6759/416 6794/6760/416 6793/6757/416
f 390/4451/417 1622/4474/417 6786/6749/417 3075/6741/417
f 1622/4474/417 1621/4473/417 6787/6750/417 6786/6749/417
f 1621/4473/417 1620/4472/417 6788/6753/417 6787/6750/417
f 1620/4472/417 389/4471/417 3078/6761/417 6788/6753/417
f 6788/6753/415 3078/6761/415 3079/6762/415 6791/6754/415
f 6791/6759/416 3079/6763/416 3080/6764/416 6794/6760/416
f 6794/6760/418 3080/6764/418 240/6765/418 1172/6766/418
f 6793/6757/418 6794/6760/418 1172/6766/418 1171/6767/418
f 6792/6758/418 6793/6757/418 1171/6767/418 1170/6768/418
f 3077/6744/418 6792/6758/418 1170/6768/418 239/6745/418
f 3076/6743/416 6789/6755/416 6792/6758/416 3077/6744/416
f 3075/6741/415 6786/6749/415 6789/6752/415 3076/6742/415
f 6795/6769/415 6796/6770/415 6799/6771/415 6798/6772/415
f 6796/6770/415 6797/6773/415 6800/6774/415 6799/6771/415
f 6798/6775/416 6799/6776/416 6802/6777/416 6801/6778/416
f 6799/6776/416 6800/6779/416 6803/6780/416 6802/6777/416
f 389/4471/417 1619/4494/417 6795/6769/417 3078/6761/417
f 1619/4494/417 1618/4493/417 6796/6770/417 6795/6769/417
f 1618/4493/417 1617/4492/417 6797/6773/417 6796/6770/417
f 1617/4492/417 388/4491/417 3081/6781/417 6797/6773/417
f 6797/6773/415 3081/6781/415 3082/6782/415 6800/6774/415
f 6800/6779/416 3082/6783/416 3083/6784/416 6803/6780/416
f 6803/6780/418 3083/6784/418 241/6785/418 1175/6786/418
f 6802/6777/418 6803/6780/418 1175/6786/418 1174/6787/418
f 6801/6778/418 6802/6777/418 1174/6787/418 1173/6788/418
f 3080/6764/418 6801/6778/418 1173/6788/418 240/6765/418
f 3079/6763/416 6798/6775/416 6801/6778/416 3080/6764/416
f 3078/6761/415 6795/6769/415 6798/6772/415 3079/6762/415
f 6804/6789/415 6805/6790/415 6808/6791/415 6807/6792/415
f 6805/6790/415 6806/6793/415 6809/6794/415 6808/6791/415
f 6807/6795/416 6808/6796/416 6811/6797/416 6810/6798/416
f 6808/6796/416 6809/6799/416 6812/6800/416 6811/6797/416
f 388/4491/417 1616/4514/417 6804/6789/417 3081/6781/417
f 1616/4514/417 1615/4513/417 6805/6790/417 6804/6789/417
f 1615/4513/417 1614/4512/417 6806/6793/417 6805/6790/417
f 1614/4512/417 387/4511/417 3084/6801/417 6806/6793/417
f 6806/6793/415 3084/6801/415 3085/6802/415 6809/6794/415
f 6809/6799/416 3085/6803/416 3086/6804/416 6812/6800/416
f 6812/6800/418 3086/6804/418 242/6805/418 1178/6806/418
f 6811/6797/418 6812/6800/418 1178/6806/418 1177/6807/418
f 6810/6798/418 6811/6797/418 1177/6807/418 1176/6808/418
f 3083/6784/418 6810/6798/418 1176/6808/418 241/6785/418
f 3082/6783/416 6807/6795/416 6810/6798/416 3083/6784/416
f 3081/6781/415 6804/6789/415 6807/6792/415 3082/6782/415
f 6813/6809/415 6814/6810/415 6817/6811/415 6816/6812/415
f 6814/6810/415 6815/6813/415 6818/6814/415 6817/6811/415
f 6816/6815/416 6817/6816/416 6820/6817/416 6819/6818/416
f 6817/6816/416 6818/6819/416 6821/6820/416 6820/6817/416
f 387/4511/417 1613/4534/417 6813/6809/417 3084/6801/417
f 1613/4534/417 1612/4533/417 6814/6810/417 6813/6809/417
f 1612/4533/417 1611/4532/417 6815/6813/417 6814/6810/417
f 1611/4532/417 386/4531/417 3087/6821/417 6815/6813/417
f 6815/6813/415 3087/6821/415 3088/6822/415 6818/6814/415
f 6818/6819/416 3088/6823/416 3089/6824/416 6821/6820/416
f 6821/6820/418 3089/6824/418 243/6825/418 1181/6826/418
f 6820/6817/418 6821/6820/418 1181/6826/418 1180/6827/418
f 6819/6818/418 6820/6817/418 1180/6827/418 1179/6828/418
f 3086/6804/418 6819/6818/418 1179/6828/418 242/6805/418
f 3085/6803/416 6816/6815/416 6819/6818/416 3086/6804/416
f 3084/6801/415 6813/6809/415 6816/6812/415 3085/6802/415
f 6822/6829/415 6823/6830/415 6826/6831/415 6825/6832/415
f 6823/6830/415 6824/6833/415 6827/6834/415 6826/6831/415
f 6825/6835/416 6826/6836/416 6829/6837/416 6828/6838/416
f 6826/6836/416 6827/6839/416 6830/6840/416 6829/6837/416
f 386/4531/417 1610/4554/417 6822/6829/417 3087/6821/417
f 1610/4554/417 1609/4553/417 6823/6830/417 6822/6829/417
f 1609/4553/417 1608/4552/417 6824/6833/417 6823/6830/417
f 1608/4552/417 385/4551/417 3090/6841/417 6824/6833/417
f 6824/6833/415 3090/6841/415 3091/6842/415 6827/6834/415
f 6827/6839/416 3091/6843/416 3092/6844/416 6830/6840/416
f 6830/6840/418 3092/6844/418 244/6845/418 1184/6846/418
f 6829/6837/418 6830/6840/418 1184/6846/418 1183/6847/418
f 6828/6838/418 6829/6837/418 1183/6847/418 1182/6848/418
f 3089/6824/418 6828/6838/418 1182/6848/418 243/6825/418
f 3088/6823/416 6825/6835/416 6828/6838/416 3089/6824/416
f 3087/6821/415 6822/6829/415 6825/6832/415 3088/6822/415
f 6831/6849/415 6832/6850/415 6835/6851/415 6834/6852/415
f 6832/6850/415 6833/6853/415 6836/6854/415 6835/6851/415
f 6834/6855/416 6835/6856/416 6838/6857/416 6837/6858/416
f 6835/6856/416 6836/6859/416 6839/6860/416 6838/6857/416
f 385/4551/417 1607/4574/417 6831/6849/417 3090/6841/417
f 1607/4574/417 1606/4573/417 6832/6850/417 6831/6849/417
f 1606/4573/417 1605/4572/417 6833/6853/417 6832/6850/417
f 1605/4572/417 384/4571/417 3093/6861/417 6833/6853/417
f 6833/6853/415 3093/6861/415 3094/6862/415 6836/6854/415
f 6836/6859/416 3094/6863/416 3095/6864/416 6839/6860/416
f 6839/6860/418 3095/6864/418 245/6865/418 1187/6866/418
f 6838/6857/418 6839/6860/418 1187/6866/418 1186/6867/418
f 6837/6858/418 6838/6857/418 1186/6867/418 1185/6868/418
f 3092/6844/418 6837/6858/418 1185/6868/418 244/6845/418
f 3091/6843/416 6834/6855/416 6837/6858/416 3092/6844/416
f 3090/6841/415 6831/6849/415 6834/6852/415 3091/6842/415
f 6840/6869/415 6841/6870/415 6844/6871/415 6843/6872/415
f 6841/6870/415 6842/6873/415 6845/6874/415 6844/6871/415
f 6843/6875/416 6844/6876/416 6847/6877/416 6846/6878/416
f 6844/6876/416 6845/6879/416 6848/6880/416 6847/6877/416
f 384/4571/417 1604/4594/417 6840/6869/417 3093/6861/417
f 1604/4594/417 1603/4593/417 6841/6870/417 6840/6869/417
f 1603/4593/417 1602/4592/417 6842/6873/417 6841/6870/417
f 1602/4592/417 383/4591/417 3096/6881/417 6842/6873/417
f 6842/6873/415 3096/6881/415 3097/6882/415 6845/6874/415
f 6845/6879/416 3097/6883/416 3098/6884/416 6848/6880/416
f 6848/6880/418 3098/6884/418 246/6885/418 1190/6886/418
f 6847/6877/418 6848/6880/418 1190/6886/418 1189/6887/418
f 6846/6878/418 6847/6877/418 1189/6887/418 1188/6888/418
f 3095/6864/418 6846/6878/418 1188/6888/418 245/6865/418
f 3094/6863/416 6843/6875/416 6846/6878/416 3095/6864/416
f 3093/6861/415 6840/6869/415 6843/6872/415 3094/6862/415
f 6849/6889/415 6850/6890/415 6853/6891/415 6852/6892/415
f 6850/6890/415 6851/6893/415 6854/6894/415 6853/6891/415
f 6852/6895/416 6853/6896/416 6856/6897/416 6855/6898/416
f 6853/6896/416 6854/6899/416 6857/6900/416 6856/6897/416
f 383/4591/417 1601/4614/417 6849/6889/417 3096/6881/417
f 1601/4614/417 1600/4613/417 6850/6890/417 6849/6889/417
f 1600/4613/417 1599/4612/417 6851/6893/417 6850/6890/417
f 1599/4612/417 382/4611/417 3099/6901/417 6851/6893/417
f 6851/6893/415 3099/6901/415 3100/6902/415 6854/6894/415
f 6854/6899/416 3100/6903/416 3101/6904/416 6857/6900/416
f 6857/6900/418 3101/6904/418 247/6905/418 1193/6906/418
f 6856/6897/418 6857/6900/418 1193/6906/418 1192/6907/418
f 6855/6898/418 6856/6897/418 1192/6907/418 1191/6908/418
f 3098/6884/418 6855/6898/418 1191/6908/418 246/6885/418
f 3097/6883/416 6852/6895/416 6855/6898/416 3098/6884/416
f 3096/6881/415 6849/6889/415 6852/6892/415 3097/6882/415
f 6858/6909/415 6859/6910/415 6862/6911/415 6861/6912/415
f 6859/6910/415 6860/6913/415 6863/6914/415 6862/6911/415
f 6861/6915/416 6862/6916/416 6865/6917/416 6864/6918/416
f 6862/6916/416 6863/6919/416 6866/6920/416 6865/6917/416
f 382/4611/417 1598/4629/417 6858/6909/417 3099/6901/417
f 1598/4629/417 1597/4628/417 6859/6910/417 6858/6909/417
f 1597/4628/417 1596/4627/417 6860/6913/417 6859/6910/417
f 1596/4627/417 381/429/417 3102/431/417 6860/6913/417
f 6860/6913/415 3102/431/415 3103/444/415 6863/6914/415
f 6863/6919/416 3103/443/416 3104/442/416 6866/6920/416
f 6866/6920/418 3104/442/418 248/370/418 1196/6921/418
f 6865/6917/418 6866/6920/418 1196/6921/418 1195/6922/418
f 6864/6918/418 6865/6917/418 1195/6922/418 1194/6923/418
f 3101/6904/418 6864/6918/418 1194/6923/418 247/6905/418
f 3100/6903/416 6861/6915/416 6864/6918/416 3101/6904/416
f 3099/6901/415 6858/6909/415 6861/6912/415 3100/6902/415
f 6867/6924/419 6868/6925/419 6871/6926/419 6870/6927/419
f 6868/6928/420 6869/6929/420 6872/6930/420 6871/6931/420
f 6870/6932/421 6871/6933/421 6874/6934/421 6873/6935/421
f 6871/6933/422 6872/6936/422 6875/6937/422 6874/6934/422
f 136/1598/423 812/2123/423 6867/6924/423 561/1619/423
f 812/2123/424 811/2122/424 6868/6925/424 6867/6924/424
f 811/2121/425 810/2120/425 6869/6929/425 6868/6928/425
f 810/2120/426 536/2119/426 3105/6938/426 6869/6929/426
f 6869/6929/427 3105/6938/427 3106/6939/427 6872/6930/427
f 6872/6936/428 3106/6940/428 3107/6941/428 6875/6937/428
f 6875/6937/429 3107/6941/429 225/1777/429 1127/1779/429
f 6874/6934/430 6875/6937/430 1127/1779/430 1126/1787/430
f 6873/6935/431 6874/6934/431 1126/1787/431 1125/1785/431
f 563/6942/432 6873/6935/432 1125/1785/432 117/1786/432
f 562/1620/433 6870/6927/433 6873/6943/433 563/1616/433
f 561/1619/434 6867/6924/434 6870/6927/434 562/1620/434
f 6876/6944/435 6877/6945/435 6880/6946/435 6879/6947/435
f 6877/6945/435 6878/6948/435 6881/6949/435 6880/6946/435
f 6879/6950/436 6880/6951/436 6883/6952/436 6882/6953/436
f 6880/6951/436 6881/6954/436 6884/6955/436 6883/6952/436
f 536/2119/437 2060/2143/437 6876/6944/437 3105/6938/437
f 2060/2143/437 2059/2142/437 6877/6945/437 6876/6944/437
f 2059/2142/437 2058/2141/437 6878/6948/437 6877/6945/437
f 2058/2141/437 535/2140/437 3108/6956/437 6878/6948/437
f 6878/6948/435 3108/6956/435 3109/6957/435 6881/6949/435
f 6881/6954/436 3109/6958/436 3110/6959/436 6884/6955/436
f 6884/6955/438 3110/6959/438 226/2082/438 1130/2093/438
f 6883/6952/438 6884/6955/438 1130/2093/438 1129/2098/438
f 6882/6953/438 6883/6952/438 1129/2098/438 1128/2097/438
f 3107/6941/438 6882/6953/438 1128/2097/438 225/1777/438
f 3106/6940/436 6879/6950/436 6882/6953/436 3107/6941/436
f 3105/6938/435 6876/6944/435 6879/6947/435 3106/6939/435
f 6885/6960/435 6886/6961/435 6889/6962/435 6888/6963/435
f 6886/6961/435 6887/6964/435 6890/6965/435 6889/6962/435
f 6888/6966/436 6889/6967/436 6892/6968/436 6891/6969/436
f 6889/6967/436 6890/6970/436 6893/6971/436 6892/6968/436
f 535/2140/437 2057/2163/437 6885/6960/437 3108/6956/437
f 2057/2163/437 2056/2162/437 6886/6961/437 6885/6960/437
f 2056/2162/437 2055/2161/437 6887/6964/437 6886/6961/437
f 2055/2161/437 534/2160/437 3111/6972/437 6887/6964/437
f 6887/6964/435 3111/6972/435 3112/6973/435 6890/6965/435
f 6890/6970/436 3112/6974/436 3113/6975/436 6893/6971/436
f 6893/6971/438 3113/6975/438 227/2062/438 1133/2073/438
f 6892/6968/438 6893/6971/438 1133/2073/438 1132/2083/438
f 6891/6969/438 6892/6968/438 1132/2083/438 1131/2081/438
f 3110/6959/438 6891/6969/438 1131/2081/438 226/2082/438
f 3109/6958/436 6888/6966/436 6891/6969/436 3110/6959/436
f 3108/6956/435 6885/6960/435 6888/6963/435 3109/6957/435
f 6894/6976/435 6895/6977/435 6898/6978/435 6897/6979/435
f 6895/6977/435 6896/6980/435 6899/6981/435 6898/6978/435
f 6897/6982/436 6898/6983/436 6901/6984/436 6900/6985/436
f 6898/6983/436 6899/6986/436 6902/6987/436 6901/6984/436
f 534/2160/437 2054/2183/437 6894/6976/437 3111/6972/437
f 2054/2183/437 2053/2182/437 6895/6977/437 6894/6976/437
f 2053/2182/437 2052/2181/437 6896/6980/437 6895/6977/437
f 2052/2181/437 533/2180/437 3114/6988/437 6896/6980/437
f 6896/6980/435 3114/6988/435 3115/6989/435 6899/6981/435
f 6899/6986/436 3115/6990/436 3116/6991/436 6902/6987/436
f 6902/6987/438 3116/6991/438 228/2042/438 1136/2053/438
f 6901/6984/438 6902/6987/438 1136/2053/438 1135/2063/438
f 6900/6985/438 6901/6984/438 1135/2063/438 1134/2061/438
f 3113/6975/438 6900/6985/438 1134/2061/438 227/2062/438
f 3112/6974/436 6897/6982/436 6900/6985/436 3113/6975/436
f 3111/6972/435 6894/6976/435 6897/6979/435 3112/6973/435
f 6903/6992/435 6904/6993/435 6907/6994/435 6906/6995/435
f 6904/6993/435 6905/6996/435 6908/6997/435 6907/6994/435
f 6906/6998/436 6907/6999/436 6910/7000/436 6909/7001/436
f 6907/6999/436 6908/7002/436 6911/7003/436 6910/7000/436
f 533/2180/437 2051/2203/437 6903/6992/437 3114/6988/437
f 2051/2203/437 2050/2202/437 6904/6993/437 6903/6992/437
f 2050/2202/437 2049/2201/437 6905/6996/437 6904/6993/437
f 2049/2201/437 532/2200/437 3117/7004/437 6905/6996/437
f 6905/6996/435 3117/7004/435 3118/7005/435 6908/6997/435
f 6908/7002/436 3118/7006/436 3119/7007/436 6911/7003/436
f 6911/7003/438 3119/7007/438 229/2022/438 1139/2033/438
f 6910/7000/438 6911/7003/438 1139/2033/438 1138/2043/438
f 6909/7001/438 6910/7000/438 1138/2043/438 1137/2041/438
f 3116/6991/438 6909/7001/438 1137/2041/438 228/2042/438
f 3115/6990/436 6906/6998/436 6909/7001/436 3116/6991/436
f 3114/6988/435 6903/6992/435 6906/6995/435 3115/6989/435
f 6912/7008/435 6913/7009/435 6916/7010/435 6915/7011/435
f 6913/7009/435 6914/7012/435 6917/7013/435 6916/7010/435
f 6915/7014/436 6916/7015/436 6919/7016/436 6918/7017/436
f 6916/7015/436 6917/7018/436 6920/7019/436 6919/7016/436
f 532/2200/437 2048/2223/437 6912/7008/437 3117/7004/437
f 2048/2223/437 2047/2222/437 6913/7009/437 6912/7008/437
f 2047/2222/437 2046/2221/437 6914/7012/437 6913/7009/437
f 2046/2221/437 531/2220/437 3120/7020/437 6914/7012/437
f 6914/7012/435 3120/7020/435 3121/7021/435 6917/7013/435
f 6917/7018/436 3121/7022/436 3122/7023/436 6920/7019/436
f 6920/7019/438 3122/7023/438 230/2002/438 1142/2013/438
f 6919/7016/438 6920/7019/438 1142/2013/438 1141/2023/438
f 6918/7017/438 6919/7016/438 1141/2023/438 1140/2021/438
f 3119/7007/438 6918/7017/438 1140/2021/438 229/2022/438
f 3118/7006/436 6915/7014/436 6918/7017/436 3119/7007/436
f 3117/7004/435 6912/7008/435 6915/7011/435 3118/7005/435
f 6921/7024/435 6922/7025/435 6925/7026/435 6924/7027/435
f 6922/7025/435 6923/7028/435 6926/7029/435 6925/7026/435
f 6924/7030/436 6925/7031/436 6928/7032/436 6927/7033/436
f 6925/7031/436 6926/7034/436 6929/7035/436 6928/7032/436
f 531/2220/437 2045/2243/437 6921/7024/437 3120/7020/437
f 2045/2243/437 2044/2242/437 6922/7025/437 6921/7024/437
f 2044/2242/437 2043/2241/437 6923/7028/437 6922/7025/437
f 2043/2241/437 530/2240/437 3123/7036/437 6923/7028/437
f 6923/7028/435 3123/7036/435 3124/7037/435 6926/7029/435
f 6926/7034/436 3124/7038/436 3125/7039/436 6929/7035/436
f 6929/7035/438 3125/7039/438 231/1982/438 1145/1993/438
f 6928/7032/438 6929/7035/438 1145/1993/438 1144/2003/438
f 6927/7033/438 6928/7032/438 1144/2003/438 1143/2001/438
f 3122/7023/438 6927/7033/438 1143/2001/438 230/2002/438
f 3121/7022/436 6924/7030/436 6927/7033/436 3122/7023/436
f 3120/7020/435 6921/7024/435 6924/7027/435 3121/7021/435
f 6930/7040/435 6931/7041/435 6934/7042/435 6933/7043/435
f 6931/7041/435 6932/7044/435 6935/7045/435 6934/7042/435
f 6933/7046/436 6934/7047/436 6937/7048/436 6936/7049/436
f 6934/7047/436 6935/7050/436 6938/7051/436 6937/7048/436
f 530/2240/437 2042/2263/437 6930/7040/437 3123/7036/437
f 2042/2263/437 2041/2262/437 6931/7041/437 6930/7040/437
f 2041/2262/437 2040/2261/437 6932/7044/437 6931/7041/437
f 2040/2261/437 529/2260/437 3126/7052/437 6932/7044/437
f 6932/7044/435 3126/7052/435 3127/7053/435 6935/7045/435
f 6935/7050/436 3127/7054/436 3128/7055/436 6938/7051/436
f 6938/7051/438 3128/7055/438 232/1962/438 1148/1973/438
f 6937/7048/438 6938/7051/438 1148/1973/438 1147/1983/438
f 6936/7049/438 6937/7048/438 1147/1983/438 1146/1981/438
f 3125/7039/438 6936/7049/438 1146/1981/438 231/1982/438
f 3124/7038/436 6933/7046/436 6936/7049/436 3125/7039/436
f 3123/7036/435 6930/7040/435 6933/7043/435 3124/7037/435
f 6939/7056/435 6940/7057/435 6943/7058/435 6942/7059/435
f 6940/7057/435 6941/7060/435 6944/7061/435 6943/7058/435
f 6942/7062/436 6943/7063/436 6946/7064/436 6945/7065/436
f 6943/7063/436 6944/7066/436 6947/7067/436 6946/7064/436
f 529/2260/437 2039/2283/437 6939/7056/437 3126/7052/437
f 2039/2283/437 2038/2282/437 6940/7057/437 6939/7056/437
f 2038/2282/437 2037/2281/437 6941/7060/437 6940/7057/437
f 2037/2281/437 528/2280/437 3129/7068/437 6941/7060/437
f 6941/7060/435 3129/7068/435 3130/7069/435 6944/7061/435
f 6944/7066/436 3130/7070/436 3131/7071/436 6947/7067/436
f 6947/7067/438 3131/7071/438 233/1942/438 1151/1953/438
f 6946/7064/438 6947/7067/438 1151/1953/438 1150/1963/438
f 6945/7065/438 6946/7064/438 1150/1963/438 1149/1961/438
f 3128/7055/438 6945/7065/438 1149/1961/438 232/1962/438
f 3127/7054/436 6942/7062/436 6945/7065/436 3128/7055/436
f 3126/7052/435 6939/7056/435 6942/7059/435 3127/7053/435
f 6948/7072/435 6949/7073/435 6952/7074/435 6951/7075/435
f 6949/7073/435 6950/7076/435 6953/7077/435 6952/7074/435
f 6951/7078/436 6952/7079/436 6955/7080/436 6954/7081/436
f 6952/7079/436 6953/7082/436 6956/7083/436 6955/7080/436
f 528/2280/437 2036/2303/437 6948/7072/437 3129/7068/437
f 2036/2303/437 2035/2302/437 6949/7073/437 6948/7072/437
f 2035/2302/437 2034/2301/437 6950/7076/437 6949/7073/437
f 2034/2301/437 527/2300/437 3132/7084/437 6950/7076/437
f 6950/7076/435 3132/7084/435 3133/7085/435 6953/7077/435
f 6953/7082/436 3133/7086/436 3134/7087/436 6956/7083/436
f 6956/7083/438 3134/7087/438 234/1922/438 1154/1933/438
f 6955/7080/438 6956/7083/438 1154/1933/438 1153/1943/438
f 6954/7081/438 6955/7080/438 1153/1943/438 1152/1941/438
f 3131/7071/438 6954/7081/438 1152/1941/438 233/1942/438
f 3130/7070/436 6951/7078/436 6954/7081/436 3131/7071/436
f 3129/7068/435 6948/7072/435 6951/7075/435 3130/7069/435
f 6957/7088/435 6958/7089/435 6961/7090/435 6960/7091/435
f 6958/7089/435 6959/7092/435 6962/7093/435 6961/7090/435
f 6960/7094/436 6961/7095/436 6964/7096/436 6963/7097/436
f 6961/7095/436 6962/7098/436 6965/7099/436 6964/7096/436
f 527/2300/437 2033/2323/437 6957/7088/437 3132/7084/437
f 2033/2323/437 2032/2322/437 6958/7089/437 6957/7088/437
f 2032/2322/437 2031/2321/437 6959/7092/437 6958/7089/437
f 2031/2321/437 526/2320/437 3135/7100/437 6959/7092/437
f 6959/7092/435 3135/7100/435 3136/7101/435 6962/7093/435
f 6962/7098/436 3136/7102/436 3137/7103/436 6965/7099/436
f 6965/7099/438 3137/7103/438 235/1902/438 1157/1913/438
f 6964/7096/438 6965/7099/438 1157/1913/438 1156/1923/438
f 6963/7097/438 6964/7096/438 1156/1923/438 1155/1921/438
f 3134/7087/438 6963/7097/438 1155/1921/438 234/1922/438
f 3133/7086/436 6960/7094/436 6963/7097/436 3134/7087/436
f 3132/7084/435 6957/7088/435 6960/7091/435 3133/7085/435
f 6966/7104/435 6967/7105/435 6970/7106/435 6969/7107/435
f 6967/7105/435 6968/7108/435 6971/7109/435 6970/7106/435
f 6969/7110/436 6970/7111/436 6973/7112/436 6972/7113/436
f 6970/7111/436 6971/7114/436 6974/7115/436 6973/7112/436
f 526/2320/437 2030/2338/437 6966/7104/437 3135/7100/437
f 2030/2338/437 2029/2337/437 6967/7105/437 6966/7104/437
f 2029/2337/437 2028/2336/437 6968/7108/437 6967/7105/437
f 2028/2336/437 525/395/437 3138/397/437 6968/7108/437
f 6968/7108/435 3138/397/435 3139/414/435 6971/7109/435
f 6971/7114/436 3139/413/436 3140/411/436 6974/7115/436
f 6974/7115/438 3140/411/438 236/412/438 1160/1893/438
f 6973/7112/438 6974/7115/438 1160/1893/438 1159/1903/438
f 6972/7113/438 6973/7112/438 1159/1903/438 1158/1901/438
f 3137/7103/438 6972/7113/438 1158/1901/438 235/1902/438
f 3136/7102/436 6969/7110/436 6972/7113/436 3137/7103/436
f 3135/7100/435 6966/7104/435 6969/7107/435 3136/7101/435
f 6975/7116/439 6976/7117/439 6979/7118/439 6978/7119/439
f 6976/7117/440 6977/7120/440 6980/7121/440 6979/7118/440
f 6978/7119/441 6979/7118/441 6982/7122/441 6981/7123/441
f 6979/7118/442 6980/7121/442 6983/7124/442 6982/7122/442
f 176/1876/443 896/7125/443 6975/7116/443 2061/1877/443
f 896/7125/444 895/7126/444 6976/7117/444 6975/7116/444
f 895/7126/445 894/7127/445 6977/7120/445 6976/7117/445
f 894/7127/446 122/6707/446 1161/6705/446 6977/7120/446
f 6977/7120/447 1161/6705/447 1162/6704/447 6980/7121/447
f 6980/7121/448 1162/6704/448 1163/6703/448 6983/7124/448
f 6983/7124/449 1163/6703/449 237/6702/449 3141/7128/449
f 6982/7122/450 6983/7124/450 3141/7128/450 3142/7129/450
f 6981/7123/451 6982/7122/451 3142/7129/451 3143/7130/451
f 2063/1879/452 6981/7123/452 3143/7130/452 537/1880/452
f 2062/1878/453 6978/7119/453 6981/7123/453 2063/1879/453
f 2061/1877/454 6975/7116/454 6978/7119/454 2062/1878/454
f 6984/7131/455 6985/7132/455 6988/7133/455 6987/7134/455
f 6985/7132/456 6986/7135/456 6989/7136/456 6988/7133/456
f 6987/7134/455 6988/7133/455 6991/7137/455 6990/7138/455
f 6988/7133/456 6989/7136/456 6992/7139/456 6991/7137/456
f 537/1880/457 3143/7130/457 6984/7131/457 2064/1894/457
f 3143/7130/455 3142/7129/455 6985/7132/455 6984/7131/455
f 3142/7129/458 3141/7128/458 6986/7135/458 6985/7132/458
f 3141/7128/459 237/6702/459 1164/6728/459 6986/7135/459
f 6986/7135/459 1164/6728/459 1165/6727/459 6989/7136/459
f 6989/7136/459 1165/6727/459 1166/6726/459 6992/7139/459
f 6992/7139/460 1166/6726/460 238/6725/460 3144/7140/460
f 6991/7137/456 6992/7139/456 3144/7140/456 3145/7141/456
f 6990/7138/455 6991/7137/455 3145/7141/455 3146/7142/455
f 2066/1896/457 6990/7138/457 3146/7142/457 538/1897/457
f 2065/1895/457 6987/7134/457 6990/7138/457 2066/1896/457
f 2064/1894/457 6984/7131/457 6987/7134/457 2065/1895/457
f 6993/7143/455 6994/7144/455 6997/7145/455 6996/7146/455
f 6994/7144/456 6995/7147/456 6998/7148/456 6997/7145/456
f 6996/7146/455 6997/7145/455 7000/7149/455 6999/7150/455
f 6997/7145/456 6998/7148/456 7001/7151/456 7000/7149/456
f 538/1897/457 3146/7142/457 6993/7143/457 2067/1914/457
f 3146/7142/455 3145/7141/455 6994/7144/455 6993/7143/455
f 3145/7141/458 3144/7140/458 6995/7147/458 6994/7144/458
f 3144/7140/459 238/6725/459 1167/6748/459 6995/7147/459
f 6995/7147/459 1167/6748/459 1168/6747/459 6998/7148/459
f 6998/7148/459 1168/6747/459 1169/6746/459 7001/7151/459
f 7001/7151/460 1169/6746/460 239/6745/460 3147/7152/460
f 7000/7149/456 7001/7151/456 3147/7152/456 3148/7153/456
f 6999/7150/455 7000/7149/455 3148/7153/455 3149/7154/455
f 2069/1916/457 6999/7150/457 3149/7154/457 539/1917/457
f 2068/1915/457 6996/7146/457 6999/7150/457 2069/1916/457
f 2067/1914/457 6993/7143/457 6996/7146/457 2068/1915/457
f 7002/7155/455 7003/7156/455 7006/7157/455 7005/7158/455
f 7003/7156/456 7004/7159/456 7007/7160/456 7006/7157/456
f 7005/7158/455 7006/7157/455 7009/7161/455 7008/7162/455
f 7006/7157/456 7007/7160/456 7010/7163/456 7009/7161/456
f 539/1917/457 3149/7154/457 7002/7155/457 2070/1934/457
f 3149/7154/455 3148/7153/455 7003/7156/455 7002/7155/455
f 3148/7153/456 3147/7152/456 7004/7159/456 7003/7156/456
f 3147/7152/460 239/6745/460 1170/6768/460 7004/7159/460
f 7004/7159/459 1170/6768/459 1171/6767/459 7007/7160/459
f 7007/7160/459 1171/6767/459 1172/6766/459 7010/7163/459
f 7010/7163/459 1172/6766/459 240/6765/459 3150/7164/459
f 7009/7161/456 7010/7163/456 3150/7164/456 3151/7165/456
f 7008/7162/455 7009/7161/455 3151/7165/455 3152/7166/455
f 2072/1936/457 7008/7162/457 3152/7166/457 540/1937/457
f 2071/1935/457 7005/7158/457 7008/7162/457 2072/1936/457
f 2070/1934/457 7002/7155/457 7005/7158/457 2071/1935/457
f 7011/7167/455 7012/7168/455 7015/7169/455 7014/7170/455
f 7012/7168/456 7013/7171/456 7016/7172/456 7015/7169/456
f 7014/7170/455 7015/7169/455 7018/7173/455 7017/7174/455
f 7015/7169/456 7016/7172/456 7019/7175/456 7018/7173/456
f 540/1937/457 3152/7166/457 7011/7167/457 2073/1954/457
f 3152/7166/455 3151/7165/455 7012/7168/455 7011/7167/455
f 3151/7165/456 3150/7164/456 7013/7171/456 7012/7168/456
f 3150/7164/460 240/6765/460 1173/6788/460 7013/7171/460
f 7013/7171/459 1173/6788/459 1174/6787/459 7016/7172/459
f 7016/7172/459 1174/6787/459 1175/6786/459 7019/7175/459
f 7019/7175/460 1175/6786/460 241/6785/460 3153/7176/460
f 7018/7173/458 7019/7175/458 3153/7176/458 3154/7177/458
f 7017/7174/455 7018/7173/455 3154/7177/455 3155/7178/455
f 2075/1956/457 7017/7174/457 3155/7178/457 541/1957/457
f 2074/1955/457 7014/7170/457 7017/7174/457 2075/1956/457
f 2073/1954/457 7011/7167/457 7014/7170/457 2074/1955/457
f 7020/7179/455 7021/7180/455 7024/7181/455 7023/7182/455
f 7021/7180/456 7022/7183/456 7025/7184/456 7024/7181/456
f 7023/7182/455 7024/7181/455 7027/7185/455 7026/7186/455
f 7024/7181/456 7025/7184/456 7028/7187/456 7027/7185/456
f 541/1957/457 3155/7178/457 7020/7179/457 2076/1974/457
f 3155/7178/455 3154/7177/455 7021/7180/455 7020/7179/455
f 3154/7177/458 3153/7176/458 7022/7183/458 7021/7180/458
f 3153/7176/459 241/6785/459 1176/6808/459 7022/7183/459
f 7022/7183/459 1176/6808/459 1177/6807/459 7025/7184/459
f 7025/7184/459 1177/6807/459 1178/6806/459 7028/7187/459
f 7028/7187/460 1178/6806/460 242/6805/460 3156/7188/460
f 7027/7185/458 7028/7187/458 3156/7188/458 3157/7189/458
f 7026/7186/455 7027/7185/455 3157/7189/455 3158/7190/455
f 2078/1976/457 7026/7186/457 3158/7190/457 542/1977/457
f 2077/1975/457 7023/7182/457 7026/7186/457 2078/1976/457
f 2076/1974/457 7020/7179/457 7023/7182/457 2077/1975/457
f 7029/7191/455 7030/7192/455 7033/7193/455 7032/7194/455
f 7030/7192/456 7031/7195/456 7034/7196/456 7033/7193/456
f 7032/7194/455 7033/7193/455 7036/7197/455 7035/7198/455
f 7033/7193/456 7034/7196/456 7037/7199/456 7036/7197/456
f 542/1977/457 3158/7190/457 7029/7191/457 2079/1994/457
f 3158/7190/455 3157/7189/455 7030/7192/455 7029/7191/455
f 3157/7189/456 3156/7188/456 7031/7195/456 7030/7192/456
f 3156/7188/459 242/6805/459 1179/6828/459 7031/7195/459
f 7031/7195/459 1179/6828/459 1180/6827/459 7034/7196/459
f 7034/7196/459 1180/6827/459 1181/6826/459 7037/7199/459
f 7037/7199/460 1181/6826/460 243/6825/460 3159/7200/460
f 7036/7197/458 7037/7199/458 3159/7200/458 3160/7201/458
f 7035/7198/455 7036/7197/455 3160/7201/455 3161/7202/455
f 2081/1996/457 7035/7198/457 3161/7202/457 543/1997/457
f 2080/1995/457 7032/7194/457 7035/7198/457 2081/1996/457
f 2079/1994/457 7029/7191/457 7032/7194/457 2080/1995/457
f 7038/7203/455 7039/7204/455 7042/7205/455 7041/7206/455
f 7039/7204/456 7040/7207/456 7043/7208/456 7042/7205/456
f 7041/7206/455 7042/7205/455 7045/7209/455 7044/7210/455
f 7042/7205/456 7043/7208/456 7046/7211/456 7045/7209/456
f 543/1997/457 3161/7202/457 7038/7203/457 2082/2014/457
f 3161/7202/455 3160/7201/455 7039/7204/455 7038/7203/455
f 3160/7201/458 3159/7200/458 7040/7207/458 7039/7204/458
f 3159/7200/459 243/6825/459 1182/6848/459 7040/7207/459
f 7040/7207/459 1182/6848/459 1183/6847/459 7043/7208/459
f 7043/7208/459 1183/6847/459 1184/6846/459 7046/7211/459
f 7046/7211/460 1184/6846/460 244/6845/460 3162/7212/460
f 7045/7209/458 7046/7211/458 3162/7212/458 3163/7213/458
f 7044/7210/455 7045/7209/455 3163/7213/455 3164/7214/455
f 2084/2016/457 7044/7210/457 3164/7214/457 544/2017/457
f 2083/2015/457 7041/7206/457 7044/7210/457 2084/2016/457
f 2082/2014/457 7038/7203/457 7041/7206/457 2083/2015/457
f 7047/7215/455 7048/7216/455 7051/7217/455 7050/7218/455
f 7048/7216/456 7049/7219/456 7052/7220/456 7051/7217/456
f 7050/7218/455 7051/7217/455 7054/7221/455 7053/7222/455
f 7051/7217/456 7052/7220/456 7055/7223/456 7054/7221/456
f 544/2017/457 3164/7214/457 7047/7215/457 2085/2034/457
f 3164/7214/455 3163/7213/455 7048/7216/455 7047/7215/455
f 3163/7213/458 3162/7212/458 7049/7219/458 7048/7216/458
f 3162/7212/459 244/6845/459 1185/6868/459 7049/7219/459
f 7049/7219/459 1185/6868/459 1186/6867/459 7052/7220/459
f 7052/7220/459 1186/6867/459 1187/6866/459 7055/7223/459
f 7055/7223/460 1187/6866/460 245/6865/460 3165/7224/460
f 7054/7221/458 7055/7223/458 3165/7224/458 3166/7225/458
f 7053/7222/455 7054/7221/455 3166/7225/455 3167/7226/455
f 2087/2036/457 7053/7222/457 3167/7226/457 545/2037/457
f 2086/2035/457 7050/7218/457 7053/7222/457 2087/2036/457
f 2085/2034/457 7047/7215/457 7050/7218/457 2086/2035/457
f 7056/7227/455 7057/7228/455 7060/7229/455 7059/7230/455
f 7057/7228/456 7058/7231/456 7061/7232/456 7060/7229/456
f 7059/7230/455 7060/7229/455 7063/7233/455 7062/7234/455
f 7060/7229/456 7061/7232/456 7064/7235/456 7063/7233/456
f 545/2037/457 3167/7226/457 7056/7227/457 2088/2054/457
f 3167/7226/455 3166/7225/455 7057/7228/455 7056/7227/455
f 3166/7225/456 3165/7224/456 7058/7231/456 7057/7228/456
f 3165/7224/460 245/6865/460 1188/6888/460 7058/7231/460
f 7058/7231/459 1188/6888/459 1189/6887/459 7061/7232/459
f 7061/7232/459 1189/6887/459 1190/6886/459 7064/7235/459
f 7064/7235/460 1190/6886/460 246/6885/460 3168/7236/460
f 7063/7233/456 7064/7235/456 3168/7236/456 3169/7237/456
f 7062/7234/455 7063/7233/455 3169/7237/455 3170/7238/455
f 2090/2056/457 7062/7234/457 3170/7238/457 546/2057/457
f 2089/2055/457 7059/7230/457 7062/7234/457 2090/2056/457
f 2088/2054/457 7056/7227/457 7059/7230/457 2089/2055/457
f 7065/7239/455 7066/7240/455 7069/7241/455 7068/7242/455
f 7066/7240/456 7067/7243/456 7070/7244/456 7069/7241/456
f 7068/7242/455 7069/7241/455 7072/7245/455 7071/7246/455
f 7069/7241/456 7070/7244/456 7073/7247/456 7072/7245/456
f 546/2057/457 3170/7238/457 7065/7239/457 2091/2074/457
f 3170/7238/455 3169/7237/455 7066/7240/455 7065/7239/455
f 3169/7237/458 3168/7236/458 7067/7243/458 7066/7240/458
f 3168/7236/460 246/6885/460 1191/6908/460 7067/7243/460
f 7067/7243/459 1191/6908/459 1192/6907/459 7070/7244/459
f 7070/7244/459 1192/6907/459 1193/6906/459 7073/7247/459
f 7073/7247/459 1193/6906/459 247/6905/459 3171/7248/459
f 7072/7245/458 7073/7247/458 3171/7248/458 3172/7249/458
f 7071/7246/455 7072/7245/455 3172/7249/455 3173/7250/455
f 2093/2076/457 7071/7246/457 3173/7250/457 547/2077/457
f 2092/2075/457 7068/7242/457 7071/7246/457 2093/2076/457
f 2091/2074/457 7065/7239/457 7068/7242/457 2092/2075/457
f 7074/7251/455 7075/7252/455 7078/7253/455 7077/7254/455
f 7075/7252/456 7076/7255/456 7079/7256/456 7078/7253/456
f 7077/7254/455 7078/7253/455 7081/7257/455 7080/7258/455
f 7078/7253/456 7079/7256/456 7082/7259/456 7081/7257/456
f 547/2077/457 3173/7250/457 7074/7251/457 2094/2094/457
f 3173/7250/455 3172/7249/455 7075/7252/455 7074/7251/455
f 3172/7249/456 3171/7248/456 7076/7255/456 7075/7252/456
f 3171/7248/460 247/6905/460 1194/6923/460 7076/7255/460
f 7076/7255/459 1194/6923/459 1195/6922/459 7079/7256/459
f 7079/7256/459 1195/6922/459 1196/6921/459 7082/7259/459
f 7082/7259/460 1196/6921/460 248/370/460 3174/369/460
f 7081/7257/456 7082/7259/456 3174/369/456 3175/368/456
f 7080/7258/455 7081/7257/455 3175/368/455 3176/366/455
f 2096/2096/457 7080/7258/457 3176/366/457 548/365/457
f 2095/2095/457 7077/7254/457 7080/7258/457 2096/2096/457
f 2094/2094/457 7074/7251/457 7077/7254/457 2095/2095/457
f 7083/338/461 7084/337/461 7087/333/461 7086/334/461
f 7084/337/462 7085/339/462 7088/336/462 7087/333/462
f 7086/334/463 7087/333/463 7090/332/463 7089/331/463
f 7087/333/464 7088/336/464 7091/335/464 7090/332/464
f 174/354/465 890/352/465 7083/338/465 2097/353/465
f 890/352/466 889/351/466 7084/337/466 7083/338/466
f 889/351/467 888/350/467 7085/339/467 7084/337/467
f 888/350/468 120/349/468 1089/463/468 7085/339/468
f 7085/339/469 1089/463/469 1090/462/469 7088/336/469
f 7088/336/470 1090/462/470 1091/460/470 7091/335/470
f 7091/335/471 1091/460/471 213/459/471 3177/344/471
f 7090/332/472 7091/335/472 3177/344/472 3178/343/472
f 7089/331/473 7090/332/473 3178/343/473 3179/7260/473
f 2099/1818/474 7089/331/474 3179/7260/474 549/340/474
f 2098/355/475 7086/334/475 7089/331/475 2099/1818/475
f 2097/353/476 7083/338/476 7086/334/476 2098/355/476
f 7092/1225/477 7093/1224/477 7096/7261/477 7095/1221/477
f 7093/1224/478 7094/1226/478 7097/1223/478 7096/7261/478
f 7095/1221/477 7096/7261/477 7099/1219/477 7098/1218/477
f 7096/7261/478 7097/1223/478 7100/7262/478 7099/1219/478
f 549/340/479 3179/7260/479 7092/1225/479 2100/1231/479
f 3179/7260/477 3178/343/477 7093/1224/477 7092/1225/477
f 3178/343/478 3177/344/478 7094/1226/478 7093/1224/478
f 3177/344/480 213/459/480 1092/1230/480 7094/1226/480
f 7094/1226/480 1092/1230/480 1093/1229/480 7097/1223/480
f 7097/1223/481 1093/1229/481 1094/6687/481 7100/7262/481
f 7100/7262/480 1094/6687/480 214/1211/480 3180/7263/480
f 7099/1219/482 7100/7262/482 3180/7263/482 3181/7264/482
f 7098/1218/477 7099/1219/477 3181/7264/477 3182/7265/477
f 2102/1227/479 7098/1218/479 3182/7265/479 550/1216/479
f 2101/1232/479 7095/1221/479 7098/1218/479 2102/1227/479
f 2100/1231/479 7092/1225/479 7095/1221/479 2101/1232/479
f 7101/1205/477 7102/7266/477 7105/7267/477 7104/1201/477
f 7102/7266/478 7103/7268/478 7106/7269/478 7105/7267/478
f 7104/1201/477 7105/7267/477 7108/1199/477 7107/1198/477
f 7105/7267/478 7106/7269/478 7109/7270/478 7108/1199/478
f 550/1216/479 3182/7265/479 7101/1205/479 2103/1215/479
f 3182/7265/477 3181/7264/477 7102/7266/477 7101/1205/477
f 3181/7264/478 3180/7263/478 7103/7268/478 7102/7266/478
f 3180/7263/480 214/1211/480 1095/6675/480 7103/7268/480
f 7103/7268/480 1095/6675/480 1096/6674/480 7106/7269/480
f 7106/7269/481 1096/6674/481 1097/6673/481 7109/7270/481
f 7109/7270/481 1097/6673/481 215/1191/481 3183/7271/481
f 7108/1199/482 7109/7270/482 3183/7271/482 3184/7272/482
f 7107/1198/477 7108/1199/477 3184/7272/477 3185/1194/477
f 2105/1207/479 7107/1198/479 3185/1194/479 551/1196/479
f 2104/1217/479 7104/1201/479 7107/1198/479 2105/1207/479
f 2103/1215/479 7101/1205/479 7104/1201/479 2104/1217/479
f 7110/7273/477 7111/1184/477 7114/7274/477 7113/7275/477
f 7111/1184/478 7112/1186/478 7115/1183/478 7114/7274/478
f 7113/7275/477 7114/7274/477 7117/7276/477 7116/1178/477
f 7114/7274/478 7115/1183/478 7118/7277/478 7117/7276/478
f 551/1196/479 3185/1194/479 7110/7273/479 2106/1195/479
f 3185/1194/477 3184/7272/477 7111/1184/477 7110/7273/477
f 3184/7272/482 3183/7271/482 7112/1186/482 7111/1184/482
f 3183/7271/480 215/1191/480 1098/1190/480 7112/1186/480
f 7112/1186/480 1098/1190/480 1099/6662/480 7115/1183/480
f 7115/1183/481 1099/6662/481 1100/1188/481 7118/7277/481
f 7118/7277/481 1100/1188/481 216/1171/481 3186/7278/481
f 7117/7276/482 7118/7277/482 3186/7278/482 3187/7279/482
f 7116/1178/477 7117/7276/477 3187/7279/477 3188/7280/477
f 2108/1187/479 7116/1178/479 3188/7280/479 552/1176/479
f 2107/1834/479 7113/7275/479 7116/1178/479 2108/1187/479
f 2106/1195/479 7110/7273/479 7113/7275/479 2107/1834/479
f 7119/7281/477 7120/1164/477 7123/1160/477 7122/1161/477
f 7120/1164/478 7121/1166/478 7124/7282/478 7123/1160/478
f 7122/1161/477 7123/1160/477 7126/7283/477 7125/1158/477
f 7123/1160/478 7124/7282/478 7127/1162/478 7126/7283/478
f 552/1176/479 3188/7280/479 7119/7281/479 2109/1175/479
f 3188/7280/477 3187/7279/477 7120/1164/477 7119/7281/477
f 3187/7279/482 3186/7278/482 7121/1166/482 7120/1164/482
f 3186/7278/480 216/1171/480 1101/1170/480 7121/1166/480
f 7121/1166/481 1101/1170/481 1102/6649/481 7124/7282/481
f 7124/7282/481 1102/6649/481 1103/6648/481 7127/1162/481
f 7127/1162/481 1103/6648/481 217/1151/481 3189/7284/481
f 7126/7283/482 7127/1162/482 3189/7284/482 3190/7285/482
f 7125/1158/477 7126/7283/477 3190/7285/477 3191/1154/477
f 2111/1167/479 7125/1158/479 3191/1154/479 553/1156/479
f 2110/1177/479 7122/1161/479 7125/1158/479 2111/1167/479
f 2109/1175/479 7119/7281/479 7122/1161/479 2110/1177/479
f 7128/7286/477 7129/1144/477 7132/7287/477 7131/7288/477
f 7129/1144/478 7130/7289/478 7133/7290/478 7132/7287/478
f 7131/7288/477 7132/7287/477 7135/7291/477 7134/1138/477
f 7132/7287/478 7133/7290/478 7136/7292/478 7135/7291/478
f 553/1156/479 3191/1154/479 7128/7286/479 2112/1843/479
f 3191/1154/477 3190/7285/477 7129/1144/477 7128/7286/477
f 3190/7285/478 3189/7284/478 7130/7289/478 7129/1144/478
f 3189/7284/480 217/1151/480 1104/1150/480 7130/7289/480
f 7130/7289/480 1104/1150/480 1105/6637/480 7133/7290/480
f 7133/7290/481 1105/6637/481 1106/6636/481 7136/7292/481
f 7136/7292/481 1106/6636/481 218/1131/481 3192/7293/481
f 7135/7291/482 7136/7292/482 3192/7293/482 3193/1133/482
f 7134/1138/477 7135/7291/477 3193/1133/477 3194/1134/477
f 2114/1147/479 7134/1138/479 3194/1134/479 554/1136/479
f 2113/1844/479 7131/7288/479 7134/1138/479 2114/1147/479
f 2112/1843/479 7128/7286/479 7131/7288/479 2113/1844/479
f 7137/1125/477 7138/1124/477 7141/7294/477 7140/1121/477
f 7138/1124/478 7139/1126/478 7142/1123/478 7141/7294/478
f 7140/1121/477 7141/7294/477 7144/7295/477 7143/1118/477
f 7141/7294/478 7142/1123/478 7145/1122/478 7144/7295/478
f 554/1136/479 3194/1134/479 7137/1125/479 2115/1135/479
f 3194/1134/477 3193/1133/477 7138/1124/477 7137/1125/477
f 3193/1133/478 3192/7293/478 7139/1126/478 7138/1124/478
f 3192/7293/480 218/1131/480 1107/1130/480 7139/1126/480
f 7139/1126/480 1107/1130/480 1108/1129/480 7142/1123/480
f 7142/1123/481 1108/1129/481 1109/1128/481 7145/1122/481
f 7145/1122/480 1109/1128/480 219/1111/480 3195/7296/480
f 7144/7295/478 7145/1122/478 3195/7296/478 3196/7297/478
f 7143/1118/477 7144/7295/477 3196/7297/477 3197/1114/477
f 2117/1127/479 7143/1118/479 3197/1114/479 555/1116/479
f 2116/1137/479 7140/1121/479 7143/1118/479 2117/1127/479
f 2115/1135/479 7137/1125/479 7140/1121/479 2116/1137/479
f 7146/1105/477 7147/7298/477 7150/7299/477 7149/1101/477
f 7147/7298/478 7148/1106/478 7151/1103/478 7150/7299/478
f 7149/1101/477 7150/7299/477 7153/7300/477 7152/1098/477
f 7150/7299/478 7151/1103/478 7154/7301/478 7153/7300/478
f 555/1116/479 3197/1114/479 7146/1105/479 2118/1115/479
f 3197/1114/477 3196/7297/477 7147/7298/477 7146/1105/477
f 3196/7297/478 3195/7296/478 7148/1106/478 7147/7298/478
f 3195/7296/480 219/1111/480 1110/1110/480 7148/1106/480
f 7148/1106/480 1110/1110/480 1111/1109/480 7151/1103/480
f 7151/1103/481 1111/1109/481 1112/6614/481 7154/7301/481
f 7154/7301/481 1112/6614/481 220/6602/481 3198/7302/481
f 7153/7300/482 7154/7301/482 3198/7302/482 3199/7303/482
f 7152/1098/477 7153/7300/477 3199/7303/477 3200/1094/477
f 2120/1847/479 7152/1098/479 3200/1094/479 556/1096/479
f 2119/1117/479 7149/1101/479 7152/1098/479 2120/1847/479
f 2118/1115/479 7146/1105/479 7149/1101/479 2119/1117/479
f 7155/1085/477 7156/1084/477 7159/1080/477 7158/7304/477
f 7156/1084/478 7157/1086/478 7160/7305/478 7159/1080/478
f 7158/7304/477 7159/1080/477 7162/1079/477 7161/1078/477
f 7159/1080/478 7160/7305/478 7163/1082/478 7162/1079/478
f 556/1096/479 3200/1094/479 7155/1085/479 2121/1095/479
f 3200/1094/477 3199/7303/477 7156/1084/477 7155/1085/477
f 3199/7303/482 3198/7302/482 7157/1086/482 7156/1084/482
f 3198/7302/480 220/6602/480 1113/1090/480 7157/1086/480
f 7157/1086/480 1113/1090/480 1114/6601/480 7160/7305/480
f 7160/7305/481 1114/6601/481 1115/1088/481 7163/1082/481
f 7163/1082/481 1115/1088/481 221/1071/481 3201/7306/481
f 7162/1079/478 7163/1082/478 3201/7306/478 3202/1073/478
f 7161/1078/477 7162/1079/477 3202/1073/477 3203/1074/477
f 2123/1087/479 7161/1078/479 3203/1074/479 557/1076/479
f 2122/1097/479 7158/7304/479 7161/1078/479 2123/1087/479
f 2121/1095/479 7155/1085/479 7158/7304/479 2122/1097/479
f 7164/1065/477 7165/1064/477 7168/1060/477 7167/1061/477
f 7165/1064/478 7166/7307/478 7169/1063/478 7168/1060/478
f 7167/1061/477 7168/1060/477 7171/1059/477 7170/1058/477
f 7168/1060/478 7169/1063/478 7172/1062/478 7171/1059/478
f 557/1076/479 3203/1074/479 7164/1065/479 2124/1855/479
f 3203/1074/477 3202/1073/477 7165/1064/477 7164/1065/477
f 3202/1073/482 3201/7306/482 7166/7307/482 7165/1064/482
f 3201/7306/480 221/1071/480 1116/6592/480 7166/7307/480
f 7166/7307/480 1116/6592/480 1117/1069/480 7169/1063/480
f 7169/1063/481 1117/1069/481 1118/6591/481 7172/1062/481
f 7172/1062/481 1118/6591/481 222/1051/481 3204/7308/481
f 7171/1059/482 7172/1062/482 3204/7308/482 3205/1053/482
f 7170/1058/477 7171/1059/477 3205/1053/477 3206/1054/477
f 2126/1067/479 7170/1058/479 3206/1054/479 558/1056/479
f 2125/1077/479 7167/1061/479 7170/1058/479 2126/1067/479
f 2124/1855/479 7164/1065/479 7167/1061/479 2125/1077/479
f 7173/7309/477 7174/7310/477 7177/1040/477 7176/1041/477
f 7174/7310/478 7175/1046/478 7178/1043/478 7177/1040/478
f 7176/1041/477 7177/1040/477 7180/7311/477 7179/7312/477
f 7177/1040/478 7178/1043/478 7181/1042/478 7180/7311/478
f 558/1056/479 3206/1054/479 7173/7309/479 2127/1861/479
f 3206/1054/477 3205/1053/477 7174/7310/477 7173/7309/477
f 3205/1053/478 3204/7308/478 7175/1046/478 7174/7310/478
f 3204/7308/480 222/1051/480 1119/6582/480 7175/1046/480
f 7175/1046/481 1119/6582/481 1120/1049/481 7178/1043/481
f 7178/1043/481 1120/1049/481 1121/1048/481 7181/1042/481
f 7181/1042/480 1121/1048/480 223/1031/480 3207/7313/480
f 7180/7311/478 7181/1042/478 3207/7313/478 3208/7314/478
f 7179/7312/477 7180/7311/477 3208/7314/477 3209/7315/477
f 2129/1862/479 7179/7312/479 3209/7315/479 559/1036/479
f 2128/1057/479 7176/1041/479 7179/7312/479 2129/1862/479
f 2127/1861/479 7173/7309/479 7176/1041/479 2128/1057/479
f 7182/1025/477 7183/1024/477 7186/1020/477 7185/1021/477
f 7183/1024/478 7184/1026/478 7187/1023/478 7186/1020/478
f 7185/1021/477 7186/1020/477 7189/1019/477 7188/1018/477
f 7186/1020/478 7187/1023/478 7190/1022/478 7189/1019/478
f 559/1036/479 3209/7315/479 7182/1025/479 2130/1035/479
f 3209/7315/477 3208/7314/477 7183/1024/477 7182/1025/477
f 3208/7314/482 3207/7313/482 7184/1026/482 7183/1024/482
f 3207/7313/480 223/1031/480 1122/1030/480 7184/1026/480
f 7184/1026/480 1122/1030/480 1123/6571/480 7187/1023/480
f 7187/1023/481 1123/6571/481 1124/1028/481 7190/1022/481
f 7190/1022/481 1124/1028/481 224/320/481 3210/319/481
f 7189/1019/482 7190/1022/482 3210/319/482 3211/318/482
f 7188/1018/477 7189/1019/477 3211/318/477 3212/316/477
f 2132/1027/479 7188/1018/479 3212/316/479 560/315/479
f 2131/1037/479 7185/1021/479 7188/1018/479 2132/1027/479
f 2130/1035/479 7182/1025/479 7185/1021/479 2131/1037/479
