# Blender 5.0.0
# www.blender.org
mtllib Sandbag.mtl
o Sandbags
v -1.534488 -0.770641 3.823102
v -1.534488 0.770641 3.823102
v -1.534488 -0.770641 -3.823102
v -1.534488 0.770641 -3.823102
v 1.534488 -0.770641 3.823102
v 1.534488 0.770641 3.823102
v 1.534488 -0.770641 -3.823102
v 1.534488 0.770641 -3.823102
v -2.038488 -0.849761 -3.046488
v -2.038488 -0.849760 -2.030992
v -2.038488 -0.849760 -1.015496
v -2.038488 -0.849760 -0.000000
v -2.038488 -0.849760 1.015496
v -2.038488 -0.849760 2.030992
v -2.038488 -0.849760 3.046488
v -2.038488 0.849761 3.046488
v -2.038488 0.849760 2.030992
v -2.038488 0.849760 1.015496
v -2.038488 0.849760 -0.000000
v -2.038488 0.849760 -1.015496
v -2.038488 0.849760 -2.030992
v -2.038488 0.849760 -3.046488
v 2.038488 -0.849760 3.046488
v 2.038488 -0.849760 2.030992
v 2.038488 -0.849760 1.015496
v 2.038488 -0.849760 0.000000
v 2.038488 -0.849760 -1.015496
v 2.038488 -0.849760 -2.030992
v 2.038488 -0.849760 -3.046488
v 2.038488 0.849760 -3.046488
v 2.038488 0.849760 -2.030992
v 2.038488 0.849760 -1.015496
v 2.038488 0.849760 -0.000000
v 2.038488 0.849760 1.015496
v 2.038488 0.849760 2.030992
v 2.038488 0.849760 3.046488
v -2.104261 -0.217172 4.033167
v -2.104261 0.217172 4.033167
v -2.104261 -0.217172 -4.033167
v -2.104261 0.217172 -4.033167
v 2.104261 -0.217172 -4.033167
v 2.104261 0.217172 -4.033167
v 2.104261 -0.217172 4.033167
v 2.104261 0.217172 4.033167
v 3.156392 -0.217172 -3.156391
v 3.156392 0.217172 -3.156392
v 3.156392 -0.217172 -2.104261
v 3.156392 0.217172 -2.104261
v 3.156392 -0.217172 -1.052130
v 3.156392 0.217172 -1.052130
v 3.156392 -0.217172 0.000000
v 3.156392 0.217172 0.000000
v 3.156392 -0.217172 1.052130
v 3.156392 0.217172 1.052130
v 3.156392 -0.217172 2.104261
v 3.156392 0.217172 2.104261
v 3.156392 0.217172 3.156391
v 3.156392 -0.217172 3.156391
v -3.156392 -0.217172 3.156391
v -3.156392 0.217172 3.156391
v -3.156392 -0.217172 2.104261
v -3.156392 0.217172 2.104261
v -3.156392 -0.217172 1.052130
v -3.156392 0.217172 1.052130
v -3.156392 -0.217172 0.000000
v -3.156392 0.217172 0.000000
v -3.156392 -0.217172 -1.052130
v -3.156392 0.217172 -1.052130
v -3.156392 -0.217172 -2.104261
v -3.156392 0.217172 -2.104261
v -3.156392 0.217172 -3.156392
v -3.156392 -0.217172 -3.156391
v -3.258692 -0.040151 -2.172460
v -3.258692 0.040151 -2.172461
v -3.258692 0.040151 -3.258691
v -3.258692 -0.040151 -3.258691
v -3.258692 -0.040151 -1.086230
v -3.258692 0.040151 -1.086230
v -3.258692 -0.040151 0.000000
v -3.258692 0.040151 0.000000
v -3.258692 -0.040151 1.086230
v -3.258692 0.040151 1.086230
v -3.258692 -0.040151 2.172461
v -3.258692 0.040151 2.172460
v -3.258692 -0.040151 3.258691
v -3.258692 0.040151 3.258691
v -2.172461 -0.040151 4.163883
v -2.172461 0.040151 4.163883
v 3.258692 -0.040151 2.172461
v 3.258692 0.040151 2.172461
v 3.258692 0.040151 3.258691
v 3.258692 -0.040151 3.258691
v 3.258692 -0.040151 1.086230
v 3.258692 0.040151 1.086230
v 3.258692 -0.040151 0.000000
v 3.258692 0.040151 0.000000
v 3.258692 -0.040151 -1.086230
v 3.258692 0.040151 -1.086230
v 3.258692 -0.040151 -2.172461
v 3.258692 0.040151 -2.172460
v 3.258692 -0.040151 -3.258691
v 3.258692 0.040151 -3.258691
v 2.172461 -0.040151 -4.163883
v 2.172461 0.040151 -4.163882
v 2.172461 -0.040151 4.163882
v 2.172461 0.040151 4.163883
v -2.172461 -0.040151 -4.163883
v -2.172461 0.040151 -4.163883
v -2.027716 -0.848066 3.296669
v -1.952311 -0.836208 3.524698
v -1.766170 -0.806957 3.708999
v -2.027716 0.848066 -3.296670
v -1.952311 0.836208 -3.524698
v -1.766170 0.806957 -3.708999
v 0.909836 -0.805263 -3.854179
v 0.000000 -0.822655 -3.869752
v -0.909836 -0.805263 -3.854180
v -0.909836 0.805263 -3.854179
v 0.000000 0.822655 -3.869752
v 0.909836 0.805263 -3.854180
v 2.027716 -0.848066 -3.296670
v 1.952311 -0.836208 -3.524698
v 1.766170 -0.806957 -3.708999
v 2.027716 0.848066 3.296670
v 1.952311 0.836208 3.524698
v 1.766170 0.806957 3.708999
v -0.909836 -0.805263 3.854180
v 0.000000 -0.822655 3.869753
v 0.909836 -0.805263 3.854179
v 0.909836 0.805263 3.854180
v -0.000000 0.822655 3.869753
v -0.909836 0.805263 3.854179
v -1.766170 -0.806957 -3.708999
v -1.952311 -0.836208 -3.524698
v -2.027716 -0.848066 -3.296670
v -2.038488 -0.849760 -2.792614
v -2.038488 -0.849761 -2.538740
v -2.038488 -0.849761 -2.284866
v -2.038488 -0.849760 -1.777118
v -2.038488 -0.849761 -1.523244
v -2.038488 -0.849761 -1.269370
v -2.038488 -0.849760 -0.761622
v -2.038488 -0.849761 -0.507748
v -2.038488 -0.849761 -0.253874
v -2.038488 -0.849760 0.253874
v -2.038488 -0.849761 0.507748
v -2.038488 -0.849761 0.761622
v -2.038488 -0.849760 1.269370
v -2.038488 -0.849761 1.523244
v -2.038488 -0.849761 1.777118
v -2.038488 -0.849760 2.284866
v -2.038488 -0.849761 2.538740
v -2.038488 -0.849761 2.792614
v -1.766170 0.806957 3.708999
v -1.952311 0.836208 3.524698
v -2.027716 0.848066 3.296670
v -2.038488 0.849761 2.792614
v -2.038488 0.849761 2.538740
v -2.038488 0.849760 2.284866
v -2.038488 0.849761 1.777118
v -2.038488 0.849761 1.523244
v -2.038488 0.849760 1.269370
v -2.038488 0.849761 0.761622
v -2.038488 0.849761 0.507748
v -2.038488 0.849760 0.253874
v -2.038488 0.849761 -0.253874
v -2.038488 0.849761 -0.507748
v -2.038488 0.849760 -0.761622
v -2.038488 0.849761 -1.269370
v -2.038488 0.849761 -1.523244
v -2.038488 0.849760 -1.777118
v -2.038488 0.849761 -2.284866
v -2.038488 0.849761 -2.538740
v -2.038488 0.849760 -2.792614
v 1.766170 -0.806957 3.708999
v 1.952311 -0.836208 3.524698
v 2.027716 -0.848066 3.296670
v 2.038488 -0.849761 2.792614
v 2.038488 -0.849761 2.538740
v 2.038488 -0.849761 2.284866
v 2.038488 -0.849761 1.777118
v 2.038488 -0.849761 1.523244
v 2.038488 -0.849761 1.269370
v 2.038488 -0.849761 0.761622
v 2.038488 -0.849761 0.507748
v 2.038488 -0.849761 0.253874
v 2.038488 -0.849761 -0.253874
v 2.038488 -0.849761 -0.507748
v 2.038488 -0.849761 -0.761622
v 2.038488 -0.849761 -1.269370
v 2.038488 -0.849761 -1.523244
v 2.038488 -0.849761 -1.777118
v 2.038488 -0.849761 -2.284866
v 2.038488 -0.849761 -2.538740
v 2.038488 -0.849761 -2.792614
v 1.766170 0.806957 -3.708999
v 1.952311 0.836208 -3.524698
v 2.027716 0.848066 -3.296670
v 2.038488 0.849761 -2.792614
v 2.038488 0.849761 -2.538740
v 2.038488 0.849761 -2.284866
v 2.038488 0.849761 -1.777118
v 2.038488 0.849761 -1.523244
v 2.038488 0.849761 -1.269370
v 2.038488 0.849761 -0.761622
v 2.038488 0.849761 -0.507748
v 2.038488 0.849761 -0.253874
v 2.038488 0.849761 0.253874
v 2.038488 0.849761 0.507748
v 2.038488 0.849761 0.761622
v 2.038488 0.849761 1.269370
v 2.038488 0.849761 1.523244
v 2.038488 0.849761 1.777118
v 2.038488 0.849761 2.284866
v 2.038488 0.849761 2.538740
v 2.038488 0.849761 2.792614
v -1.111636 0.938770 -3.033839
v -0.000000 0.968440 -3.029622
v 1.111636 0.938770 -3.033839
v -1.111636 0.938770 -2.022559
v -0.000000 0.968440 -2.019748
v 1.111636 0.938770 -2.022559
v -1.111636 0.938770 -1.011279
v -0.000000 0.968440 -1.009874
v 1.111636 0.938770 -1.011279
v -1.111636 0.938770 0.000000
v -0.000000 0.968440 -0.000000
v 1.111636 0.938770 0.000000
v -1.111636 0.938770 1.011279
v -0.000000 0.968440 1.009874
v 1.111636 0.938770 1.011279
v -1.111636 0.938770 2.022559
v -0.000000 0.968440 2.019748
v 1.111636 0.938770 2.022559
v -1.111636 0.938770 3.033839
v 0.000000 0.968440 3.029623
v 1.111636 0.938770 3.033839
v 1.111636 -0.938770 -3.033839
v 0.000000 -0.968440 -3.029622
v -1.111636 -0.938770 -3.033839
v 1.111636 -0.938770 -2.022559
v 0.000000 -0.968440 -2.019748
v -1.111636 -0.938770 -2.022559
v 1.111636 -0.938770 -1.011279
v 0.000000 -0.968440 -1.009874
v -1.111636 -0.938770 -1.011279
v 1.111636 -0.938770 0.000000
v 0.000000 -0.968440 0.000000
v -1.111636 -0.938770 0.000000
v 1.111636 -0.938770 1.011279
v 0.000000 -0.968440 1.009874
v -1.111636 -0.938770 1.011279
v 1.111636 -0.938770 2.022559
v 0.000000 -0.968440 2.019748
v -1.111636 -0.938770 2.022559
v 1.111636 -0.938770 3.033839
v 0.000000 -0.968440 3.029622
v -1.111636 -0.938770 3.033839
v -2.160172 -0.054002 4.140328
v -2.143983 -0.076920 4.109300
v -2.124984 -0.125708 4.072883
v -3.156392 0.217172 -2.367294
v -3.156392 0.217172 -2.630326
v -3.156392 0.217172 -2.893359
v 2.124983 -0.125708 4.072884
v 2.143983 -0.076920 4.109301
v 2.160172 -0.054002 4.140328
v -3.156392 -0.217172 -2.893359
v -3.156392 -0.217172 -2.630326
v -3.156392 -0.217172 -2.367294
v -3.240257 0.054002 -1.080086
v -3.215975 0.076920 -1.071991
v -3.187475 0.125708 -1.062492
v -3.156392 0.217172 -1.315163
v -3.156392 0.217172 -1.578196
v -3.156392 0.217172 -1.841228
v -3.156392 -0.217172 -1.841228
v -3.156392 -0.217172 -1.578196
v -3.156392 -0.217172 -1.315163
v -3.187475 0.125708 -2.124983
v -3.215975 0.076920 -2.143983
v -3.240257 0.054002 -2.160172
v -3.156392 0.217172 -0.263033
v -3.156392 0.217172 -0.526065
v -3.156392 0.217172 -0.789098
v -3.156392 -0.217172 -0.789098
v -3.156392 -0.217172 -0.526065
v -3.156392 -0.217172 -0.263033
v 2.160172 0.054002 4.140328
v 2.143983 0.076920 4.109301
v 2.124983 0.125708 4.072884
v -3.156392 0.217172 0.789098
v -3.156392 0.217172 0.526065
v -3.156392 0.217172 0.263033
v -3.156392 -0.217172 0.263033
v -3.156392 -0.217172 0.526065
v -3.156392 -0.217172 0.789098
v -2.124983 0.125708 4.072883
v -2.143983 0.076920 4.109300
v -2.160172 0.054002 4.140328
v -3.156392 0.217172 1.841228
v -3.156392 0.217172 1.578196
v -3.156392 0.217172 1.315163
v -3.156392 -0.217172 1.315163
v -3.156392 -0.217172 1.578196
v -3.156392 -0.217172 1.841228
v -3.240257 -0.054002 2.160172
v -3.215975 -0.076920 2.143983
v -3.187475 -0.125708 2.124983
v -3.156392 0.217172 2.893359
v -3.156392 0.217172 2.630326
v -3.156392 0.217172 2.367294
v -3.156392 -0.217172 2.367294
v -3.156392 -0.217172 2.630326
v -3.156392 -0.217172 2.893358
v -3.187476 -0.125708 3.187474
v -3.215975 -0.076920 3.215974
v -3.240258 -0.054002 3.240257
v -2.712524 0.217172 3.871511
v -3.024876 0.217172 3.660537
v -3.139952 0.217172 3.416684
v -3.139953 -0.217172 3.416684
v -3.024876 -0.217172 3.660537
v -2.712524 -0.217172 3.871511
v 3.240257 -0.054002 1.080086
v 3.215975 -0.076920 1.071991
v 3.187475 -0.125708 1.062491
v 3.156392 0.217172 2.367294
v 3.156392 0.217172 2.630326
v 3.156392 0.217172 2.893358
v 3.187475 -0.125708 0.000000
v 3.215975 -0.076920 0.000000
v 3.240257 -0.054002 0.000000
v 3.156392 -0.217172 2.893358
v 3.156392 -0.217172 2.630326
v 3.156393 -0.217172 2.367293
v -3.240258 0.054002 3.240257
v -3.215975 0.076920 3.215974
v -3.187476 0.125708 3.187474
v 3.156392 0.217172 1.315163
v 3.156392 0.217172 1.578196
v 3.156392 0.217172 1.841228
v 3.156392 -0.217172 1.841228
v 3.156392 -0.217172 1.578196
v 3.156393 -0.217172 1.315163
v -3.187475 0.125708 2.124983
v -3.215975 0.076920 2.143983
v -3.240257 0.054002 2.160172
v 3.156392 0.217172 0.263033
v 3.156392 0.217172 0.526065
v 3.156392 0.217172 0.789098
v 3.156392 -0.217172 0.789098
v 3.156392 -0.217172 0.526065
v 3.156392 -0.217172 0.263033
v 3.240257 0.054002 0.000000
v 3.215975 0.076920 0.000000
v 3.187475 0.125708 0.000000
v 3.156392 0.217172 -0.789098
v 3.156392 0.217172 -0.526065
v 3.156392 0.217172 -0.263033
v 3.156392 -0.217172 -0.263033
v 3.156392 -0.217172 -0.526065
v 3.156392 -0.217172 -0.789098
v 3.187475 0.125708 1.062492
v 3.215975 0.076920 1.071991
v 3.240257 0.054002 1.080086
v 3.156392 0.217172 -1.841228
v 3.156392 0.217172 -1.578196
v 3.156392 0.217172 -1.315163
v 3.156392 -0.217172 -1.315163
v 3.156392 -0.217172 -1.578196
v 3.156393 -0.217172 -1.841228
v -3.240257 -0.054002 -3.240257
v -3.215975 -0.076920 -3.215974
v -3.187475 -0.125708 -3.187474
v 3.156392 0.217172 -2.893359
v 3.156392 0.217172 -2.630326
v 3.156392 0.217172 -2.367293
v 3.156392 -0.217172 -2.367294
v 3.156392 -0.217172 -2.630327
v 3.156393 -0.217172 -2.893359
v -3.187475 -0.125708 -2.124983
v -3.215975 -0.076920 -2.143983
v -3.240257 -0.054002 -2.160172
v 2.712524 0.217172 -3.871511
v 3.024875 0.217172 -3.660537
v 3.139952 0.217172 -3.416684
v 3.139953 -0.217172 -3.416684
v 3.024875 -0.217172 -3.660537
v 2.712524 -0.217172 -3.871511
v 3.240257 -0.054002 -3.240257
v 3.215975 -0.076920 -3.215974
v 3.187475 -0.125708 -3.187474
v 1.150768 0.217172 4.131804
v 0.000000 0.217172 4.164683
v -1.150768 0.217172 4.131804
v -1.150768 -0.217172 4.131804
v 0.000000 -0.217172 4.164683
v 1.150768 -0.217172 4.131804
v 3.139953 0.217172 3.416684
v 3.024875 0.217172 3.660537
v 2.712524 0.217172 3.871511
v 2.712524 -0.217172 3.871511
v 3.024876 -0.217172 3.660537
v 3.139952 -0.217172 3.416684
v 2.124983 -0.125708 -4.072884
v 2.143983 -0.076920 -4.109301
v 2.160172 -0.054002 -4.140328
v -1.150768 0.217172 -4.131804
v 0.000000 0.217172 -4.164683
v 1.150768 0.217172 -4.131804
v 1.150768 -0.217172 -4.131804
v -0.000000 -0.217172 -4.164683
v -1.150768 -0.217172 -4.131804
v -3.139953 0.217172 -3.416685
v -3.024875 0.217172 -3.660537
v -2.712525 0.217172 -3.871511
v -2.712525 -0.217172 -3.871512
v -3.024876 -0.217172 -3.660537
v -3.139953 -0.217172 -3.416684
v -2.072330 0.359081 3.990823
v -1.977398 0.523071 3.940883
v -1.775572 0.672830 3.879864
v -2.641930 0.706362 3.067179
v -2.967958 0.533327 3.093957
v -3.108727 0.360363 3.124477
v 1.775572 -0.672830 3.879864
v 1.977398 -0.523071 3.940884
v 2.072330 -0.359081 3.990824
v -2.072330 -0.359081 3.990824
v -1.977398 -0.523071 3.940883
v -1.775572 -0.672830 3.879864
v -3.108727 -0.360363 3.124477
v -2.967958 -0.533327 3.093957
v -2.641930 -0.706362 3.067179
v 2.072330 0.359081 3.990824
v 1.977398 0.523071 3.940884
v 1.775572 0.672830 3.879864
v -2.641930 -0.706362 -3.067179
v -2.967958 -0.533327 -3.093957
v -3.108727 -0.360363 -3.124477
v -2.072330 -0.359081 -3.990824
v -1.977398 -0.523071 -3.940884
v -1.775572 -0.672830 -3.879864
v -2.072330 0.359081 -3.990824
v -1.977398 0.523071 -3.940884
v -1.775572 0.672830 -3.879864
v 1.775572 0.672830 -3.879864
v 1.977398 0.523071 -3.940883
v 2.072330 0.359081 -3.990823
v 2.072330 -0.359081 -3.990823
v 1.977398 -0.523071 -3.940883
v 1.775572 -0.672830 -3.879864
v -3.108727 0.360363 -3.124477
v -2.967958 0.533327 -3.093957
v -2.641930 0.706362 -3.067179
v 2.641929 0.706362 -3.067179
v 2.967958 0.533328 -3.093957
v 3.108727 0.360363 -3.124477
v 3.108727 -0.360363 -3.124477
v 2.967958 -0.533327 -3.093957
v 2.641929 -0.706362 -3.067179
v 2.641929 -0.706362 3.067179
v 2.967958 -0.533327 3.093957
v 3.108727 -0.360363 3.124477
v 3.108727 0.360363 3.124477
v 2.967958 0.533328 3.093957
v 2.641929 0.706362 3.067179
v 2.641929 0.706362 -2.044786
v 2.967958 0.533328 -2.062639
v 3.108727 0.360363 -2.082984
v 3.108727 -0.360363 -2.082984
v 2.967958 -0.533328 -2.062638
v 2.641930 -0.706362 -2.044786
v 2.641929 0.706362 -1.022393
v 2.967958 0.533328 -1.031319
v 3.108727 0.360363 -1.041492
v 3.108727 -0.360363 -1.041492
v 2.967958 -0.533328 -1.031319
v 2.641930 -0.706362 -1.022393
v 2.641929 0.706362 0.000000
v 2.967958 0.533328 -0.000000
v 3.108727 0.360363 0.000000
v 3.108727 -0.360363 -0.000000
v 2.967958 -0.533328 0.000000
v 2.641930 -0.706362 0.000000
v 2.641929 0.706362 1.022393
v 2.967958 0.533328 1.031319
v 3.108727 0.360363 1.041492
v 3.108727 -0.360363 1.041492
v 2.967958 -0.533328 1.031319
v 2.641930 -0.706362 1.022393
v 2.641929 0.706362 2.044786
v 2.967958 0.533328 2.062638
v 3.108727 0.360363 2.082984
v 3.108727 -0.360363 2.082985
v 2.967958 -0.533328 2.062638
v 2.641930 -0.706362 2.044786
v -2.641930 0.706362 2.044786
v -2.967958 0.533327 2.062638
v -3.108727 0.360363 2.082984
v -3.108727 -0.360363 2.082984
v -2.967958 -0.533327 2.062638
v -2.641930 -0.706362 2.044786
v -2.641930 0.706362 1.022393
v -2.967957 0.533327 1.031319
v -3.108727 0.360363 1.041492
v -3.108727 -0.360363 1.041492
v -2.967958 -0.533327 1.031319
v -2.641930 -0.706362 1.022393
v -2.641930 0.706362 -0.000000
v -2.967957 0.533327 -0.000000
v -3.108727 0.360363 0.000000
v -3.108727 -0.360363 0.000000
v -2.967958 -0.533327 -0.000000
v -2.641930 -0.706362 0.000000
v -2.641930 0.706362 -1.022393
v -2.967958 0.533327 -1.031319
v -3.108727 0.360363 -1.041492
v -3.108727 -0.360363 -1.041492
v -2.967958 -0.533327 -1.031319
v -2.641930 -0.706362 -1.022393
v -2.641930 0.706362 -2.044786
v -2.967958 0.533327 -2.062638
v -3.108727 0.360363 -2.082984
v -3.108727 -0.360363 -2.082984
v -2.967958 -0.533327 -2.062638
v -2.641930 -0.706362 -2.044786
v -3.269915 -0.022010 -2.179943
v -3.273656 0.000000 -2.182437
v -3.269915 0.022010 -2.179943
v -3.258692 0.040151 -2.444018
v -3.258692 0.040151 -2.715576
v -3.258692 0.040151 -2.987133
v -3.269915 0.022010 -3.269914
v -3.273656 0.000000 -3.273656
v -3.269915 -0.022010 -3.269914
v -3.258692 -0.040151 -2.987133
v -3.258692 -0.040151 -2.715576
v -3.258692 -0.040151 -2.444018
v -3.269915 -0.022010 -1.089971
v -3.273656 0.000000 -1.091219
v -3.269915 0.022010 -1.089971
v -3.258692 0.040151 -1.357788
v -3.258692 0.040151 -1.629346
v -3.258692 0.040151 -1.900903
v -3.258692 -0.040151 -1.900903
v -3.258692 -0.040151 -1.629346
v -3.258692 -0.040151 -1.357788
v -3.269915 -0.022010 0.000000
v -3.273656 0.000000 0.000000
v -3.269915 0.022010 0.000000
v -3.258692 0.040151 -0.271558
v -3.258692 0.040151 -0.543115
v -3.258692 0.040151 -0.814673
v -3.258692 -0.040151 -0.814673
v -3.258692 -0.040151 -0.543115
v -3.258692 -0.040151 -0.271558
v -3.269915 -0.022010 1.089972
v -3.273656 0.000000 1.091219
v -3.269915 0.022010 1.089971
v -3.258692 0.040151 0.814673
v -3.258692 0.040151 0.543115
v -3.258692 0.040151 0.271558
v -3.258691 -0.040151 0.271558
v -3.258692 -0.040151 0.543115
v -3.258692 -0.040151 0.814673
v -3.269915 -0.022010 2.179943
v -3.273656 0.000000 2.182437
v -3.269915 0.022010 2.179943
v -3.258692 0.040151 1.900903
v -3.258692 0.040151 1.629346
v -3.258692 0.040151 1.357788
v -3.258691 -0.040151 1.357788
v -3.258692 -0.040151 1.629345
v -3.258692 -0.040151 1.900903
v -3.269915 -0.022010 3.269914
v -3.273656 0.000000 3.273655
v -3.269915 0.022010 3.269914
v -3.258692 0.040151 2.987133
v -3.258692 0.040151 2.715576
v -3.258692 0.040151 2.444018
v -3.258692 -0.040151 2.444018
v -3.258692 -0.040151 2.715576
v -3.258692 -0.040151 2.987133
v -2.179943 -0.022010 4.178224
v -2.182438 0.000000 4.183004
v -2.179943 0.022010 4.178223
v -2.800438 0.040151 3.996988
v -3.122912 0.040151 3.779176
v -3.241719 0.040151 3.527419
v -3.241719 -0.040151 3.527419
v -3.122913 -0.040151 3.779176
v -2.800438 -0.040151 3.996988
v 3.269915 -0.022010 2.179943
v 3.273656 0.000000 2.182437
v 3.269915 0.022010 2.179943
v 3.258692 0.040151 2.444018
v 3.258692 0.040151 2.715576
v 3.258692 0.040151 2.987133
v 3.269915 0.022010 3.269914
v 3.273656 0.000000 3.273656
v 3.269915 -0.022010 3.269914
v 3.258691 -0.040151 2.987133
v 3.258692 -0.040151 2.715576
v 3.258692 -0.040151 2.444018
v 3.269915 -0.022010 1.089971
v 3.273656 0.000000 1.091219
v 3.269915 0.022010 1.089971
v 3.258692 0.040151 1.357788
v 3.258692 0.040151 1.629346
v 3.258692 0.040151 1.900903
v 3.258691 -0.040151 1.900903
v 3.258692 -0.040151 1.629345
v 3.258692 -0.040151 1.357788
v 3.269915 -0.022010 0.000000
v 3.273656 0.000000 0.000000
v 3.269915 0.022010 0.000000
v 3.258692 0.040151 0.271558
v 3.258692 0.040151 0.543115
v 3.258692 0.040151 0.814673
v 3.258692 -0.040151 0.814673
v 3.258692 -0.040151 0.543115
v 3.258692 -0.040151 0.271558
v 3.269915 -0.022010 -1.089972
v 3.273656 0.000000 -1.091219
v 3.269915 0.022010 -1.089971
v 3.258692 0.040151 -0.814673
v 3.258692 0.040151 -0.543115
v 3.258692 0.040151 -0.271558
v 3.258692 -0.040151 -0.271558
v 3.258692 -0.040151 -0.543115
v 3.258692 -0.040151 -0.814673
v 3.269915 -0.022010 -2.179943
v 3.273656 0.000000 -2.182437
v 3.269915 0.022010 -2.179943
v 3.258692 0.040151 -1.900903
v 3.258692 0.040151 -1.629346
v 3.258692 0.040151 -1.357788
v 3.258691 -0.040151 -1.357788
v 3.258692 -0.040151 -1.629345
v 3.258692 -0.040151 -1.900903
v 3.269915 -0.022010 -3.269914
v 3.273656 0.000000 -3.273655
v 3.269915 0.022010 -3.269914
v 3.258692 0.040151 -2.987133
v 3.258692 0.040151 -2.715576
v 3.258692 0.040151 -2.444018
v 3.258691 -0.040151 -2.444018
v 3.258692 -0.040151 -2.715576
v 3.258692 -0.040151 -2.987133
v 2.179943 -0.022010 -4.178224
v 2.182437 0.000000 -4.183005
v 2.179943 0.022010 -4.178224
v 2.800438 0.040151 -3.996988
v 3.122913 0.040151 -3.779176
v 3.241719 0.040151 -3.527419
v 3.241719 -0.040151 -3.527420
v 3.122913 -0.040151 -3.779176
v 2.800438 -0.040151 -3.996988
v 2.179944 -0.022010 4.178224
v 2.182437 0.000000 4.183004
v 2.179943 0.022010 4.178224
v 1.188065 0.040151 4.265717
v 0.000000 0.040151 4.299661
v -1.188065 0.040151 4.265717
v -1.188065 -0.040151 4.265716
v 0.000000 -0.040151 4.299661
v 1.188065 -0.040151 4.265717
v 3.241719 0.040151 3.527420
v 3.122913 0.040151 3.779176
v 2.800438 0.040151 3.996988
v 2.800438 -0.040151 3.996988
v 3.122913 -0.040151 3.779176
v 3.241719 -0.040151 3.527419
v -2.179943 -0.022010 -4.178224
v -2.182437 0.000000 -4.183004
v -2.179943 0.022010 -4.178224
v -1.188064 0.040151 -4.265717
v 0.000000 0.040151 -4.299662
v 1.188064 0.040151 -4.265717
v 1.188064 -0.040151 -4.265717
v 0.000000 -0.040151 -4.299662
v -1.188064 -0.040151 -4.265717
v -3.241719 0.040151 -3.527420
v -3.122913 0.040151 -3.779176
v -2.800438 0.040151 -3.996988
v -2.800438 -0.040151 -3.996988
v -3.122913 -0.040151 -3.779176
v -3.241719 -0.040151 -3.527419
v -3.187475 -0.125708 -1.062491
v -3.215975 -0.076920 -1.071991
v -3.240257 -0.054002 -1.080086
v 3.240257 0.054002 -1.080086
v 3.215975 0.076920 -1.071991
v 3.187475 0.125708 -1.062491
v 3.240257 0.054002 3.240257
v 3.215975 0.076920 3.215974
v 3.187475 0.125708 3.187474
v 3.187475 -0.125708 -1.062492
v 3.215975 -0.076920 -1.071991
v 3.240257 -0.054002 -1.080086
v 3.187475 -0.125708 3.187474
v 3.215975 -0.076920 3.215974
v 3.240257 -0.054002 3.240257
v -3.240257 0.054002 0.000000
v -3.215975 0.076920 0.000000
v -3.187475 0.125708 0.000000
v -3.187475 -0.125708 0.000000
v -3.215975 -0.076920 0.000000
v -3.240257 -0.054002 0.000000
v 3.240257 0.054002 -2.160172
v 3.215975 0.076920 -2.143983
v 3.187475 0.125708 -2.124983
v 3.240257 0.054002 2.160172
v 3.215975 0.076920 2.143983
v 3.187475 0.125708 2.124983
v 2.124983 0.125708 -4.072884
v 2.143983 0.076920 -4.109301
v 2.160172 0.054002 -4.140328
v -2.160172 0.054002 -4.140328
v -2.143983 0.076920 -4.109301
v -2.124983 0.125708 -4.072884
v 3.187475 -0.125708 -2.124983
v 3.215975 -0.076920 -2.143983
v 3.240257 -0.054002 -2.160172
v -2.124983 -0.125708 -4.072884
v -2.143983 -0.076920 -4.109301
v -2.160172 -0.054002 -4.140328
v -3.240257 0.054002 1.080086
v -3.215975 0.076920 1.071991
v -3.187475 0.125708 1.062491
v 3.187475 -0.125708 2.124983
v 3.215975 -0.076920 2.143983
v 3.240257 -0.054002 2.160172
v -3.240257 0.054002 -3.240257
v -3.215975 0.076920 -3.215974
v -3.187475 0.125708 -3.187474
v -3.187475 -0.125708 1.062492
v -3.215975 -0.076920 1.071991
v -3.240257 -0.054002 1.080086
v 3.240257 0.054002 -3.240257
v 3.215975 0.076920 -3.215974
v 3.187475 0.125708 -3.187474
v -1.105739 -0.936624 3.283405
v 0.000000 -0.966151 3.279210
v 1.105739 -0.936624 3.283405
v -1.064465 -0.921600 3.513452
v 0.000000 -0.950125 3.511515
v 1.064465 -0.921600 3.513452
v -0.972433 -0.881493 3.706455
v 0.000000 -0.906719 3.711081
v 0.972433 -0.881493 3.706455
v 1.105739 0.936624 3.283405
v 0.000000 0.966151 3.279211
v -1.105739 0.936624 3.283405
v 1.064465 0.921600 3.513452
v 0.000000 0.950125 3.511515
v -1.064465 0.921600 3.513452
v 0.972433 0.881493 3.706455
v -0.000000 0.906719 3.711081
v -0.972433 0.881493 3.706455
v 0.972433 0.881493 -3.706455
v 0.000000 0.906720 -3.711082
v -0.972433 0.881493 -3.706455
v 1.064465 0.921600 -3.513451
v -0.000000 0.950125 -3.511516
v -1.064465 0.921600 -3.513451
v 1.105739 0.936624 -3.283405
v -0.000000 0.966151 -3.279210
v -1.105739 0.936624 -3.283405
v 1.111636 0.938770 -2.781019
v -0.000000 0.968440 -2.777153
v -1.111636 0.938770 -2.781019
v 1.111636 0.938770 -2.528199
v 0.000000 0.968440 -2.524685
v -1.111636 0.938770 -2.528199
v 1.111636 0.938770 -2.275379
v -0.000000 0.968440 -2.272216
v -1.111636 0.938770 -2.275379
v 1.111636 0.938770 -1.769739
v -0.000000 0.968440 -1.767280
v -1.111636 0.938770 -1.769739
v 1.111636 0.938770 -1.516919
v 0.000000 0.968440 -1.514811
v -1.111636 0.938770 -1.516919
v 1.111636 0.938770 -1.264099
v -0.000000 0.968440 -1.262342
v -1.111636 0.938770 -1.264099
v 1.111636 0.938770 -0.758460
v -0.000000 0.968440 -0.757405
v -1.111636 0.938770 -0.758460
v 1.111636 0.938770 -0.505640
v 0.000000 0.968440 -0.504937
v -1.111636 0.938770 -0.505640
v 1.111636 0.938770 -0.252820
v -0.000000 0.968440 -0.252469
v -1.111636 0.938770 -0.252820
v 1.111636 0.938770 0.252820
v -0.000000 0.968440 0.252469
v -1.111636 0.938770 0.252820
v 1.111636 0.938770 0.505640
v 0.000000 0.968440 0.504937
v -1.111636 0.938770 0.505640
v 1.111636 0.938770 0.758460
v -0.000000 0.968440 0.757406
v -1.111636 0.938770 0.758460
v 1.111636 0.938770 1.264099
v -0.000000 0.968440 1.262342
v -1.111636 0.938770 1.264099
v 1.111636 0.938770 1.516919
v 0.000000 0.968440 1.514811
v -1.111636 0.938770 1.516919
v 1.111636 0.938770 1.769739
v -0.000000 0.968440 1.767280
v -1.111636 0.938770 1.769739
v 1.111636 0.938770 2.275379
v -0.000000 0.968440 2.272217
v -1.111636 0.938770 2.275379
v 1.111636 0.938770 2.528199
v 0.000000 0.968440 2.524685
v -1.111636 0.938770 2.528199
v 1.111636 0.938770 2.781019
v -0.000000 0.968440 2.777153
v -1.111636 0.938770 2.781018
v -0.972433 -0.881493 -3.706455
v -0.000000 -0.906720 -3.711082
v 0.972433 -0.881493 -3.706455
v -1.064465 -0.921600 -3.513451
v 0.000000 -0.950125 -3.511515
v 1.064465 -0.921600 -3.513451
v -1.105739 -0.936624 -3.283405
v 0.000000 -0.966151 -3.279210
v 1.105739 -0.936624 -3.283405
v -1.111636 -0.938770 -2.781019
v 0.000000 -0.968440 -2.777154
v 1.111636 -0.938770 -2.781019
v -1.111636 -0.938770 -2.528199
v 0.000000 -0.968440 -2.524685
v 1.111636 -0.938770 -2.528199
v -1.111636 -0.938770 -2.275379
v 0.000000 -0.968440 -2.272217
v 1.111636 -0.938770 -2.275379
v -1.111636 -0.938770 -1.769739
v 0.000000 -0.968440 -1.767280
v 1.111636 -0.938770 -1.769739
v -1.111636 -0.938770 -1.516919
v 0.000000 -0.968440 -1.514811
v 1.111636 -0.938770 -1.516919
v -1.111636 -0.938770 -1.264099
v 0.000000 -0.968440 -1.262343
v 1.111636 -0.938770 -1.264099
v -1.111636 -0.938770 -0.758460
v 0.000000 -0.968440 -0.757406
v 1.111636 -0.938770 -0.758460
v -1.111636 -0.938770 -0.505640
v 0.000000 -0.968440 -0.504937
v 1.111636 -0.938770 -0.505640
v -1.111636 -0.938770 -0.252820
v 0.000000 -0.968440 -0.252468
v 1.111636 -0.938770 -0.252820
v -1.111636 -0.938770 0.252820
v 0.000000 -0.968440 0.252469
v 1.111636 -0.938770 0.252820
v -1.111636 -0.938770 0.505640
v 0.000000 -0.968440 0.504937
v 1.111636 -0.938770 0.505640
v -1.111636 -0.938770 0.758460
v 0.000000 -0.968440 0.757406
v 1.111636 -0.938770 0.758460
v -1.111636 -0.938770 1.264099
v 0.000000 -0.968440 1.262343
v 1.111636 -0.938770 1.264099
v -1.111636 -0.938770 1.516919
v 0.000000 -0.968440 1.514811
v 1.111636 -0.938770 1.516919
v -1.111636 -0.938770 1.769739
v 0.000000 -0.968440 1.767280
v 1.111636 -0.938770 1.769739
v -1.111636 -0.938770 2.275379
v 0.000000 -0.968440 2.272217
v 1.111636 -0.938770 2.275379
v -1.111636 -0.938770 2.528199
v 0.000000 -0.968440 2.524685
v 1.111636 -0.938770 2.528199
v -1.111636 -0.938770 2.781019
v 0.000000 -0.968440 2.777153
v 1.111636 -0.938770 2.781018
v -3.187475 -0.125708 -0.796869
v -3.187475 -0.125708 -0.531246
v -3.187475 -0.125708 -0.265623
v -3.215975 -0.076920 -0.803993
v -3.215975 -0.076920 -0.535996
v -3.215975 -0.076920 -0.267998
v -3.240258 -0.054002 -0.810064
v -3.240258 -0.054002 -0.540043
v -3.240258 -0.054002 -0.270021
v -3.187475 0.125708 -0.265623
v -3.187475 0.125708 -0.531246
v -3.187475 0.125708 -0.796869
v -3.215975 0.076920 -0.267998
v -3.215975 0.076920 -0.535996
v -3.215975 0.076920 -0.803993
v -3.240258 0.054002 -0.270021
v -3.240258 0.054002 -0.540043
v -3.240258 0.054002 -0.810064
v 2.739236 -0.125708 3.909636
v 3.054664 -0.125708 3.696585
v 3.170873 -0.125708 3.450330
v 2.763728 -0.076920 3.944593
v 3.081976 -0.076920 3.729636
v 3.199225 -0.076920 3.481180
v 2.784596 -0.054002 3.974378
v 3.105247 -0.054002 3.757798
v 3.223382 -0.054002 3.507466
v -3.170873 -0.125708 3.450330
v -3.054663 -0.125708 3.696585
v -2.739236 -0.125708 3.909636
v -3.199225 -0.076920 3.481180
v -3.081975 -0.076920 3.729636
v -2.763728 -0.076920 3.944593
v -3.223382 -0.054002 3.507465
v -3.105247 -0.054002 3.757798
v -2.784597 -0.054002 3.974378
v 3.187475 -0.125708 -0.265623
v 3.187475 -0.125708 -0.531246
v 3.187475 -0.125708 -0.796869
v 3.215975 -0.076920 -0.267998
v 3.215975 -0.076920 -0.535996
v 3.215975 -0.076920 -0.803993
v 3.240258 -0.054002 -0.270021
v 3.240258 -0.054002 -0.540043
v 3.240258 -0.054002 -0.810064
v 3.170873 0.125708 3.450330
v 3.054664 0.125708 3.696585
v 2.739236 0.125708 3.909636
v 3.199225 0.076920 3.481180
v 3.081976 0.076920 3.729636
v 2.763728 0.076920 3.944593
v 3.223382 0.054002 3.507466
v 3.105247 0.054002 3.757798
v 2.784597 0.054002 3.974378
v -2.739236 0.125708 3.909636
v -3.054664 0.125708 3.696585
v -3.170873 0.125708 3.450330
v -2.763728 0.076920 3.944593
v -3.081975 0.076920 3.729636
v -3.199225 0.076920 3.481180
v -2.784597 0.054002 3.974377
v -3.105247 0.054002 3.757798
v -3.223381 0.054002 3.507465
v 3.187475 0.125708 -0.796869
v 3.187475 0.125708 -0.531246
v 3.187475 0.125708 -0.265623
v 3.215975 0.076920 -0.803993
v 3.215975 0.076920 -0.535996
v 3.215975 0.076920 -0.267998
v 3.240258 0.054002 -0.810064
v 3.240258 0.054002 -0.540043
v 3.240258 0.054002 -0.270021
v -3.187475 -0.125708 -1.859360
v -3.187475 -0.125708 -1.593737
v -3.187475 -0.125708 -1.328114
v -3.215975 -0.076920 -1.875985
v -3.215975 -0.076920 -1.607987
v -3.215975 -0.076920 -1.339989
v -3.240258 -0.054002 -1.890150
v -3.240258 -0.054002 -1.620129
v -3.240258 -0.054002 -1.350107
v -1.162100 -0.125708 4.172493
v 0.000000 -0.125708 4.205696
v 1.162100 -0.125708 4.172492
v -1.172491 -0.076920 4.209799
v 0.000000 -0.076920 4.243299
v 1.172491 -0.076920 4.209799
v -1.181344 -0.054002 4.241586
v 0.000000 -0.054002 4.275339
v 1.181344 -0.054002 4.241586
v -3.187475 0.125708 -1.328114
v -3.187475 0.125708 -1.593737
v -3.187475 0.125708 -1.859360
v -3.215975 0.076920 -1.339989
v -3.215975 0.076920 -1.607987
v -3.215975 0.076920 -1.875985
v -3.240258 0.054002 -1.350107
v -3.240258 0.054002 -1.620128
v -3.240258 0.054002 -1.890150
v 1.162100 0.125708 4.172492
v 0.000000 0.125708 4.205695
v -1.162100 0.125708 4.172492
v 1.172491 0.076920 4.209799
v 0.000000 0.076920 4.243299
v -1.172491 0.076920 4.209799
v 1.181344 0.054002 4.241587
v 0.000000 0.054002 4.275339
v -1.181344 0.054002 4.241587
v -3.187475 -0.125708 2.390606
v -3.187475 -0.125708 2.656229
v -3.187475 -0.125708 2.921851
v -3.215975 -0.076920 2.411980
v -3.215975 -0.076920 2.679978
v -3.215975 -0.076920 2.947976
v -3.240258 -0.054002 2.430193
v -3.240258 -0.054002 2.700214
v -3.240258 -0.054002 2.970236
v 3.187475 -0.125708 0.796869
v 3.187475 -0.125708 0.531246
v 3.187475 -0.125708 0.265623
v 3.215975 -0.076920 0.803993
v 3.215975 -0.076920 0.535996
v 3.215975 -0.076920 0.267998
v 3.240258 -0.054002 0.810064
v 3.240258 -0.054002 0.540043
v 3.240258 -0.054002 0.270021
v -3.187475 0.125708 2.921851
v -3.187475 0.125708 2.656228
v -3.187475 0.125708 2.390605
v -3.215975 0.076920 2.947976
v -3.215975 0.076920 2.679978
v -3.215975 0.076920 2.411980
v -3.240258 0.054002 2.970235
v -3.240258 0.054002 2.700214
v -3.240258 0.054002 2.430193
v 3.187475 0.125708 0.265623
v 3.187475 0.125708 0.531246
v 3.187475 0.125708 0.796869
v 3.215975 0.076920 0.267998
v 3.215975 0.076920 0.535996
v 3.215975 0.076920 0.803993
v 3.240258 0.054002 0.270021
v 3.240258 0.054002 0.540043
v 3.240258 0.054002 0.810064
v -3.187475 -0.125708 -2.921851
v -3.187475 -0.125708 -2.656228
v -3.187475 -0.125708 -2.390605
v -3.215975 -0.076920 -2.947976
v -3.215975 -0.076920 -2.679978
v -3.215975 -0.076920 -2.411980
v -3.240258 -0.054002 -2.970235
v -3.240258 -0.054002 -2.700214
v -3.240258 -0.054002 -2.430193
v 3.170873 -0.125708 -3.450330
v 3.054664 -0.125708 -3.696585
v 2.739236 -0.125708 -3.909636
v 3.199225 -0.076920 -3.481180
v 3.081976 -0.076920 -3.729636
v 2.763728 -0.076920 -3.944593
v 3.223382 -0.054002 -3.507466
v 3.105247 -0.054002 -3.757798
v 2.784597 -0.054002 -3.974378
v -2.671451 0.359441 3.831502
v -2.549697 0.525956 3.788021
v -2.271317 0.683384 3.741910
v -2.979158 0.360042 3.623244
v -2.843983 0.530763 3.585879
v -2.530958 0.698578 3.550680
v -3.092532 0.360323 3.382103
v -2.952461 0.533007 3.348820
v -2.628058 0.705389 3.319315
v 0.980090 -0.682411 3.958588
v 1.081215 -0.525635 4.033259
v 1.133283 -0.359401 4.087924
v -0.000000 -0.690794 3.984288
v 0.000000 -0.528199 4.063802
v 0.000000 -0.359722 4.120260
v -0.980090 -0.682411 3.958587
v -1.081215 -0.525635 4.033259
v -1.133284 -0.359401 4.087924
v -2.271317 -0.683384 3.741910
v -2.549697 -0.525956 3.788021
v -2.671451 -0.359441 3.831502
v -2.530958 -0.698578 3.550680
v -2.843983 -0.530763 3.585879
v -2.979158 -0.360042 3.623244
v -2.628058 -0.705389 3.319315
v -2.952461 -0.533007 3.348820
v -3.092531 -0.360323 3.382102
v 1.133283 0.359401 4.087924
v 1.081215 0.525635 4.033258
v 0.980090 0.682411 3.958588
v -0.000000 0.359722 4.120260
v -0.000000 0.528199 4.063802
v -0.000000 0.690794 3.984288
v -1.133283 0.359401 4.087924
v -1.081215 0.525635 4.033259
v -0.980090 0.682411 3.958587
v -2.628058 -0.705389 -3.319315
v -2.952461 -0.533007 -3.348820
v -3.092531 -0.360323 -3.382102
v -2.530958 -0.698578 -3.550681
v -2.843983 -0.530763 -3.585879
v -2.979158 -0.360042 -3.623244
v -2.271317 -0.683384 -3.741910
v -2.549697 -0.525956 -3.788021
v -2.671451 -0.359441 -3.831502
v -1.133283 0.359401 -4.087924
v -1.081215 0.525635 -4.033259
v -0.980090 0.682411 -3.958588
v 0.000000 0.359722 -4.120260
v 0.000000 0.528199 -4.063802
v 0.000000 0.690794 -3.984288
v 1.133284 0.359401 -4.087924
v 1.081215 0.525635 -4.033259
v 0.980090 0.682411 -3.958587
v -0.980090 -0.682411 -3.958588
v -1.081215 -0.525635 -4.033259
v -1.133283 -0.359401 -4.087924
v 0.000000 -0.690794 -3.984288
v 0.000000 -0.528199 -4.063802
v 0.000000 -0.359722 -4.120261
v 0.980090 -0.682411 -3.958587
v 1.081215 -0.525635 -4.033259
v 1.133284 -0.359401 -4.087925
v -3.092531 0.360323 -3.382102
v -2.952461 0.533007 -3.348820
v -2.628058 0.705389 -3.319315
v -2.979158 0.360042 -3.623244
v -2.843983 0.530763 -3.585879
v -2.530958 0.698578 -3.550681
v -2.671451 0.359441 -3.831502
v -2.549697 0.525956 -3.788021
v -2.271317 0.683384 -3.741910
v 2.671451 0.359441 -3.831502
v 2.549697 0.525956 -3.788021
v 2.271316 0.683384 -3.741910
v 2.979158 0.360042 -3.623244
v 2.843983 0.530763 -3.585879
v 2.530958 0.698578 -3.550681
v 3.092532 0.360323 -3.382103
v 2.952461 0.533007 -3.348820
v 2.628058 0.705389 -3.319315
v 2.271317 -0.683384 -3.741910
v 2.549697 -0.525956 -3.788021
v 2.671451 -0.359441 -3.831502
v 2.530958 -0.698578 -3.550681
v 2.843983 -0.530763 -3.585879
v 2.979158 -0.360042 -3.623244
v 2.628058 -0.705389 -3.319315
v 2.952461 -0.533007 -3.348820
v 3.092531 -0.360323 -3.382102
v 2.628058 -0.705388 3.319315
v 2.952461 -0.533007 3.348820
v 3.092531 -0.360323 3.382102
v 2.530958 -0.698578 3.550681
v 2.843983 -0.530763 3.585879
v 2.979158 -0.360042 3.623244
v 2.271317 -0.683384 3.741910
v 2.549697 -0.525956 3.788021
v 2.671451 -0.359441 3.831502
v 3.092531 0.360323 3.382102
v 2.952461 0.533007 3.348820
v 2.628058 0.705389 3.319315
v 2.979158 0.360042 3.623244
v 2.843983 0.530763 3.585879
v 2.530958 0.698578 3.550681
v 2.671451 0.359441 3.831502
v 2.549697 0.525956 3.788021
v 2.271317 0.683384 3.741911
v 3.108727 0.360363 -2.864104
v 2.967957 0.533327 -2.836128
v 2.641930 0.706362 -2.811581
v 3.108727 0.360363 -2.603731
v 2.967958 0.533327 -2.578298
v 2.641929 0.706362 -2.555983
v 3.108727 0.360363 -2.343357
v 2.967958 0.533328 -2.320468
v 2.641929 0.706362 -2.300385
v 2.641930 -0.706362 -2.811581
v 2.967958 -0.533327 -2.836128
v 3.108727 -0.360363 -2.864104
v 2.641929 -0.706362 -2.555983
v 2.967958 -0.533327 -2.578298
v 3.108727 -0.360363 -2.603731
v 2.641929 -0.706362 -2.300384
v 2.967958 -0.533327 -2.320468
v 3.108727 -0.360363 -2.343358
v 3.108727 0.360363 -1.822611
v 2.967957 0.533327 -1.804808
v 2.641930 0.706362 -1.789188
v 3.108727 0.360363 -1.562238
v 2.967958 0.533327 -1.546979
v 2.641929 0.706362 -1.533589
v 3.108727 0.360363 -1.301865
v 2.967958 0.533328 -1.289149
v 2.641929 0.706362 -1.277991
v 2.641930 -0.706362 -1.789188
v 2.967958 -0.533327 -1.804808
v 3.108727 -0.360363 -1.822611
v 2.641929 -0.706362 -1.533589
v 2.967958 -0.533327 -1.546979
v 3.108727 -0.360363 -1.562238
v 2.641929 -0.706362 -1.277991
v 2.967958 -0.533327 -1.289149
v 3.108727 -0.360363 -1.301865
v 3.108727 0.360363 -0.781119
v 2.967957 0.533327 -0.773489
v 2.641930 0.706362 -0.766795
v 3.108727 0.360363 -0.520746
v 2.967958 0.533327 -0.515660
v 2.641929 0.706362 -0.511196
v 3.108727 0.360363 -0.260373
v 2.967958 0.533328 -0.257830
v 2.641929 0.706362 -0.255598
v 2.641930 -0.706362 -0.766795
v 2.967958 -0.533327 -0.773489
v 3.108727 -0.360363 -0.781119
v 2.641929 -0.706362 -0.511196
v 2.967958 -0.533327 -0.515660
v 3.108727 -0.360363 -0.520746
v 2.641929 -0.706362 -0.255598
v 2.967958 -0.533327 -0.257830
v 3.108727 -0.360363 -0.260373
v 3.108727 0.360363 0.260373
v 2.967957 0.533327 0.257830
v 2.641930 0.706362 0.255598
v 3.108727 0.360363 0.520746
v 2.967958 0.533327 0.515660
v 2.641929 0.706362 0.511197
v 3.108727 0.360363 0.781119
v 2.967958 0.533328 0.773489
v 2.641929 0.706362 0.766795
v 2.641930 -0.706362 0.255598
v 2.967958 -0.533327 0.257830
v 3.108727 -0.360363 0.260373
v 2.641929 -0.706362 0.511197
v 2.967958 -0.533327 0.515660
v 3.108727 -0.360363 0.520746
v 2.641929 -0.706362 0.766795
v 2.967958 -0.533327 0.773489
v 3.108727 -0.360363 0.781119
v 3.108727 0.360363 1.301865
v 2.967957 0.533327 1.289149
v 2.641930 0.706362 1.277991
v 3.108727 0.360363 1.562238
v 2.967958 0.533327 1.546979
v 2.641929 0.706362 1.533589
v 3.108727 0.360363 1.822611
v 2.967958 0.533328 1.804808
v 2.641929 0.706362 1.789188
v 2.641930 -0.706362 1.277991
v 2.967958 -0.533327 1.289149
v 3.108727 -0.360363 1.301865
v 2.641929 -0.706362 1.533589
v 2.967958 -0.533327 1.546979
v 3.108727 -0.360363 1.562238
v 2.641929 -0.706362 1.789188
v 2.967958 -0.533327 1.804808
v 3.108727 -0.360363 1.822611
v 3.108727 0.360363 2.343357
v 2.967957 0.533327 2.320468
v 2.641930 0.706362 2.300385
v 3.108727 0.360363 2.603730
v 2.967958 0.533327 2.578298
v 2.641929 0.706362 2.555983
v 3.108727 0.360363 2.864103
v 2.967958 0.533328 2.836128
v 2.641929 0.706362 2.811581
v 2.641930 -0.706362 2.300384
v 2.967958 -0.533327 2.320467
v 3.108727 -0.360363 2.343357
v 2.641929 -0.706362 2.555983
v 2.967958 -0.533327 2.578298
v 3.108727 -0.360363 2.603730
v 2.641929 -0.706362 2.811581
v 2.967958 -0.533327 2.836128
v 3.108727 -0.360363 2.864103
v -3.108727 0.360363 2.864104
v -2.967958 0.533327 2.836127
v -2.641930 0.706362 2.811581
v -3.108727 0.360363 2.603731
v -2.967958 0.533327 2.578298
v -2.641930 0.706362 2.555982
v -3.108728 0.360363 2.343358
v -2.967958 0.533327 2.320468
v -2.641930 0.706362 2.300384
v -2.641930 -0.706362 2.811581
v -2.967958 -0.533328 2.836128
v -3.108727 -0.360363 2.864104
v -2.641930 -0.706362 2.555983
v -2.967958 -0.533327 2.578297
v -3.108727 -0.360363 2.603731
v -2.641930 -0.706362 2.300384
v -2.967957 -0.533328 2.320468
v -3.108727 -0.360363 2.343358
v -3.108727 0.360363 1.822611
v -2.967958 0.533327 1.804808
v -2.641930 0.706362 1.789188
v -3.108727 0.360363 1.562238
v -2.967958 0.533327 1.546979
v -2.641930 0.706362 1.533589
v -3.108728 0.360363 1.301865
v -2.967958 0.533327 1.289149
v -2.641930 0.706362 1.277991
v -2.641930 -0.706362 1.789188
v -2.967958 -0.533328 1.804808
v -3.108727 -0.360363 1.822611
v -2.641930 -0.706362 1.533589
v -2.967958 -0.533327 1.546979
v -3.108727 -0.360363 1.562239
v -2.641930 -0.706362 1.277991
v -2.967957 -0.533328 1.289149
v -3.108727 -0.360363 1.301865
v -3.108727 0.360363 0.781119
v -2.967958 0.533327 0.773489
v -2.641930 0.706362 0.766795
v -3.108727 0.360363 0.520746
v -2.967958 0.533327 0.515660
v -2.641930 0.706362 0.511196
v -3.108728 0.360363 0.260373
v -2.967958 0.533327 0.257830
v -2.641930 0.706362 0.255598
v -2.641930 -0.706362 0.766795
v -2.967958 -0.533328 0.773489
v -3.108727 -0.360363 0.781119
v -2.641930 -0.706362 0.511196
v -2.967958 -0.533327 0.515660
v -3.108727 -0.360363 0.520746
v -2.641930 -0.706362 0.255598
v -2.967957 -0.533328 0.257830
v -3.108727 -0.360363 0.260373
v -3.108727 0.360363 -0.260373
v -2.967958 0.533327 -0.257830
v -2.641930 0.706362 -0.255598
v -3.108727 0.360363 -0.520746
v -2.967958 0.533327 -0.515660
v -2.641930 0.706362 -0.511196
v -3.108728 0.360363 -0.781119
v -2.967958 0.533327 -0.773489
v -2.641930 0.706362 -0.766795
v -2.641930 -0.706362 -0.255598
v -2.967958 -0.533328 -0.257830
v -3.108727 -0.360363 -0.260373
v -2.641930 -0.706362 -0.511196
v -2.967958 -0.533327 -0.515660
v -3.108727 -0.360363 -0.520746
v -2.641930 -0.706362 -0.766795
v -2.967957 -0.533328 -0.773489
v -3.108727 -0.360363 -0.781119
v -3.108727 0.360363 -1.301865
v -2.967958 0.533327 -1.289149
v -2.641930 0.706362 -1.277991
v -3.108727 0.360363 -1.562238
v -2.967958 0.533327 -1.546979
v -2.641930 0.706362 -1.533589
v -3.108728 0.360363 -1.822611
v -2.967958 0.533327 -1.804808
v -2.641930 0.706362 -1.789188
v -2.641930 -0.706362 -1.277991
v -2.967958 -0.533328 -1.289149
v -3.108727 -0.360363 -1.301865
v -2.641930 -0.706362 -1.533590
v -2.967958 -0.533327 -1.546979
v -3.108727 -0.360363 -1.562238
v -2.641930 -0.706362 -1.789188
v -2.967957 -0.533328 -1.804808
v -3.108727 -0.360363 -1.822611
v -3.108727 0.360363 -2.343358
v -2.967958 0.533327 -2.320468
v -2.641930 0.706362 -2.300384
v -3.108727 0.360363 -2.603731
v -2.967958 0.533327 -2.578298
v -2.641930 0.706362 -2.555983
v -3.108728 0.360363 -2.864104
v -2.967958 0.533327 -2.836128
v -2.641930 0.706362 -2.811581
v -2.641930 -0.706362 -2.300385
v -2.967958 -0.533328 -2.320468
v -3.108727 -0.360363 -2.343357
v -2.641930 -0.706362 -2.555983
v -2.967958 -0.533327 -2.578298
v -3.108727 -0.360363 -2.603731
v -2.641930 -0.706362 -2.811581
v -2.967957 -0.533328 -2.836128
v -3.108727 -0.360363 -2.864104
v -3.269915 0.022010 -2.452436
v -3.269916 0.022010 -2.724929
v -3.269915 0.022010 -2.997421
v -3.273656 0.000000 -2.455241
v -3.273656 -0.000000 -2.728046
v -3.273657 -0.000000 -3.000851
v -3.269915 -0.022010 -2.452436
v -3.269915 -0.022010 -2.724929
v -3.269915 -0.022010 -2.997422
v -3.269915 0.022010 -1.362464
v -3.269916 0.022010 -1.634957
v -3.269915 0.022010 -1.907450
v -3.273656 0.000000 -1.364023
v -3.273656 -0.000000 -1.636828
v -3.273657 -0.000000 -1.909632
v -3.269915 -0.022010 -1.362464
v -3.269915 -0.022010 -1.634957
v -3.269915 -0.022010 -1.907450
v -3.269915 0.022010 -0.272493
v -3.269916 0.022010 -0.544986
v -3.269915 0.022010 -0.817479
v -3.273656 0.000000 -0.272805
v -3.273656 -0.000000 -0.545609
v -3.273657 -0.000000 -0.818414
v -3.269915 -0.022010 -0.272493
v -3.269915 -0.022010 -0.544986
v -3.269915 -0.022010 -0.817479
v -3.269915 0.022010 0.817479
v -3.269916 0.022010 0.544986
v -3.269915 0.022010 0.272493
v -3.273656 0.000000 0.818414
v -3.273656 -0.000000 0.545609
v -3.273657 -0.000000 0.272805
v -3.269915 -0.022010 0.817479
v -3.269915 -0.022010 0.544986
v -3.269915 -0.022010 0.272493
v -3.269915 0.022010 1.907450
v -3.269916 0.022010 1.634957
v -3.269915 0.022010 1.362464
v -3.273656 0.000000 1.909632
v -3.273656 -0.000000 1.636828
v -3.273657 -0.000000 1.364023
v -3.269915 -0.022010 1.907450
v -3.269915 -0.022010 1.634957
v -3.269915 -0.022010 1.362464
v -3.269915 0.022010 2.997421
v -3.269916 0.022010 2.724928
v -3.269915 0.022010 2.452435
v -3.273656 0.000000 3.000851
v -3.273656 -0.000000 2.728046
v -3.273657 -0.000000 2.455241
v -3.269915 -0.022010 2.997421
v -3.269915 -0.022010 2.724929
v -3.269915 -0.022010 2.452436
v -2.810083 0.022010 4.010754
v -3.133668 0.022010 3.792192
v -3.252884 0.022010 3.539568
v -2.813298 0.000000 4.015343
v -3.137254 0.000000 3.796531
v -3.256606 -0.000000 3.543618
v -2.810083 -0.022010 4.010754
v -3.133668 -0.022010 3.792192
v -3.252884 -0.022010 3.539569
v 3.269915 0.022010 2.452436
v 3.269916 0.022010 2.724929
v 3.269915 0.022010 2.997421
v 3.273656 0.000000 2.455241
v 3.273656 -0.000000 2.728046
v 3.273657 -0.000000 3.000851
v 3.269915 -0.022010 2.452436
v 3.269915 -0.022010 2.724929
v 3.269915 -0.022010 2.997422
v 3.269915 0.022010 1.362464
v 3.269916 0.022010 1.634957
v 3.269915 0.022010 1.907450
v 3.273656 0.000000 1.364023
v 3.273656 -0.000000 1.636828
v 3.273657 -0.000000 1.909632
v 3.269915 -0.022010 1.362464
v 3.269915 -0.022010 1.634957
v 3.269915 -0.022010 1.907450
v 3.269915 0.022010 0.272493
v 3.269916 0.022010 0.544986
v 3.269915 0.022010 0.817479
v 3.273656 0.000000 0.272805
v 3.273656 -0.000000 0.545609
v 3.273657 -0.000000 0.818414
v 3.269915 -0.022010 0.272493
v 3.269915 -0.022010 0.544986
v 3.269915 -0.022010 0.817479
v 3.269915 0.022010 -0.817479
v 3.269916 0.022010 -0.544986
v 3.269915 0.022010 -0.272493
v 3.273656 0.000000 -0.818414
v 3.273656 -0.000000 -0.545609
v 3.273657 -0.000000 -0.272805
v 3.269915 -0.022010 -0.817479
v 3.269915 -0.022010 -0.544986
v 3.269915 -0.022010 -0.272493
v 3.269915 0.022010 -1.907450
v 3.269916 0.022010 -1.634957
v 3.269915 0.022010 -1.362464
v 3.273656 0.000000 -1.909632
v 3.273656 -0.000000 -1.636828
v 3.273657 -0.000000 -1.364023
v 3.269915 -0.022010 -1.907450
v 3.269915 -0.022010 -1.634957
v 3.269915 -0.022010 -1.362464
v 3.269915 0.022010 -2.997421
v 3.269916 0.022010 -2.724928
v 3.269915 0.022010 -2.452435
v 3.273656 0.000000 -3.000851
v 3.273656 -0.000000 -2.728046
v 3.273657 -0.000000 -2.455241
v 3.269915 -0.022010 -2.997421
v 3.269915 -0.022010 -2.724929
v 3.269915 -0.022010 -2.452436
v 2.810083 0.022010 -4.010754
v 3.133669 0.022010 -3.792192
v 3.252884 0.022010 -3.539568
v 2.813298 0.000000 -4.015343
v 3.137254 -0.000000 -3.796531
v 3.256606 -0.000000 -3.543618
v 2.810083 -0.022010 -4.010754
v 3.133668 -0.022010 -3.792192
v 3.252884 -0.022010 -3.539569
v 1.192156 0.022010 4.280408
v 0.000000 0.022010 4.314470
v -1.192157 0.022010 4.280408
v 1.193521 -0.000000 4.285306
v 0.000000 -0.000000 4.319407
v -1.193520 -0.000000 4.285306
v 1.192156 -0.022010 4.280408
v 0.000000 -0.022010 4.314470
v -1.192157 -0.022010 4.280409
v 3.252884 0.022010 3.539568
v 3.133669 0.022010 3.792192
v 2.810083 0.022010 4.010754
v 3.256606 0.000000 3.543618
v 3.137254 -0.000000 3.796531
v 2.813298 -0.000000 4.015343
v 3.252885 -0.022010 3.539568
v 3.133669 -0.022010 3.792192
v 2.810083 -0.022010 4.010754
v -1.192157 0.022010 -4.280409
v -0.000000 0.022010 -4.314470
v 1.192156 0.022010 -4.280408
v -1.193521 0.000000 -4.285306
v 0.000000 -0.000000 -4.319407
v 1.193520 -0.000000 -4.285306
v -1.192156 -0.022010 -4.280408
v -0.000000 -0.022010 -4.314470
v 1.192156 -0.022010 -4.280408
v -3.252884 0.022010 -3.539568
v -3.133669 0.022010 -3.792192
v -2.810083 0.022010 -4.010754
v -3.256606 0.000000 -3.543618
v -3.137254 -0.000000 -3.796531
v -2.813298 -0.000000 -4.015343
v -3.252885 -0.022010 -3.539568
v -3.133669 -0.022010 -3.792192
v -2.810083 -0.022010 -4.010754
v 3.187475 0.125708 -1.859360
v 3.187475 0.125708 -1.593737
v 3.187475 0.125708 -1.328114
v 3.215975 0.076920 -1.875985
v 3.215975 0.076920 -1.607987
v 3.215975 0.076920 -1.339989
v 3.240258 0.054002 -1.890150
v 3.240258 0.054002 -1.620129
v 3.240258 0.054002 -1.350107
v 3.187475 0.125708 2.390606
v 3.187475 0.125708 2.656229
v 3.187475 0.125708 2.921851
v 3.215975 0.076920 2.411980
v 3.215975 0.076920 2.679978
v 3.215975 0.076920 2.947976
v 3.240258 0.054002 2.430193
v 3.240258 0.054002 2.700214
v 3.240258 0.054002 2.970236
v -1.162100 0.125708 -4.172492
v 0.000000 0.125708 -4.205696
v 1.162100 0.125708 -4.172492
v -1.172491 0.076920 -4.209799
v -0.000000 0.076920 -4.243299
v 1.172491 0.076920 -4.209799
v -1.181344 0.054002 -4.241587
v -0.000000 0.054002 -4.275339
v 1.181344 0.054002 -4.241587
v 3.187475 -0.125708 -1.328114
v 3.187475 -0.125708 -1.593737
v 3.187475 -0.125708 -1.859360
v 3.215975 -0.076920 -1.339989
v 3.215975 -0.076920 -1.607987
v 3.215975 -0.076920 -1.875985
v 3.240258 -0.054002 -1.350107
v 3.240258 -0.054002 -1.620128
v 3.240258 -0.054002 -1.890150
v 1.162100 -0.125708 -4.172492
v -0.000000 -0.125708 -4.205696
v -1.162100 -0.125708 -4.172492
v 1.172491 -0.076920 -4.209799
v 0.000000 -0.076920 -4.243299
v -1.172491 -0.076920 -4.209799
v 1.181344 -0.054002 -4.241587
v 0.000000 -0.054002 -4.275339
v -1.181344 -0.054002 -4.241587
v -3.187475 0.125708 0.796869
v -3.187475 0.125708 0.531246
v -3.187475 0.125708 0.265623
v -3.215975 0.076920 0.803993
v -3.215975 0.076920 0.535996
v -3.215975 0.076920 0.267998
v -3.240258 0.054002 0.810064
v -3.240258 0.054002 0.540043
v -3.240258 0.054002 0.270021
v 3.187475 -0.125708 2.921851
v 3.187475 -0.125708 2.656228
v 3.187475 -0.125708 2.390605
v 3.215975 -0.076920 2.947976
v 3.215975 -0.076920 2.679978
v 3.215975 -0.076920 2.411980
v 3.240258 -0.054002 2.970235
v 3.240258 -0.054002 2.700214
v 3.240258 -0.054002 2.430193
v -3.170873 0.125708 -3.450330
v -3.054664 0.125708 -3.696585
v -2.739236 0.125708 -3.909636
v -3.199225 0.076920 -3.481180
v -3.081976 0.076920 -3.729636
v -2.763728 0.076920 -3.944593
v -3.223382 0.054002 -3.507466
v -3.105247 0.054002 -3.757798
v -2.784597 0.054002 -3.974378
v -3.187475 -0.125708 0.265623
v -3.187475 -0.125708 0.531246
v -3.187475 -0.125708 0.796869
v -3.215975 -0.076920 0.267998
v -3.215975 -0.076920 0.535996
v -3.215975 -0.076920 0.803993
v -3.240258 -0.054002 0.270021
v -3.240258 -0.054002 0.540043
v -3.240258 -0.054002 0.810064
v 3.187475 0.125708 -2.921851
v 3.187475 0.125708 -2.656228
v 3.187475 0.125708 -2.390605
v 3.215975 0.076920 -2.947976
v 3.215975 0.076920 -2.679978
v 3.215975 0.076920 -2.411980
v 3.240258 0.054002 -2.970235
v 3.240258 0.054002 -2.700214
v 3.240258 0.054002 -2.430193
v -2.739236 -0.125708 -3.909636
v -3.054664 -0.125708 -3.696585
v -3.170873 -0.125708 -3.450330
v -2.763728 -0.076920 -3.944593
v -3.081976 -0.076920 -3.729636
v -3.199225 -0.076920 -3.481180
v -2.784596 -0.054002 -3.974378
v -3.105247 -0.054002 -3.757798
v -3.223382 -0.054002 -3.507466
v 3.187475 -0.125708 -2.390606
v 3.187475 -0.125708 -2.656229
v 3.187475 -0.125708 -2.921851
v 3.215975 -0.076920 -2.411980
v 3.215975 -0.076920 -2.679978
v 3.215975 -0.076920 -2.947976
v 3.240258 -0.054002 -2.430193
v 3.240258 -0.054002 -2.700214
v 3.240258 -0.054002 -2.970236
v 3.187475 0.125708 1.328114
v 3.187475 0.125708 1.593737
v 3.187475 0.125708 1.859360
v 3.215975 0.076920 1.339989
v 3.215975 0.076920 1.607987
v 3.215975 0.076920 1.875985
v 3.240258 0.054002 1.350107
v 3.240258 0.054002 1.620128
v 3.240258 0.054002 1.890150
v -3.187475 0.125708 1.859360
v -3.187475 0.125708 1.593737
v -3.187475 0.125708 1.328114
v -3.215975 0.076920 1.875985
v -3.215975 0.076920 1.607987
v -3.215975 0.076920 1.339989
v -3.240258 0.054002 1.890150
v -3.240258 0.054002 1.620129
v -3.240258 0.054002 1.350107
v -3.187475 0.125708 -2.390606
v -3.187475 0.125708 -2.656229
v -3.187475 0.125708 -2.921851
v -3.215975 0.076920 -2.411980
v -3.215975 0.076920 -2.679978
v -3.215975 0.076920 -2.947976
v -3.240258 0.054002 -2.430193
v -3.240258 0.054002 -2.700214
v -3.240258 0.054002 -2.970236
v 3.187475 -0.125708 1.859360
v 3.187475 -0.125708 1.593737
v 3.187475 -0.125708 1.328114
v 3.215975 -0.076920 1.875985
v 3.215975 -0.076920 1.607987
v 3.215975 -0.076920 1.339989
v 3.240258 -0.054002 1.890150
v 3.240258 -0.054002 1.620129
v 3.240258 -0.054002 1.350107
v -3.187475 -0.125708 1.328114
v -3.187475 -0.125708 1.593737
v -3.187475 -0.125708 1.859360
v -3.215975 -0.076920 1.339989
v -3.215975 -0.076920 1.607987
v -3.215975 -0.076920 1.875985
v -3.240258 -0.054002 1.350107
v -3.240258 -0.054002 1.620128
v -3.240258 -0.054002 1.890150
v 2.739236 0.125708 -3.909636
v 3.054664 0.125708 -3.696585
v 3.170873 0.125708 -3.450330
v 2.763728 0.076920 -3.944593
v 3.081976 0.076920 -3.729636
v 3.199225 0.076920 -3.481180
v 2.784596 0.054002 -3.974378
v 3.105247 0.054002 -3.757798
v 3.223382 0.054002 -3.507466
vn -0.0265 -0.9972 0.0693
vn 0.0265 -0.9972 0.0693
vn -0.0261 -0.9765 0.2138
vn 0.0261 -0.9765 0.2138
vn -0.0954 -0.9954 0.0108
vn -0.0267 -0.9996 0.0092
vn 0.0267 -0.9996 0.0092
vn 0.0954 -0.9954 0.0108
vn 0.0942 -0.9921 0.0822
vn 0.0898 -0.9657 0.2438
vn 0.0772 -0.8816 0.4657
vn 0.0250 -0.8837 0.4674
vn -0.0250 -0.8837 0.4674
vn -0.0772 -0.8816 0.4657
vn -0.0898 -0.9657 0.2438
vn -0.0942 -0.9921 0.0822
vn 0.0265 0.9972 0.0693
vn -0.0265 0.9972 0.0693
vn 0.0261 0.9765 0.2138
vn -0.0261 0.9765 0.2138
vn 0.0954 0.9954 0.0108
vn 0.0267 0.9996 0.0092
vn -0.0267 0.9996 0.0092
vn -0.0954 0.9954 0.0108
vn -0.0942 0.9921 0.0822
vn -0.0898 0.9657 0.2438
vn -0.0772 0.8816 0.4657
vn -0.0250 0.8837 0.4674
vn 0.0250 0.8837 0.4674
vn 0.0772 0.8816 0.4657
vn 0.0898 0.9657 0.2438
vn 0.0942 0.9921 0.0822
vn 0.0261 0.9765 -0.2138
vn -0.0261 0.9765 -0.2138
vn 0.0265 0.9972 -0.0693
vn -0.0265 0.9972 -0.0693
vn 0.0772 0.8816 -0.4657
vn 0.0250 0.8837 -0.4674
vn -0.0250 0.8837 -0.4674
vn -0.0772 0.8816 -0.4657
vn -0.0898 0.9657 -0.2437
vn -0.0942 0.9921 -0.0822
vn -0.0954 0.9954 -0.0108
vn -0.0267 0.9996 -0.0092
vn 0.0267 0.9996 -0.0092
vn 0.0954 0.9954 -0.0108
vn 0.0942 0.9921 -0.0822
vn 0.0898 0.9657 -0.2437
vn 0.0267 0.9996 -0.0000
vn -0.0267 0.9996 -0.0000
vn 0.0956 0.9954 -0.0000
vn -0.0956 0.9954 -0.0000
vn -0.0261 -0.9765 -0.2138
vn 0.0261 -0.9765 -0.2138
vn -0.0265 -0.9972 -0.0693
vn 0.0265 -0.9972 -0.0693
vn -0.0772 -0.8816 -0.4657
vn -0.0250 -0.8837 -0.4674
vn 0.0250 -0.8837 -0.4674
vn 0.0772 -0.8816 -0.4657
vn 0.0898 -0.9657 -0.2437
vn 0.0942 -0.9921 -0.0822
vn 0.0954 -0.9954 -0.0108
vn 0.0267 -0.9996 -0.0092
vn -0.0267 -0.9996 -0.0092
vn -0.0954 -0.9954 -0.0108
vn -0.0942 -0.9921 -0.0822
vn -0.0898 -0.9657 -0.2438
vn -0.0267 -0.9996 -0.0000
vn 0.0267 -0.9996 -0.0000
vn -0.0956 -0.9954 -0.0000
vn 0.0956 -0.9954 -0.0000
vn -0.8635 -0.5044 -0.0000
vn -0.6864 -0.7273 -0.0000
vn -0.9468 -0.3218 -0.0000
vn -0.6007 -0.7995 -0.0000
vn -0.8635 0.5044 -0.0000
vn -0.6864 0.7273 -0.0000
vn -0.9468 0.3218 -0.0000
vn -0.6007 0.7995 -0.0000
vn 0.4213 -0.6584 0.6237
vn 0.7078 -0.6225 0.3340
vn 0.2984 -0.8460 0.4418
vn 0.5152 -0.8219 0.2431
vn 0.2317 -0.4312 0.8720
vn 0.4988 -0.4535 0.7385
vn 0.8207 -0.4200 0.3873
vn 0.9388 -0.3392 0.0593
vn 0.8483 -0.5268 0.0536
vn 0.6633 -0.7472 0.0419
vn 0.5768 -0.8161 0.0364
vn 0.4369 -0.8755 0.2062
vn 0.2510 -0.8938 0.3716
vn 0.1210 -0.8820 0.4555
vn 0.1431 -0.8303 0.5386
vn 0.1985 -0.6347 0.7468
vn -0.7078 -0.6225 0.3340
vn -0.4213 -0.6584 0.6237
vn -0.5152 -0.8219 0.2431
vn -0.2984 -0.8460 0.4418
vn -0.9388 -0.3392 0.0593
vn -0.8207 -0.4199 0.3873
vn -0.4988 -0.4535 0.7385
vn -0.2317 -0.4312 0.8720
vn -0.1985 -0.6347 0.7468
vn -0.1431 -0.8303 0.5386
vn -0.1210 -0.8820 0.4555
vn -0.2510 -0.8938 0.3716
vn -0.4369 -0.8755 0.2062
vn -0.5768 -0.8161 0.0364
vn -0.6633 -0.7472 0.0419
vn -0.8483 -0.5268 0.0536
vn 0.8635 -0.5044 -0.0000
vn 0.6864 -0.7273 -0.0000
vn 0.9468 -0.3218 -0.0000
vn 0.6007 -0.7995 -0.0000
vn 0.7078 0.6225 0.3340
vn 0.4213 0.6584 0.6237
vn 0.5152 0.8219 0.2431
vn 0.2984 0.8460 0.4418
vn 0.9388 0.3392 0.0593
vn 0.8207 0.4200 0.3873
vn 0.4988 0.4535 0.7385
vn 0.2317 0.4312 0.8720
vn 0.1985 0.6347 0.7468
vn 0.1431 0.8303 0.5386
vn 0.1210 0.8820 0.4555
vn 0.2510 0.8938 0.3716
vn 0.4369 0.8755 0.2062
vn 0.5768 0.8161 0.0364
vn 0.6633 0.7472 0.0419
vn 0.8483 0.5268 0.0536
vn -0.4213 0.6584 0.6237
vn -0.7078 0.6225 0.3340
vn -0.2984 0.8460 0.4418
vn -0.5152 0.8219 0.2431
vn -0.2317 0.4312 0.8720
vn -0.4988 0.4535 0.7385
vn -0.8207 0.4200 0.3873
vn -0.9388 0.3392 0.0593
vn -0.8483 0.5268 0.0536
vn -0.6633 0.7472 0.0419
vn -0.5768 0.8161 0.0364
vn -0.4369 0.8755 0.2062
vn -0.2510 0.8938 0.3716
vn -0.1211 0.8820 0.4555
vn -0.1431 0.8303 0.5386
vn -0.1985 0.6347 0.7468
vn 0.8635 0.5044 -0.0000
vn 0.6864 0.7273 -0.0000
vn 0.9468 0.3218 -0.0000
vn 0.6007 0.7995 -0.0000
vn -0.0226 -0.6103 0.7918
vn 0.0226 -0.6103 0.7918
vn -0.0166 -0.8132 0.5817
vn 0.0166 -0.8132 0.5817
vn -0.0937 -0.4143 0.9053
vn -0.0261 -0.4090 0.9122
vn 0.0261 -0.4090 0.9122
vn 0.0937 -0.4143 0.9053
vn 0.0810 -0.6163 0.7834
vn 0.0593 -0.8175 0.5729
vn 0.0503 -0.8722 0.4866
vn 0.0141 -0.8689 0.4948
vn -0.0141 -0.8689 0.4948
vn -0.0503 -0.8722 0.4866
vn -0.0593 -0.8175 0.5729
vn -0.0810 -0.6163 0.7834
vn 0.0226 0.6103 0.7918
vn -0.0226 0.6103 0.7918
vn 0.0166 0.8132 0.5817
vn -0.0166 0.8132 0.5817
vn 0.0937 0.4143 0.9053
vn 0.0261 0.4090 0.9122
vn -0.0261 0.4090 0.9122
vn -0.0937 0.4143 0.9053
vn -0.0810 0.6163 0.7834
vn -0.0593 0.8175 0.5729
vn -0.0503 0.8722 0.4866
vn -0.0141 0.8689 0.4948
vn 0.0141 0.8689 0.4948
vn 0.0503 0.8722 0.4866
vn 0.0593 0.8175 0.5729
vn 0.0810 0.6163 0.7834
vn 0.7078 -0.6225 -0.3340
vn 0.4213 -0.6584 -0.6237
vn 0.5152 -0.8219 -0.2431
vn 0.2984 -0.8460 -0.4418
vn 0.9388 -0.3392 -0.0593
vn 0.8207 -0.4200 -0.3873
vn 0.4988 -0.4535 -0.7385
vn 0.2317 -0.4312 -0.8720
vn 0.1985 -0.6347 -0.7468
vn 0.1431 -0.8303 -0.5386
vn 0.1210 -0.8820 -0.4555
vn 0.2510 -0.8938 -0.3716
vn 0.4369 -0.8755 -0.2062
vn 0.5768 -0.8161 -0.0364
vn 0.6633 -0.7472 -0.0419
vn 0.8483 -0.5268 -0.0536
vn -0.4744 0.5300 0.7029
vn -0.3504 0.7704 0.5326
vn -0.7026 0.6309 0.3293
vn -0.4434 0.8710 0.2114
vn -0.2427 0.3270 0.9133
vn -0.2345 0.4037 0.8843
vn -0.2048 0.5920 0.7795
vn -0.1590 0.7808 0.6042
vn -0.2018 0.9156 0.3479
vn -0.2247 0.9666 0.1237
vn -0.2306 0.9729 0.0165
vn -0.4668 0.8839 0.0293
vn -0.7708 0.6352 0.0481
vn -0.9432 0.3270 0.0595
vn -0.8394 0.3727 0.3956
vn -0.5207 0.3674 0.7706
vn 0.0268 -0.4415 0.8969
vn 0.0273 -0.3188 0.9474
vn -0.0268 -0.4415 0.8969
vn -0.0273 -0.3188 0.9474
vn 0.0784 -0.6578 0.7491
vn 0.0918 -0.4775 0.8738
vn 0.0971 -0.3396 0.9355
vn 0.0980 -0.3046 0.9474
vn 0.0273 -0.2976 0.9543
vn -0.0273 -0.2976 0.9543
vn -0.0980 -0.3045 0.9474
vn -0.0971 -0.3396 0.9355
vn -0.0918 -0.4775 0.8738
vn -0.0784 -0.6578 0.7491
vn -0.0254 -0.6557 0.7546
vn 0.0254 -0.6557 0.7546
vn -0.3504 -0.7704 0.5326
vn -0.4744 -0.5300 0.7029
vn -0.4434 -0.8710 0.2114
vn -0.7026 -0.6309 0.3293
vn -0.1590 -0.7808 0.6042
vn -0.2048 -0.5920 0.7795
vn -0.2345 -0.4037 0.8843
vn -0.2427 -0.3270 0.9133
vn -0.5207 -0.3674 0.7706
vn -0.8394 -0.3727 0.3956
vn -0.9432 -0.3270 0.0595
vn -0.7708 -0.6352 0.0481
vn -0.4668 -0.8839 0.0293
vn -0.2306 -0.9729 0.0165
vn -0.2247 -0.9666 0.1237
vn -0.2018 -0.9156 0.3479
vn 0.0273 0.3188 0.9474
vn 0.0268 0.4415 0.8969
vn -0.0273 0.3188 0.9474
vn -0.0268 0.4415 0.8969
vn 0.0980 0.3046 0.9474
vn 0.0971 0.3396 0.9355
vn 0.0918 0.4775 0.8738
vn 0.0784 0.6578 0.7491
vn 0.0254 0.6557 0.7546
vn -0.0254 0.6557 0.7546
vn -0.0784 0.6578 0.7491
vn -0.0918 0.4775 0.8738
vn -0.0971 0.3396 0.9355
vn -0.0980 0.3045 0.9474
vn -0.0273 0.2976 0.9543
vn 0.0273 0.2976 0.9543
vn -0.4434 -0.8710 -0.2114
vn -0.7026 -0.6309 -0.3293
vn -0.3504 -0.7704 -0.5326
vn -0.4744 -0.5300 -0.7029
vn -0.2306 -0.9729 -0.0165
vn -0.4668 -0.8839 -0.0293
vn -0.7709 -0.6352 -0.0481
vn -0.9432 -0.3270 -0.0595
vn -0.8394 -0.3727 -0.3956
vn -0.5207 -0.3674 -0.7706
vn -0.2427 -0.3270 -0.9133
vn -0.2345 -0.4037 -0.8843
vn -0.2048 -0.5920 -0.7795
vn -0.1590 -0.7808 -0.6042
vn -0.2018 -0.9156 -0.3479
vn -0.2247 -0.9666 -0.1237
vn -0.0273 0.3188 -0.9474
vn -0.0268 0.4415 -0.8969
vn 0.0273 0.3188 -0.9474
vn 0.0268 0.4415 -0.8969
vn -0.0980 0.3046 -0.9474
vn -0.0971 0.3396 -0.9355
vn -0.0918 0.4775 -0.8738
vn -0.0784 0.6578 -0.7491
vn -0.0254 0.6557 -0.7546
vn 0.0254 0.6557 -0.7546
vn 0.0784 0.6578 -0.7491
vn 0.0918 0.4775 -0.8738
vn 0.0971 0.3396 -0.9355
vn 0.0980 0.3046 -0.9474
vn 0.0273 0.2976 -0.9543
vn -0.0273 0.2976 -0.9543
vn -0.0268 -0.4415 -0.8969
vn -0.0273 -0.3188 -0.9474
vn 0.0268 -0.4415 -0.8969
vn 0.0273 -0.3188 -0.9474
vn -0.0784 -0.6578 -0.7491
vn -0.0918 -0.4775 -0.8738
vn -0.0971 -0.3396 -0.9355
vn -0.0980 -0.3046 -0.9474
vn -0.0273 -0.2976 -0.9543
vn 0.0273 -0.2976 -0.9543
vn 0.0980 -0.3045 -0.9474
vn 0.0971 -0.3396 -0.9355
vn 0.0918 -0.4775 -0.8738
vn 0.0784 -0.6578 -0.7491
vn 0.0254 -0.6557 -0.7546
vn -0.0254 -0.6557 -0.7546
vn -0.7026 0.6309 -0.3293
vn -0.4434 0.8710 -0.2114
vn -0.4744 0.5300 -0.7029
vn -0.3504 0.7704 -0.5326
vn -0.9432 0.3270 -0.0595
vn -0.7708 0.6352 -0.0481
vn -0.4668 0.8839 -0.0293
vn -0.2306 0.9729 -0.0165
vn -0.2247 0.9666 -0.1237
vn -0.2018 0.9156 -0.3479
vn -0.1590 0.7808 -0.6042
vn -0.2048 0.5920 -0.7795
vn -0.2345 0.4037 -0.8843
vn -0.2427 0.3270 -0.9133
vn -0.5207 0.3674 -0.7706
vn -0.8394 0.3727 -0.3956
vn 0.4744 0.5300 -0.7029
vn 0.3504 0.7704 -0.5326
vn 0.7026 0.6309 -0.3293
vn 0.4434 0.8710 -0.2114
vn 0.2427 0.3270 -0.9133
vn 0.2345 0.4037 -0.8843
vn 0.2048 0.5920 -0.7795
vn 0.1590 0.7808 -0.6042
vn 0.2018 0.9156 -0.3479
vn 0.2247 0.9666 -0.1237
vn 0.2306 0.9729 -0.0165
vn 0.4668 0.8839 -0.0293
vn 0.7708 0.6352 -0.0481
vn 0.9432 0.3270 -0.0595
vn 0.8394 0.3727 -0.3956
vn 0.5207 0.3674 -0.7706
vn 0.3504 -0.7704 -0.5326
vn 0.4744 -0.5300 -0.7029
vn 0.4434 -0.8710 -0.2114
vn 0.7026 -0.6309 -0.3293
vn 0.1590 -0.7808 -0.6042
vn 0.2048 -0.5920 -0.7795
vn 0.2345 -0.4037 -0.8843
vn 0.2427 -0.3270 -0.9133
vn 0.5207 -0.3674 -0.7706
vn 0.8394 -0.3727 -0.3956
vn 0.9432 -0.3270 -0.0595
vn 0.7708 -0.6352 -0.0481
vn 0.4668 -0.8839 -0.0293
vn 0.2306 -0.9729 -0.0165
vn 0.2247 -0.9666 -0.1237
vn 0.2018 -0.9156 -0.3479
vn 0.4434 -0.8710 0.2114
vn 0.7026 -0.6309 0.3293
vn 0.3504 -0.7704 0.5326
vn 0.4744 -0.5300 0.7029
vn 0.2306 -0.9729 0.0165
vn 0.4668 -0.8839 0.0293
vn 0.7709 -0.6352 0.0481
vn 0.9432 -0.3270 0.0595
vn 0.8394 -0.3727 0.3956
vn 0.5207 -0.3674 0.7706
vn 0.2427 -0.3270 0.9133
vn 0.2345 -0.4037 0.8843
vn 0.2048 -0.5920 0.7795
vn 0.1590 -0.7808 0.6042
vn 0.2018 -0.9156 0.3479
vn 0.2247 -0.9666 0.1237
vn 0.7026 0.6309 0.3293
vn 0.4434 0.8710 0.2114
vn 0.4744 0.5300 0.7029
vn 0.3504 0.7704 0.5326
vn 0.9432 0.3270 0.0595
vn 0.7708 0.6352 0.0481
vn 0.4668 0.8839 0.0293
vn 0.2306 0.9729 0.0165
vn 0.2247 0.9666 0.1237
vn 0.2018 0.9156 0.3479
vn 0.1590 0.7808 0.6042
vn 0.2048 0.5920 0.7795
vn 0.2345 0.4037 0.8843
vn 0.2427 0.3270 0.9133
vn 0.5207 0.3674 0.7706
vn 0.8394 0.3727 0.3956
vn 0.7756 0.6312 -0.0000
vn 0.4688 0.8833 -0.0000
vn 0.9488 0.3158 -0.0000
vn 0.2312 0.9729 -0.0000
vn 0.4688 -0.8833 -0.0000
vn 0.7756 -0.6312 -0.0000
vn 0.2312 -0.9729 -0.0000
vn 0.9488 -0.3158 -0.0000
vn -0.7756 0.6312 -0.0000
vn -0.4688 0.8833 -0.0000
vn -0.9488 0.3158 -0.0000
vn -0.2312 0.9729 -0.0000
vn -0.4688 -0.8833 -0.0000
vn -0.7756 -0.6312 -0.0000
vn -0.2312 -0.9729 -0.0000
vn -0.9488 -0.3158 -0.0000
vn -0.9859 0.1676 -0.0000
vn -0.9859 -0.1676 -0.0000
vn -0.8504 0.5261 -0.0000
vn -0.8504 -0.5261 -0.0000
vn -0.5424 0.2467 0.8031
vn -0.8811 0.2255 0.4158
vn -0.5424 -0.2467 0.8031
vn -0.8811 -0.2255 0.4158
vn -0.1938 0.6563 0.7292
vn -0.4106 0.6796 0.6079
vn -0.6917 0.6443 0.3264
vn -0.8343 0.5488 0.0527
vn -0.9822 0.1775 0.0620
vn -0.9822 -0.1775 0.0620
vn -0.8343 -0.5488 0.0527
vn -0.6917 -0.6443 0.3264
vn -0.4106 -0.6796 0.6079
vn -0.1938 -0.6563 0.7292
vn -0.2498 -0.2325 0.9400
vn -0.2498 0.2325 0.9400
vn 0.9859 0.1676 -0.0000
vn 0.9859 -0.1676 -0.0000
vn 0.8504 0.5261 -0.0000
vn 0.8504 -0.5261 -0.0000
vn 0.5424 0.2467 -0.8031
vn 0.8811 0.2255 -0.4158
vn 0.5424 -0.2467 -0.8031
vn 0.8811 -0.2255 -0.4158
vn 0.1938 0.6563 -0.7292
vn 0.4106 0.6796 -0.6079
vn 0.6917 0.6443 -0.3264
vn 0.8343 0.5488 -0.0527
vn 0.9822 0.1775 -0.0620
vn 0.9822 -0.1775 -0.0620
vn 0.8343 -0.5488 -0.0527
vn 0.6917 -0.6443 -0.3264
vn 0.4106 -0.6796 -0.6079
vn 0.1938 -0.6563 -0.7292
vn 0.2498 -0.2325 -0.9400
vn 0.2498 0.2325 -0.9400
vn 0.0279 0.2188 0.9754
vn -0.0279 0.2188 0.9754
vn 0.0279 -0.2187 0.9754
vn -0.0279 -0.2188 0.9754
vn 0.0792 0.6381 0.7659
vn 0.0221 0.6322 0.7745
vn -0.0221 0.6322 0.7745
vn -0.0792 0.6381 0.7659
vn -0.1003 0.2220 0.9699
vn -0.1003 -0.2220 0.9699
vn -0.0792 -0.6381 0.7659
vn -0.0221 -0.6322 0.7745
vn 0.0221 -0.6322 0.7745
vn 0.0792 -0.6381 0.7659
vn 0.1003 -0.2220 0.9699
vn 0.1003 0.2220 0.9699
vn 0.8811 0.2255 0.4158
vn 0.5424 0.2467 0.8031
vn 0.8811 -0.2255 0.4158
vn 0.5424 -0.2467 0.8031
vn 0.8343 0.5488 0.0527
vn 0.6917 0.6443 0.3264
vn 0.4106 0.6796 0.6079
vn 0.1938 0.6563 0.7292
vn 0.2498 0.2325 0.9400
vn 0.2498 -0.2325 0.9400
vn 0.1938 -0.6563 0.7292
vn 0.4106 -0.6796 0.6079
vn 0.6917 -0.6443 0.3264
vn 0.8343 -0.5488 0.0527
vn 0.9822 -0.1775 0.0620
vn 0.9822 0.1775 0.0620
vn -0.0279 0.2187 -0.9754
vn 0.0279 0.2188 -0.9754
vn -0.0279 -0.2188 -0.9754
vn 0.0279 -0.2188 -0.9754
vn -0.0792 0.6381 -0.7659
vn -0.0221 0.6322 -0.7745
vn 0.0221 0.6322 -0.7745
vn 0.0792 0.6381 -0.7659
vn 0.1003 0.2220 -0.9699
vn 0.1003 -0.2220 -0.9699
vn 0.0792 -0.6381 -0.7659
vn 0.0221 -0.6322 -0.7745
vn -0.0221 -0.6322 -0.7745
vn -0.0792 -0.6381 -0.7659
vn -0.1003 -0.2220 -0.9699
vn -0.1003 0.2220 -0.9699
vn -0.8811 0.2255 -0.4158
vn -0.5424 0.2467 -0.8031
vn -0.8811 -0.2255 -0.4158
vn -0.5424 -0.2467 -0.8031
vn -0.8343 0.5488 -0.0527
vn -0.6917 0.6443 -0.3264
vn -0.4106 0.6796 -0.6079
vn -0.1938 0.6563 -0.7292
vn -0.2498 0.2325 -0.9400
vn -0.2498 -0.2325 -0.9400
vn -0.1938 -0.6563 -0.7292
vn -0.4106 -0.6796 -0.6079
vn -0.6917 -0.6443 -0.3264
vn -0.8343 -0.5488 -0.0527
vn -0.9822 -0.1775 -0.0620
vn -0.9822 0.1775 -0.0620
vn -0.0226 0.6103 -0.7918
vn 0.0226 0.6103 -0.7918
vn -0.0166 0.8132 -0.5817
vn 0.0166 0.8132 -0.5817
vn -0.0937 0.4143 -0.9053
vn -0.0261 0.4090 -0.9122
vn 0.0261 0.4090 -0.9122
vn 0.0937 0.4143 -0.9053
vn 0.0810 0.6163 -0.7834
vn 0.0593 0.8175 -0.5729
vn 0.0503 0.8722 -0.4866
vn 0.0141 0.8689 -0.4948
vn -0.0141 0.8689 -0.4948
vn -0.0503 0.8722 -0.4866
vn -0.0593 0.8175 -0.5729
vn -0.0810 0.6163 -0.7834
vn 0.0226 -0.6103 -0.7918
vn -0.0226 -0.6103 -0.7918
vn 0.0166 -0.8132 -0.5817
vn -0.0166 -0.8132 -0.5817
vn 0.0937 -0.4143 -0.9053
vn 0.0261 -0.4090 -0.9122
vn -0.0261 -0.4090 -0.9122
vn -0.0937 -0.4143 -0.9053
vn -0.0810 -0.6163 -0.7834
vn -0.0593 -0.8175 -0.5729
vn -0.0503 -0.8722 -0.4866
vn -0.0141 -0.8689 -0.4948
vn 0.0141 -0.8689 -0.4948
vn 0.0503 -0.8722 -0.4866
vn 0.0593 -0.8175 -0.5729
vn 0.0810 -0.6163 -0.7834
vn -0.7078 0.6225 -0.3340
vn -0.4213 0.6584 -0.6237
vn -0.5152 0.8219 -0.2431
vn -0.2984 0.8460 -0.4418
vn -0.9388 0.3392 -0.0593
vn -0.8207 0.4199 -0.3873
vn -0.4988 0.4535 -0.7386
vn -0.2317 0.4312 -0.8720
vn -0.1985 0.6347 -0.7468
vn -0.1431 0.8303 -0.5386
vn -0.1210 0.8820 -0.4555
vn -0.2510 0.8938 -0.3716
vn -0.4369 0.8755 -0.2062
vn -0.5768 0.8161 -0.0364
vn -0.6633 0.7472 -0.0419
vn -0.8483 0.5268 -0.0536
vn -0.4213 -0.6584 -0.6237
vn -0.7078 -0.6225 -0.3340
vn -0.2984 -0.8460 -0.4418
vn -0.5152 -0.8219 -0.2431
vn -0.2317 -0.4312 -0.8720
vn -0.4988 -0.4535 -0.7386
vn -0.8207 -0.4199 -0.3873
vn -0.9388 -0.3392 -0.0593
vn -0.8483 -0.5268 -0.0536
vn -0.6633 -0.7472 -0.0419
vn -0.5768 -0.8161 -0.0364
vn -0.4369 -0.8755 -0.2062
vn -0.2510 -0.8938 -0.3716
vn -0.1210 -0.8820 -0.4555
vn -0.1431 -0.8303 -0.5386
vn -0.1985 -0.6347 -0.7468
vn 0.4213 0.6584 -0.6237
vn 0.7078 0.6225 -0.3340
vn 0.2984 0.8460 -0.4418
vn 0.5152 0.8219 -0.2431
vn 0.2317 0.4312 -0.8720
vn 0.4988 0.4535 -0.7385
vn 0.8207 0.4200 -0.3873
vn 0.9388 0.3392 -0.0593
vn 0.8483 0.5268 -0.0536
vn 0.6633 0.7472 -0.0419
vn 0.5768 0.8161 -0.0364
vn 0.4369 0.8755 -0.2062
vn 0.2510 0.8938 -0.3716
vn 0.1210 0.8820 -0.4555
vn 0.1431 0.8303 -0.5386
vn 0.1985 0.6347 -0.7468
vt 0.506405 0.031933
vt 0.573982 0.032125
vt 0.573982 0.021477
vt 0.508928 0.021388
vt 0.641560 0.031933
vt 0.639037 0.021388
vt 0.573982 0.012330
vt 0.514552 0.012542
vt 0.633413 0.012542
vt 0.449400 0.042792
vt 0.506045 0.043372
vt 0.450059 0.031325
vt 0.573982 0.043565
vt 0.641920 0.043372
vt 0.698564 0.042792
vt 0.697906 0.031325
vt 0.693298 0.020873
vt 0.267248 0.370482
vt 0.320715 0.385909
vt 0.309505 0.391194
vt 0.261706 0.377728
vt 0.295553 0.397755
vt 0.257937 0.391500
vt 0.203146 0.373171
vt 0.203146 0.388358
vt 0.144585 0.377728
vt 0.148355 0.391500
vt 0.096786 0.391194
vt 0.110738 0.397755
vt 0.085577 0.385909
vt 0.139043 0.370482
vt 0.454667 0.020873
vt 0.641560 0.389855
vt 0.573982 0.390047
vt 0.573982 0.379399
vt 0.639037 0.379310
vt 0.506405 0.389855
vt 0.508928 0.379311
vt 0.573982 0.370252
vt 0.633413 0.370464
vt 0.514552 0.370464
vt 0.698565 0.400714
vt 0.641920 0.401294
vt 0.697906 0.389247
vt 0.573982 0.401487
vt 0.506045 0.401294
vt 0.449400 0.400714
vt 0.450059 0.389247
vt 0.454667 0.378795
vt 0.139043 0.703478
vt 0.085577 0.688051
vt 0.096786 0.682766
vt 0.144585 0.696232
vt 0.110738 0.676205
vt 0.148355 0.682460
vt 0.203146 0.700789
vt 0.203146 0.685602
vt 0.261706 0.696232
vt 0.257937 0.682460
vt 0.309505 0.682766
vt 0.295553 0.676205
vt 0.320715 0.688051
vt 0.267248 0.703478
vt 0.693298 0.378795
vt 0.633413 0.710244
vt 0.573982 0.710456
vt 0.573982 0.701308
vt 0.639037 0.701397
vt 0.514552 0.710244
vt 0.508928 0.701397
vt 0.573982 0.690660
vt 0.641560 0.690853
vt 0.506405 0.690853
vt 0.295553 0.320532
vt 0.257937 0.326787
vt 0.261706 0.340559
vt 0.309505 0.327093
vt 0.203146 0.329929
vt 0.203146 0.345116
vt 0.148355 0.326787
vt 0.144585 0.340559
vt 0.110738 0.320532
vt 0.096786 0.327093
vt 0.085577 0.332378
vt 0.139043 0.347805
vt 0.454667 0.701913
vt 0.450059 0.691461
vt 0.449400 0.679993
vt 0.506045 0.679414
vt 0.573982 0.679220
vt 0.641920 0.679414
vt 0.697906 0.691461
vt 0.698565 0.679993
vt 0.693298 0.701913
vt 0.267248 0.347805
vt 0.320715 0.332378
vt 0.641920 0.667825
vt 0.573982 0.667648
vt 0.573982 0.656076
vt 0.641920 0.656237
vt 0.506045 0.667825
vt 0.506045 0.656237
vt 0.573982 0.644504
vt 0.641920 0.644649
vt 0.506045 0.644649
vt 0.698565 0.668357
vt 0.449400 0.668357
vt 0.449400 0.656720
vt 0.449400 0.645083
vt 0.449400 0.633447
vt 0.506045 0.633060
vt 0.573982 0.632931
vt 0.641920 0.633060
vt 0.698565 0.645083
vt 0.698565 0.633447
vt 0.698565 0.656720
vt 0.641920 0.621472
vt 0.573982 0.621359
vt 0.573982 0.609787
vt 0.641920 0.609884
vt 0.506045 0.621472
vt 0.506045 0.609884
vt 0.573982 0.598215
vt 0.641920 0.598295
vt 0.506045 0.598295
vt 0.698565 0.621810
vt 0.449400 0.621810
vt 0.449400 0.610174
vt 0.449400 0.598537
vt 0.449400 0.586900
vt 0.506045 0.586707
vt 0.573982 0.586643
vt 0.641920 0.586707
vt 0.698565 0.598537
vt 0.698565 0.586900
vt 0.698565 0.610174
vt 0.641920 0.575119
vt 0.573982 0.575070
vt 0.573982 0.563498
vt 0.641920 0.563530
vt 0.506045 0.575119
vt 0.506045 0.563530
vt 0.573982 0.551926
vt 0.641920 0.551942
vt 0.506045 0.551942
vt 0.698565 0.575264
vt 0.449400 0.575264
vt 0.449400 0.563627
vt 0.449400 0.551991
vt 0.449400 0.540354
vt 0.506045 0.540354
vt 0.573982 0.540354
vt 0.641920 0.540354
vt 0.698565 0.551991
vt 0.698565 0.540354
vt 0.698565 0.563627
vt 0.641920 0.528766
vt 0.573982 0.528782
vt 0.573982 0.517209
vt 0.641920 0.517177
vt 0.506045 0.528766
vt 0.506045 0.517177
vt 0.573982 0.505637
vt 0.641920 0.505589
vt 0.506045 0.505589
vt 0.698565 0.528717
vt 0.449400 0.528717
vt 0.449400 0.517081
vt 0.449400 0.505444
vt 0.449400 0.493807
vt 0.506045 0.494001
vt 0.573982 0.494065
vt 0.641920 0.494001
vt 0.698565 0.505444
vt 0.698565 0.493807
vt 0.698565 0.517081
vt 0.641920 0.482412
vt 0.573982 0.482493
vt 0.573982 0.470921
vt 0.641920 0.470824
vt 0.506045 0.482412
vt 0.506045 0.470824
vt 0.573982 0.459348
vt 0.641920 0.459236
vt 0.506045 0.459236
vt 0.698565 0.482171
vt 0.449400 0.482171
vt 0.449400 0.470534
vt 0.449400 0.458898
vt 0.449400 0.447261
vt 0.506045 0.447647
vt 0.573982 0.447776
vt 0.641920 0.447647
vt 0.698565 0.458898
vt 0.698565 0.447261
vt 0.698565 0.470534
vt 0.641920 0.436059
vt 0.573982 0.436204
vt 0.573982 0.424632
vt 0.641920 0.424471
vt 0.506045 0.436059
vt 0.506045 0.424471
vt 0.573982 0.413060
vt 0.641920 0.412882
vt 0.506045 0.412882
vt 0.698565 0.435624
vt 0.449400 0.435624
vt 0.449400 0.423988
vt 0.449400 0.412351
vt 0.698565 0.412351
vt 0.698565 0.423988
vt 0.514552 0.352321
vt 0.573982 0.352534
vt 0.573982 0.343386
vt 0.508928 0.343475
vt 0.633413 0.352321
vt 0.639037 0.343475
vt 0.573982 0.332738
vt 0.506405 0.332930
vt 0.641560 0.332930
vt 0.110738 0.042082
vt 0.148355 0.035827
vt 0.144585 0.022055
vt 0.096786 0.035521
vt 0.203146 0.032685
vt 0.203146 0.017498
vt 0.257937 0.035827
vt 0.261706 0.022055
vt 0.295553 0.042082
vt 0.309505 0.035521
vt 0.320715 0.030236
vt 0.267248 0.014809
vt 0.693298 0.343990
vt 0.697906 0.333538
vt 0.698564 0.322071
vt 0.641920 0.321491
vt 0.573982 0.321298
vt 0.506045 0.321491
vt 0.450059 0.333538
vt 0.449400 0.322071
vt 0.454667 0.343990
vt 0.139043 0.014809
vt 0.085577 0.030236
vt 0.506045 0.309903
vt 0.573982 0.309726
vt 0.573982 0.298154
vt 0.506045 0.298315
vt 0.641920 0.309903
vt 0.641920 0.298315
vt 0.573982 0.286581
vt 0.506045 0.286726
vt 0.641920 0.286726
vt 0.449400 0.310434
vt 0.698564 0.310434
vt 0.698564 0.298798
vt 0.698564 0.287161
vt 0.698564 0.275525
vt 0.641920 0.275138
vt 0.573982 0.275009
vt 0.506045 0.275138
vt 0.449400 0.287161
vt 0.449400 0.275525
vt 0.449400 0.298798
vt 0.506045 0.263550
vt 0.573982 0.263437
vt 0.573982 0.251865
vt 0.506045 0.251961
vt 0.641920 0.263550
vt 0.641920 0.251961
vt 0.573982 0.240293
vt 0.506045 0.240373
vt 0.641920 0.240373
vt 0.449400 0.263888
vt 0.698564 0.263888
vt 0.698564 0.252251
vt 0.698564 0.240615
vt 0.698564 0.228978
vt 0.641920 0.228785
vt 0.573982 0.228720
vt 0.506045 0.228785
vt 0.449400 0.240615
vt 0.449400 0.228978
vt 0.449400 0.252251
vt 0.506045 0.217197
vt 0.573982 0.217148
vt 0.573982 0.205576
vt 0.506045 0.205608
vt 0.641920 0.217197
vt 0.641920 0.205608
vt 0.573982 0.194004
vt 0.506045 0.194020
vt 0.641920 0.194020
vt 0.449400 0.217341
vt 0.698564 0.217341
vt 0.698564 0.205705
vt 0.698564 0.194068
vt 0.698564 0.182432
vt 0.641920 0.182432
vt 0.573982 0.182432
vt 0.506045 0.182432
vt 0.449400 0.194068
vt 0.449400 0.182432
vt 0.449400 0.205705
vt 0.506045 0.170843
vt 0.573982 0.170859
vt 0.573982 0.159287
vt 0.506045 0.159255
vt 0.641920 0.170843
vt 0.641920 0.159255
vt 0.573982 0.147715
vt 0.506045 0.147667
vt 0.641920 0.147667
vt 0.449400 0.170795
vt 0.698564 0.170795
vt 0.698564 0.159158
vt 0.698564 0.147522
vt 0.698564 0.135885
vt 0.641920 0.136078
vt 0.573982 0.136143
vt 0.506045 0.136078
vt 0.449400 0.147522
vt 0.449400 0.135885
vt 0.449400 0.159158
vt 0.506045 0.124490
vt 0.573982 0.124571
vt 0.573982 0.112998
vt 0.506045 0.112902
vt 0.641920 0.124490
vt 0.641920 0.112902
vt 0.573982 0.101426
vt 0.506045 0.101314
vt 0.641920 0.101314
vt 0.449400 0.124249
vt 0.698564 0.124249
vt 0.698564 0.112612
vt 0.698564 0.100975
vt 0.698564 0.089339
vt 0.641920 0.089725
vt 0.573982 0.089854
vt 0.506045 0.089725
vt 0.449400 0.100975
vt 0.449400 0.089339
vt 0.449400 0.112612
vt 0.506045 0.078137
vt 0.573982 0.078282
vt 0.573982 0.066710
vt 0.506045 0.066549
vt 0.641920 0.078137
vt 0.641920 0.066549
vt 0.573982 0.055137
vt 0.506045 0.054960
vt 0.641920 0.054960
vt 0.449400 0.077702
vt 0.698564 0.077702
vt 0.698564 0.066065
vt 0.698564 0.054429
vt 0.449400 0.054429
vt 0.449400 0.066065
vt 0.221987 0.830421
vt 0.209836 0.830421
vt 0.210053 0.839348
vt 0.222312 0.839348
vt 0.197686 0.830421
vt 0.197794 0.839348
vt 0.210239 0.843541
vt 0.222590 0.843541
vt 0.197887 0.843541
vt 0.233663 0.813686
vt 0.221631 0.813686
vt 0.234137 0.830421
vt 0.209599 0.813686
vt 0.197567 0.813686
vt 0.185535 0.813686
vt 0.185535 0.830421
vt 0.185535 0.839348
vt 0.185535 0.843541
vt 0.185535 0.846075
vt 0.197957 0.846075
vt 0.210379 0.846075
vt 0.222801 0.846075
vt 0.234942 0.843541
vt 0.235223 0.846075
vt 0.234572 0.839348
vt 0.197686 0.876423
vt 0.209836 0.876423
vt 0.210053 0.867496
vt 0.197794 0.867496
vt 0.221987 0.876423
vt 0.222312 0.867496
vt 0.210239 0.863303
vt 0.197887 0.863303
vt 0.222590 0.863303
vt 0.185535 0.893158
vt 0.197567 0.893158
vt 0.185535 0.876423
vt 0.209599 0.893158
vt 0.221631 0.893158
vt 0.233663 0.893158
vt 0.234137 0.876423
vt 0.234572 0.867496
vt 0.234942 0.863303
vt 0.235223 0.860769
vt 0.222801 0.860769
vt 0.210379 0.860769
vt 0.197957 0.860769
vt 0.185535 0.863303
vt 0.185535 0.860769
vt 0.185535 0.867496
vt 0.368104 0.514269
vt 0.387099 0.514269
vt 0.388744 0.523084
vt 0.369579 0.523084
vt 0.417372 0.834919
vt 0.428637 0.834919
vt 0.427226 0.843846
vt 0.415861 0.843846
vt 0.390145 0.527224
vt 0.370836 0.527224
vt 0.426023 0.848040
vt 0.414572 0.848040
vt 0.329865 0.497745
vt 0.366495 0.497745
vt 0.331113 0.514269
vt 0.385305 0.497745
vt 0.419021 0.818184
vt 0.430176 0.818184
vt 0.442083 0.818184
vt 0.440661 0.834919
vt 0.439357 0.843846
vt 0.438246 0.848040
vt 0.437403 0.850574
vt 0.425111 0.850574
vt 0.413594 0.850574
vt 0.391209 0.529726
vt 0.371790 0.529726
vt 0.333232 0.527224
vt 0.333972 0.529726
vt 0.332258 0.523084
vt 0.027707 0.830421
vt 0.016442 0.830421
vt 0.014930 0.839348
vt 0.026295 0.839348
vt 0.019192 0.514269
vt 0.038187 0.514269
vt 0.036713 0.523084
vt 0.017548 0.523084
vt 0.013642 0.843541
vt 0.025093 0.843541
vt 0.035456 0.527224
vt 0.016146 0.527224
vt 0.041152 0.813686
vt 0.029246 0.813686
vt 0.039730 0.830421
vt 0.018091 0.813686
vt 0.020986 0.497745
vt 0.039796 0.497745
vt 0.076426 0.497745
vt 0.075178 0.514269
vt 0.074034 0.523084
vt 0.073059 0.527224
vt 0.072319 0.529726
vt 0.034502 0.529726
vt 0.015082 0.529726
vt 0.012664 0.846075
vt 0.024180 0.846075
vt 0.037316 0.843541
vt 0.036473 0.846075
vt 0.038427 0.839348
vt 0.598616 0.834919
vt 0.610767 0.834919
vt 0.610984 0.843846
vt 0.598725 0.843846
vt 0.622917 0.834919
vt 0.623243 0.843846
vt 0.611169 0.848040
vt 0.598817 0.848040
vt 0.623521 0.848040
vt 0.586466 0.818184
vt 0.598498 0.818184
vt 0.586466 0.834919
vt 0.610530 0.818184
vt 0.622562 0.818184
vt 0.634593 0.818184
vt 0.635068 0.834919
vt 0.635502 0.843846
vt 0.635872 0.848040
vt 0.636153 0.850574
vt 0.623731 0.850574
vt 0.611310 0.850574
vt 0.598888 0.850574
vt 0.586466 0.848040
vt 0.586466 0.850574
vt 0.586466 0.843846
vt 0.428637 0.880922
vt 0.417372 0.880922
vt 0.415861 0.871995
vt 0.427226 0.871995
vt 0.387099 0.559691
vt 0.368104 0.559691
vt 0.369579 0.550876
vt 0.388744 0.550876
vt 0.414572 0.867801
vt 0.426023 0.867801
vt 0.370836 0.546736
vt 0.390145 0.546736
vt 0.442083 0.897657
vt 0.430176 0.897657
vt 0.440661 0.880922
vt 0.419021 0.897657
vt 0.385305 0.576215
vt 0.366495 0.576215
vt 0.329865 0.576215
vt 0.331113 0.559691
vt 0.332258 0.550876
vt 0.333232 0.546736
vt 0.333972 0.544234
vt 0.371790 0.544234
vt 0.391209 0.544234
vt 0.413594 0.865267
vt 0.425111 0.865267
vt 0.438246 0.867801
vt 0.437403 0.865267
vt 0.439357 0.871995
vt 0.038187 0.559691
vt 0.019192 0.559691
vt 0.017548 0.550876
vt 0.036713 0.550876
vt 0.016442 0.876423
vt 0.027707 0.876423
vt 0.026295 0.867496
vt 0.014930 0.867496
vt 0.016146 0.546736
vt 0.035456 0.546736
vt 0.025093 0.863303
vt 0.013642 0.863303
vt 0.076426 0.576215
vt 0.039796 0.576215
vt 0.075178 0.559691
vt 0.020986 0.576215
vt 0.018091 0.893158
vt 0.029246 0.893158
vt 0.041152 0.893158
vt 0.039730 0.876423
vt 0.038427 0.867496
vt 0.037316 0.863303
vt 0.036473 0.860769
vt 0.024180 0.860769
vt 0.012664 0.860769
vt 0.015082 0.544234
vt 0.034502 0.544234
vt 0.073059 0.546736
vt 0.072319 0.544234
vt 0.074034 0.550876
vt 0.622917 0.880922
vt 0.610767 0.880922
vt 0.610984 0.871995
vt 0.623243 0.871995
vt 0.598616 0.880922
vt 0.598725 0.871995
vt 0.611169 0.867801
vt 0.623521 0.867801
vt 0.598817 0.867801
vt 0.634593 0.897657
vt 0.622562 0.897657
vt 0.635068 0.880922
vt 0.610530 0.897657
vt 0.598498 0.897657
vt 0.586466 0.897657
vt 0.586466 0.880922
vt 0.586466 0.871995
vt 0.586466 0.867801
vt 0.586466 0.865267
vt 0.598888 0.865267
vt 0.611310 0.865267
vt 0.623731 0.865267
vt 0.635872 0.867801
vt 0.636153 0.865267
vt 0.635502 0.871995
vt 0.270588 0.830421
vt 0.258438 0.830421
vt 0.259090 0.839348
vt 0.271349 0.839348
vt 0.246287 0.830421
vt 0.246831 0.839348
vt 0.259645 0.843541
vt 0.271997 0.843541
vt 0.247293 0.843541
vt 0.281791 0.813686
vt 0.269759 0.813686
vt 0.282739 0.830421
vt 0.257727 0.813686
vt 0.245695 0.813686
vt 0.247645 0.846075
vt 0.260067 0.846075
vt 0.272489 0.846075
vt 0.284348 0.843541
vt 0.284910 0.846075
vt 0.283608 0.839348
vt 0.133163 0.514269
vt 0.203146 0.514269
vt 0.203146 0.523084
vt 0.132538 0.523084
vt 0.273128 0.514269
vt 0.273754 0.523084
vt 0.203146 0.527224
vt 0.132005 0.527224
vt 0.274287 0.527224
vt 0.133846 0.497745
vt 0.203146 0.497745
vt 0.272446 0.497745
vt 0.274692 0.529726
vt 0.203146 0.529726
vt 0.131600 0.529726
vt 0.246287 0.876423
vt 0.258438 0.876423
vt 0.259090 0.867496
vt 0.246831 0.867496
vt 0.270588 0.876423
vt 0.271349 0.867496
vt 0.259645 0.863303
vt 0.247293 0.863303
vt 0.271997 0.863303
vt 0.245695 0.893158
vt 0.257727 0.893158
vt 0.269759 0.893158
vt 0.281791 0.893158
vt 0.282739 0.876423
vt 0.283608 0.867496
vt 0.284348 0.863303
vt 0.284910 0.860769
vt 0.272489 0.860769
vt 0.260067 0.860769
vt 0.247645 0.860769
vt 0.273128 0.559691
vt 0.203146 0.559691
vt 0.203146 0.550876
vt 0.273754 0.550876
vt 0.133163 0.559691
vt 0.132538 0.550876
vt 0.203146 0.546736
vt 0.274287 0.546736
vt 0.132005 0.546736
vt 0.272446 0.576215
vt 0.203146 0.576215
vt 0.133846 0.576215
vt 0.131600 0.544234
vt 0.203146 0.544234
vt 0.274692 0.544234
vt 0.076182 0.830421
vt 0.064031 0.830421
vt 0.062945 0.839348
vt 0.075204 0.839348
vt 0.051881 0.830421
vt 0.050686 0.839348
vt 0.062019 0.843541
vt 0.074371 0.843541
vt 0.049668 0.843541
vt 0.089280 0.813686
vt 0.077248 0.813686
vt 0.088332 0.830421
vt 0.065216 0.813686
vt 0.053184 0.813686
vt 0.048895 0.846075
vt 0.061316 0.846075
vt 0.073738 0.846075
vt 0.086722 0.843541
vt 0.086160 0.846075
vt 0.087463 0.839348
vt 0.550014 0.834919
vt 0.562165 0.834919
vt 0.561948 0.843846
vt 0.549689 0.843846
vt 0.574315 0.834919
vt 0.574207 0.843846
vt 0.561763 0.848040
vt 0.549411 0.848040
vt 0.574114 0.848040
vt 0.538338 0.818184
vt 0.550370 0.818184
vt 0.537864 0.834919
vt 0.562402 0.818184
vt 0.574434 0.818184
vt 0.574044 0.850574
vt 0.561622 0.850574
vt 0.549200 0.850574
vt 0.537059 0.848040
vt 0.536778 0.850574
vt 0.537430 0.843846
vt 0.051881 0.876423
vt 0.064031 0.876423
vt 0.062945 0.867496
vt 0.050686 0.867496
vt 0.076182 0.876423
vt 0.075204 0.867496
vt 0.062019 0.863303
vt 0.049668 0.863303
vt 0.074371 0.863303
vt 0.053184 0.893158
vt 0.065216 0.893158
vt 0.077248 0.893158
vt 0.089280 0.893158
vt 0.088332 0.876423
vt 0.087463 0.867496
vt 0.086722 0.863303
vt 0.086160 0.860769
vt 0.073738 0.860769
vt 0.061316 0.860769
vt 0.048895 0.860769
vt 0.574315 0.880922
vt 0.562165 0.880922
vt 0.561948 0.871995
vt 0.574207 0.871995
vt 0.550014 0.880922
vt 0.549689 0.871995
vt 0.561763 0.867801
vt 0.574114 0.867801
vt 0.549411 0.867801
vt 0.574434 0.897657
vt 0.562402 0.897657
vt 0.550370 0.897657
vt 0.538338 0.897657
vt 0.537864 0.880922
vt 0.537430 0.871995
vt 0.537059 0.867801
vt 0.536778 0.865267
vt 0.549200 0.865267
vt 0.561622 0.865267
vt 0.574044 0.865267
vt 0.319190 0.830421
vt 0.307039 0.830421
vt 0.308126 0.839348
vt 0.320385 0.839348
vt 0.294889 0.830421
vt 0.295867 0.839348
vt 0.309052 0.843541
vt 0.321403 0.843541
vt 0.296700 0.843541
vt 0.329918 0.813686
vt 0.317887 0.813686
vt 0.331340 0.830421
vt 0.305855 0.813686
vt 0.293823 0.813686
vt 0.297332 0.846075
vt 0.309754 0.846075
vt 0.322176 0.846075
vt 0.333755 0.843541
vt 0.334598 0.846075
vt 0.332644 0.839348
vt 0.744295 0.834919
vt 0.755559 0.834919
vt 0.757071 0.843846
vt 0.745706 0.843846
vt 0.387099 0.158596
vt 0.368104 0.158596
vt 0.369579 0.167411
vt 0.388744 0.167411
vt 0.758359 0.848040
vt 0.746908 0.848040
vt 0.370836 0.171551
vt 0.390145 0.171551
vt 0.730849 0.818184
vt 0.742756 0.818184
vt 0.732271 0.834919
vt 0.753910 0.818184
vt 0.385305 0.142072
vt 0.366495 0.142072
vt 0.329865 0.142072
vt 0.331113 0.158596
vt 0.332258 0.167411
vt 0.333232 0.171551
vt 0.333973 0.174053
vt 0.371790 0.174053
vt 0.391209 0.174053
vt 0.759337 0.850574
vt 0.747821 0.850574
vt 0.734685 0.848040
vt 0.735528 0.850574
vt 0.733575 0.843846
vt 0.042270 0.601917
vt 0.049602 0.632000
vt 0.031880 0.632869
vt 0.023739 0.602026
vt 0.066366 0.660441
vt 0.050730 0.663186
vt 0.019797 0.919300
vt 0.021506 0.950537
vt 0.032350 0.950948
vt 0.030827 0.919351
vt 0.023116 0.981243
vt 0.033700 0.982489
vt 0.078349 0.601852
vt 0.084066 0.631479
vt 0.096220 0.658535
vt 0.419303 0.377604
vt 0.413369 0.388209
vt 0.412521 0.399766
vt 0.045233 0.982667
vt 0.044008 0.951006
vt 0.042612 0.919358
vt 0.262167 0.413695
vt 0.268257 0.442018
vt 0.203146 0.441555
vt 0.203146 0.412180
vt 0.271393 0.472050
vt 0.203146 0.471992
vt 0.138034 0.442018
vt 0.144124 0.413695
vt 0.134899 0.472050
vt 0.310072 0.415425
vt 0.322226 0.442481
vt 0.327943 0.472108
vt 0.078349 0.472108
vt 0.084066 0.442481
vt 0.096220 0.415425
vt 0.066366 0.413519
vt 0.049602 0.441960
vt 0.031880 0.441091
vt 0.050730 0.410774
vt 0.042270 0.472043
vt 0.023739 0.471934
vt 0.023116 0.725601
vt 0.021506 0.756307
vt 0.032350 0.755896
vt 0.033700 0.724355
vt 0.019797 0.787544
vt 0.030827 0.787493
vt 0.042612 0.787485
vt 0.044008 0.755838
vt 0.045233 0.724177
vt 0.413369 0.030287
vt 0.412521 0.041844
vt 0.419303 0.019682
vt 0.271393 0.601910
vt 0.268257 0.631942
vt 0.203146 0.632405
vt 0.203146 0.601968
vt 0.262167 0.660266
vt 0.203146 0.661780
vt 0.138034 0.631942
vt 0.134899 0.601910
vt 0.144124 0.660266
vt 0.327943 0.601852
vt 0.322226 0.631479
vt 0.310072 0.658535
vt 0.337371 0.724355
vt 0.338721 0.755896
vt 0.349565 0.756307
vt 0.347955 0.725601
vt 0.340243 0.787493
vt 0.351274 0.787544
vt 0.050730 0.055101
vt 0.031880 0.085418
vt 0.049602 0.086287
vt 0.066366 0.057846
vt 0.023739 0.116261
vt 0.042270 0.116370
vt 0.412521 0.323019
vt 0.413369 0.334576
vt 0.325838 0.724177
vt 0.327063 0.755838
vt 0.328459 0.787485
vt 0.341825 0.813686
vt 0.352980 0.813686
vt 0.020986 0.142072
vt 0.039796 0.142072
vt 0.076426 0.142072
vt 0.078349 0.116435
vt 0.084066 0.086808
vt 0.096220 0.059752
vt 0.419303 0.345181
vt 0.134899 0.246237
vt 0.138034 0.276269
vt 0.203146 0.276732
vt 0.203146 0.246295
vt 0.144124 0.304593
vt 0.203146 0.306107
vt 0.268257 0.276269
vt 0.271393 0.246237
vt 0.262167 0.304593
vt 0.076426 0.220542
vt 0.078349 0.246179
vt 0.133846 0.220542
vt 0.084066 0.275806
vt 0.096220 0.302862
vt 0.310072 0.302862
vt 0.322226 0.275806
vt 0.327943 0.246179
vt 0.272446 0.220542
vt 0.329865 0.220542
vt 0.203146 0.220542
vt 0.144124 0.058021
vt 0.138034 0.086345
vt 0.203146 0.085882
vt 0.203146 0.056507
vt 0.134899 0.116377
vt 0.203146 0.116319
vt 0.268257 0.086345
vt 0.262167 0.058021
vt 0.271393 0.116377
vt 0.133846 0.142072
vt 0.203146 0.142072
vt 0.272446 0.142072
vt 0.327943 0.116435
vt 0.322226 0.086808
vt 0.310072 0.059752
vt 0.340243 0.919351
vt 0.338721 0.950948
vt 0.349565 0.950537
vt 0.351274 0.919300
vt 0.337371 0.982489
vt 0.347955 0.981243
vt 0.023739 0.246353
vt 0.031880 0.277196
vt 0.049602 0.276327
vt 0.042270 0.246244
vt 0.050730 0.307513
vt 0.066366 0.304768
vt 0.329919 0.893158
vt 0.328459 0.919358
vt 0.341825 0.893158
vt 0.327063 0.951006
vt 0.325838 0.982667
vt 0.412521 0.680942
vt 0.413369 0.692499
vt 0.419303 0.703104
vt 0.039796 0.220542
vt 0.020986 0.220542
vt 0.352980 0.893158
vt 0.364022 0.246244
vt 0.356690 0.276327
vt 0.374412 0.277196
vt 0.382552 0.246353
vt 0.339926 0.304768
vt 0.355561 0.307513
vt 0.752204 0.923798
vt 0.750495 0.955036
vt 0.739651 0.955446
vt 0.741174 0.923850
vt 0.748885 0.985741
vt 0.738302 0.986987
vt 0.366495 0.220542
vt 0.728662 0.703104
vt 0.734596 0.692499
vt 0.735444 0.680942
vt 0.726768 0.987165
vt 0.727993 0.955505
vt 0.729389 0.923857
vt 0.742756 0.897657
vt 0.730849 0.897657
vt 0.753910 0.897657
vt 0.385305 0.220542
vt 0.339926 0.057846
vt 0.356690 0.086287
vt 0.374412 0.085418
vt 0.355561 0.055101
vt 0.364022 0.116370
vt 0.382552 0.116261
vt 0.748885 0.730100
vt 0.750495 0.760805
vt 0.739651 0.760395
vt 0.738302 0.728854
vt 0.752204 0.792043
vt 0.741174 0.791991
vt 0.729389 0.791984
vt 0.727993 0.760336
vt 0.726768 0.728676
vt 0.734596 0.334576
vt 0.735444 0.323019
vt 0.728662 0.345181
vt 0.434630 0.728854
vt 0.433280 0.760395
vt 0.422437 0.760805
vt 0.424047 0.730100
vt 0.431758 0.791991
vt 0.420727 0.792043
vt 0.355561 0.410774
vt 0.374412 0.441091
vt 0.356690 0.441960
vt 0.339926 0.413519
vt 0.382552 0.471934
vt 0.364022 0.472043
vt 0.735444 0.041844
vt 0.734596 0.030287
vt 0.446163 0.728676
vt 0.444939 0.760336
vt 0.443542 0.791984
vt 0.728662 0.019682
vt 0.431758 0.923850
vt 0.433280 0.955446
vt 0.422437 0.955036
vt 0.420727 0.923798
vt 0.434630 0.986987
vt 0.424047 0.985741
vt 0.382552 0.602026
vt 0.374412 0.632869
vt 0.356690 0.632000
vt 0.364022 0.601917
vt 0.355561 0.663186
vt 0.339926 0.660441
vt 0.443542 0.923857
vt 0.444939 0.955505
vt 0.446163 0.987165
vt 0.735444 0.399766
vt 0.734596 0.388209
vt 0.728662 0.377604
vt 0.717479 0.923857
vt 0.716199 0.955505
vt 0.704405 0.955505
vt 0.705569 0.923857
vt 0.715076 0.987165
vt 0.703385 0.987165
vt 0.692611 0.955505
vt 0.693658 0.923857
vt 0.691693 0.987165
vt 0.718817 0.897657
vt 0.735444 0.669226
vt 0.735444 0.657510
vt 0.735444 0.645795
vt 0.735444 0.634079
vt 0.680001 0.987165
vt 0.680817 0.955505
vt 0.681748 0.923857
vt 0.694753 0.897657
vt 0.682721 0.897657
vt 0.706785 0.897657
vt 0.715076 0.728676
vt 0.716199 0.760336
vt 0.704405 0.760336
vt 0.703385 0.728676
vt 0.717479 0.791984
vt 0.705569 0.791984
vt 0.692611 0.760336
vt 0.691693 0.728676
vt 0.693658 0.791984
vt 0.735444 0.311304
vt 0.718817 0.818184
vt 0.706785 0.818184
vt 0.694753 0.818184
vt 0.682721 0.818184
vt 0.681748 0.791984
vt 0.680817 0.760336
vt 0.680001 0.728676
vt 0.735444 0.287872
vt 0.735444 0.276157
vt 0.735444 0.299588
vt 0.669838 0.923857
vt 0.669023 0.955505
vt 0.657229 0.955505
vt 0.657927 0.923857
vt 0.668309 0.987165
vt 0.656617 0.987165
vt 0.645436 0.955505
vt 0.646017 0.923857
vt 0.644925 0.987165
vt 0.670689 0.897657
vt 0.735444 0.622363
vt 0.735444 0.610648
vt 0.735444 0.598932
vt 0.735444 0.587216
vt 0.633233 0.987165
vt 0.633642 0.955505
vt 0.634107 0.923857
vt 0.646626 0.897657
vt 0.658657 0.897657
vt 0.668309 0.728676
vt 0.669023 0.760336
vt 0.657229 0.760336
vt 0.656617 0.728676
vt 0.669838 0.791984
vt 0.657927 0.791984
vt 0.645436 0.760336
vt 0.644925 0.728676
vt 0.646017 0.791984
vt 0.735444 0.264441
vt 0.670689 0.818184
vt 0.658657 0.818184
vt 0.646626 0.818184
vt 0.634107 0.791984
vt 0.633642 0.760336
vt 0.633233 0.728676
vt 0.735444 0.241010
vt 0.735444 0.229294
vt 0.735444 0.252725
vt 0.622197 0.923857
vt 0.621848 0.955505
vt 0.610054 0.955505
vt 0.610286 0.923857
vt 0.621541 0.987165
vt 0.609850 0.987165
vt 0.598260 0.955505
vt 0.598376 0.923857
vt 0.598158 0.987165
vt 0.735444 0.575501
vt 0.735444 0.563785
vt 0.735444 0.552070
vt 0.735444 0.540354
vt 0.586466 0.987165
vt 0.586466 0.955505
vt 0.586466 0.923857
vt 0.621541 0.728676
vt 0.621848 0.760336
vt 0.610054 0.760336
vt 0.609850 0.728676
vt 0.622197 0.791984
vt 0.610286 0.791984
vt 0.598260 0.760336
vt 0.598158 0.728676
vt 0.598376 0.791984
vt 0.735444 0.217579
vt 0.586466 0.791984
vt 0.586466 0.760336
vt 0.586466 0.728676
vt 0.735444 0.194147
vt 0.735444 0.182432
vt 0.735444 0.205863
vt 0.574556 0.923857
vt 0.574672 0.955505
vt 0.562878 0.955505
vt 0.562645 0.923857
vt 0.574774 0.987165
vt 0.563082 0.987165
vt 0.551084 0.955505
vt 0.550735 0.923857
vt 0.551390 0.987165
vt 0.735444 0.528638
vt 0.735444 0.516922
vt 0.735444 0.505207
vt 0.735444 0.493491
vt 0.539698 0.987165
vt 0.539290 0.955505
vt 0.538825 0.923857
vt 0.574774 0.728676
vt 0.574672 0.760336
vt 0.562878 0.760336
vt 0.563082 0.728676
vt 0.574556 0.791984
vt 0.562645 0.791984
vt 0.551084 0.760336
vt 0.551390 0.728676
vt 0.550735 0.791984
vt 0.735444 0.170716
vt 0.538825 0.791984
vt 0.539290 0.760336
vt 0.539698 0.728676
vt 0.735444 0.147285
vt 0.735444 0.135569
vt 0.735444 0.159000
vt 0.526914 0.923857
vt 0.527496 0.955505
vt 0.515702 0.955505
vt 0.515004 0.923857
vt 0.528007 0.987165
vt 0.516315 0.987165
vt 0.503908 0.955505
vt 0.503094 0.923857
vt 0.504623 0.987165
vt 0.526306 0.897657
vt 0.735444 0.481776
vt 0.735444 0.470060
vt 0.735444 0.458344
vt 0.735444 0.446629
vt 0.492931 0.987165
vt 0.492114 0.955505
vt 0.491184 0.923857
vt 0.502242 0.897657
vt 0.490210 0.897657
vt 0.514274 0.897657
vt 0.528007 0.728676
vt 0.527496 0.760336
vt 0.515702 0.760336
vt 0.516315 0.728676
vt 0.526914 0.791984
vt 0.515004 0.791984
vt 0.503908 0.760336
vt 0.504623 0.728676
vt 0.503094 0.791984
vt 0.735444 0.123853
vt 0.526306 0.818184
vt 0.514274 0.818184
vt 0.502242 0.818184
vt 0.490210 0.818184
vt 0.491184 0.791984
vt 0.492114 0.760336
vt 0.492931 0.728676
vt 0.735444 0.100422
vt 0.735444 0.088706
vt 0.735444 0.112138
vt 0.479273 0.923857
vt 0.480320 0.955505
vt 0.468526 0.955505
vt 0.467363 0.923857
vt 0.481239 0.987165
vt 0.469547 0.987165
vt 0.456732 0.955505
vt 0.455453 0.923857
vt 0.457855 0.987165
vt 0.478178 0.897657
vt 0.735444 0.434913
vt 0.735444 0.423197
vt 0.735444 0.411482
vt 0.454115 0.897657
vt 0.466146 0.897657
vt 0.481239 0.728676
vt 0.480320 0.760336
vt 0.468526 0.760336
vt 0.469547 0.728676
vt 0.479273 0.791984
vt 0.467363 0.791984
vt 0.456732 0.760336
vt 0.457855 0.728676
vt 0.455453 0.791984
vt 0.735444 0.076991
vt 0.478178 0.818184
vt 0.466146 0.818184
vt 0.454115 0.818184
vt 0.735444 0.053559
vt 0.735444 0.065275
vt 0.054522 0.919358
vt 0.055802 0.951006
vt 0.067596 0.951006
vt 0.066433 0.919358
vt 0.056925 0.982667
vt 0.068617 0.982667
vt 0.079390 0.951006
vt 0.078343 0.919358
vt 0.080309 0.982667
vt 0.412521 0.411482
vt 0.412521 0.423197
vt 0.412521 0.434913
vt 0.412521 0.446629
vt 0.092000 0.982667
vt 0.091184 0.951006
vt 0.090253 0.919358
vt 0.056925 0.724177
vt 0.055802 0.755838
vt 0.067596 0.755838
vt 0.068617 0.724177
vt 0.054522 0.787486
vt 0.066433 0.787485
vt 0.079390 0.755838
vt 0.080309 0.724177
vt 0.078343 0.787486
vt 0.412521 0.053559
vt 0.090253 0.787485
vt 0.091184 0.755838
vt 0.092000 0.724177
vt 0.412521 0.076991
vt 0.412521 0.088706
vt 0.412521 0.065275
vt 0.102163 0.919358
vt 0.102978 0.951006
vt 0.114772 0.951006
vt 0.114074 0.919358
vt 0.103692 0.982667
vt 0.115384 0.982667
vt 0.126566 0.951006
vt 0.125984 0.919358
vt 0.127076 0.982667
vt 0.101312 0.893158
vt 0.412521 0.458344
vt 0.412521 0.470060
vt 0.412521 0.481776
vt 0.412521 0.493491
vt 0.138768 0.982667
vt 0.138360 0.951006
vt 0.137894 0.919358
vt 0.125376 0.893158
vt 0.137408 0.893158
vt 0.113344 0.893158
vt 0.103692 0.724177
vt 0.102978 0.755838
vt 0.114772 0.755838
vt 0.115384 0.724177
vt 0.102163 0.787486
vt 0.114074 0.787485
vt 0.126566 0.755838
vt 0.127076 0.724177
vt 0.125984 0.787486
vt 0.412521 0.100422
vt 0.101312 0.813686
vt 0.113344 0.813686
vt 0.125376 0.813686
vt 0.137408 0.813686
vt 0.137894 0.787485
vt 0.138360 0.755838
vt 0.138768 0.724177
vt 0.412521 0.123853
vt 0.412521 0.135569
vt 0.412521 0.112138
vt 0.149804 0.919358
vt 0.150154 0.951006
vt 0.161947 0.951006
vt 0.161715 0.919358
vt 0.150460 0.982667
vt 0.162152 0.982667
vt 0.173741 0.951006
vt 0.173625 0.919358
vt 0.173843 0.982667
vt 0.149440 0.893158
vt 0.412521 0.505207
vt 0.412521 0.516922
vt 0.412521 0.528638
vt 0.412521 0.540354
vt 0.185535 0.982667
vt 0.185535 0.951006
vt 0.185535 0.919358
vt 0.173503 0.893158
vt 0.161472 0.893158
vt 0.150460 0.724177
vt 0.150154 0.755838
vt 0.161947 0.755838
vt 0.162152 0.724177
vt 0.149804 0.787486
vt 0.161715 0.787485
vt 0.173741 0.755838
vt 0.173843 0.724177
vt 0.173625 0.787486
vt 0.412521 0.147285
vt 0.149440 0.813686
vt 0.161472 0.813686
vt 0.173503 0.813686
vt 0.185535 0.787485
vt 0.185535 0.755838
vt 0.185535 0.724177
vt 0.412521 0.170716
vt 0.412521 0.182432
vt 0.412521 0.159000
vt 0.197446 0.919358
vt 0.197329 0.951006
vt 0.209123 0.951006
vt 0.209356 0.919358
vt 0.197227 0.982667
vt 0.208919 0.982667
vt 0.220917 0.951006
vt 0.221266 0.919358
vt 0.220611 0.982667
vt 0.412521 0.552070
vt 0.412521 0.563785
vt 0.412521 0.575501
vt 0.412521 0.587216
vt 0.232303 0.982667
vt 0.232711 0.951006
vt 0.233176 0.919358
vt 0.197227 0.724177
vt 0.197329 0.755838
vt 0.209123 0.755838
vt 0.208919 0.724177
vt 0.197446 0.787486
vt 0.209356 0.787485
vt 0.220917 0.755838
vt 0.220611 0.724177
vt 0.221266 0.787486
vt 0.412521 0.194147
vt 0.233176 0.787485
vt 0.232711 0.755838
vt 0.232303 0.724177
vt 0.412521 0.217579
vt 0.412521 0.229294
vt 0.412521 0.205863
vt 0.245087 0.919358
vt 0.244505 0.951006
vt 0.256299 0.951006
vt 0.256997 0.919358
vt 0.243995 0.982667
vt 0.255686 0.982667
vt 0.268093 0.951006
vt 0.268907 0.919358
vt 0.267378 0.982667
vt 0.412521 0.598932
vt 0.412521 0.610648
vt 0.412521 0.622363
vt 0.412521 0.634079
vt 0.279070 0.982667
vt 0.279887 0.951006
vt 0.280818 0.919358
vt 0.243995 0.724177
vt 0.244505 0.755838
vt 0.256299 0.755838
vt 0.255686 0.724177
vt 0.245087 0.787486
vt 0.256997 0.787485
vt 0.268093 0.755838
vt 0.267378 0.724177
vt 0.268907 0.787486
vt 0.412521 0.241010
vt 0.280818 0.787485
vt 0.279887 0.755838
vt 0.279070 0.724177
vt 0.412521 0.264441
vt 0.412521 0.276157
vt 0.412521 0.252725
vt 0.292728 0.919358
vt 0.291681 0.951006
vt 0.303475 0.951006
vt 0.304638 0.919358
vt 0.290762 0.982667
vt 0.302454 0.982667
vt 0.315269 0.951006
vt 0.316548 0.919358
vt 0.314146 0.982667
vt 0.293823 0.893158
vt 0.412521 0.645795
vt 0.412521 0.657510
vt 0.412521 0.669226
vt 0.317887 0.893158
vt 0.305855 0.893158
vt 0.290762 0.724177
vt 0.291681 0.755838
vt 0.303475 0.755838
vt 0.302454 0.724177
vt 0.292728 0.787486
vt 0.304638 0.787485
vt 0.315269 0.755838
vt 0.314146 0.724177
vt 0.316548 0.787486
vt 0.412521 0.287872
vt 0.412521 0.311304
vt 0.412521 0.299588
vt 0.297717 0.857449
vt 0.310182 0.857449
vt 0.310325 0.853422
vt 0.297846 0.853422
vt 0.322647 0.857449
vt 0.322804 0.853422
vt 0.310182 0.849395
vt 0.297717 0.849395
vt 0.322647 0.849395
vt 0.297332 0.860769
vt 0.285253 0.857449
vt 0.309754 0.860769
vt 0.322176 0.860769
vt 0.334598 0.860769
vt 0.335111 0.857449
vt 0.335282 0.853422
vt 0.335111 0.849395
vt 0.285253 0.849395
vt 0.285367 0.853422
vt 0.247859 0.857449
vt 0.260323 0.857449
vt 0.260409 0.853422
vt 0.247930 0.853422
vt 0.272788 0.857449
vt 0.272888 0.853422
vt 0.260323 0.849395
vt 0.247859 0.849395
vt 0.272788 0.849395
vt 0.235394 0.857449
vt 0.235394 0.849395
vt 0.235451 0.853422
vt 0.198000 0.857449
vt 0.210465 0.857449
vt 0.210493 0.853422
vt 0.198014 0.853422
vt 0.222929 0.857449
vt 0.222972 0.853422
vt 0.210465 0.849395
vt 0.198000 0.849395
vt 0.222929 0.849395
vt 0.185535 0.857449
vt 0.185535 0.849395
vt 0.185535 0.853422
vt 0.148141 0.857449
vt 0.160606 0.857449
vt 0.160577 0.853422
vt 0.148099 0.853422
vt 0.173071 0.857449
vt 0.173056 0.853422
vt 0.160606 0.849395
vt 0.148141 0.849395
vt 0.173071 0.849395
vt 0.135848 0.860769
vt 0.148270 0.860769
vt 0.135677 0.857449
vt 0.160692 0.860769
vt 0.173113 0.860769
vt 0.173113 0.846075
vt 0.160692 0.846075
vt 0.148270 0.846075
vt 0.135677 0.849395
vt 0.135848 0.846075
vt 0.135620 0.853422
vt 0.098283 0.857449
vt 0.110747 0.857449
vt 0.110662 0.853422
vt 0.098183 0.853422
vt 0.123212 0.857449
vt 0.123141 0.853422
vt 0.110747 0.849395
vt 0.098283 0.849395
vt 0.123212 0.849395
vt 0.098582 0.860769
vt 0.085818 0.857449
vt 0.111004 0.860769
vt 0.123426 0.860769
vt 0.123426 0.846075
vt 0.111004 0.846075
vt 0.098582 0.846075
vt 0.085818 0.849395
vt 0.085704 0.853422
vt 0.048424 0.857449
vt 0.060889 0.857449
vt 0.060746 0.853422
vt 0.048267 0.853422
vt 0.073353 0.857449
vt 0.073225 0.853422
vt 0.060889 0.849395
vt 0.048424 0.849395
vt 0.073353 0.849395
vt 0.035959 0.857449
vt 0.035959 0.849395
vt 0.035788 0.853422
vt 0.033921 0.540956
vt 0.014435 0.540956
vt 0.014219 0.536980
vt 0.033727 0.536980
vt 0.012069 0.857449
vt 0.023624 0.857449
vt 0.023439 0.853422
vt 0.011870 0.853422
vt 0.014435 0.533004
vt 0.033921 0.533004
vt 0.023624 0.849395
vt 0.012069 0.849395
vt 0.071868 0.540956
vt 0.071868 0.533004
vt 0.071718 0.536980
vt 0.474284 0.861948
vt 0.461819 0.861948
vt 0.461676 0.857921
vt 0.474155 0.857921
vt 0.449354 0.861948
vt 0.449198 0.857921
vt 0.461819 0.853893
vt 0.474284 0.853893
vt 0.449354 0.853893
vt 0.487091 0.865267
vt 0.474669 0.865267
vt 0.486748 0.861948
vt 0.462247 0.865267
vt 0.449825 0.865267
vt 0.436890 0.861948
vt 0.436719 0.857921
vt 0.436890 0.853893
vt 0.449825 0.850574
vt 0.462247 0.850574
vt 0.474669 0.850574
vt 0.486748 0.853893
vt 0.487091 0.850574
vt 0.486634 0.857921
vt 0.524142 0.861948
vt 0.511678 0.861948
vt 0.511592 0.857921
vt 0.524071 0.857921
vt 0.499213 0.861948
vt 0.499113 0.857921
vt 0.511678 0.853893
vt 0.524142 0.853893
vt 0.499213 0.853893
vt 0.524356 0.865267
vt 0.536607 0.861948
vt 0.511934 0.865267
vt 0.499513 0.865267
vt 0.499513 0.850574
vt 0.511934 0.850574
vt 0.524356 0.850574
vt 0.536607 0.853893
vt 0.536550 0.857921
vt 0.574001 0.861948
vt 0.561536 0.861948
vt 0.561508 0.857921
vt 0.573987 0.857921
vt 0.549072 0.861948
vt 0.549029 0.857921
vt 0.561536 0.853893
vt 0.574001 0.853893
vt 0.549072 0.853893
vt 0.586466 0.861948
vt 0.586466 0.853893
vt 0.586466 0.857920
vt 0.623860 0.861948
vt 0.611395 0.861948
vt 0.611424 0.857921
vt 0.623903 0.857921
vt 0.598930 0.861948
vt 0.598945 0.857921
vt 0.611395 0.853893
vt 0.623860 0.853893
vt 0.598930 0.853893
vt 0.636325 0.861948
vt 0.636325 0.853893
vt 0.636382 0.857921
vt 0.673718 0.861948
vt 0.661254 0.861948
vt 0.661339 0.857921
vt 0.673818 0.857921
vt 0.648789 0.861948
vt 0.648860 0.857921
vt 0.661254 0.853893
vt 0.673718 0.853893
vt 0.648789 0.853893
vt 0.685841 0.865267
vt 0.673419 0.865267
vt 0.686183 0.861948
vt 0.660997 0.865267
vt 0.648575 0.865267
vt 0.648575 0.850574
vt 0.660997 0.850574
vt 0.673419 0.850574
vt 0.686183 0.853893
vt 0.685841 0.850574
vt 0.686297 0.857921
vt 0.723577 0.861948
vt 0.711112 0.861948
vt 0.711255 0.857921
vt 0.723734 0.857921
vt 0.698648 0.861948
vt 0.698776 0.857921
vt 0.711112 0.853893
vt 0.723577 0.853893
vt 0.698648 0.853893
vt 0.735528 0.865267
vt 0.723107 0.865267
vt 0.736042 0.861948
vt 0.710685 0.865267
vt 0.698263 0.865267
vt 0.698263 0.850574
vt 0.710685 0.850574
vt 0.723107 0.850574
vt 0.736042 0.853893
vt 0.736213 0.857921
vt 0.372370 0.185283
vt 0.391857 0.185283
vt 0.392073 0.181307
vt 0.372564 0.181307
vt 0.759933 0.861948
vt 0.748377 0.861948
vt 0.748562 0.857921
vt 0.760131 0.857921
vt 0.391857 0.177331
vt 0.372370 0.177331
vt 0.748377 0.853893
vt 0.759932 0.853893
vt 0.333973 0.188561
vt 0.371790 0.188561
vt 0.334423 0.185283
vt 0.391209 0.188561
vt 0.759337 0.865267
vt 0.747821 0.865267
vt 0.334423 0.177331
vt 0.334573 0.181307
vt 0.274938 0.540956
vt 0.203146 0.540956
vt 0.203146 0.536980
vt 0.275020 0.536980
vt 0.131353 0.540956
vt 0.131271 0.536980
vt 0.203146 0.533004
vt 0.274938 0.533004
vt 0.131353 0.533004
vt 0.334423 0.540956
vt 0.334423 0.533004
vt 0.334573 0.536980
vt 0.424555 0.861948
vt 0.412999 0.861948
vt 0.412801 0.857921
vt 0.424370 0.857921
vt 0.391857 0.540956
vt 0.372370 0.540956
vt 0.372564 0.536980
vt 0.392073 0.536980
vt 0.412999 0.853893
vt 0.424555 0.853893
vt 0.372370 0.533004
vt 0.391857 0.533004
vt 0.131353 0.185283
vt 0.203146 0.185283
vt 0.203146 0.181307
vt 0.131271 0.181307
vt 0.274938 0.185283
vt 0.275020 0.181307
vt 0.203146 0.177331
vt 0.131353 0.177331
vt 0.274938 0.177331
vt 0.072319 0.188561
vt 0.131600 0.188561
vt 0.071868 0.185283
vt 0.203146 0.188561
vt 0.274692 0.188561
vt 0.274692 0.174053
vt 0.203146 0.174053
vt 0.131600 0.174053
vt 0.071868 0.177331
vt 0.072319 0.174053
vt 0.071718 0.181307
vt 0.347446 0.857449
vt 0.359002 0.857449
vt 0.359200 0.853422
vt 0.347631 0.853422
vt 0.014435 0.185283
vt 0.033921 0.185283
vt 0.033727 0.181307
vt 0.014219 0.181307
vt 0.359002 0.849395
vt 0.347446 0.849395
vt 0.033921 0.177331
vt 0.014435 0.177331
vt 0.346890 0.860769
vt 0.358407 0.860769
vt 0.015082 0.188561
vt 0.034502 0.188561
vt 0.034502 0.174053
vt 0.015082 0.174053
vt 0.358407 0.846075
vt 0.346890 0.846075
vt 0.671519 0.880922
vt 0.659368 0.880922
vt 0.660020 0.871995
vt 0.672279 0.871995
vt 0.647218 0.880922
vt 0.647761 0.871995
vt 0.660576 0.867801
vt 0.672927 0.867801
vt 0.648224 0.867801
vt 0.683669 0.880922
vt 0.685279 0.867801
vt 0.684538 0.871995
vt 0.477112 0.880922
vt 0.464962 0.880922
vt 0.463875 0.871995
vt 0.476134 0.871995
vt 0.452811 0.880922
vt 0.451616 0.871995
vt 0.462950 0.867801
vt 0.475301 0.867801
vt 0.450598 0.867801
vt 0.489262 0.880922
vt 0.487653 0.867801
vt 0.488393 0.871995
vt 0.133163 0.204018
vt 0.203146 0.204018
vt 0.203146 0.195203
vt 0.132538 0.195203
vt 0.273128 0.204018
vt 0.273754 0.195203
vt 0.203146 0.191063
vt 0.132005 0.191063
vt 0.274287 0.191063
vt 0.075178 0.204018
vt 0.331113 0.204018
vt 0.332258 0.195203
vt 0.333232 0.191063
vt 0.073059 0.191063
vt 0.074034 0.195203
vt 0.647218 0.834919
vt 0.659368 0.834919
vt 0.660020 0.843846
vt 0.647761 0.843846
vt 0.671519 0.834919
vt 0.672279 0.843846
vt 0.660576 0.848040
vt 0.648224 0.848040
vt 0.672927 0.848040
vt 0.683669 0.834919
vt 0.684538 0.843846
vt 0.685279 0.848040
vt 0.273128 0.158596
vt 0.203146 0.158596
vt 0.203146 0.167411
vt 0.273754 0.167411
vt 0.133163 0.158596
vt 0.132538 0.167411
vt 0.203146 0.171551
vt 0.274287 0.171551
vt 0.132005 0.171551
vt 0.075178 0.158596
vt 0.074034 0.167411
vt 0.073059 0.171551
vt 0.149084 0.876423
vt 0.161235 0.876423
vt 0.161017 0.867496
vt 0.148758 0.867496
vt 0.173385 0.876423
vt 0.173276 0.867496
vt 0.160832 0.863303
vt 0.148480 0.863303
vt 0.173184 0.863303
vt 0.136934 0.876423
vt 0.136129 0.863303
vt 0.136499 0.867496
vt 0.452811 0.834919
vt 0.464962 0.834919
vt 0.463875 0.843846
vt 0.451616 0.843846
vt 0.477112 0.834919
vt 0.476134 0.843846
vt 0.462950 0.848040
vt 0.450598 0.848040
vt 0.475301 0.848040
vt 0.489262 0.834919
vt 0.488393 0.843846
vt 0.487653 0.848040
vt 0.343364 0.876423
vt 0.354629 0.876423
vt 0.356140 0.867496
vt 0.344775 0.867496
vt 0.019192 0.204018
vt 0.038187 0.204018
vt 0.036713 0.195203
vt 0.017547 0.195203
vt 0.357429 0.863303
vt 0.345978 0.863303
vt 0.035456 0.191063
vt 0.016146 0.191063
vt 0.331340 0.876423
vt 0.333755 0.863303
vt 0.332644 0.867496
vt 0.173385 0.830421
vt 0.161235 0.830421
vt 0.161017 0.839348
vt 0.173276 0.839348
vt 0.149084 0.830421
vt 0.148758 0.839348
vt 0.160832 0.843541
vt 0.173184 0.843541
vt 0.148480 0.843541
vt 0.136934 0.830421
vt 0.136499 0.839348
vt 0.136129 0.843541
vt 0.720120 0.880922
vt 0.707970 0.880922
vt 0.709056 0.871995
vt 0.721316 0.871995
vt 0.695820 0.880922
vt 0.696797 0.871995
vt 0.709982 0.867801
vt 0.722334 0.867801
vt 0.697630 0.867801
vt 0.732271 0.880922
vt 0.734685 0.867801
vt 0.733575 0.871995
vt 0.038187 0.158596
vt 0.019192 0.158596
vt 0.017547 0.167411
vt 0.036713 0.167411
vt 0.354629 0.830421
vt 0.343364 0.830421
vt 0.344775 0.839348
vt 0.356140 0.839348
vt 0.016146 0.171551
vt 0.035456 0.171551
vt 0.345978 0.843541
vt 0.357429 0.843541
vt 0.695820 0.834919
vt 0.707970 0.834919
vt 0.709056 0.843846
vt 0.696797 0.843846
vt 0.720120 0.834919
vt 0.721316 0.843846
vt 0.709982 0.848040
vt 0.697630 0.848040
vt 0.722334 0.848040
vt 0.525714 0.880922
vt 0.513563 0.880922
vt 0.512911 0.871995
vt 0.525171 0.871995
vt 0.501413 0.880922
vt 0.500652 0.871995
vt 0.512356 0.867801
vt 0.524708 0.867801
vt 0.500004 0.867801
vt 0.100482 0.876423
vt 0.112633 0.876423
vt 0.111981 0.867496
vt 0.099722 0.867496
vt 0.124783 0.876423
vt 0.124240 0.867496
vt 0.111426 0.863303
vt 0.099074 0.863303
vt 0.123777 0.863303
vt 0.294889 0.876423
vt 0.307039 0.876423
vt 0.308126 0.867496
vt 0.295867 0.867496
vt 0.319190 0.876423
vt 0.320385 0.867496
vt 0.309052 0.863303
vt 0.296700 0.863303
vt 0.321403 0.863303
vt 0.501413 0.834919
vt 0.513563 0.834919
vt 0.512911 0.843846
vt 0.500652 0.843846
vt 0.525714 0.834919
vt 0.525171 0.843846
vt 0.512356 0.848040
vt 0.500004 0.848040
vt 0.524708 0.848040
vt 0.124783 0.830421
vt 0.112633 0.830421
vt 0.111981 0.839348
vt 0.124240 0.839348
vt 0.100482 0.830421
vt 0.099722 0.839348
vt 0.111426 0.843541
vt 0.123777 0.843541
vt 0.099074 0.843541
vt 0.368104 0.204018
vt 0.387099 0.204018
vt 0.388744 0.195203
vt 0.369579 0.195203
vt 0.755559 0.880922
vt 0.744295 0.880922
vt 0.745706 0.871995
vt 0.757071 0.871995
vt 0.390145 0.191063
vt 0.370836 0.191063
vt 0.746908 0.867801
vt 0.758359 0.867801
s 0
g Sandbags_Material.009
usemtl Material.009
f 745/1/1 746/2/1 749/3/1 748/4/1
f 746/2/2 747/5/2 750/6/2 749/3/2
f 748/4/3 749/3/3 752/7/3 751/8/3
f 749/3/4 750/6/4 753/9/4 752/7/4
f 15/10/5 258/11/5 745/1/5 109/12/5
f 258/11/6 257/13/6 746/2/6 745/1/6
f 257/13/7 256/14/7 747/5/7 746/2/7
f 256/14/8 23/15/8 177/16/8 747/5/8
f 747/5/9 177/16/9 176/17/9 750/6/9
f 750/18/10 176/19/10 175/20/10 753/21/10
f 753/21/11 175/20/11 5/22/11 129/23/11
f 752/24/12 753/21/12 129/23/12 128/25/12
f 751/26/13 752/24/13 128/25/13 127/27/13
f 111/28/14 751/26/14 127/27/14 1/29/14
f 110/30/15 748/31/15 751/26/15 111/28/15
f 109/12/16 745/1/16 748/4/16 110/32/16
f 754/33/17 755/34/17 758/35/17 757/36/17
f 755/34/18 756/37/18 759/38/18 758/35/18
f 757/36/19 758/35/19 761/39/19 760/40/19
f 758/35/20 759/38/20 762/41/20 761/39/20
f 36/42/21 237/43/21 754/33/21 124/44/21
f 237/43/22 236/45/22 755/34/22 754/33/22
f 236/45/23 235/46/23 756/37/23 755/34/23
f 235/46/24 16/47/24 156/48/24 756/37/24
f 756/37/25 156/48/25 155/49/25 759/38/25
f 759/50/26 155/51/26 154/52/26 762/53/26
f 762/53/27 154/52/27 2/54/27 132/55/27
f 761/56/28 762/53/28 132/55/28 131/57/28
f 760/58/29 761/56/29 131/57/29 130/59/29
f 126/60/30 760/58/30 130/59/30 6/61/30
f 125/62/31 757/63/31 760/58/31 126/60/31
f 124/44/32 754/33/32 757/36/32 125/64/32
f 763/65/33 764/66/33 767/67/33 766/68/33
f 764/66/34 765/69/34 768/70/34 767/67/34
f 766/68/35 767/67/35 770/71/35 769/72/35
f 767/67/36 768/70/36 771/73/36 770/71/36
f 8/74/37 120/75/37 763/76/37 196/77/37
f 120/75/38 119/78/38 764/79/38 763/76/38
f 119/78/39 118/80/39 765/81/39 764/79/39
f 118/80/40 4/82/40 114/83/40 765/81/40
f 765/81/41 114/83/41 113/84/41 768/85/41
f 768/70/42 113/86/42 112/87/42 771/73/42
f 771/73/43 112/87/43 22/88/43 217/89/43
f 770/71/44 771/73/44 217/89/44 218/90/44
f 769/72/45 770/71/45 218/90/45 219/91/45
f 198/92/46 769/72/46 219/91/46 30/93/46
f 197/94/47 766/68/47 769/72/47 198/92/47
f 196/77/48 763/76/48 766/95/48 197/96/48
f 772/97/49 773/98/49 776/99/49 775/100/49
f 773/98/50 774/101/50 777/102/50 776/99/50
f 775/100/49 776/99/49 779/103/49 778/104/49
f 776/99/50 777/102/50 780/105/50 779/103/50
f 30/93/51 219/91/51 772/97/51 199/106/51
f 219/91/49 218/90/49 773/98/49 772/97/49
f 218/90/50 217/89/50 774/101/50 773/98/50
f 217/89/52 22/88/52 174/107/52 774/101/52
f 774/101/52 174/107/52 173/108/52 777/102/52
f 777/102/52 173/108/52 172/109/52 780/105/52
f 780/105/52 172/109/52 21/110/52 220/111/52
f 779/103/50 780/105/50 220/111/50 221/112/50
f 778/104/49 779/103/49 221/112/49 222/113/49
f 201/114/51 778/104/51 222/113/51 31/115/51
f 200/116/51 775/100/51 778/104/51 201/114/51
f 199/106/51 772/97/51 775/100/51 200/116/51
f 781/117/49 782/118/49 785/119/49 784/120/49
f 782/118/50 783/121/50 786/122/50 785/119/50
f 784/120/49 785/119/49 788/123/49 787/124/49
f 785/119/50 786/122/50 789/125/50 788/123/50
f 31/115/51 222/113/51 781/117/51 202/126/51
f 222/113/49 221/112/49 782/118/49 781/117/49
f 221/112/50 220/111/50 783/121/50 782/118/50
f 220/111/52 21/110/52 171/127/52 783/121/52
f 783/121/52 171/127/52 170/128/52 786/122/52
f 786/122/52 170/128/52 169/129/52 789/125/52
f 789/125/52 169/129/52 20/130/52 223/131/52
f 788/123/50 789/125/50 223/131/50 224/132/50
f 787/124/49 788/123/49 224/132/49 225/133/49
f 204/134/51 787/124/51 225/133/51 32/135/51
f 203/136/51 784/120/51 787/124/51 204/134/51
f 202/126/51 781/117/51 784/120/51 203/136/51
f 790/137/49 791/138/49 794/139/49 793/140/49
f 791/138/50 792/141/50 795/142/50 794/139/50
f 793/140/49 794/139/49 797/143/49 796/144/49
f 794/139/50 795/142/50 798/145/50 797/143/50
f 32/135/51 225/133/51 790/137/51 205/146/51
f 225/133/49 224/132/49 791/138/49 790/137/49
f 224/132/50 223/131/50 792/141/50 791/138/50
f 223/131/52 20/130/52 168/147/52 792/141/52
f 792/141/52 168/147/52 167/148/52 795/142/52
f 795/142/52 167/148/52 166/149/52 798/145/52
f 798/145/52 166/149/52 19/150/52 226/151/52
f 797/143/50 798/145/50 226/151/50 227/152/50
f 796/144/49 797/143/49 227/152/49 228/153/49
f 207/154/51 796/144/51 228/153/51 33/155/51
f 206/156/51 793/140/51 796/144/51 207/154/51
f 205/146/51 790/137/51 793/140/51 206/156/51
f 799/157/49 800/158/49 803/159/49 802/160/49
f 800/158/50 801/161/50 804/162/50 803/159/50
f 802/160/49 803/159/49 806/163/49 805/164/49
f 803/159/50 804/162/50 807/165/50 806/163/50
f 33/155/51 228/153/51 799/157/51 208/166/51
f 228/153/49 227/152/49 800/158/49 799/157/49
f 227/152/50 226/151/50 801/161/50 800/158/50
f 226/151/52 19/150/52 165/167/52 801/161/52
f 801/161/52 165/167/52 164/168/52 804/162/52
f 804/162/52 164/168/52 163/169/52 807/165/52
f 807/165/52 163/169/52 18/170/52 229/171/52
f 806/163/50 807/165/50 229/171/50 230/172/50
f 805/164/49 806/163/49 230/172/49 231/173/49
f 210/174/51 805/164/51 231/173/51 34/175/51
f 209/176/51 802/160/51 805/164/51 210/174/51
f 208/166/51 799/157/51 802/160/51 209/176/51
f 808/177/49 809/178/49 812/179/49 811/180/49
f 809/178/50 810/181/50 813/182/50 812/179/50
f 811/180/49 812/179/49 815/183/49 814/184/49
f 812/179/50 813/182/50 816/185/50 815/183/50
f 34/175/51 231/173/51 808/177/51 211/186/51
f 231/173/49 230/172/49 809/178/49 808/177/49
f 230/172/50 229/171/50 810/181/50 809/178/50
f 229/171/52 18/170/52 162/187/52 810/181/52
f 810/181/52 162/187/52 161/188/52 813/182/52
f 813/182/52 161/188/52 160/189/52 816/185/52
f 816/185/52 160/189/52 17/190/52 232/191/52
f 815/183/50 816/185/50 232/191/50 233/192/50
f 814/184/49 815/183/49 233/192/49 234/193/49
f 213/194/51 814/184/51 234/193/51 35/195/51
f 212/196/51 811/180/51 814/184/51 213/194/51
f 211/186/51 808/177/51 811/180/51 212/196/51
f 817/197/49 818/198/49 821/199/49 820/200/49
f 818/198/50 819/201/50 822/202/50 821/199/50
f 820/200/49 821/199/49 824/203/49 823/204/49
f 821/199/50 822/202/50 825/205/50 824/203/50
f 35/195/51 234/193/51 817/197/51 214/206/51
f 234/193/49 233/192/49 818/198/49 817/197/49
f 233/192/50 232/191/50 819/201/50 818/198/50
f 232/191/52 17/190/52 159/207/52 819/201/52
f 819/201/52 159/207/52 158/208/52 822/202/52
f 822/202/52 158/208/52 157/209/52 825/205/52
f 825/205/52 157/209/52 16/47/52 235/46/52
f 824/203/50 825/205/50 235/46/50 236/45/50
f 823/204/49 824/203/49 236/45/49 237/43/49
f 216/210/51 823/204/51 237/43/51 36/42/51
f 215/211/51 820/200/51 823/204/51 216/210/51
f 214/206/51 817/197/51 820/200/51 215/211/51
f 826/212/53 827/213/53 830/214/53 829/215/53
f 827/213/54 828/216/54 831/217/54 830/214/54
f 829/215/55 830/214/55 833/218/55 832/219/55
f 830/214/56 831/217/56 834/220/56 833/218/56
f 3/221/57 117/222/57 826/223/57 133/224/57
f 117/222/58 116/225/58 827/226/58 826/223/58
f 116/225/59 115/227/59 828/228/59 827/226/59
f 115/227/60 7/229/60 123/230/60 828/228/60
f 828/228/61 123/230/61 122/231/61 831/232/61
f 831/217/62 122/233/62 121/234/62 834/220/62
f 834/220/63 121/234/63 29/235/63 238/236/63
f 833/218/64 834/220/64 238/236/64 239/237/64
f 832/219/65 833/218/65 239/237/65 240/238/65
f 135/239/66 832/219/66 240/238/66 9/240/66
f 134/241/67 829/215/67 832/219/67 135/239/67
f 133/224/68 826/223/68 829/242/68 134/243/68
f 835/244/69 836/245/69 839/246/69 838/247/69
f 836/245/70 837/248/70 840/249/70 839/246/70
f 838/247/69 839/246/69 842/250/69 841/251/69
f 839/246/70 840/249/70 843/252/70 842/250/70
f 9/240/71 240/238/71 835/244/71 136/253/71
f 240/238/69 239/237/69 836/245/69 835/244/69
f 239/237/70 238/236/70 837/248/70 836/245/70
f 238/236/72 29/235/72 195/254/72 837/248/72
f 837/248/72 195/254/72 194/255/72 840/249/72
f 840/249/72 194/255/72 193/256/72 843/252/72
f 843/252/72 193/256/72 28/257/72 241/258/72
f 842/250/70 843/252/70 241/258/70 242/259/70
f 841/251/69 842/250/69 242/259/69 243/260/69
f 138/261/71 841/251/71 243/260/71 10/262/71
f 137/263/71 838/247/71 841/251/71 138/261/71
f 136/253/71 835/244/71 838/247/71 137/263/71
f 844/264/69 845/265/69 848/266/69 847/267/69
f 845/265/70 846/268/70 849/269/70 848/266/70
f 847/267/69 848/266/69 851/270/69 850/271/69
f 848/266/70 849/269/70 852/272/70 851/270/70
f 10/262/71 243/260/71 844/264/71 139/273/71
f 243/260/69 242/259/69 845/265/69 844/264/69
f 242/259/70 241/258/70 846/268/70 845/265/70
f 241/258/72 28/257/72 192/274/72 846/268/72
f 846/268/72 192/274/72 191/275/72 849/269/72
f 849/269/72 191/275/72 190/276/72 852/272/72
f 852/272/72 190/276/72 27/277/72 244/278/72
f 851/270/70 852/272/70 244/278/70 245/279/70
f 850/271/69 851/270/69 245/279/69 246/280/69
f 141/281/71 850/271/71 246/280/71 11/282/71
f 140/283/71 847/267/71 850/271/71 141/281/71
f 139/273/71 844/264/71 847/267/71 140/283/71
f 853/284/69 854/285/69 857/286/69 856/287/69
f 854/285/70 855/288/70 858/289/70 857/286/70
f 856/287/69 857/286/69 860/290/69 859/291/69
f 857/286/70 858/289/70 861/292/70 860/290/70
f 11/282/71 246/280/71 853/284/71 142/293/71
f 246/280/69 245/279/69 854/285/69 853/284/69
f 245/279/70 244/278/70 855/288/70 854/285/70
f 244/278/72 27/277/72 189/294/72 855/288/72
f 855/288/72 189/294/72 188/295/72 858/289/72
f 858/289/72 188/295/72 187/296/72 861/292/72
f 861/292/72 187/296/72 26/297/72 247/298/72
f 860/290/70 861/292/70 247/298/70 248/299/70
f 859/291/69 860/290/69 248/299/69 249/300/69
f 144/301/71 859/291/71 249/300/71 12/302/71
f 143/303/71 856/287/71 859/291/71 144/301/71
f 142/293/71 853/284/71 856/287/71 143/303/71
f 862/304/69 863/305/69 866/306/69 865/307/69
f 863/305/70 864/308/70 867/309/70 866/306/70
f 865/307/69 866/306/69 869/310/69 868/311/69
f 866/306/70 867/309/70 870/312/70 869/310/70
f 12/302/71 249/300/71 862/304/71 145/313/71
f 249/300/69 248/299/69 863/305/69 862/304/69
f 248/299/70 247/298/70 864/308/70 863/305/70
f 247/298/72 26/297/72 186/314/72 864/308/72
f 864/308/72 186/314/72 185/315/72 867/309/72
f 867/309/72 185/315/72 184/316/72 870/312/72
f 870/312/72 184/316/72 25/317/72 250/318/72
f 869/310/70 870/312/70 250/318/70 251/319/70
f 868/311/69 869/310/69 251/319/69 252/320/69
f 147/321/71 868/311/71 252/320/71 13/322/71
f 146/323/71 865/307/71 868/311/71 147/321/71
f 145/313/71 862/304/71 865/307/71 146/323/71
f 871/324/69 872/325/69 875/326/69 874/327/69
f 872/325/70 873/328/70 876/329/70 875/326/70
f 874/327/69 875/326/69 878/330/69 877/331/69
f 875/326/70 876/329/70 879/332/70 878/330/70
f 13/322/71 252/320/71 871/324/71 148/333/71
f 252/320/69 251/319/69 872/325/69 871/324/69
f 251/319/70 250/318/70 873/328/70 872/325/70
f 250/318/72 25/317/72 183/334/72 873/328/72
f 873/328/72 183/334/72 182/335/72 876/329/72
f 876/329/72 182/335/72 181/336/72 879/332/72
f 879/332/72 181/336/72 24/337/72 253/338/72
f 878/330/70 879/332/70 253/338/70 254/339/70
f 877/331/69 878/330/69 254/339/69 255/340/69
f 150/341/71 877/331/71 255/340/71 14/342/71
f 149/343/71 874/327/71 877/331/71 150/341/71
f 148/333/71 871/324/71 874/327/71 149/343/71
f 880/344/69 881/345/69 884/346/69 883/347/69
f 881/345/70 882/348/70 885/349/70 884/346/70
f 883/347/69 884/346/69 887/350/69 886/351/69
f 884/346/70 885/349/70 888/352/70 887/350/70
f 14/342/71 255/340/71 880/344/71 151/353/71
f 255/340/69 254/339/69 881/345/69 880/344/69
f 254/339/70 253/338/70 882/348/70 881/345/70
f 253/338/72 24/337/72 180/354/72 882/348/72
f 882/348/72 180/354/72 179/355/72 885/349/72
f 885/349/72 179/355/72 178/356/72 888/352/72
f 888/352/72 178/356/72 23/15/72 256/14/72
f 887/350/70 888/352/70 256/14/70 257/13/70
f 886/351/69 887/350/69 257/13/69 258/11/69
f 153/357/71 886/351/71 258/11/71 15/10/71
f 152/358/71 883/347/71 886/351/71 153/357/71
f 151/353/71 880/344/71 883/347/71 152/358/71
f 889/359/73 890/360/73 893/361/73 892/362/73
f 890/360/73 891/363/73 894/364/73 893/361/73
f 892/362/74 893/361/74 896/365/74 895/366/74
f 893/361/74 894/364/74 897/367/74 896/365/74
f 67/368/75 286/369/75 889/359/75 691/370/75
f 286/369/75 287/371/75 890/360/75 889/359/75
f 287/371/75 288/372/75 891/363/75 890/360/75
f 288/372/75 65/373/75 709/374/75 891/363/75
f 891/363/73 709/374/73 710/375/73 894/364/73
f 894/364/74 710/375/74 711/376/74 897/367/74
f 897/367/76 711/376/76 79/377/76 558/378/76
f 896/365/76 897/367/76 558/378/76 557/379/76
f 895/366/76 896/365/76 557/379/76 556/380/76
f 693/381/76 895/366/76 556/380/76 77/382/76
f 692/383/74 892/362/74 895/366/74 693/381/74
f 691/370/73 889/359/73 892/362/73 692/383/73
f 898/384/77 899/385/77 902/386/77 901/387/77
f 899/385/77 900/388/77 903/389/77 902/386/77
f 901/387/78 902/386/78 905/390/78 904/391/78
f 902/386/78 903/389/78 906/392/78 905/390/78
f 66/393/79 283/394/79 898/384/79 708/395/79
f 283/394/79 284/396/79 899/385/79 898/384/79
f 284/396/79 285/397/79 900/388/79 899/385/79
f 285/397/79 68/398/79 273/399/79 900/388/79
f 900/388/77 273/399/77 272/400/77 903/389/77
f 903/389/78 272/400/78 271/401/78 906/392/78
f 906/392/80 271/401/80 78/402/80 555/403/80
f 905/390/80 906/392/80 555/403/80 554/404/80
f 904/391/80 905/390/80 554/404/80 553/405/80
f 706/406/80 904/391/80 553/405/80 80/407/80
f 707/408/78 901/387/78 904/391/78 706/406/78
f 708/395/77 898/384/77 901/387/77 707/408/77
f 907/409/81 908/410/81 911/411/81 910/412/81
f 908/413/82 909/414/82 912/415/82 911/416/82
f 910/412/83 911/411/83 914/417/83 913/418/83
f 911/416/84 912/415/84 915/419/84 914/420/84
f 43/421/85 403/422/85 907/409/85 265/423/85
f 403/422/86 404/424/86 908/410/86 907/409/86
f 404/425/87 405/426/87 909/414/87 908/413/87
f 405/426/88 58/427/88 703/428/88 909/414/88
f 909/414/89 703/428/89 704/429/89 912/415/89
f 912/415/90 704/429/90 705/430/90 915/419/90
f 915/419/91 705/430/91 92/431/91 675/432/91
f 914/420/92 915/419/92 675/432/92 674/433/92
f 913/418/93 914/417/93 674/434/93 673/435/93
f 267/436/94 913/418/94 673/435/94 105/437/94
f 266/438/95 910/412/95 913/418/95 267/436/95
f 265/423/96 907/409/96 910/412/96 266/438/96
f 916/439/97 917/440/97 920/441/97 919/442/97
f 917/443/98 918/444/98 921/445/98 920/446/98
f 919/442/99 920/441/99 923/447/99 922/448/99
f 920/446/100 921/445/100 924/449/100 923/450/100
f 59/451/101 322/452/101 916/439/101 316/453/101
f 322/452/102 323/454/102 917/440/102 916/439/102
f 323/455/103 324/456/103 918/444/103 917/443/103
f 324/456/104 37/457/104 261/458/104 918/444/104
f 918/444/105 261/458/105 260/459/105 921/445/105
f 921/445/106 260/459/106 259/460/106 924/449/106
f 924/449/107 259/460/107 87/461/107 594/462/107
f 923/450/108 924/449/108 594/462/108 593/463/108
f 922/448/109 923/447/109 593/464/109 592/465/109
f 318/466/110 922/448/110 592/465/110 85/467/110
f 317/468/111 919/442/111 922/448/111 318/466/111
f 316/453/112 916/439/112 919/442/112 317/468/112
f 925/469/113 926/470/113 929/471/113 928/472/113
f 926/470/113 927/473/113 930/474/113 929/471/113
f 928/472/114 929/471/114 932/475/114 931/476/114
f 929/471/114 930/474/114 933/477/114 932/475/114
f 51/478/115 361/479/115 925/469/115 331/480/115
f 361/479/115 362/481/115 926/470/115 925/469/115
f 362/481/115 363/482/115 927/473/115 926/470/115
f 363/482/115 49/483/115 700/484/115 927/473/115
f 927/473/113 700/484/113 701/485/113 930/474/113
f 930/474/114 701/485/114 702/486/114 933/477/114
f 933/477/116 702/486/116 97/487/116 633/488/116
f 932/475/116 933/477/116 633/488/116 632/489/116
f 931/476/116 932/475/116 632/489/116 631/490/116
f 333/491/116 931/476/116 631/490/116 95/492/116
f 332/493/114 928/472/114 931/476/114 333/491/114
f 331/480/113 925/469/113 928/472/113 332/493/113
f 934/494/117 935/495/117 938/496/117 937/497/117
f 935/498/118 936/499/118 939/500/118 938/501/118
f 937/497/119 938/496/119 941/502/119 940/503/119
f 938/501/120 939/500/120 942/504/120 941/505/120
f 57/506/121 400/507/121 934/494/121 699/508/121
f 400/507/122 401/509/122 935/495/122 934/494/122
f 401/510/123 402/511/123 936/499/123 935/498/123
f 402/511/124 44/512/124 291/513/124 936/499/124
f 936/499/125 291/513/125 290/514/125 939/500/125
f 939/500/126 290/514/126 289/515/126 942/504/126
f 942/504/127 289/515/127 106/516/127 672/517/127
f 941/505/128 942/504/128 672/517/128 671/518/128
f 940/503/129 941/502/129 671/519/129 670/520/129
f 697/521/130 940/503/130 670/520/130 91/522/130
f 698/523/131 937/497/131 940/503/131 697/521/131
f 699/508/132 934/494/132 937/497/132 698/523/132
f 943/524/133 944/525/133 947/526/133 946/527/133
f 944/528/134 945/529/134 948/530/134 947/531/134
f 946/527/135 947/526/135 950/532/135 949/533/135
f 947/531/136 948/530/136 951/534/136 950/535/136
f 38/536/137 319/537/137 943/524/137 298/538/137
f 319/537/138 320/539/138 944/525/138 943/524/138
f 320/540/139 321/541/139 945/529/139 944/528/139
f 321/541/140 60/542/140 339/543/140 945/529/140
f 945/529/141 339/543/141 338/544/141 948/530/141
f 948/530/142 338/544/142 337/545/142 951/534/142
f 951/534/143 337/545/143 86/546/143 591/547/143
f 950/535/144 951/534/144 591/547/144 590/548/144
f 949/533/145 950/532/145 590/549/145 589/550/145
f 300/551/146 949/533/146 589/550/146 88/552/146
f 299/553/147 946/527/147 949/533/147 300/551/147
f 298/538/148 943/524/148 946/527/148 299/553/148
f 952/554/149 953/555/149 956/556/149 955/557/149
f 953/555/149 954/558/149 957/559/149 956/556/149
f 955/557/150 956/556/150 959/560/150 958/561/150
f 956/556/150 957/559/150 960/562/150 959/560/150
f 50/563/151 358/564/151 952/554/151 696/565/151
f 358/564/151 359/566/151 953/555/151 952/554/151
f 359/566/151 360/567/151 954/558/151 953/555/151
f 360/567/151 52/568/151 357/569/151 954/558/151
f 954/558/149 357/569/149 356/570/149 957/559/149
f 957/559/150 356/570/150 355/571/150 960/562/150
f 960/562/152 355/571/152 96/572/152 630/573/152
f 959/560/152 960/562/152 630/573/152 629/574/152
f 958/561/152 959/560/152 629/574/152 628/575/152
f 694/576/152 958/561/152 628/575/152 98/577/152
f 695/578/150 955/557/150 958/561/150 694/576/150
f 696/565/149 952/554/149 955/557/149 695/578/149
f 961/579/73 962/580/73 965/581/73 964/582/73
f 962/580/73 963/583/73 966/584/73 965/581/73
f 964/582/74 965/581/74 968/585/74 967/586/74
f 965/581/74 966/584/74 969/587/74 968/585/74
f 69/588/75 277/589/75 961/579/75 382/590/75
f 277/589/75 278/591/75 962/580/75 961/579/75
f 278/591/75 279/592/75 963/583/75 962/580/75
f 279/592/75 67/368/75 691/370/75 963/583/75
f 963/583/73 691/370/73 692/383/73 966/584/73
f 966/584/74 692/383/74 693/381/74 969/587/74
f 969/587/76 693/381/76 77/382/76 549/593/76
f 968/585/76 969/587/76 549/593/76 548/594/76
f 967/586/76 968/585/76 548/594/76 547/595/76
f 384/596/76 967/586/76 547/595/76 73/597/76
f 383/598/74 964/582/74 967/586/74 384/596/74
f 382/590/73 961/579/73 964/582/73 383/598/73
f 970/599/153 971/600/153 974/601/153 973/602/153
f 971/600/154 972/603/154 975/604/154 974/601/154
f 973/602/155 974/601/155 977/605/155 976/606/155
f 974/601/156 975/604/156 978/607/156 977/605/156
f 37/457/157 397/608/157 970/599/157 261/458/157
f 397/608/158 398/609/158 971/600/158 970/599/158
f 398/609/159 399/610/159 972/603/159 971/600/159
f 399/610/160 43/421/160 265/423/160 972/603/160
f 972/603/161 265/423/161 266/438/161 975/604/161
f 975/604/162 266/438/162 267/436/162 978/607/162
f 978/607/163 267/436/163 105/437/163 669/611/163
f 977/605/164 978/607/164 669/611/164 668/612/164
f 976/606/165 977/605/165 668/612/165 667/613/165
f 259/460/166 976/606/166 667/613/166 87/461/166
f 260/459/167 973/602/167 976/606/167 259/460/167
f 261/458/168 970/599/168 973/602/168 260/459/168
f 979/614/77 980/615/77 983/616/77 982/617/77
f 980/615/77 981/618/77 984/619/77 983/616/77
f 982/617/78 983/616/78 986/620/78 985/621/78
f 983/616/78 984/619/78 987/622/78 986/620/78
f 68/398/79 274/623/79 979/614/79 273/399/79
f 274/623/79 275/624/79 980/615/79 979/614/79
f 275/624/79 276/625/79 981/618/79 980/615/79
f 276/625/79 70/626/79 280/627/79 981/618/79
f 981/618/77 280/627/77 281/628/77 984/619/77
f 984/619/78 281/628/78 282/629/78 987/622/78
f 987/622/80 282/629/80 74/630/80 546/631/80
f 986/620/80 987/622/80 546/631/80 545/632/80
f 985/621/80 986/620/80 545/632/80 544/633/80
f 271/401/80 985/621/80 544/633/80 78/402/80
f 272/400/78 982/617/78 985/621/78 271/401/78
f 273/399/77 979/614/77 982/617/77 272/400/77
f 988/634/169 989/635/169 992/636/169 991/637/169
f 989/635/170 990/638/170 993/639/170 992/636/170
f 991/637/171 992/636/171 995/640/171 994/641/171
f 992/636/172 993/639/172 996/642/172 995/640/172
f 44/512/173 394/643/173 988/634/173 291/513/173
f 394/643/174 395/644/174 989/635/174 988/634/174
f 395/644/175 396/645/175 990/638/175 989/635/175
f 396/645/176 38/536/176 298/538/176 990/638/176
f 990/638/177 298/538/177 299/553/177 993/639/177
f 993/639/178 299/553/178 300/551/178 996/642/178
f 996/642/179 300/551/179 88/552/179 666/646/179
f 995/640/180 996/642/180 666/646/180 665/647/180
f 994/641/181 995/640/181 665/647/181 664/648/181
f 289/515/182 994/641/182 664/648/182 106/516/182
f 290/514/183 991/637/183 994/641/183 289/515/183
f 291/513/184 988/634/184 991/637/184 290/514/184
f 997/649/73 998/650/73 1001/651/73 1000/652/73
f 998/650/73 999/653/73 1002/654/73 1001/651/73
f 1000/652/74 1001/651/74 1004/655/74 1003/656/74
f 1001/651/74 1002/654/74 1005/657/74 1004/655/74
f 61/658/75 313/659/75 997/649/75 309/660/75
f 313/659/75 314/661/75 998/650/75 997/649/75
f 314/661/75 315/662/75 999/653/75 998/650/75
f 315/662/75 59/451/75 316/453/75 999/653/75
f 999/653/73 316/453/73 317/468/73 1002/654/73
f 1002/654/74 317/468/74 318/466/74 1005/657/74
f 1005/657/76 318/466/76 85/467/76 585/663/76
f 1004/655/76 1005/657/76 585/663/76 584/664/76
f 1003/656/76 1004/655/76 584/664/76 583/665/76
f 307/666/76 1003/656/76 583/665/76 83/667/76
f 308/668/74 1000/652/74 1003/656/74 307/666/74
f 309/660/73 997/649/73 1000/652/73 308/668/73
f 1006/669/113 1007/670/113 1010/671/113 1009/672/113
f 1007/670/113 1008/673/113 1011/674/113 1010/671/113
f 1009/672/114 1010/671/114 1013/675/114 1012/676/114
f 1010/671/114 1011/674/114 1014/677/114 1013/675/114
f 53/678/115 352/679/115 1006/669/115 327/680/115
f 352/679/115 353/681/115 1007/670/115 1006/669/115
f 353/681/115 354/682/115 1008/673/115 1007/670/115
f 354/682/115 51/478/115 331/480/115 1008/673/115
f 1008/673/113 331/480/113 332/493/113 1011/674/113
f 1011/674/114 332/493/114 333/491/114 1014/677/114
f 1014/677/116 333/491/116 95/492/116 624/683/116
f 1013/675/116 1014/677/116 624/683/116 623/684/116
f 1012/676/116 1013/675/116 623/684/116 622/685/116
f 325/686/116 1012/676/116 622/685/116 93/687/116
f 326/688/114 1009/672/114 1012/676/114 325/686/114
f 327/680/113 1006/669/113 1009/672/113 326/688/113
f 1015/689/77 1016/690/77 1019/691/77 1018/692/77
f 1016/690/77 1017/693/77 1020/694/77 1019/691/77
f 1018/692/78 1019/691/78 1022/695/78 1021/696/78
f 1019/691/78 1020/694/78 1023/697/78 1022/695/78
f 60/542/79 310/698/79 1015/689/79 339/543/79
f 310/698/79 311/699/79 1016/690/79 1015/689/79
f 311/699/79 312/700/79 1017/693/79 1016/690/79
f 312/700/79 62/701/79 346/702/79 1017/693/79
f 1017/693/77 346/702/77 347/703/77 1020/694/77
f 1020/694/78 347/703/78 348/704/78 1023/697/78
f 1023/697/80 348/704/80 84/705/80 582/706/80
f 1022/695/80 1023/697/80 582/706/80 581/707/80
f 1021/696/80 1022/695/80 581/707/80 580/708/80
f 337/545/80 1021/696/80 580/708/80 86/546/80
f 338/544/78 1018/692/78 1021/696/78 337/545/78
f 339/543/77 1015/689/77 1018/692/77 338/544/77
f 1024/709/149 1025/710/149 1028/711/149 1027/712/149
f 1025/710/149 1026/713/149 1029/714/149 1028/711/149
f 1027/712/150 1028/711/150 1031/715/150 1030/716/150
f 1028/711/150 1029/714/150 1032/717/150 1031/715/150
f 52/568/151 349/718/151 1024/709/151 357/569/151
f 349/718/151 350/719/151 1025/710/151 1024/709/151
f 350/719/151 351/720/151 1026/713/151 1025/710/151
f 351/720/151 54/721/151 364/722/151 1026/713/151
f 1026/713/149 364/722/149 365/723/149 1029/714/149
f 1029/714/150 365/723/150 366/724/150 1032/717/150
f 1032/717/152 366/724/152 94/725/152 621/726/152
f 1031/715/152 1032/717/152 621/726/152 620/727/152
f 1030/716/152 1031/715/152 620/727/152 619/728/152
f 355/571/152 1030/716/152 619/728/152 96/572/152
f 356/570/150 1027/712/150 1030/716/150 355/571/150
f 357/569/149 1024/709/149 1027/712/149 356/570/149
f 1033/729/73 1034/730/73 1037/731/73 1036/732/73
f 1034/730/73 1035/733/73 1038/734/73 1037/731/73
f 1036/732/74 1037/731/74 1040/735/74 1039/736/74
f 1037/731/74 1038/734/74 1041/737/74 1040/735/74
f 72/738/75 268/739/75 1033/729/75 375/740/75
f 268/739/75 269/741/75 1034/730/75 1033/729/75
f 269/741/75 270/742/75 1035/733/75 1034/730/75
f 270/742/75 69/588/75 382/590/75 1035/733/75
f 1035/733/73 382/590/73 383/598/73 1038/734/73
f 1038/734/74 383/598/74 384/596/74 1041/737/74
f 1041/737/76 384/596/76 73/597/76 540/743/76
f 1040/735/76 1041/737/76 540/743/76 539/744/76
f 1039/736/76 1040/735/76 539/744/76 538/745/76
f 373/746/76 1039/736/76 538/745/76 76/747/76
f 374/748/74 1036/732/74 1039/736/74 373/746/74
f 375/740/73 1033/729/73 1036/732/73 374/748/73
f 1042/749/185 1043/750/185 1046/751/185 1045/752/185
f 1043/753/186 1044/754/186 1047/755/186 1046/756/186
f 1045/752/187 1046/751/187 1049/757/187 1048/758/187
f 1046/756/188 1047/755/188 1050/759/188 1049/760/188
f 45/761/189 388/762/189 1042/749/189 393/763/189
f 388/762/190 389/764/190 1043/750/190 1042/749/190
f 389/765/191 390/766/191 1044/754/191 1043/753/191
f 390/766/192 41/767/192 406/768/192 1044/754/192
f 1044/754/193 406/768/193 407/769/193 1047/755/193
f 1047/755/194 407/769/194 408/770/194 1050/759/194
f 1050/759/195 408/770/195 103/771/195 660/772/195
f 1049/760/196 1050/759/196 660/772/196 659/773/196
f 1048/758/197 1049/757/197 659/774/197 658/775/197
f 391/776/198 1048/758/198 658/775/198 101/777/198
f 392/778/199 1045/752/199 1048/758/199 391/776/199
f 393/763/200 1042/749/200 1045/752/200 392/778/200
f 1051/779/201 1052/780/201 1055/781/201 1054/782/201
f 1052/780/202 1053/783/202 1056/784/202 1055/781/202
f 1054/785/203 1055/786/203 1058/787/203 1057/788/203
f 1055/786/204 1056/789/204 1059/790/204 1058/787/204
f 38/536/205 421/791/205 1051/779/205 319/537/205
f 421/791/206 422/792/206 1052/780/206 1051/779/206
f 422/792/207 423/793/207 1053/783/207 1052/780/207
f 423/793/208 2/54/208 154/52/208 1053/783/208
f 1053/783/209 154/52/209 155/51/209 1056/784/209
f 1056/794/210 155/49/210 156/48/210 1059/795/210
f 1059/795/211 156/48/211 16/47/211 424/796/211
f 1058/787/212 1059/790/212 424/797/212 425/798/212
f 1057/788/213 1058/787/213 425/798/213 426/799/213
f 321/541/214 1057/788/214 426/799/214 60/542/214
f 320/540/215 1054/785/215 1057/788/215 321/541/215
f 319/537/216 1051/779/216 1054/782/216 320/539/216
f 1060/800/217 1061/801/217 1064/802/217 1063/803/217
f 1061/801/218 1062/804/218 1065/805/218 1064/802/218
f 1063/803/219 1064/802/219 1067/806/219 1066/807/219
f 1064/802/220 1065/805/220 1068/808/220 1067/806/220
f 5/22/221 427/809/221 1060/800/221 129/23/221
f 427/809/222 428/810/222 1061/801/222 1060/800/222
f 428/810/223 429/811/223 1062/804/223 1061/801/223
f 429/811/224 43/421/224 399/610/224 1062/804/224
f 1062/804/225 399/610/225 398/609/225 1065/805/225
f 1065/805/226 398/609/226 397/608/226 1068/808/226
f 1068/808/227 397/608/227 37/457/227 430/812/227
f 1067/806/228 1068/808/228 430/812/228 431/813/228
f 1066/807/229 1067/806/229 431/813/229 432/814/229
f 127/27/230 1066/807/230 432/814/230 1/29/230
f 128/25/231 1063/803/231 1066/807/231 127/27/231
f 129/23/232 1060/800/232 1063/803/232 128/25/232
f 1069/815/233 1070/816/233 1073/817/233 1072/818/233
f 1070/816/234 1071/819/234 1074/820/234 1073/817/234
f 1072/821/235 1073/822/235 1076/823/235 1075/824/235
f 1073/822/236 1074/825/236 1077/826/236 1076/823/236
f 1/29/237 432/814/237 1069/815/237 111/28/237
f 432/814/238 431/813/238 1070/816/238 1069/815/238
f 431/813/239 430/812/239 1071/819/239 1070/816/239
f 430/812/240 37/457/240 324/456/240 1071/819/240
f 1071/819/241 324/456/241 323/455/241 1074/820/241
f 1074/825/242 323/454/242 322/452/242 1077/826/242
f 1077/826/243 322/452/243 59/451/243 433/827/243
f 1076/823/244 1077/826/244 433/827/244 434/828/244
f 1075/824/245 1076/823/245 434/828/245 435/829/245
f 109/12/246 1075/830/246 435/831/246 15/10/246
f 110/32/247 1072/832/247 1075/830/247 109/12/247
f 111/28/248 1069/815/248 1072/818/248 110/30/248
f 1078/833/249 1079/834/249 1082/835/249 1081/836/249
f 1079/834/250 1080/837/250 1083/838/250 1082/835/250
f 1081/836/251 1082/835/251 1085/839/251 1084/840/251
f 1082/835/252 1083/838/252 1086/841/252 1085/839/252
f 44/512/253 436/842/253 1078/833/253 394/643/253
f 436/842/254 437/843/254 1079/834/254 1078/833/254
f 437/843/255 438/844/255 1080/837/255 1079/834/255
f 438/844/256 6/61/256 130/59/256 1080/837/256
f 1080/837/257 130/59/257 131/57/257 1083/838/257
f 1083/838/258 131/57/258 132/55/258 1086/841/258
f 1086/841/259 132/55/259 2/54/259 423/793/259
f 1085/839/260 1086/841/260 423/793/260 422/792/260
f 1084/840/261 1085/839/261 422/792/261 421/791/261
f 396/645/262 1084/840/262 421/791/262 38/536/262
f 395/644/263 1081/836/263 1084/840/263 396/645/263
f 394/643/264 1078/833/264 1081/836/264 395/644/264
f 1087/845/265 1088/846/265 1091/847/265 1090/848/265
f 1088/846/266 1089/849/266 1092/850/266 1091/847/266
f 1090/851/267 1091/852/267 1094/853/267 1093/854/267
f 1091/852/268 1092/855/268 1095/856/268 1094/853/268
f 9/240/269 439/857/269 1087/858/269 135/239/269
f 439/859/270 440/860/270 1088/846/270 1087/845/270
f 440/860/271 441/861/271 1089/849/271 1088/846/271
f 441/861/272 72/738/272 420/862/272 1089/849/272
f 1089/849/273 420/862/273 419/863/273 1092/850/273
f 1092/855/274 419/864/274 418/865/274 1095/856/274
f 1095/856/275 418/865/275 39/866/275 442/867/275
f 1094/853/276 1095/856/276 442/867/276 443/868/276
f 1093/854/277 1094/853/277 443/868/277 444/869/277
f 133/224/278 1093/854/278 444/869/278 3/221/278
f 134/243/279 1090/851/279 1093/854/279 133/224/279
f 135/239/280 1087/858/280 1090/870/280 134/241/280
f 1096/871/281 1097/872/281 1100/873/281 1099/874/281
f 1097/872/282 1098/875/282 1101/876/282 1100/873/282
f 1099/874/283 1100/873/283 1103/877/283 1102/878/283
f 1100/873/284 1101/876/284 1104/879/284 1103/877/284
f 40/880/285 445/881/285 1096/871/285 409/882/285
f 445/881/286 446/883/286 1097/872/286 1096/871/286
f 446/883/287 447/884/287 1098/875/287 1097/872/287
f 447/884/288 4/82/288 118/80/288 1098/875/288
f 1098/875/289 118/80/289 119/78/289 1101/876/289
f 1101/876/290 119/78/290 120/75/290 1104/879/290
f 1104/879/291 120/75/291 8/74/291 448/885/291
f 1103/877/292 1104/879/292 448/885/292 449/886/292
f 1102/878/293 1103/877/293 449/886/293 450/887/293
f 411/888/294 1102/878/294 450/887/294 42/889/294
f 410/890/295 1099/874/295 1102/878/295 411/888/295
f 409/882/296 1096/871/296 1099/874/296 410/890/296
f 1105/891/297 1106/892/297 1109/893/297 1108/894/297
f 1106/892/298 1107/895/298 1110/896/298 1109/893/298
f 1108/894/299 1109/893/299 1112/897/299 1111/898/299
f 1109/893/300 1110/896/300 1113/899/300 1112/897/300
f 3/221/301 444/869/301 1105/891/301 117/222/301
f 444/869/302 443/868/302 1106/892/302 1105/891/302
f 443/868/303 442/867/303 1107/895/303 1106/892/303
f 442/867/304 39/866/304 414/900/304 1107/895/304
f 1107/895/305 414/900/305 413/901/305 1110/896/305
f 1110/896/306 413/901/306 412/902/306 1113/899/306
f 1113/899/307 412/902/307 41/767/307 451/903/307
f 1112/897/308 1113/899/308 451/903/308 452/904/308
f 1111/898/309 1112/897/309 452/904/309 453/905/309
f 115/227/310 1111/898/310 453/905/310 7/229/310
f 116/225/311 1108/894/311 1111/898/311 115/227/311
f 117/222/312 1105/891/312 1108/894/312 116/225/312
f 1114/906/313 1115/907/313 1118/908/313 1117/909/313
f 1115/907/314 1116/910/314 1119/911/314 1118/908/314
f 1117/912/315 1118/913/315 1121/914/315 1120/915/315
f 1118/913/316 1119/916/316 1122/917/316 1121/914/316
f 71/918/317 454/919/317 1114/906/317 415/920/317
f 454/919/318 455/921/318 1115/907/318 1114/906/318
f 455/921/319 456/922/319 1116/910/319 1115/907/319
f 456/923/320 22/88/320 112/87/320 1116/924/320
f 1116/924/321 112/87/321 113/86/321 1119/925/321
f 1119/916/322 113/84/322 114/83/322 1122/917/322
f 1122/917/323 114/83/323 4/82/323 447/884/323
f 1121/914/324 1122/917/324 447/884/324 446/883/324
f 1120/915/325 1121/914/325 446/883/325 445/881/325
f 417/926/326 1120/915/326 445/881/326 40/880/326
f 416/927/327 1117/912/327 1120/915/327 417/926/327
f 415/920/328 1114/906/328 1117/909/328 416/928/328
f 1123/929/329 1124/930/329 1127/931/329 1126/932/329
f 1124/930/330 1125/933/330 1128/934/330 1127/931/330
f 1126/935/331 1127/936/331 1130/937/331 1129/938/331
f 1127/936/332 1128/939/332 1131/940/332 1130/937/332
f 42/889/333 450/887/333 1123/929/333 385/941/333
f 450/887/334 449/886/334 1124/930/334 1123/929/334
f 449/886/335 448/885/335 1125/933/335 1124/930/335
f 448/885/336 8/74/336 196/77/336 1125/933/336
f 1125/933/337 196/77/337 197/96/337 1128/934/337
f 1128/942/338 197/94/338 198/92/338 1131/943/338
f 1131/943/339 198/92/339 30/93/339 457/944/339
f 1130/937/340 1131/940/340 457/945/340 458/946/340
f 1129/938/341 1130/937/341 458/946/341 459/947/341
f 387/948/342 1129/938/342 459/947/342 46/949/342
f 386/950/343 1126/935/343 1129/938/343 387/948/343
f 385/941/344 1123/929/344 1126/932/344 386/951/344
f 1132/952/345 1133/953/345 1136/954/345 1135/955/345
f 1133/953/346 1134/956/346 1137/957/346 1136/954/346
f 1135/958/347 1136/959/347 1139/960/347 1138/961/347
f 1136/959/348 1137/962/348 1140/963/348 1139/960/348
f 7/229/349 453/905/349 1132/952/349 123/230/349
f 453/905/350 452/904/350 1133/953/350 1132/952/350
f 452/904/351 451/903/351 1134/956/351 1133/953/351
f 451/903/352 41/767/352 390/766/352 1134/956/352
f 1134/956/353 390/766/353 389/765/353 1137/957/353
f 1137/962/354 389/764/354 388/762/354 1140/963/354
f 1140/963/355 388/762/355 45/761/355 460/964/355
f 1139/960/356 1140/963/356 460/964/356 461/965/356
f 1138/961/357 1139/960/357 461/965/357 462/966/357
f 121/234/358 1138/967/358 462/968/358 29/235/358
f 122/233/359 1135/969/359 1138/967/359 121/234/359
f 123/230/360 1132/952/360 1135/955/360 122/231/360
f 1141/970/361 1142/971/361 1145/972/361 1144/973/361
f 1142/971/362 1143/974/362 1146/975/362 1145/972/362
f 1144/976/363 1145/977/363 1148/978/363 1147/979/363
f 1145/977/364 1146/980/364 1149/981/364 1148/978/364
f 23/15/365 463/982/365 1141/983/365 177/16/365
f 463/984/366 464/985/366 1142/971/366 1141/970/366
f 464/985/367 465/986/367 1143/974/367 1142/971/367
f 465/986/368 58/427/368 405/426/368 1143/974/368
f 1143/974/369 405/426/369 404/425/369 1146/975/369
f 1146/980/370 404/424/370 403/422/370 1149/981/370
f 1149/981/371 403/422/371 43/421/371 429/811/371
f 1148/978/372 1149/981/372 429/811/372 428/810/372
f 1147/979/373 1148/978/373 428/810/373 427/809/373
f 175/20/374 1147/979/374 427/809/374 5/22/374
f 176/19/375 1144/976/375 1147/979/375 175/20/375
f 177/16/376 1141/983/376 1144/987/376 176/17/376
f 1150/988/377 1151/989/377 1154/990/377 1153/991/377
f 1151/989/378 1152/992/378 1155/993/378 1154/990/378
f 1153/994/379 1154/995/379 1157/996/379 1156/997/379
f 1154/995/380 1155/998/380 1158/999/380 1157/996/380
f 57/506/381 466/1000/381 1150/988/381 400/507/381
f 466/1000/382 467/1001/382 1151/989/382 1150/988/382
f 467/1001/383 468/1002/383 1152/992/383 1151/989/383
f 468/1003/384 36/42/384 124/44/384 1152/1004/384
f 1152/1004/385 124/44/385 125/64/385 1155/1005/385
f 1155/998/386 125/62/386 126/60/386 1158/999/386
f 1158/999/387 126/60/387 6/61/387 438/844/387
f 1157/996/388 1158/999/388 438/844/388 437/843/388
f 1156/997/389 1157/996/389 437/843/389 436/842/389
f 402/511/390 1156/997/390 436/842/390 44/512/390
f 401/510/391 1153/994/391 1156/997/391 402/511/391
f 400/507/392 1150/988/392 1153/991/392 401/509/392
f 1159/1006/393 1160/1007/393 1163/1008/393 1162/1009/393
f 1160/1007/394 1161/1010/394 1164/1011/394 1163/1008/394
f 1162/1009/393 1163/1008/393 1166/1012/393 1165/1013/393
f 1163/1008/394 1164/1011/394 1167/1014/394 1166/1012/394
f 46/949/395 459/947/395 1159/1006/395 376/1015/395
f 459/947/393 458/946/393 1160/1007/393 1159/1006/393
f 458/946/394 457/945/394 1161/1010/394 1160/1007/394
f 457/944/396 30/93/396 199/106/396 1161/1016/396
f 1161/1016/396 199/106/396 200/116/396 1164/1017/396
f 1164/1017/396 200/116/396 201/114/396 1167/1018/396
f 1167/1018/396 201/114/396 31/115/396 469/1019/396
f 1166/1012/394 1167/1014/394 469/1020/394 470/1021/394
f 1165/1013/393 1166/1012/393 470/1021/393 471/1022/393
f 378/1023/395 1165/1013/395 471/1022/395 48/1024/395
f 377/1025/395 1162/1009/395 1165/1013/395 378/1023/395
f 376/1015/395 1159/1006/395 1162/1009/395 377/1025/395
f 1168/1026/397 1169/1027/397 1172/1028/397 1171/1029/397
f 1169/1027/398 1170/1030/398 1173/1031/398 1172/1028/398
f 1171/1029/397 1172/1028/397 1175/1032/397 1174/1033/397
f 1172/1028/398 1173/1031/398 1176/1034/398 1175/1032/398
f 29/235/399 462/968/399 1168/1035/399 195/254/399
f 462/966/397 461/965/397 1169/1027/397 1168/1026/397
f 461/965/398 460/964/398 1170/1030/398 1169/1027/398
f 460/964/400 45/761/400 381/1036/400 1170/1030/400
f 1170/1030/400 381/1036/400 380/1037/400 1173/1031/400
f 1173/1031/400 380/1037/400 379/1038/400 1176/1034/400
f 1176/1034/400 379/1038/400 47/1039/400 472/1040/400
f 1175/1032/398 1176/1034/398 472/1040/398 473/1041/398
f 1174/1033/397 1175/1032/397 473/1041/397 474/1042/397
f 193/256/399 1174/1043/399 474/1044/399 28/257/399
f 194/255/399 1171/1045/399 1174/1043/399 193/256/399
f 195/254/399 1168/1035/399 1171/1045/399 194/255/399
f 1177/1046/393 1178/1047/393 1181/1048/393 1180/1049/393
f 1178/1047/394 1179/1050/394 1182/1051/394 1181/1048/394
f 1180/1049/393 1181/1048/393 1184/1052/393 1183/1053/393
f 1181/1048/394 1182/1051/394 1185/1054/394 1184/1052/394
f 48/1024/395 471/1022/395 1177/1046/395 367/1055/395
f 471/1022/393 470/1021/393 1178/1047/393 1177/1046/393
f 470/1021/394 469/1020/394 1179/1050/394 1178/1047/394
f 469/1019/396 31/115/396 202/126/396 1179/1056/396
f 1179/1056/396 202/126/396 203/136/396 1182/1057/396
f 1182/1057/396 203/136/396 204/134/396 1185/1058/396
f 1185/1058/396 204/134/396 32/135/396 475/1059/396
f 1184/1052/394 1185/1054/394 475/1060/394 476/1061/394
f 1183/1053/393 1184/1052/393 476/1061/393 477/1062/393
f 369/1063/395 1183/1053/395 477/1062/395 50/563/395
f 368/1064/395 1180/1049/395 1183/1053/395 369/1063/395
f 367/1055/395 1177/1046/395 1180/1049/395 368/1064/395
f 1186/1065/397 1187/1066/397 1190/1067/397 1189/1068/397
f 1187/1066/398 1188/1069/398 1191/1070/398 1190/1067/398
f 1189/1068/397 1190/1067/397 1193/1071/397 1192/1072/397
f 1190/1067/398 1191/1070/398 1194/1073/398 1193/1071/398
f 28/257/399 474/1044/399 1186/1074/399 192/274/399
f 474/1042/397 473/1041/397 1187/1066/397 1186/1065/397
f 473/1041/398 472/1040/398 1188/1069/398 1187/1066/398
f 472/1040/400 47/1039/400 372/1075/400 1188/1069/400
f 1188/1069/400 372/1075/400 371/1076/400 1191/1070/400
f 1191/1070/400 371/1076/400 370/1077/400 1194/1073/400
f 1194/1073/400 370/1077/400 49/483/400 478/1078/400
f 1193/1071/398 1194/1073/398 478/1078/398 479/1079/398
f 1192/1072/397 1193/1071/397 479/1079/397 480/1080/397
f 190/276/399 1192/1081/399 480/1082/399 27/277/399
f 191/275/399 1189/1083/399 1192/1081/399 190/276/399
f 192/274/399 1186/1074/399 1189/1083/399 191/275/399
f 1195/1084/393 1196/1085/393 1199/1086/393 1198/1087/393
f 1196/1085/394 1197/1088/394 1200/1089/394 1199/1086/394
f 1198/1087/393 1199/1086/393 1202/1090/393 1201/1091/393
f 1199/1086/394 1200/1089/394 1203/1092/394 1202/1090/394
f 50/563/395 477/1062/395 1195/1084/395 358/564/395
f 477/1062/393 476/1061/393 1196/1085/393 1195/1084/393
f 476/1061/394 475/1060/394 1197/1088/394 1196/1085/394
f 475/1059/396 32/135/396 205/146/396 1197/1093/396
f 1197/1093/396 205/146/396 206/156/396 1200/1094/396
f 1200/1094/396 206/156/396 207/154/396 1203/1095/396
f 1203/1095/396 207/154/396 33/155/396 481/1096/396
f 1202/1090/394 1203/1092/394 481/1097/394 482/1098/394
f 1201/1091/393 1202/1090/393 482/1098/393 483/1099/393
f 360/567/395 1201/1091/395 483/1099/395 52/568/395
f 359/566/395 1198/1087/395 1201/1091/395 360/567/395
f 358/564/395 1195/1084/395 1198/1087/395 359/566/395
f 1204/1100/397 1205/1101/397 1208/1102/397 1207/1103/397
f 1205/1101/398 1206/1104/398 1209/1105/398 1208/1102/398
f 1207/1103/397 1208/1102/397 1211/1106/397 1210/1107/397
f 1208/1102/398 1209/1105/398 1212/1108/398 1211/1106/398
f 27/277/399 480/1082/399 1204/1109/399 189/294/399
f 480/1080/397 479/1079/397 1205/1101/397 1204/1100/397
f 479/1079/398 478/1078/398 1206/1104/398 1205/1101/398
f 478/1078/400 49/483/400 363/482/400 1206/1104/400
f 1206/1104/400 363/482/400 362/481/400 1209/1105/400
f 1209/1105/400 362/481/400 361/479/400 1212/1108/400
f 1212/1108/400 361/479/400 51/478/400 484/1110/400
f 1211/1106/398 1212/1108/398 484/1110/398 485/1111/398
f 1210/1107/397 1211/1106/397 485/1111/397 486/1112/397
f 187/296/399 1210/1113/399 486/1114/399 26/297/399
f 188/295/399 1207/1115/399 1210/1113/399 187/296/399
f 189/294/399 1204/1109/399 1207/1115/399 188/295/399
f 1213/1116/393 1214/1117/393 1217/1118/393 1216/1119/393
f 1214/1117/394 1215/1120/394 1218/1121/394 1217/1118/394
f 1216/1119/393 1217/1118/393 1220/1122/393 1219/1123/393
f 1217/1118/394 1218/1121/394 1221/1124/394 1220/1122/394
f 52/568/395 483/1099/395 1213/1116/395 349/718/395
f 483/1099/393 482/1098/393 1214/1117/393 1213/1116/393
f 482/1098/394 481/1097/394 1215/1120/394 1214/1117/394
f 481/1096/396 33/155/396 208/166/396 1215/1125/396
f 1215/1125/396 208/166/396 209/176/396 1218/1126/396
f 1218/1126/396 209/176/396 210/174/396 1221/1127/396
f 1221/1127/396 210/174/396 34/175/396 487/1128/396
f 1220/1122/394 1221/1124/394 487/1129/394 488/1130/394
f 1219/1123/393 1220/1122/393 488/1130/393 489/1131/393
f 351/720/395 1219/1123/395 489/1131/395 54/721/395
f 350/719/395 1216/1119/395 1219/1123/395 351/720/395
f 349/718/395 1213/1116/395 1216/1119/395 350/719/395
f 1222/1132/397 1223/1133/397 1226/1134/397 1225/1135/397
f 1223/1133/398 1224/1136/398 1227/1137/398 1226/1134/398
f 1225/1135/397 1226/1134/397 1229/1138/397 1228/1139/397
f 1226/1134/398 1227/1137/398 1230/1140/398 1229/1138/398
f 26/297/399 486/1114/399 1222/1141/399 186/314/399
f 486/1112/397 485/1111/397 1223/1133/397 1222/1132/397
f 485/1111/398 484/1110/398 1224/1136/398 1223/1133/398
f 484/1110/400 51/478/400 354/682/400 1224/1136/400
f 1224/1136/400 354/682/400 353/681/400 1227/1137/400
f 1227/1137/400 353/681/400 352/679/400 1230/1140/400
f 1230/1140/400 352/679/400 53/678/400 490/1142/400
f 1229/1138/398 1230/1140/398 490/1142/398 491/1143/398
f 1228/1139/397 1229/1138/397 491/1143/397 492/1144/397
f 184/316/399 1228/1145/399 492/1146/399 25/317/399
f 185/315/399 1225/1147/399 1228/1145/399 184/316/399
f 186/314/399 1222/1141/399 1225/1147/399 185/315/399
f 1231/1148/393 1232/1149/393 1235/1150/393 1234/1151/393
f 1232/1149/394 1233/1152/394 1236/1153/394 1235/1150/394
f 1234/1151/393 1235/1150/393 1238/1154/393 1237/1155/393
f 1235/1150/394 1236/1153/394 1239/1156/394 1238/1154/394
f 54/721/395 489/1131/395 1231/1148/395 340/1157/395
f 489/1131/393 488/1130/393 1232/1149/393 1231/1148/393
f 488/1130/394 487/1129/394 1233/1152/394 1232/1149/394
f 487/1128/396 34/175/396 211/186/396 1233/1158/396
f 1233/1158/396 211/186/396 212/196/396 1236/1159/396
f 1236/1159/396 212/196/396 213/194/396 1239/1160/396
f 1239/1160/396 213/194/396 35/195/396 493/1161/396
f 1238/1154/394 1239/1156/394 493/1162/394 494/1163/394
f 1237/1155/393 1238/1154/393 494/1163/393 495/1164/393
f 342/1165/395 1237/1155/395 495/1164/395 56/1166/395
f 341/1167/395 1234/1151/395 1237/1155/395 342/1165/395
f 340/1157/395 1231/1148/395 1234/1151/395 341/1167/395
f 1240/1168/397 1241/1169/397 1244/1170/397 1243/1171/397
f 1241/1169/398 1242/1172/398 1245/1173/398 1244/1170/398
f 1243/1171/397 1244/1170/397 1247/1174/397 1246/1175/397
f 1244/1170/398 1245/1173/398 1248/1176/398 1247/1174/398
f 25/317/399 492/1146/399 1240/1177/399 183/334/399
f 492/1144/397 491/1143/397 1241/1169/397 1240/1168/397
f 491/1143/398 490/1142/398 1242/1172/398 1241/1169/398
f 490/1142/400 53/678/400 345/1178/400 1242/1172/400
f 1242/1172/400 345/1178/400 344/1179/400 1245/1173/400
f 1245/1173/400 344/1179/400 343/1180/400 1248/1176/400
f 1248/1176/400 343/1180/400 55/1181/400 496/1182/400
f 1247/1174/398 1248/1176/398 496/1182/398 497/1183/398
f 1246/1175/397 1247/1174/397 497/1183/397 498/1184/397
f 181/336/399 1246/1185/399 498/1186/399 24/337/399
f 182/335/399 1243/1187/399 1246/1185/399 181/336/399
f 183/334/399 1240/1177/399 1243/1187/399 182/335/399
f 1249/1188/393 1250/1189/393 1253/1190/393 1252/1191/393
f 1250/1189/394 1251/1192/394 1254/1193/394 1253/1190/394
f 1252/1191/393 1253/1190/393 1256/1194/393 1255/1195/393
f 1253/1190/394 1254/1193/394 1257/1196/394 1256/1194/394
f 56/1166/395 495/1164/395 1249/1188/395 328/1197/395
f 495/1164/393 494/1163/393 1250/1189/393 1249/1188/393
f 494/1163/394 493/1162/394 1251/1192/394 1250/1189/394
f 493/1161/396 35/195/396 214/206/396 1251/1198/396
f 1251/1198/396 214/206/396 215/211/396 1254/1199/396
f 1254/1199/396 215/211/396 216/210/396 1257/1200/396
f 1257/1200/396 216/210/396 36/42/396 468/1003/396
f 1256/1194/394 1257/1196/394 468/1002/394 467/1001/394
f 1255/1195/393 1256/1194/393 467/1001/393 466/1000/393
f 330/1201/395 1255/1195/395 466/1000/395 57/506/395
f 329/1202/395 1252/1191/395 1255/1195/395 330/1201/395
f 328/1197/395 1249/1188/395 1252/1191/395 329/1202/395
f 1258/1203/397 1259/1204/397 1262/1205/397 1261/1206/397
f 1259/1204/398 1260/1207/398 1263/1208/398 1262/1205/398
f 1261/1206/397 1262/1205/397 1265/1209/397 1264/1210/397
f 1262/1205/398 1263/1208/398 1266/1211/398 1265/1209/398
f 24/337/399 498/1186/399 1258/1212/399 180/354/399
f 498/1184/397 497/1183/397 1259/1204/397 1258/1203/397
f 497/1183/398 496/1182/398 1260/1207/398 1259/1204/398
f 496/1182/400 55/1181/400 336/1213/400 1260/1207/400
f 1260/1207/400 336/1213/400 335/1214/400 1263/1208/400
f 1263/1208/400 335/1214/400 334/1215/400 1266/1211/400
f 1266/1211/400 334/1215/400 58/427/400 465/986/400
f 1265/1209/398 1266/1211/398 465/986/398 464/985/398
f 1264/1210/397 1265/1209/397 464/985/397 463/984/397
f 178/356/399 1264/1216/399 463/982/399 23/15/399
f 179/355/399 1261/1217/399 1264/1216/399 178/356/399
f 180/354/399 1258/1212/399 1261/1217/399 179/355/399
f 1267/1218/401 1268/1219/401 1271/1220/401 1270/1221/401
f 1268/1219/402 1269/1222/402 1272/1223/402 1271/1220/402
f 1270/1221/401 1271/1220/401 1274/1224/401 1273/1225/401
f 1271/1220/402 1272/1223/402 1275/1226/402 1274/1224/402
f 60/542/403 426/799/403 1267/1218/403 310/698/403
f 426/799/401 425/798/401 1268/1219/401 1267/1218/401
f 425/798/402 424/797/402 1269/1222/402 1268/1219/402
f 424/796/404 16/47/404 157/209/404 1269/1227/404
f 1269/1227/404 157/209/404 158/208/404 1272/1228/404
f 1272/1228/404 158/208/404 159/207/404 1275/1229/404
f 1275/1229/404 159/207/404 17/190/404 499/1230/404
f 1274/1224/402 1275/1226/402 499/1231/402 500/1232/402
f 1273/1225/401 1274/1224/401 500/1232/401 501/1233/401
f 312/700/403 1273/1225/403 501/1233/403 62/701/403
f 311/699/403 1270/1221/403 1273/1225/403 312/700/403
f 310/698/403 1267/1218/403 1270/1221/403 311/699/403
f 1276/1234/405 1277/1235/405 1280/1236/405 1279/1237/405
f 1277/1235/406 1278/1238/406 1281/1239/406 1280/1236/406
f 1279/1237/405 1280/1236/405 1283/1240/405 1282/1241/405
f 1280/1236/406 1281/1239/406 1284/1242/406 1283/1240/406
f 15/10/407 435/831/407 1276/1243/407 153/357/407
f 435/829/405 434/828/405 1277/1235/405 1276/1234/405
f 434/828/406 433/827/406 1278/1238/406 1277/1235/406
f 433/827/408 59/451/408 315/662/408 1278/1238/408
f 1278/1238/408 315/662/408 314/661/408 1281/1239/408
f 1281/1239/408 314/661/408 313/659/408 1284/1242/408
f 1284/1242/408 313/659/408 61/658/408 502/1244/408
f 1283/1240/406 1284/1242/406 502/1244/406 503/1245/406
f 1282/1241/405 1283/1240/405 503/1245/405 504/1246/405
f 151/353/407 1282/1247/407 504/1248/407 14/342/407
f 152/358/407 1279/1249/407 1282/1247/407 151/353/407
f 153/357/407 1276/1243/407 1279/1249/407 152/358/407
f 1285/1250/401 1286/1251/401 1289/1252/401 1288/1253/401
f 1286/1251/402 1287/1254/402 1290/1255/402 1289/1252/402
f 1288/1253/401 1289/1252/401 1292/1256/401 1291/1257/401
f 1289/1252/402 1290/1255/402 1293/1258/402 1292/1256/402
f 62/701/403 501/1233/403 1285/1250/403 301/1259/403
f 501/1233/401 500/1232/401 1286/1251/401 1285/1250/401
f 500/1232/402 499/1231/402 1287/1254/402 1286/1251/402
f 499/1230/404 17/190/404 160/189/404 1287/1260/404
f 1287/1260/404 160/189/404 161/188/404 1290/1261/404
f 1290/1261/404 161/188/404 162/187/404 1293/1262/404
f 1293/1262/404 162/187/404 18/170/404 505/1263/404
f 1292/1256/402 1293/1258/402 505/1264/402 506/1265/402
f 1291/1257/401 1292/1256/401 506/1265/401 507/1266/401
f 303/1267/403 1291/1257/403 507/1266/403 64/1268/403
f 302/1269/403 1288/1253/403 1291/1257/403 303/1267/403
f 301/1259/403 1285/1250/403 1288/1253/403 302/1269/403
f 1294/1270/405 1295/1271/405 1298/1272/405 1297/1273/405
f 1295/1271/406 1296/1274/406 1299/1275/406 1298/1272/406
f 1297/1273/405 1298/1272/405 1301/1276/405 1300/1277/405
f 1298/1272/406 1299/1275/406 1302/1278/406 1301/1276/406
f 14/342/407 504/1248/407 1294/1279/407 150/341/407
f 504/1246/405 503/1245/405 1295/1271/405 1294/1270/405
f 503/1245/406 502/1244/406 1296/1274/406 1295/1271/406
f 502/1244/408 61/658/408 306/1280/408 1296/1274/408
f 1296/1274/408 306/1280/408 305/1281/408 1299/1275/408
f 1299/1275/408 305/1281/408 304/1282/408 1302/1278/408
f 1302/1278/408 304/1282/408 63/1283/408 508/1284/408
f 1301/1276/406 1302/1278/406 508/1284/406 509/1285/406
f 1300/1277/405 1301/1276/405 509/1285/405 510/1286/405
f 148/333/407 1300/1287/407 510/1288/407 13/322/407
f 149/343/407 1297/1289/407 1300/1287/407 148/333/407
f 150/341/407 1294/1279/407 1297/1289/407 149/343/407
f 1303/1290/401 1304/1291/401 1307/1292/401 1306/1293/401
f 1304/1291/402 1305/1294/402 1308/1295/402 1307/1292/402
f 1306/1293/401 1307/1292/401 1310/1296/401 1309/1297/401
f 1307/1292/402 1308/1295/402 1311/1298/402 1310/1296/402
f 64/1268/403 507/1266/403 1303/1290/403 292/1299/403
f 507/1266/401 506/1265/401 1304/1291/401 1303/1290/401
f 506/1265/402 505/1264/402 1305/1294/402 1304/1291/402
f 505/1263/404 18/170/404 163/169/404 1305/1300/404
f 1305/1300/404 163/169/404 164/168/404 1308/1301/404
f 1308/1301/404 164/168/404 165/167/404 1311/1302/404
f 1311/1302/404 165/167/404 19/150/404 511/1303/404
f 1310/1296/402 1311/1298/402 511/1304/402 512/1305/402
f 1309/1297/401 1310/1296/401 512/1305/401 513/1306/401
f 294/1307/403 1309/1297/403 513/1306/403 66/393/403
f 293/1308/403 1306/1293/403 1309/1297/403 294/1307/403
f 292/1299/403 1303/1290/403 1306/1293/403 293/1308/403
f 1312/1309/405 1313/1310/405 1316/1311/405 1315/1312/405
f 1313/1310/406 1314/1313/406 1317/1314/406 1316/1311/406
f 1315/1312/405 1316/1311/405 1319/1315/405 1318/1316/405
f 1316/1311/406 1317/1314/406 1320/1317/406 1319/1315/406
f 13/322/407 510/1288/407 1312/1318/407 147/321/407
f 510/1286/405 509/1285/405 1313/1310/405 1312/1309/405
f 509/1285/406 508/1284/406 1314/1313/406 1313/1310/406
f 508/1284/408 63/1283/408 297/1319/408 1314/1313/408
f 1314/1313/408 297/1319/408 296/1320/408 1317/1314/408
f 1317/1314/408 296/1320/408 295/1321/408 1320/1317/408
f 1320/1317/408 295/1321/408 65/373/408 514/1322/408
f 1319/1315/406 1320/1317/406 514/1322/406 515/1323/406
f 1318/1316/405 1319/1315/405 515/1323/405 516/1324/405
f 145/313/407 1318/1325/407 516/1326/407 12/302/407
f 146/323/407 1315/1327/407 1318/1325/407 145/313/407
f 147/321/407 1312/1318/407 1315/1327/407 146/323/407
f 1321/1328/401 1322/1329/401 1325/1330/401 1324/1331/401
f 1322/1329/402 1323/1332/402 1326/1333/402 1325/1330/402
f 1324/1331/401 1325/1330/401 1328/1334/401 1327/1335/401
f 1325/1330/402 1326/1333/402 1329/1336/402 1328/1334/402
f 66/393/403 513/1306/403 1321/1328/403 283/394/403
f 513/1306/401 512/1305/401 1322/1329/401 1321/1328/401
f 512/1305/402 511/1304/402 1323/1332/402 1322/1329/402
f 511/1303/404 19/150/404 166/149/404 1323/1337/404
f 1323/1337/404 166/149/404 167/148/404 1326/1338/404
f 1326/1338/404 167/148/404 168/147/404 1329/1339/404
f 1329/1339/404 168/147/404 20/130/404 517/1340/404
f 1328/1334/402 1329/1336/402 517/1341/402 518/1342/402
f 1327/1335/401 1328/1334/401 518/1342/401 519/1343/401
f 285/397/403 1327/1335/403 519/1343/403 68/398/403
f 284/396/403 1324/1331/403 1327/1335/403 285/397/403
f 283/394/403 1321/1328/403 1324/1331/403 284/396/403
f 1330/1344/405 1331/1345/405 1334/1346/405 1333/1347/405
f 1331/1345/406 1332/1348/406 1335/1349/406 1334/1346/406
f 1333/1347/405 1334/1346/405 1337/1350/405 1336/1351/405
f 1334/1346/406 1335/1349/406 1338/1352/406 1337/1350/406
f 12/302/407 516/1326/407 1330/1353/407 144/301/407
f 516/1324/405 515/1323/405 1331/1345/405 1330/1344/405
f 515/1323/406 514/1322/406 1332/1348/406 1331/1345/406
f 514/1322/408 65/373/408 288/372/408 1332/1348/408
f 1332/1348/408 288/372/408 287/371/408 1335/1349/408
f 1335/1349/408 287/371/408 286/369/408 1338/1352/408
f 1338/1352/408 286/369/408 67/368/408 520/1354/408
f 1337/1350/406 1338/1352/406 520/1354/406 521/1355/406
f 1336/1351/405 1337/1350/405 521/1355/405 522/1356/405
f 142/293/407 1336/1357/407 522/1358/407 11/282/407
f 143/303/407 1333/1359/407 1336/1357/407 142/293/407
f 144/301/407 1330/1353/407 1333/1359/407 143/303/407
f 1339/1360/401 1340/1361/401 1343/1362/401 1342/1363/401
f 1340/1361/402 1341/1364/402 1344/1365/402 1343/1362/402
f 1342/1363/401 1343/1362/401 1346/1366/401 1345/1367/401
f 1343/1362/402 1344/1365/402 1347/1368/402 1346/1366/402
f 68/398/403 519/1343/403 1339/1360/403 274/623/403
f 519/1343/401 518/1342/401 1340/1361/401 1339/1360/401
f 518/1342/402 517/1341/402 1341/1364/402 1340/1361/402
f 517/1340/404 20/130/404 169/129/404 1341/1369/404
f 1341/1369/404 169/129/404 170/128/404 1344/1370/404
f 1344/1370/404 170/128/404 171/127/404 1347/1371/404
f 1347/1371/404 171/127/404 21/110/404 523/1372/404
f 1346/1366/402 1347/1368/402 523/1373/402 524/1374/402
f 1345/1367/401 1346/1366/401 524/1374/401 525/1375/401
f 276/625/403 1345/1367/403 525/1375/403 70/626/403
f 275/624/403 1342/1363/403 1345/1367/403 276/625/403
f 274/623/403 1339/1360/403 1342/1363/403 275/624/403
f 1348/1376/405 1349/1377/405 1352/1378/405 1351/1379/405
f 1349/1377/406 1350/1380/406 1353/1381/406 1352/1378/406
f 1351/1379/405 1352/1378/405 1355/1382/405 1354/1383/405
f 1352/1378/406 1353/1381/406 1356/1384/406 1355/1382/406
f 11/282/407 522/1358/407 1348/1385/407 141/281/407
f 522/1356/405 521/1355/405 1349/1377/405 1348/1376/405
f 521/1355/406 520/1354/406 1350/1380/406 1349/1377/406
f 520/1354/408 67/368/408 279/592/408 1350/1380/408
f 1350/1380/408 279/592/408 278/591/408 1353/1381/408
f 1353/1381/408 278/591/408 277/589/408 1356/1384/408
f 1356/1384/408 277/589/408 69/588/408 526/1386/408
f 1355/1382/406 1356/1384/406 526/1386/406 527/1387/406
f 1354/1383/405 1355/1382/405 527/1387/405 528/1388/405
f 139/273/407 1354/1389/407 528/1390/407 10/262/407
f 140/283/407 1351/1391/407 1354/1389/407 139/273/407
f 141/281/407 1348/1385/407 1351/1391/407 140/283/407
f 1357/1392/401 1358/1393/401 1361/1394/401 1360/1395/401
f 1358/1393/402 1359/1396/402 1362/1397/402 1361/1394/402
f 1360/1395/401 1361/1394/401 1364/1398/401 1363/1399/401
f 1361/1394/402 1362/1397/402 1365/1400/402 1364/1398/402
f 70/626/403 525/1375/403 1357/1392/403 262/1401/403
f 525/1375/401 524/1374/401 1358/1393/401 1357/1392/401
f 524/1374/402 523/1373/402 1359/1396/402 1358/1393/402
f 523/1372/404 21/110/404 172/109/404 1359/1402/404
f 1359/1402/404 172/109/404 173/108/404 1362/1403/404
f 1362/1403/404 173/108/404 174/107/404 1365/1404/404
f 1365/1404/404 174/107/404 22/88/404 456/923/404
f 1364/1398/402 1365/1400/402 456/922/402 455/921/402
f 1363/1399/401 1364/1398/401 455/921/401 454/919/401
f 264/1405/403 1363/1399/403 454/919/403 71/918/403
f 263/1406/403 1360/1395/403 1363/1399/403 264/1405/403
f 262/1401/403 1357/1392/403 1360/1395/403 263/1406/403
f 1366/1407/405 1367/1408/405 1370/1409/405 1369/1410/405
f 1367/1408/406 1368/1411/406 1371/1412/406 1370/1409/406
f 1369/1410/405 1370/1409/405 1373/1413/405 1372/1414/405
f 1370/1409/406 1371/1412/406 1374/1415/406 1373/1413/406
f 10/262/407 528/1390/407 1366/1416/407 138/261/407
f 528/1388/405 527/1387/405 1367/1408/405 1366/1407/405
f 527/1387/406 526/1386/406 1368/1411/406 1367/1408/406
f 526/1386/408 69/588/408 270/742/408 1368/1411/408
f 1368/1411/408 270/742/408 269/741/408 1371/1412/408
f 1371/1412/408 269/741/408 268/739/408 1374/1415/408
f 1374/1415/408 268/739/408 72/738/408 441/861/408
f 1373/1413/406 1374/1415/406 441/861/406 440/860/406
f 1372/1414/405 1373/1413/405 440/860/405 439/859/405
f 136/253/407 1372/1417/407 439/857/407 9/240/407
f 137/263/407 1369/1418/407 1372/1417/407 136/253/407
f 138/261/407 1366/1416/407 1369/1418/407 137/263/407
f 1375/1419/409 1376/1420/409 1379/1421/409 1378/1422/409
f 1376/1420/409 1377/1423/409 1380/1424/409 1379/1421/409
f 1378/1422/410 1379/1421/410 1382/1425/410 1381/1426/410
f 1379/1421/410 1380/1424/410 1383/1427/410 1382/1425/410
f 74/630/411 532/1428/411 1375/1419/411 531/1429/411
f 532/1428/411 533/1430/411 1376/1420/411 1375/1419/411
f 533/1430/411 534/1431/411 1377/1423/411 1376/1420/411
f 534/1431/411 75/1432/411 535/1433/411 1377/1423/411
f 1377/1423/409 535/1433/409 536/1434/409 1380/1424/409
f 1380/1424/410 536/1434/410 537/1435/410 1383/1427/410
f 1383/1427/412 537/1435/412 76/747/412 538/745/412
f 1382/1425/412 1383/1427/412 538/745/412 539/744/412
f 1381/1426/412 1382/1425/412 539/744/412 540/743/412
f 529/1436/412 1381/1426/412 540/743/412 73/597/412
f 530/1437/410 1378/1422/410 1381/1426/410 529/1436/410
f 531/1429/409 1375/1419/409 1378/1422/409 530/1437/409
f 1384/1438/409 1385/1439/409 1388/1440/409 1387/1441/409
f 1385/1439/409 1386/1442/409 1389/1443/409 1388/1440/409
f 1387/1441/410 1388/1440/410 1391/1444/410 1390/1445/410
f 1388/1440/410 1389/1443/410 1392/1446/410 1391/1444/410
f 78/402/411 544/633/411 1384/1438/411 543/1447/411
f 544/633/411 545/632/411 1385/1439/411 1384/1438/411
f 545/632/411 546/631/411 1386/1442/411 1385/1439/411
f 546/631/411 74/630/411 531/1429/411 1386/1442/411
f 1386/1442/409 531/1429/409 530/1437/409 1389/1443/409
f 1389/1443/410 530/1437/410 529/1436/410 1392/1446/410
f 1392/1446/412 529/1436/412 73/597/412 547/595/412
f 1391/1444/412 1392/1446/412 547/595/412 548/594/412
f 1390/1445/412 1391/1444/412 548/594/412 549/593/412
f 541/1448/412 1390/1445/412 549/593/412 77/382/412
f 542/1449/410 1387/1441/410 1390/1445/410 541/1448/410
f 543/1447/409 1384/1438/409 1387/1441/409 542/1449/409
f 1393/1450/409 1394/1451/409 1397/1452/409 1396/1453/409
f 1394/1451/409 1395/1454/409 1398/1455/409 1397/1452/409
f 1396/1453/410 1397/1452/410 1400/1456/410 1399/1457/410
f 1397/1452/410 1398/1455/410 1401/1458/410 1400/1456/410
f 80/407/411 553/405/411 1393/1450/411 552/1459/411
f 553/405/411 554/404/411 1394/1451/411 1393/1450/411
f 554/404/411 555/403/411 1395/1454/411 1394/1451/411
f 555/403/411 78/402/411 543/1447/411 1395/1454/411
f 1395/1454/409 543/1447/409 542/1449/409 1398/1455/409
f 1398/1455/410 542/1449/410 541/1448/410 1401/1458/410
f 1401/1458/412 541/1448/412 77/382/412 556/380/412
f 1400/1456/412 1401/1458/412 556/380/412 557/379/412
f 1399/1457/412 1400/1456/412 557/379/412 558/378/412
f 550/1460/412 1399/1457/412 558/378/412 79/377/412
f 551/1461/410 1396/1453/410 1399/1457/410 550/1460/410
f 552/1459/409 1393/1450/409 1396/1453/409 551/1461/409
f 1402/1462/409 1403/1463/409 1406/1464/409 1405/1465/409
f 1403/1463/409 1404/1466/409 1407/1467/409 1406/1464/409
f 1405/1465/410 1406/1464/410 1409/1468/410 1408/1469/410
f 1406/1464/410 1407/1467/410 1410/1470/410 1409/1468/410
f 82/1471/411 562/1472/411 1402/1462/411 561/1473/411
f 562/1472/411 563/1474/411 1403/1463/411 1402/1462/411
f 563/1474/411 564/1475/411 1404/1466/411 1403/1463/411
f 564/1475/411 80/407/411 552/1459/411 1404/1466/411
f 1404/1466/409 552/1459/409 551/1461/409 1407/1467/409
f 1407/1467/410 551/1461/410 550/1460/410 1410/1470/410
f 1410/1470/412 550/1460/412 79/377/412 565/1476/412
f 1409/1468/412 1410/1470/412 565/1476/412 566/1477/412
f 1408/1469/412 1409/1468/412 566/1477/412 567/1478/412
f 559/1479/412 1408/1469/412 567/1478/412 81/1480/412
f 560/1481/410 1405/1465/410 1408/1469/410 559/1479/410
f 561/1473/409 1402/1462/409 1405/1465/409 560/1481/409
f 1411/1482/409 1412/1483/409 1415/1484/409 1414/1485/409
f 1412/1483/409 1413/1486/409 1416/1487/409 1415/1484/409
f 1414/1485/410 1415/1484/410 1418/1488/410 1417/1489/410
f 1415/1484/410 1416/1487/410 1419/1490/410 1418/1488/410
f 84/705/411 571/1491/411 1411/1482/411 570/1492/411
f 571/1491/411 572/1493/411 1412/1483/411 1411/1482/411
f 572/1493/411 573/1494/411 1413/1486/411 1412/1483/411
f 573/1494/411 82/1471/411 561/1473/411 1413/1486/411
f 1413/1486/409 561/1473/409 560/1481/409 1416/1487/409
f 1416/1487/410 560/1481/410 559/1479/410 1419/1490/410
f 1419/1490/412 559/1479/412 81/1480/412 574/1495/412
f 1418/1488/412 1419/1490/412 574/1495/412 575/1496/412
f 1417/1489/412 1418/1488/412 575/1496/412 576/1497/412
f 568/1498/412 1417/1489/412 576/1497/412 83/667/412
f 569/1499/410 1414/1485/410 1417/1489/410 568/1498/410
f 570/1492/409 1411/1482/409 1414/1485/409 569/1499/409
f 1420/1500/409 1421/1501/409 1424/1502/409 1423/1503/409
f 1421/1501/409 1422/1504/409 1425/1505/409 1424/1502/409
f 1423/1503/410 1424/1502/410 1427/1506/410 1426/1507/410
f 1424/1502/410 1425/1505/410 1428/1508/410 1427/1506/410
f 86/546/411 580/708/411 1420/1500/411 579/1509/411
f 580/708/411 581/707/411 1421/1501/411 1420/1500/411
f 581/707/411 582/706/411 1422/1504/411 1421/1501/411
f 582/706/411 84/705/411 570/1492/411 1422/1504/411
f 1422/1504/409 570/1492/409 569/1499/409 1425/1505/409
f 1425/1505/410 569/1499/410 568/1498/410 1428/1508/410
f 1428/1508/412 568/1498/412 83/667/412 583/665/412
f 1427/1506/412 1428/1508/412 583/665/412 584/664/412
f 1426/1507/412 1427/1506/412 584/664/412 585/663/412
f 577/1510/412 1426/1507/412 585/663/412 85/467/412
f 578/1511/410 1423/1503/410 1426/1507/410 577/1510/410
f 579/1509/409 1420/1500/409 1423/1503/409 578/1511/409
f 1429/1512/413 1430/1513/413 1433/1514/413 1432/1515/413
f 1430/1516/414 1431/1517/414 1434/1518/414 1433/1519/414
f 1432/1515/415 1433/1514/415 1436/1520/415 1435/1521/415
f 1433/1519/416 1434/1518/416 1437/1522/416 1436/1523/416
f 88/552/417 589/550/417 1429/1512/417 588/1524/417
f 589/550/418 590/549/418 1430/1513/418 1429/1512/418
f 590/548/419 591/547/419 1431/1517/419 1430/1516/419
f 591/547/420 86/546/420 579/1509/420 1431/1517/420
f 1431/1517/421 579/1509/421 578/1511/421 1434/1518/421
f 1434/1518/422 578/1511/422 577/1510/422 1437/1522/422
f 1437/1522/423 577/1510/423 85/467/423 592/465/423
f 1436/1523/424 1437/1522/424 592/465/424 593/464/424
f 1435/1521/425 1436/1520/425 593/463/425 594/462/425
f 586/1525/426 1435/1521/426 594/462/426 87/461/426
f 587/1526/427 1432/1515/427 1435/1521/427 586/1525/427
f 588/1524/428 1429/1512/428 1432/1515/428 587/1526/428
f 1438/1527/429 1439/1528/429 1442/1529/429 1441/1530/429
f 1439/1528/429 1440/1531/429 1443/1532/429 1442/1529/429
f 1441/1530/430 1442/1529/430 1445/1533/430 1444/1534/430
f 1442/1529/430 1443/1532/430 1446/1535/430 1445/1533/430
f 90/1536/431 598/1537/431 1438/1527/431 597/1538/431
f 598/1537/431 599/1539/431 1439/1528/431 1438/1527/431
f 599/1539/431 600/1540/431 1440/1531/431 1439/1528/431
f 600/1540/431 91/522/431 601/1541/431 1440/1531/431
f 1440/1531/429 601/1541/429 602/1542/429 1443/1532/429
f 1443/1532/430 602/1542/430 603/1543/430 1446/1535/430
f 1446/1535/432 603/1543/432 92/431/432 604/1544/432
f 1445/1533/432 1446/1535/432 604/1544/432 605/1545/432
f 1444/1534/432 1445/1533/432 605/1545/432 606/1546/432
f 595/1547/432 1444/1534/432 606/1546/432 89/1548/432
f 596/1549/430 1441/1530/430 1444/1534/430 595/1547/430
f 597/1538/429 1438/1527/429 1441/1530/429 596/1549/429
f 1447/1550/429 1448/1551/429 1451/1552/429 1450/1553/429
f 1448/1551/429 1449/1554/429 1452/1555/429 1451/1552/429
f 1450/1553/430 1451/1552/430 1454/1556/430 1453/1557/430
f 1451/1552/430 1452/1555/430 1455/1558/430 1454/1556/430
f 94/725/431 610/1559/431 1447/1550/431 609/1560/431
f 610/1559/431 611/1561/431 1448/1551/431 1447/1550/431
f 611/1561/431 612/1562/431 1449/1554/431 1448/1551/431
f 612/1562/431 90/1536/431 597/1538/431 1449/1554/431
f 1449/1554/429 597/1538/429 596/1549/429 1452/1555/429
f 1452/1555/430 596/1549/430 595/1547/430 1455/1558/430
f 1455/1558/432 595/1547/432 89/1548/432 613/1563/432
f 1454/1556/432 1455/1558/432 613/1563/432 614/1564/432
f 1453/1557/432 1454/1556/432 614/1564/432 615/1565/432
f 607/1566/432 1453/1557/432 615/1565/432 93/687/432
f 608/1567/430 1450/1553/430 1453/1557/430 607/1566/430
f 609/1560/429 1447/1550/429 1450/1553/429 608/1567/429
f 1456/1568/429 1457/1569/429 1460/1570/429 1459/1571/429
f 1457/1569/429 1458/1572/429 1461/1573/429 1460/1570/429
f 1459/1571/430 1460/1570/430 1463/1574/430 1462/1575/430
f 1460/1570/430 1461/1573/430 1464/1576/430 1463/1574/430
f 96/572/431 619/728/431 1456/1568/431 618/1577/431
f 619/728/431 620/727/431 1457/1569/431 1456/1568/431
f 620/727/431 621/726/431 1458/1572/431 1457/1569/431
f 621/726/431 94/725/431 609/1560/431 1458/1572/431
f 1458/1572/429 609/1560/429 608/1567/429 1461/1573/429
f 1461/1573/430 608/1567/430 607/1566/430 1464/1576/430
f 1464/1576/432 607/1566/432 93/687/432 622/685/432
f 1463/1574/432 1464/1576/432 622/685/432 623/684/432
f 1462/1575/432 1463/1574/432 623/684/432 624/683/432
f 616/1578/432 1462/1575/432 624/683/432 95/492/432
f 617/1579/430 1459/1571/430 1462/1575/430 616/1578/430
f 618/1577/429 1456/1568/429 1459/1571/429 617/1579/429
f 1465/1580/429 1466/1581/429 1469/1582/429 1468/1583/429
f 1466/1581/429 1467/1584/429 1470/1585/429 1469/1582/429
f 1468/1583/430 1469/1582/430 1472/1586/430 1471/1587/430
f 1469/1582/430 1470/1585/430 1473/1588/430 1472/1586/430
f 98/577/431 628/575/431 1465/1580/431 627/1589/431
f 628/575/431 629/574/431 1466/1581/431 1465/1580/431
f 629/574/431 630/573/431 1467/1584/431 1466/1581/431
f 630/573/431 96/572/431 618/1577/431 1467/1584/431
f 1467/1584/429 618/1577/429 617/1579/429 1470/1585/429
f 1470/1585/430 617/1579/430 616/1578/430 1473/1588/430
f 1473/1588/432 616/1578/432 95/492/432 631/490/432
f 1472/1586/432 1473/1588/432 631/490/432 632/489/432
f 1471/1587/432 1472/1586/432 632/489/432 633/488/432
f 625/1590/432 1471/1587/432 633/488/432 97/487/432
f 626/1591/430 1468/1583/430 1471/1587/430 625/1590/430
f 627/1589/429 1465/1580/429 1468/1583/429 626/1591/429
f 1474/1592/429 1475/1593/429 1478/1594/429 1477/1595/429
f 1475/1593/429 1476/1596/429 1479/1597/429 1478/1594/429
f 1477/1595/430 1478/1594/430 1481/1598/430 1480/1599/430
f 1478/1594/430 1479/1597/430 1482/1600/430 1481/1598/430
f 100/1601/431 637/1602/431 1474/1592/431 636/1603/431
f 637/1602/431 638/1604/431 1475/1593/431 1474/1592/431
f 638/1604/431 639/1605/431 1476/1596/431 1475/1593/431
f 639/1605/431 98/577/431 627/1589/431 1476/1596/431
f 1476/1596/429 627/1589/429 626/1591/429 1479/1597/429
f 1479/1597/430 626/1591/430 625/1590/430 1482/1600/430
f 1482/1600/432 625/1590/432 97/487/432 640/1606/432
f 1481/1598/432 1482/1600/432 640/1606/432 641/1607/432
f 1480/1599/432 1481/1598/432 641/1607/432 642/1608/432
f 634/1609/432 1480/1599/432 642/1608/432 99/1610/432
f 635/1611/430 1477/1595/430 1480/1599/430 634/1609/430
f 636/1603/429 1474/1592/429 1477/1595/429 635/1611/429
f 1483/1612/429 1484/1613/429 1487/1614/429 1486/1615/429
f 1484/1613/429 1485/1616/429 1488/1617/429 1487/1614/429
f 1486/1615/430 1487/1614/430 1490/1618/430 1489/1619/430
f 1487/1614/430 1488/1617/430 1491/1620/430 1490/1618/430
f 102/1621/431 646/1622/431 1483/1612/431 645/1623/431
f 646/1622/431 647/1624/431 1484/1613/431 1483/1612/431
f 647/1624/431 648/1625/431 1485/1616/431 1484/1613/431
f 648/1625/431 100/1601/431 636/1603/431 1485/1616/431
f 1485/1616/429 636/1603/429 635/1611/429 1488/1617/429
f 1488/1617/430 635/1611/430 634/1609/430 1491/1620/430
f 1491/1620/432 634/1609/432 99/1610/432 649/1626/432
f 1490/1618/432 1491/1620/432 649/1626/432 650/1627/432
f 1489/1619/432 1490/1618/432 650/1627/432 651/1628/432
f 643/1629/432 1489/1619/432 651/1628/432 101/777/432
f 644/1630/430 1486/1615/430 1489/1619/430 643/1629/430
f 645/1623/429 1483/1612/429 1486/1615/429 644/1630/429
f 1492/1631/433 1493/1632/433 1496/1633/433 1495/1634/433
f 1493/1635/434 1494/1636/434 1497/1637/434 1496/1638/434
f 1495/1634/435 1496/1633/435 1499/1639/435 1498/1640/435
f 1496/1638/436 1497/1637/436 1500/1641/436 1499/1642/436
f 104/1643/437 655/1644/437 1492/1631/437 654/1645/437
f 655/1644/438 656/1646/438 1493/1632/438 1492/1631/438
f 656/1647/439 657/1648/439 1494/1636/439 1493/1635/439
f 657/1648/440 102/1621/440 645/1623/440 1494/1636/440
f 1494/1636/441 645/1623/441 644/1630/441 1497/1637/441
f 1497/1637/442 644/1630/442 643/1629/442 1500/1641/442
f 1500/1641/443 643/1629/443 101/777/443 658/775/443
f 1499/1642/444 1500/1641/444 658/775/444 659/774/444
f 1498/1640/445 1499/1639/445 659/773/445 660/772/445
f 652/1649/446 1498/1640/446 660/772/446 103/771/446
f 653/1650/447 1495/1634/447 1498/1640/447 652/1649/447
f 654/1645/448 1492/1631/448 1495/1634/448 653/1650/448
f 1501/1651/449 1502/1652/449 1505/1653/449 1504/1654/449
f 1502/1652/450 1503/1655/450 1506/1656/450 1505/1653/450
f 1504/1654/451 1505/1653/451 1508/1657/451 1507/1658/451
f 1505/1653/452 1506/1656/452 1509/1659/452 1508/1657/452
f 106/516/453 664/648/453 1501/1651/453 663/1660/453
f 664/648/454 665/647/454 1502/1652/454 1501/1651/454
f 665/647/455 666/646/455 1503/1655/455 1502/1652/455
f 666/646/456 88/552/456 588/1524/456 1503/1655/456
f 1503/1655/457 588/1524/457 587/1526/457 1506/1656/457
f 1506/1656/458 587/1526/458 586/1525/458 1509/1659/458
f 1509/1659/459 586/1525/459 87/461/459 667/613/459
f 1508/1657/460 1509/1659/460 667/613/460 668/612/460
f 1507/1658/461 1508/1657/461 668/612/461 669/611/461
f 661/1661/462 1507/1658/462 669/611/462 105/437/462
f 662/1662/463 1504/1654/463 1507/1658/463 661/1661/463
f 663/1660/464 1501/1651/464 1504/1654/464 662/1662/464
f 1510/1663/465 1511/1664/465 1514/1665/465 1513/1666/465
f 1511/1667/466 1512/1668/466 1515/1669/466 1514/1670/466
f 1513/1666/467 1514/1665/467 1517/1671/467 1516/1672/467
f 1514/1670/468 1515/1669/468 1518/1673/468 1517/1674/468
f 91/522/469 670/520/469 1510/1663/469 601/1541/469
f 670/520/470 671/519/470 1511/1664/470 1510/1663/470
f 671/518/471 672/517/471 1512/1668/471 1511/1667/471
f 672/517/472 106/516/472 663/1660/472 1512/1668/472
f 1512/1668/473 663/1660/473 662/1662/473 1515/1669/473
f 1515/1669/474 662/1662/474 661/1661/474 1518/1673/474
f 1518/1673/475 661/1661/475 105/437/475 673/435/475
f 1517/1674/476 1518/1673/476 673/435/476 674/434/476
f 1516/1672/477 1517/1671/477 674/433/477 675/432/477
f 603/1543/478 1516/1672/478 675/432/478 92/431/478
f 602/1542/479 1513/1666/479 1516/1672/479 603/1543/479
f 601/1541/480 1510/1663/480 1513/1666/480 602/1542/480
f 1519/1675/481 1520/1676/481 1523/1677/481 1522/1678/481
f 1520/1676/482 1521/1679/482 1524/1680/482 1523/1677/482
f 1522/1678/483 1523/1677/483 1526/1681/483 1525/1682/483
f 1523/1677/484 1524/1680/484 1527/1683/484 1526/1681/484
f 108/1684/485 679/1685/485 1519/1675/485 678/1686/485
f 679/1685/486 680/1687/486 1520/1676/486 1519/1675/486
f 680/1687/487 681/1688/487 1521/1679/487 1520/1676/487
f 681/1688/488 104/1643/488 654/1645/488 1521/1679/488
f 1521/1679/489 654/1645/489 653/1650/489 1524/1680/489
f 1524/1680/490 653/1650/490 652/1649/490 1527/1683/490
f 1527/1683/491 652/1649/491 103/771/491 682/1689/491
f 1526/1681/492 1527/1683/492 682/1689/492 683/1690/492
f 1525/1682/493 1526/1681/493 683/1690/493 684/1691/493
f 676/1692/494 1525/1682/494 684/1691/494 107/1693/494
f 677/1694/495 1522/1678/495 1525/1682/495 676/1692/495
f 678/1686/496 1519/1675/496 1522/1678/496 677/1694/496
f 1528/1695/497 1529/1696/497 1532/1697/497 1531/1698/497
f 1529/1699/498 1530/1700/498 1533/1701/498 1532/1702/498
f 1531/1698/499 1532/1697/499 1535/1703/499 1534/1704/499
f 1532/1702/500 1533/1701/500 1536/1705/500 1535/1706/500
f 75/1432/501 685/1707/501 1528/1695/501 535/1433/501
f 685/1707/502 686/1708/502 1529/1696/502 1528/1695/502
f 686/1709/503 687/1710/503 1530/1700/503 1529/1699/503
f 687/1710/504 108/1684/504 678/1686/504 1530/1700/504
f 1530/1700/505 678/1686/505 677/1694/505 1533/1701/505
f 1533/1701/506 677/1694/506 676/1692/506 1536/1705/506
f 1536/1705/507 676/1692/507 107/1693/507 688/1711/507
f 1535/1706/508 1536/1705/508 688/1711/508 689/1712/508
f 1534/1704/509 1535/1703/509 689/1713/509 690/1714/509
f 537/1435/510 1534/1704/510 690/1714/510 76/747/510
f 536/1434/511 1531/1698/511 1534/1704/511 537/1435/511
f 535/1433/512 1528/1695/512 1531/1698/512 536/1434/512
f 1537/1715/149 1538/1716/149 1541/1717/149 1540/1718/149
f 1538/1716/149 1539/1719/149 1542/1720/149 1541/1717/149
f 1540/1718/150 1541/1717/150 1544/1721/150 1543/1722/150
f 1541/1717/150 1542/1720/150 1545/1723/150 1544/1721/150
f 48/1024/151 367/1055/151 1537/1715/151 714/1724/151
f 367/1055/151 368/1064/151 1538/1716/151 1537/1715/151
f 368/1064/151 369/1063/151 1539/1719/151 1538/1716/151
f 369/1063/151 50/563/151 696/565/151 1539/1719/151
f 1539/1719/149 696/565/149 695/578/149 1542/1720/149
f 1542/1720/150 695/578/150 694/576/150 1545/1723/150
f 1545/1723/152 694/576/152 98/577/152 639/1605/152
f 1544/1721/152 1545/1723/152 639/1605/152 638/1604/152
f 1543/1722/152 1544/1721/152 638/1604/152 637/1602/152
f 712/1725/152 1543/1722/152 637/1602/152 100/1601/152
f 713/1726/150 1540/1718/150 1543/1722/150 712/1725/150
f 714/1724/149 1537/1715/149 1540/1718/149 713/1726/149
f 1546/1727/149 1547/1728/149 1550/1729/149 1549/1730/149
f 1547/1728/149 1548/1731/149 1551/1732/149 1550/1729/149
f 1549/1730/150 1550/1729/150 1553/1733/150 1552/1734/150
f 1550/1729/150 1551/1732/150 1554/1735/150 1553/1733/150
f 56/1166/151 328/1197/151 1546/1727/151 717/1736/151
f 328/1197/151 329/1202/151 1547/1728/151 1546/1727/151
f 329/1202/151 330/1201/151 1548/1731/151 1547/1728/151
f 330/1201/151 57/506/151 699/508/151 1548/1731/151
f 1548/1731/149 699/508/149 698/523/149 1551/1732/149
f 1551/1732/150 698/523/150 697/521/150 1554/1735/150
f 1554/1735/152 697/521/152 91/522/152 600/1540/152
f 1553/1733/152 1554/1735/152 600/1540/152 599/1539/152
f 1552/1734/152 1553/1733/152 599/1539/152 598/1537/152
f 715/1737/152 1552/1734/152 598/1537/152 90/1536/152
f 716/1738/150 1549/1730/150 1552/1734/150 715/1737/150
f 717/1736/149 1546/1727/149 1549/1730/149 716/1738/149
f 1555/1739/513 1556/1740/513 1559/1741/513 1558/1742/513
f 1556/1740/514 1557/1743/514 1560/1744/514 1559/1741/514
f 1558/1742/515 1559/1741/515 1562/1745/515 1561/1746/515
f 1559/1741/516 1560/1744/516 1563/1747/516 1562/1745/516
f 40/880/517 409/882/517 1555/1739/517 723/1748/517
f 409/882/518 410/890/518 1556/1740/518 1555/1739/518
f 410/890/519 411/888/519 1557/1743/519 1556/1740/519
f 411/888/520 42/889/520 718/1749/520 1557/1743/520
f 1557/1743/521 718/1749/521 719/1750/521 1560/1744/521
f 1560/1744/522 719/1750/522 720/1751/522 1563/1747/522
f 1563/1747/523 720/1751/523 104/1643/523 681/1688/523
f 1562/1745/524 1563/1747/524 681/1688/524 680/1687/524
f 1561/1746/525 1562/1745/525 680/1687/525 679/1685/525
f 721/1752/526 1561/1746/526 679/1685/526 108/1684/526
f 722/1753/527 1558/1742/527 1561/1746/527 721/1752/527
f 723/1748/528 1555/1739/528 1558/1742/528 722/1753/528
f 1564/1754/113 1565/1755/113 1568/1756/113 1567/1757/113
f 1565/1755/113 1566/1758/113 1569/1759/113 1568/1756/113
f 1567/1757/114 1568/1756/114 1571/1760/114 1570/1761/114
f 1568/1756/114 1569/1759/114 1572/1762/114 1571/1760/114
f 49/483/115 370/1077/115 1564/1754/115 700/484/115
f 370/1077/115 371/1076/115 1565/1755/115 1564/1754/115
f 371/1076/115 372/1075/115 1566/1758/115 1565/1755/115
f 372/1075/115 47/1039/115 724/1763/115 1566/1758/115
f 1566/1758/113 724/1763/113 725/1764/113 1569/1759/113
f 1569/1759/114 725/1764/114 726/1765/114 1572/1762/114
f 1572/1762/116 726/1765/116 99/1610/116 642/1608/116
f 1571/1760/116 1572/1762/116 642/1608/116 641/1607/116
f 1570/1761/116 1571/1760/116 641/1607/116 640/1606/116
f 702/486/116 1570/1761/116 640/1606/116 97/487/116
f 701/485/114 1567/1757/114 1570/1761/114 702/486/114
f 700/484/113 1564/1754/113 1567/1757/113 701/485/113
f 1573/1766/529 1574/1767/529 1577/1768/529 1576/1769/529
f 1574/1767/530 1575/1770/530 1578/1771/530 1577/1768/530
f 1576/1769/531 1577/1768/531 1580/1772/531 1579/1773/531
f 1577/1768/532 1578/1771/532 1581/1774/532 1580/1772/532
f 41/767/533 412/902/533 1573/1766/533 406/768/533
f 412/902/534 413/901/534 1574/1767/534 1573/1766/534
f 413/901/535 414/900/535 1575/1770/535 1574/1767/535
f 414/900/536 39/866/536 727/1775/536 1575/1770/536
f 1575/1770/537 727/1775/537 728/1776/537 1578/1771/537
f 1578/1771/538 728/1776/538 729/1777/538 1581/1774/538
f 1581/1774/539 729/1777/539 107/1693/539 684/1691/539
f 1580/1772/540 1581/1774/540 684/1691/540 683/1690/540
f 1579/1773/541 1580/1772/541 683/1690/541 682/1689/541
f 408/770/542 1579/1773/542 682/1689/542 103/771/542
f 407/769/543 1576/1769/543 1579/1773/543 408/770/543
f 406/768/544 1573/1766/544 1576/1769/544 407/769/544
f 1582/1778/77 1583/1779/77 1586/1780/77 1585/1781/77
f 1583/1779/77 1584/1782/77 1587/1783/77 1586/1780/77
f 1585/1781/78 1586/1780/78 1589/1784/78 1588/1785/78
f 1586/1780/78 1587/1783/78 1590/1786/78 1589/1784/78
f 64/1268/79 292/1299/79 1582/1778/79 732/1787/79
f 292/1299/79 293/1308/79 1583/1779/79 1582/1778/79
f 293/1308/79 294/1307/79 1584/1782/79 1583/1779/79
f 294/1307/79 66/393/79 708/395/79 1584/1782/79
f 1584/1782/77 708/395/77 707/408/77 1587/1783/77
f 1587/1783/78 707/408/78 706/406/78 1590/1786/78
f 1590/1786/80 706/406/80 80/407/80 564/1475/80
f 1589/1784/80 1590/1786/80 564/1475/80 563/1474/80
f 1588/1785/80 1589/1784/80 563/1474/80 562/1472/80
f 730/1788/80 1588/1785/80 562/1472/80 82/1471/80
f 731/1789/78 1585/1781/78 1588/1785/78 730/1788/78
f 732/1787/77 1582/1778/77 1585/1781/77 731/1789/77
f 1591/1790/113 1592/1791/113 1595/1792/113 1594/1793/113
f 1592/1791/113 1593/1794/113 1596/1795/113 1595/1792/113
f 1594/1793/114 1595/1792/114 1598/1796/114 1597/1797/114
f 1595/1792/114 1596/1795/114 1599/1798/114 1598/1796/114
f 58/427/115 334/1215/115 1591/1790/115 703/428/115
f 334/1215/115 335/1214/115 1592/1791/115 1591/1790/115
f 335/1214/115 336/1213/115 1593/1794/115 1592/1791/115
f 336/1213/115 55/1181/115 733/1799/115 1593/1794/115
f 1593/1794/113 733/1799/113 734/1800/113 1596/1795/113
f 1596/1795/114 734/1800/114 735/1801/114 1599/1798/114
f 1599/1798/116 735/1801/116 89/1548/116 606/1546/116
f 1598/1796/116 1599/1798/116 606/1546/116 605/1545/116
f 1597/1797/116 1598/1796/116 605/1545/116 604/1544/116
f 705/430/116 1597/1797/116 604/1544/116 92/431/116
f 704/429/114 1594/1793/114 1597/1797/114 705/430/114
f 703/428/113 1591/1790/113 1594/1793/113 704/429/113
f 1600/1802/545 1601/1803/545 1604/1804/545 1603/1805/545
f 1601/1806/546 1602/1807/546 1605/1808/546 1604/1809/546
f 1603/1805/547 1604/1804/547 1607/1810/547 1606/1811/547
f 1604/1809/548 1605/1808/548 1608/1812/548 1607/1813/548
f 71/918/549 415/920/549 1600/1802/549 738/1814/549
f 415/920/550 416/928/550 1601/1803/550 1600/1802/550
f 416/927/551 417/926/551 1602/1807/551 1601/1806/551
f 417/926/552 40/880/552 723/1748/552 1602/1807/552
f 1602/1807/553 723/1748/553 722/1753/553 1605/1808/553
f 1605/1808/554 722/1753/554 721/1752/554 1608/1812/554
f 1608/1812/555 721/1752/555 108/1684/555 687/1710/555
f 1607/1813/556 1608/1812/556 687/1710/556 686/1709/556
f 1606/1811/557 1607/1810/557 686/1708/557 685/1707/557
f 736/1815/558 1606/1811/558 685/1707/558 75/1432/558
f 737/1816/559 1603/1805/559 1606/1811/559 736/1815/559
f 738/1814/560 1600/1802/560 1603/1805/560 737/1816/560
f 1609/1817/73 1610/1818/73 1613/1819/73 1612/1820/73
f 1610/1818/73 1611/1821/73 1614/1822/73 1613/1819/73
f 1612/1820/74 1613/1819/74 1616/1823/74 1615/1824/74
f 1613/1819/74 1614/1822/74 1617/1825/74 1616/1823/74
f 65/373/75 295/1321/75 1609/1817/75 709/374/75
f 295/1321/75 296/1320/75 1610/1818/75 1609/1817/75
f 296/1320/75 297/1319/75 1611/1821/75 1610/1818/75
f 297/1319/75 63/1283/75 739/1826/75 1611/1821/75
f 1611/1821/73 739/1826/73 740/1827/73 1614/1822/73
f 1614/1822/74 740/1827/74 741/1828/74 1617/1825/74
f 1617/1825/76 741/1828/76 81/1480/76 567/1478/76
f 1616/1823/76 1617/1825/76 567/1478/76 566/1477/76
f 1615/1824/76 1616/1823/76 566/1477/76 565/1476/76
f 711/376/76 1615/1824/76 565/1476/76 79/377/76
f 710/375/74 1612/1820/74 1615/1824/74 711/376/74
f 709/374/73 1609/1817/73 1612/1820/73 710/375/73
f 1618/1829/149 1619/1830/149 1622/1831/149 1621/1832/149
f 1619/1830/149 1620/1833/149 1623/1834/149 1622/1831/149
f 1621/1832/150 1622/1831/150 1625/1835/150 1624/1836/150
f 1622/1831/150 1623/1834/150 1626/1837/150 1625/1835/150
f 46/949/151 376/1015/151 1618/1829/151 744/1838/151
f 376/1015/151 377/1025/151 1619/1830/151 1618/1829/151
f 377/1025/151 378/1023/151 1620/1833/151 1619/1830/151
f 378/1023/151 48/1024/151 714/1724/151 1620/1833/151
f 1620/1833/149 714/1724/149 713/1726/149 1623/1834/149
f 1623/1834/150 713/1726/150 712/1725/150 1626/1837/150
f 1626/1837/152 712/1725/152 100/1601/152 648/1625/152
f 1625/1835/152 1626/1837/152 648/1625/152 647/1624/152
f 1624/1836/152 1625/1835/152 647/1624/152 646/1622/152
f 742/1839/152 1624/1836/152 646/1622/152 102/1621/152
f 743/1840/150 1621/1832/150 1624/1836/150 742/1839/150
f 744/1838/149 1618/1829/149 1621/1832/149 743/1840/149
f 1627/1841/561 1628/1842/561 1631/1843/561 1630/1844/561
f 1628/1845/562 1629/1846/562 1632/1847/562 1631/1848/562
f 1630/1844/563 1631/1843/563 1634/1849/563 1633/1850/563
f 1631/1848/564 1632/1847/564 1635/1851/564 1634/1852/564
f 39/866/565 418/865/565 1627/1841/565 727/1775/565
f 418/865/566 419/864/566 1628/1842/566 1627/1841/566
f 419/863/567 420/862/567 1629/1846/567 1628/1845/567
f 420/862/568 72/738/568 375/740/568 1629/1846/568
f 1629/1846/569 375/740/569 374/748/569 1632/1847/569
f 1632/1847/570 374/748/570 373/746/570 1635/1851/570
f 1635/1851/571 373/746/571 76/747/571 690/1714/571
f 1634/1852/572 1635/1851/572 690/1714/572 689/1713/572
f 1633/1850/573 1634/1849/573 689/1712/573 688/1711/573
f 729/1777/574 1633/1850/574 688/1711/574 107/1693/574
f 728/1776/575 1630/1844/575 1633/1850/575 729/1777/575
f 727/1775/576 1627/1841/576 1630/1844/576 728/1776/576
f 1636/1853/113 1637/1854/113 1640/1855/113 1639/1856/113
f 1637/1854/113 1638/1857/113 1641/1858/113 1640/1855/113
f 1639/1856/114 1640/1855/114 1643/1859/114 1642/1860/114
f 1640/1855/114 1641/1858/114 1644/1861/114 1643/1859/114
f 47/1039/115 379/1038/115 1636/1853/115 724/1763/115
f 379/1038/115 380/1037/115 1637/1854/115 1636/1853/115
f 380/1037/115 381/1036/115 1638/1857/115 1637/1854/115
f 381/1036/115 45/761/115 393/763/115 1638/1857/115
f 1638/1857/113 393/763/113 392/778/113 1641/1858/113
f 1641/1858/114 392/778/114 391/776/114 1644/1861/114
f 1644/1861/116 391/776/116 101/777/116 651/1628/116
f 1643/1859/116 1644/1861/116 651/1628/116 650/1627/116
f 1642/1860/116 1643/1859/116 650/1627/116 649/1626/116
f 726/1765/116 1642/1860/116 649/1626/116 99/1610/116
f 725/1764/114 1639/1856/114 1642/1860/114 726/1765/114
f 724/1763/113 1636/1853/113 1639/1856/113 725/1764/113
f 1645/1862/149 1646/1863/149 1649/1864/149 1648/1865/149
f 1646/1863/149 1647/1866/149 1650/1867/149 1649/1864/149
f 1648/1865/150 1649/1864/150 1652/1868/150 1651/1869/150
f 1649/1864/150 1650/1867/150 1653/1870/150 1652/1868/150
f 54/721/151 340/1157/151 1645/1862/151 364/722/151
f 340/1157/151 341/1167/151 1646/1863/151 1645/1862/151
f 341/1167/151 342/1165/151 1647/1866/151 1646/1863/151
f 342/1165/151 56/1166/151 717/1736/151 1647/1866/151
f 1647/1866/149 717/1736/149 716/1738/149 1650/1867/149
f 1650/1867/150 716/1738/150 715/1737/150 1653/1870/150
f 1653/1870/152 715/1737/152 90/1536/152 612/1562/152
f 1652/1868/152 1653/1870/152 612/1562/152 611/1561/152
f 1651/1869/152 1652/1868/152 611/1561/152 610/1559/152
f 366/724/152 1651/1869/152 610/1559/152 94/725/152
f 365/723/150 1648/1865/150 1651/1869/150 366/724/150
f 364/722/149 1645/1862/149 1648/1865/149 365/723/149
f 1654/1871/77 1655/1872/77 1658/1873/77 1657/1874/77
f 1655/1872/77 1656/1875/77 1659/1876/77 1658/1873/77
f 1657/1874/78 1658/1873/78 1661/1877/78 1660/1878/78
f 1658/1873/78 1659/1876/78 1662/1879/78 1661/1877/78
f 62/701/79 301/1259/79 1654/1871/79 346/702/79
f 301/1259/79 302/1269/79 1655/1872/79 1654/1871/79
f 302/1269/79 303/1267/79 1656/1875/79 1655/1872/79
f 303/1267/79 64/1268/79 732/1787/79 1656/1875/79
f 1656/1875/77 732/1787/77 731/1789/77 1659/1876/77
f 1659/1876/78 731/1789/78 730/1788/78 1662/1879/78
f 1662/1879/80 730/1788/80 82/1471/80 573/1494/80
f 1661/1877/80 1662/1879/80 573/1494/80 572/1493/80
f 1660/1878/80 1661/1877/80 572/1493/80 571/1491/80
f 348/704/80 1660/1878/80 571/1491/80 84/705/80
f 347/703/78 1657/1874/78 1660/1878/78 348/704/78
f 346/702/77 1654/1871/77 1657/1874/77 347/703/77
f 1663/1880/77 1664/1881/77 1667/1882/77 1666/1883/77
f 1664/1881/77 1665/1884/77 1668/1885/77 1667/1882/77
f 1666/1883/78 1667/1882/78 1670/1886/78 1669/1887/78
f 1667/1882/78 1668/1885/78 1671/1888/78 1670/1886/78
f 70/626/79 262/1401/79 1663/1880/79 280/627/79
f 262/1401/79 263/1406/79 1664/1881/79 1663/1880/79
f 263/1406/79 264/1405/79 1665/1884/79 1664/1881/79
f 264/1405/79 71/918/79 738/1814/79 1665/1884/79
f 1665/1884/77 738/1814/77 737/1816/77 1668/1885/77
f 1668/1885/78 737/1816/78 736/1815/78 1671/1888/78
f 1671/1888/80 736/1815/80 75/1432/80 534/1431/80
f 1670/1886/80 1671/1888/80 534/1431/80 533/1430/80
f 1669/1887/80 1670/1886/80 533/1430/80 532/1428/80
f 282/629/80 1669/1887/80 532/1428/80 74/630/80
f 281/628/78 1666/1883/78 1669/1887/78 282/629/78
f 280/627/77 1663/1880/77 1666/1883/77 281/628/77
f 1672/1889/113 1673/1890/113 1676/1891/113 1675/1892/113
f 1673/1890/113 1674/1893/113 1677/1894/113 1676/1891/113
f 1675/1892/114 1676/1891/114 1679/1895/114 1678/1896/114
f 1676/1891/114 1677/1894/114 1680/1897/114 1679/1895/114
f 55/1181/115 343/1180/115 1672/1889/115 733/1799/115
f 343/1180/115 344/1179/115 1673/1890/115 1672/1889/115
f 344/1179/115 345/1178/115 1674/1893/115 1673/1890/115
f 345/1178/115 53/678/115 327/680/115 1674/1893/115
f 1674/1893/113 327/680/113 326/688/113 1677/1894/113
f 1677/1894/114 326/688/114 325/686/114 1680/1897/114
f 1680/1897/116 325/686/116 93/687/116 615/1565/116
f 1679/1895/116 1680/1897/116 615/1565/116 614/1564/116
f 1678/1896/116 1679/1895/116 614/1564/116 613/1563/116
f 735/1801/116 1678/1896/116 613/1563/116 89/1548/116
f 734/1800/114 1675/1892/114 1678/1896/114 735/1801/114
f 733/1799/113 1672/1889/113 1675/1892/113 734/1800/113
f 1681/1898/73 1682/1899/73 1685/1900/73 1684/1901/73
f 1682/1899/73 1683/1902/73 1686/1903/73 1685/1900/73
f 1684/1901/74 1685/1900/74 1688/1904/74 1687/1905/74
f 1685/1900/74 1686/1903/74 1689/1906/74 1688/1904/74
f 63/1283/75 304/1282/75 1681/1898/75 739/1826/75
f 304/1282/75 305/1281/75 1682/1899/75 1681/1898/75
f 305/1281/75 306/1280/75 1683/1902/75 1682/1899/75
f 306/1280/75 61/658/75 309/660/75 1683/1902/75
f 1683/1902/73 309/660/73 308/668/73 1686/1903/73
f 1686/1903/74 308/668/74 307/666/74 1689/1906/74
f 1689/1906/76 307/666/76 83/667/76 576/1497/76
f 1688/1904/76 1689/1906/76 576/1497/76 575/1496/76
f 1687/1905/76 1688/1904/76 575/1496/76 574/1495/76
f 741/1828/76 1687/1905/76 574/1495/76 81/1480/76
f 740/1827/74 1684/1901/74 1687/1905/74 741/1828/74
f 739/1826/73 1681/1898/73 1684/1901/73 740/1827/73
f 1690/1907/577 1691/1908/577 1694/1909/577 1693/1910/577
f 1691/1911/578 1692/1912/578 1695/1913/578 1694/1914/578
f 1693/1910/579 1694/1909/579 1697/1915/579 1696/1916/579
f 1694/1914/580 1695/1913/580 1698/1917/580 1697/1918/580
f 42/889/581 385/941/581 1690/1907/581 718/1749/581
f 385/941/582 386/951/582 1691/1908/582 1690/1907/582
f 386/950/583 387/948/583 1692/1912/583 1691/1911/583
f 387/948/584 46/949/584 744/1838/584 1692/1912/584
f 1692/1912/585 744/1838/585 743/1840/585 1695/1913/585
f 1695/1913/586 743/1840/586 742/1839/586 1698/1917/586
f 1698/1917/587 742/1839/587 102/1621/587 657/1648/587
f 1697/1918/588 1698/1917/588 657/1648/588 656/1647/588
f 1696/1916/589 1697/1915/589 656/1646/589 655/1644/589
f 720/1751/590 1696/1916/590 655/1644/590 104/1643/590
f 719/1750/591 1693/1910/591 1696/1916/591 720/1751/591
f 718/1749/592 1690/1907/592 1693/1910/592 719/1750/592
