# Blender 5.0.0
# www.blender.org
mtllib Water Supply.mtl
o Water_Supply
v -0.945000 0.000000 0.945000
v -0.945000 1.008000 0.945000
v -0.945000 0.000000 -0.945000
v -0.945000 1.008000 -0.945000
v 0.945000 0.000000 0.945000
v 0.945000 1.008000 0.945000
v 0.945000 0.000000 -0.945000
v 0.945000 1.008000 -0.945000
v -1.008000 -0.063000 -1.008000
v -1.008000 -0.063000 1.008000
v -1.008000 1.008000 1.008000
v -1.008000 1.008000 -1.008000
v 1.008000 -0.063000 -1.008000
v 1.008000 1.008000 -1.008000
v 1.008000 -0.063000 1.008000
v 1.008000 1.008000 1.008000
v -0.692847 0.011042 0.000000
v -0.647792 0.011042 0.004438
v -0.604467 0.011042 0.017580
v -0.564539 0.011042 0.038922
v -0.529542 0.011042 0.067643
v -0.500820 0.011042 0.102641
v -0.479478 0.011042 0.142569
v -0.466336 0.011042 0.185893
v -0.461898 0.011042 0.230949
v -0.466336 0.011042 0.276005
v -0.479478 0.011042 0.319330
v -0.500820 0.011042 0.359258
v -0.529542 0.011042 0.394255
v -0.564539 0.011042 0.422976
v -0.604467 0.011042 0.444318
v -0.647792 0.011042 0.457461
v -0.692847 0.011042 0.461898
v -0.737903 0.011042 0.457461
v -0.781228 0.011042 0.444318
v -0.821156 0.011042 0.422976
v -0.856153 0.011042 0.394255
v -0.884875 0.011042 0.359258
v -0.906217 0.011042 0.319330
v -0.919359 0.011042 0.276005
v -0.923797 0.011042 0.230949
v -0.919359 0.011042 0.185893
v -0.906217 0.011042 0.142569
v -0.884875 0.011042 0.102641
v -0.856153 0.011042 0.067643
v -0.821156 0.011042 0.038922
v -0.781228 0.011042 0.017580
v -0.737903 0.011042 0.004438
v -0.692847 0.964260 0.142232
v -0.692847 0.787139 0.000000
v -0.692847 0.959820 0.066531
v -0.692847 0.946720 0.048444
v -0.692847 0.925618 0.032219
v -0.692847 0.897573 0.018669
v -0.692847 0.863989 0.008474
v -0.692847 0.826552 0.002146
v -0.675540 0.964260 0.143937
v -0.647792 0.787139 0.004438
v -0.660771 0.959820 0.069691
v -0.657243 0.946720 0.051951
v -0.654077 0.925618 0.036038
v -0.651434 0.897573 0.022748
v -0.649445 0.863989 0.012749
v -0.648210 0.826552 0.006542
v -0.658897 0.964260 0.148985
v -0.604467 0.787139 0.017580
v -0.629928 0.959820 0.079047
v -0.623006 0.946720 0.062337
v -0.616797 0.925618 0.047347
v -0.611612 0.897573 0.034828
v -0.607710 0.863989 0.025409
v -0.605288 0.826552 0.019562
v -0.643559 0.964260 0.157183
v -0.564539 0.787139 0.038922
v -0.601502 0.959820 0.094241
v -0.591453 0.946720 0.079202
v -0.582439 0.925618 0.065711
v -0.574911 0.897573 0.054445
v -0.569247 0.863989 0.045968
v -0.565731 0.826552 0.040706
v -0.630115 0.964260 0.168217
v -0.529542 0.787139 0.067643
v -0.576587 0.959820 0.114688
v -0.563797 0.946720 0.101899
v -0.552324 0.925618 0.090426
v -0.542743 0.897573 0.080845
v -0.535534 0.863989 0.073636
v -0.531059 0.826552 0.069161
v -0.619082 0.964260 0.181661
v -0.500820 0.787139 0.102641
v -0.556139 0.959820 0.139603
v -0.541100 0.946720 0.129555
v -0.527610 0.925618 0.120541
v -0.516343 0.897573 0.113013
v -0.507867 0.863989 0.107349
v -0.502604 0.826552 0.103833
v -0.610884 0.964260 0.196999
v -0.479478 0.787139 0.142569
v -0.540945 0.959820 0.168029
v -0.524235 0.946720 0.161108
v -0.509245 0.925618 0.154898
v -0.496727 0.897573 0.149713
v -0.487308 0.863989 0.145812
v -0.481461 0.826552 0.143390
v -0.605835 0.964260 0.213641
v -0.466336 0.787139 0.185893
v -0.531589 0.959820 0.198873
v -0.513850 0.946720 0.195344
v -0.497936 0.925618 0.192179
v -0.484647 0.897573 0.189535
v -0.474648 0.863989 0.187546
v -0.468440 0.826552 0.186312
v -0.604130 0.964260 0.230949
v -0.461898 0.787139 0.230949
v -0.528430 0.959820 0.230949
v -0.510343 0.946720 0.230949
v -0.494118 0.925618 0.230949
v -0.480568 0.897573 0.230949
v -0.470373 0.863989 0.230949
v -0.464044 0.826552 0.230949
v -0.605835 0.964260 0.248257
v -0.466336 0.787139 0.276005
v -0.531589 0.959820 0.263025
v -0.513850 0.946720 0.266554
v -0.497936 0.925618 0.269719
v -0.484647 0.897573 0.272363
v -0.474648 0.863989 0.274352
v -0.468440 0.826552 0.275586
v -0.610884 0.964260 0.264900
v -0.479478 0.787139 0.319330
v -0.540945 0.959820 0.293869
v -0.524235 0.946720 0.300791
v -0.509245 0.925618 0.307000
v -0.496727 0.897573 0.312185
v -0.487308 0.863989 0.316086
v -0.481461 0.826552 0.318508
v -0.619082 0.964260 0.280238
v -0.500820 0.787139 0.359258
v -0.556139 0.959820 0.322295
v -0.541100 0.946720 0.332343
v -0.527610 0.925618 0.341358
v -0.516343 0.897573 0.348885
v -0.507867 0.863989 0.354549
v -0.502604 0.826552 0.358066
v -0.630115 0.964260 0.293682
v -0.529542 0.787139 0.394255
v -0.576587 0.959820 0.347210
v -0.563797 0.946720 0.359999
v -0.552324 0.925618 0.371472
v -0.542743 0.897573 0.381054
v -0.535534 0.863989 0.388262
v -0.531059 0.826552 0.392738
v -0.643559 0.964260 0.304715
v -0.564539 0.787139 0.422976
v -0.601502 0.959820 0.367657
v -0.591453 0.946720 0.382696
v -0.582439 0.925618 0.396187
v -0.574911 0.897573 0.407453
v -0.569247 0.863989 0.415930
v -0.565731 0.826552 0.421192
v -0.658897 0.964260 0.312913
v -0.604467 0.787139 0.444318
v -0.629928 0.959820 0.382851
v -0.623006 0.946720 0.399561
v -0.616797 0.925618 0.414552
v -0.611612 0.897573 0.427070
v -0.607710 0.863989 0.436489
v -0.605288 0.826552 0.442336
v -0.675540 0.964260 0.317962
v -0.647792 0.787139 0.457461
v -0.660771 0.959820 0.392208
v -0.657243 0.946720 0.409947
v -0.654077 0.925618 0.425860
v -0.651434 0.897573 0.439150
v -0.649445 0.863989 0.449149
v -0.648210 0.826552 0.455356
v -0.692847 0.964260 0.319666
v -0.692847 0.787139 0.461898
v -0.692847 0.959820 0.395367
v -0.692847 0.946720 0.413454
v -0.692847 0.925618 0.429679
v -0.692847 0.897573 0.443229
v -0.692847 0.863989 0.453424
v -0.692847 0.826552 0.459753
v -0.710155 0.964260 0.317962
v -0.737903 0.787139 0.457461
v -0.724924 0.959820 0.392208
v -0.728452 0.946720 0.409947
v -0.731618 0.925618 0.425860
v -0.734261 0.897573 0.439150
v -0.736250 0.863989 0.449149
v -0.737485 0.826552 0.455356
v -0.726798 0.964260 0.312913
v -0.781228 0.787139 0.444318
v -0.755767 0.959820 0.382851
v -0.762689 0.946720 0.399561
v -0.768898 0.925618 0.414552
v -0.774083 0.897573 0.427070
v -0.777985 0.863989 0.436489
v -0.780407 0.826552 0.442336
v -0.742136 0.964260 0.304715
v -0.821156 0.787139 0.422976
v -0.784193 0.959820 0.367657
v -0.794242 0.946720 0.382696
v -0.803256 0.925618 0.396187
v -0.810784 0.897573 0.407453
v -0.816448 0.863989 0.415930
v -0.819964 0.826552 0.421192
v -0.755580 0.964260 0.293682
v -0.856153 0.787139 0.394255
v -0.809108 0.959820 0.347210
v -0.821898 0.946720 0.359999
v -0.833371 0.925618 0.371472
v -0.842952 0.897573 0.381054
v -0.850161 0.863989 0.388262
v -0.854636 0.826552 0.392738
v -0.766613 0.964260 0.280238
v -0.884875 0.787139 0.359258
v -0.829556 0.959820 0.322295
v -0.844595 0.946720 0.332343
v -0.858085 0.925618 0.341358
v -0.869352 0.897573 0.348885
v -0.877828 0.863989 0.354549
v -0.883091 0.826552 0.358066
v -0.774811 0.964260 0.264900
v -0.906217 0.787139 0.319330
v -0.844750 0.959820 0.293869
v -0.861460 0.946720 0.300791
v -0.876450 0.925618 0.307000
v -0.888968 0.897573 0.312185
v -0.898387 0.863989 0.316086
v -0.904234 0.826552 0.318508
v -0.779860 0.964260 0.248257
v -0.919359 0.787139 0.276005
v -0.854106 0.959820 0.263025
v -0.871845 0.946720 0.266554
v -0.887759 0.925618 0.269719
v -0.901048 0.897573 0.272363
v -0.911047 0.863989 0.274352
v -0.917255 0.826552 0.275586
v -0.781565 0.964260 0.230949
v -0.923797 0.787139 0.230949
v -0.857265 0.959820 0.230949
v -0.875352 0.946720 0.230949
v -0.891577 0.925618 0.230949
v -0.905127 0.897573 0.230949
v -0.915322 0.863989 0.230949
v -0.921651 0.826552 0.230949
v -0.779860 0.964260 0.213641
v -0.919359 0.787139 0.185893
v -0.854106 0.959820 0.198873
v -0.871845 0.946720 0.195344
v -0.887759 0.925618 0.192179
v -0.901048 0.897573 0.189535
v -0.911047 0.863989 0.187546
v -0.917255 0.826552 0.186312
v -0.774811 0.964260 0.196999
v -0.906217 0.787139 0.142569
v -0.844750 0.959820 0.168029
v -0.861460 0.946720 0.161108
v -0.876450 0.925618 0.154898
v -0.888968 0.897573 0.149713
v -0.898387 0.863989 0.145812
v -0.904234 0.826552 0.143390
v -0.766613 0.964260 0.181660
v -0.884875 0.787139 0.102641
v -0.829556 0.959820 0.139604
v -0.844595 0.946720 0.129555
v -0.858085 0.925618 0.120541
v -0.869352 0.897573 0.113013
v -0.877828 0.863989 0.107349
v -0.883091 0.826552 0.103833
v -0.755580 0.964260 0.168217
v -0.856153 0.787139 0.067643
v -0.809108 0.959820 0.114688
v -0.821898 0.946720 0.101899
v -0.833371 0.925618 0.090426
v -0.842952 0.897573 0.080845
v -0.850161 0.863989 0.073636
v -0.854636 0.826552 0.069161
v -0.742136 0.964260 0.157183
v -0.821156 0.787139 0.038922
v -0.784193 0.959820 0.094241
v -0.794242 0.946720 0.079202
v -0.803256 0.925618 0.065711
v -0.810784 0.897573 0.054445
v -0.816448 0.863989 0.045968
v -0.819964 0.826552 0.040706
v -0.726798 0.964260 0.148985
v -0.781228 0.787139 0.017580
v -0.755767 0.959820 0.079047
v -0.762689 0.946720 0.062337
v -0.768898 0.925618 0.047347
v -0.774083 0.897573 0.034828
v -0.777985 0.863989 0.025409
v -0.780407 0.826552 0.019562
v -0.710155 0.964260 0.143937
v -0.737903 0.787139 0.004438
v -0.724924 0.959820 0.069691
v -0.728452 0.946720 0.051951
v -0.731618 0.925618 0.036038
v -0.734261 0.897573 0.022748
v -0.736250 0.863989 0.012749
v -0.737485 0.826552 0.006542
v -0.692847 0.964260 0.085573
v -0.664486 0.964260 0.088367
v -0.637215 0.964260 0.096639
v -0.612081 0.964260 0.110074
v -0.590051 0.964260 0.128153
v -0.571972 0.964260 0.150183
v -0.558538 0.964260 0.175316
v -0.550265 0.964260 0.202588
v -0.547472 0.964260 0.230949
v -0.550265 0.964260 0.259310
v -0.558538 0.964260 0.286582
v -0.571972 0.964260 0.311716
v -0.590051 0.964260 0.333745
v -0.612081 0.964260 0.351825
v -0.637215 0.964260 0.365259
v -0.664486 0.964260 0.373532
v -0.692847 0.964260 0.376325
v -0.721209 0.964260 0.373532
v -0.748480 0.964260 0.365259
v -0.773614 0.964260 0.351825
v -0.795644 0.964260 0.333745
v -0.813723 0.964260 0.311716
v -0.827157 0.964260 0.286582
v -0.835430 0.964260 0.259310
v -0.838223 0.964260 0.230949
v -0.835430 0.964260 0.202588
v -0.827157 0.964260 0.175316
v -0.813723 0.964260 0.150183
v -0.795644 0.964260 0.128153
v -0.773614 0.964260 0.110074
v -0.748480 0.964260 0.096639
v -0.721209 0.964260 0.088367
v -0.692847 0.991336 0.142232
v -0.675540 0.991336 0.143937
v -0.658897 0.991336 0.148985
v -0.643559 0.991336 0.157183
v -0.630115 0.991336 0.168217
v -0.619082 0.991336 0.181661
v -0.610884 0.991336 0.196999
v -0.605835 0.991336 0.213641
v -0.604130 0.991336 0.230949
v -0.605835 0.991336 0.248257
v -0.610884 0.991336 0.264900
v -0.619082 0.991336 0.280238
v -0.630115 0.991336 0.293682
v -0.643559 0.991336 0.304715
v -0.658897 0.991336 0.312913
v -0.675540 0.991336 0.317962
v -0.692847 0.991336 0.319666
v -0.710155 0.991336 0.317962
v -0.726798 0.991336 0.312913
v -0.742136 0.991336 0.304715
v -0.755580 0.991336 0.293682
v -0.766613 0.991336 0.280238
v -0.774811 0.991336 0.264900
v -0.779860 0.991336 0.248257
v -0.781565 0.991336 0.230949
v -0.779860 0.991336 0.213641
v -0.774811 0.991336 0.196999
v -0.766613 0.991336 0.181660
v -0.755580 0.991336 0.168217
v -0.742136 0.991336 0.157183
v -0.726798 0.991336 0.148985
v -0.710155 0.991336 0.143937
v -0.692847 0.991336 0.122995
v -0.671787 0.991336 0.125069
v -0.651535 0.991336 0.131212
v -0.632871 0.991336 0.141188
v -0.616512 0.991336 0.154614
v -0.603087 0.991336 0.170973
v -0.593111 0.991336 0.189637
v -0.586967 0.991336 0.209888
v -0.584893 0.991336 0.230949
v -0.586967 0.991336 0.252010
v -0.593111 0.991336 0.272261
v -0.603087 0.991336 0.290925
v -0.616512 0.991336 0.307284
v -0.632871 0.991336 0.320710
v -0.651535 0.991336 0.330686
v -0.671787 0.991336 0.336829
v -0.692847 0.991336 0.338903
v -0.713908 0.991336 0.336829
v -0.734160 0.991336 0.330686
v -0.752824 0.991336 0.320710
v -0.769183 0.991336 0.307284
v -0.782608 0.991336 0.290925
v -0.792584 0.991336 0.272261
v -0.798727 0.991336 0.252010
v -0.800802 0.991336 0.230949
v -0.798727 0.991336 0.209888
v -0.792584 0.991336 0.189637
v -0.782608 0.991336 0.170973
v -0.769183 0.991336 0.154614
v -0.752824 0.991336 0.141188
v -0.734160 0.991336 0.131212
v -0.713908 0.991336 0.125069
v -0.692847 1.064125 0.122995
v -0.671787 1.064125 0.125069
v -0.651535 1.064125 0.131212
v -0.632871 1.064125 0.141188
v -0.616512 1.064125 0.154614
v -0.603087 1.064125 0.170973
v -0.593111 1.064125 0.189637
v -0.586967 1.064125 0.209888
v -0.584893 1.064125 0.230949
v -0.586967 1.064125 0.252010
v -0.593111 1.064125 0.272261
v -0.603087 1.064125 0.290925
v -0.616512 1.064125 0.307284
v -0.632871 1.064125 0.320710
v -0.651535 1.064125 0.330686
v -0.671787 1.064125 0.336829
v -0.692847 1.064125 0.338903
v -0.713908 1.064125 0.336829
v -0.734160 1.064125 0.330686
v -0.752824 1.064125 0.320710
v -0.769183 1.064125 0.307284
v -0.782608 1.064125 0.290925
v -0.792584 1.064125 0.272261
v -0.798727 1.064125 0.252010
v -0.800802 1.064125 0.230949
v -0.798727 1.064125 0.209888
v -0.792584 1.064125 0.189637
v -0.782608 1.064125 0.170973
v -0.769183 1.064125 0.154614
v -0.752824 1.064125 0.141188
v -0.734160 1.064125 0.131212
v -0.713908 1.064125 0.125069
v -0.692847 0.011041 0.474696
v -0.647792 0.011041 0.479134
v -0.604467 0.011041 0.492276
v -0.564539 0.011041 0.513618
v -0.529542 0.011041 0.542340
v -0.500820 0.011041 0.577337
v -0.479478 0.011041 0.617265
v -0.466336 0.011041 0.660589
v -0.461898 0.011041 0.705645
v -0.466336 0.011041 0.750701
v -0.479478 0.011041 0.794026
v -0.500820 0.011041 0.833954
v -0.529542 0.011041 0.868951
v -0.564539 0.011041 0.897673
v -0.604467 0.011041 0.919015
v -0.647792 0.011041 0.932157
v -0.692847 0.011041 0.936595
v -0.737903 0.011041 0.932157
v -0.781228 0.011041 0.919015
v -0.821156 0.011041 0.897673
v -0.856153 0.011041 0.868951
v -0.884875 0.011041 0.833954
v -0.906217 0.011041 0.794026
v -0.919359 0.011041 0.750701
v -0.923797 0.011041 0.705645
v -0.919359 0.011041 0.660589
v -0.906217 0.011041 0.617265
v -0.884875 0.011041 0.577337
v -0.856153 0.011041 0.542340
v -0.821156 0.011041 0.513618
v -0.781228 0.011041 0.492276
v -0.737903 0.011041 0.479134
v -0.692847 0.964260 0.616928
v -0.692847 0.787139 0.474696
v -0.692847 0.959820 0.541228
v -0.692847 0.946720 0.523141
v -0.692847 0.925618 0.506916
v -0.692847 0.897573 0.493366
v -0.692847 0.863989 0.483171
v -0.692847 0.826552 0.476842
v -0.675540 0.964260 0.618633
v -0.647792 0.787139 0.479134
v -0.660771 0.959820 0.544387
v -0.657243 0.946720 0.526648
v -0.654077 0.925618 0.510734
v -0.651434 0.897573 0.497445
v -0.649445 0.863989 0.487446
v -0.648210 0.826552 0.481238
v -0.658897 0.964260 0.623681
v -0.604467 0.787139 0.492276
v -0.629928 0.959820 0.553743
v -0.623006 0.946720 0.537033
v -0.616797 0.925618 0.522043
v -0.611612 0.897573 0.509525
v -0.607710 0.863989 0.500106
v -0.605288 0.826552 0.494258
v -0.643559 0.964260 0.631880
v -0.564539 0.787139 0.513618
v -0.601502 0.959820 0.568937
v -0.591453 0.946720 0.553898
v -0.582439 0.925618 0.540408
v -0.574911 0.897573 0.529141
v -0.569247 0.863989 0.520664
v -0.565731 0.826552 0.515402
v -0.630115 0.964260 0.642913
v -0.529542 0.787139 0.542340
v -0.576587 0.959820 0.589385
v -0.563797 0.946720 0.576595
v -0.552324 0.925618 0.565122
v -0.542743 0.897573 0.555541
v -0.535534 0.863989 0.548332
v -0.531059 0.826552 0.543857
v -0.619082 0.964260 0.656357
v -0.500820 0.787139 0.577337
v -0.556139 0.959820 0.614300
v -0.541100 0.946720 0.604251
v -0.527610 0.925618 0.595237
v -0.516343 0.897573 0.587709
v -0.507867 0.863989 0.582045
v -0.502604 0.826552 0.578529
v -0.610884 0.964260 0.671695
v -0.479478 0.787139 0.617265
v -0.540945 0.959820 0.642725
v -0.524235 0.946720 0.635804
v -0.509245 0.925618 0.629595
v -0.496727 0.897573 0.624410
v -0.487308 0.863989 0.620508
v -0.481460 0.826552 0.618086
v -0.605835 0.964260 0.688338
v -0.466336 0.787139 0.660589
v -0.531589 0.959820 0.673569
v -0.513850 0.946720 0.670041
v -0.497936 0.925618 0.666875
v -0.484647 0.897573 0.664232
v -0.474648 0.863989 0.662243
v -0.468440 0.826552 0.661008
v -0.604130 0.964260 0.705645
v -0.461898 0.787139 0.705645
v -0.528430 0.959820 0.705645
v -0.510343 0.946720 0.705645
v -0.494118 0.925618 0.705645
v -0.480568 0.897573 0.705645
v -0.470373 0.863989 0.705645
v -0.464044 0.826552 0.705645
v -0.605835 0.964260 0.722953
v -0.466336 0.787139 0.750701
v -0.531589 0.959820 0.737722
v -0.513850 0.946720 0.741250
v -0.497936 0.925618 0.744416
v -0.484647 0.897573 0.747059
v -0.474648 0.863989 0.749048
v -0.468440 0.826552 0.750283
v -0.610884 0.964260 0.739596
v -0.479478 0.787139 0.794026
v -0.540945 0.959820 0.768565
v -0.524235 0.946720 0.775487
v -0.509245 0.925618 0.781696
v -0.496727 0.897573 0.786881
v -0.487308 0.863989 0.790783
v -0.481460 0.826552 0.793205
v -0.619082 0.964260 0.754934
v -0.500820 0.787139 0.833954
v -0.556139 0.959820 0.796991
v -0.541100 0.946720 0.807040
v -0.527610 0.925618 0.816054
v -0.516343 0.897573 0.823582
v -0.507867 0.863989 0.829246
v -0.502604 0.826552 0.832762
v -0.630115 0.964260 0.768378
v -0.529542 0.787139 0.868951
v -0.576587 0.959820 0.821906
v -0.563797 0.946720 0.834696
v -0.552324 0.925618 0.846169
v -0.542743 0.897573 0.855750
v -0.535534 0.863989 0.862959
v -0.531059 0.826552 0.867434
v -0.643559 0.964260 0.779411
v -0.564539 0.787139 0.897673
v -0.601502 0.959820 0.842354
v -0.591453 0.946720 0.857392
v -0.582439 0.925618 0.870883
v -0.574911 0.897573 0.882150
v -0.569247 0.863989 0.890626
v -0.565731 0.826552 0.895889
v -0.658897 0.964260 0.787609
v -0.604467 0.787139 0.919015
v -0.629928 0.959820 0.857548
v -0.623006 0.946720 0.874258
v -0.616797 0.925618 0.889248
v -0.611612 0.897573 0.901766
v -0.607710 0.863989 0.911185
v -0.605288 0.826552 0.917032
v -0.675540 0.964260 0.792658
v -0.647792 0.787139 0.932157
v -0.660771 0.959820 0.866904
v -0.657243 0.946720 0.884643
v -0.654077 0.925618 0.900557
v -0.651434 0.897573 0.913846
v -0.649445 0.863989 0.923845
v -0.648210 0.826552 0.930053
v -0.692847 0.964260 0.794363
v -0.692847 0.787139 0.936595
v -0.692847 0.959820 0.870063
v -0.692847 0.946720 0.888150
v -0.692847 0.925618 0.904375
v -0.692847 0.897573 0.917925
v -0.692847 0.863989 0.928120
v -0.692847 0.826552 0.934449
v -0.710155 0.964260 0.792658
v -0.737903 0.787139 0.932157
v -0.724924 0.959820 0.866904
v -0.728452 0.946720 0.884643
v -0.731618 0.925618 0.900557
v -0.734261 0.897573 0.913846
v -0.736250 0.863989 0.923845
v -0.737485 0.826552 0.930053
v -0.726798 0.964260 0.787609
v -0.781228 0.787139 0.919015
v -0.755767 0.959820 0.857548
v -0.762689 0.946720 0.874258
v -0.768898 0.925618 0.889248
v -0.774083 0.897573 0.901766
v -0.777985 0.863989 0.911185
v -0.780407 0.826552 0.917032
v -0.742136 0.964260 0.779411
v -0.821156 0.787139 0.897673
v -0.784193 0.959820 0.842354
v -0.794242 0.946720 0.857392
v -0.803256 0.925618 0.870883
v -0.810784 0.897573 0.882150
v -0.816448 0.863989 0.890626
v -0.819964 0.826552 0.895889
v -0.755580 0.964260 0.768378
v -0.856153 0.787139 0.868951
v -0.809108 0.959820 0.821906
v -0.821898 0.946720 0.834696
v -0.833371 0.925618 0.846169
v -0.842952 0.897573 0.855750
v -0.850161 0.863989 0.862959
v -0.854636 0.826552 0.867434
v -0.766613 0.964260 0.754934
v -0.884875 0.787139 0.833954
v -0.829556 0.959820 0.796991
v -0.844595 0.946720 0.807040
v -0.858085 0.925618 0.816054
v -0.869352 0.897573 0.823582
v -0.877828 0.863989 0.829246
v -0.883091 0.826552 0.832762
v -0.774811 0.964260 0.739596
v -0.906217 0.787139 0.794026
v -0.844750 0.959820 0.768565
v -0.861460 0.946720 0.775487
v -0.876450 0.925618 0.781696
v -0.888968 0.897573 0.786881
v -0.898387 0.863989 0.790783
v -0.904234 0.826552 0.793205
v -0.779860 0.964260 0.722953
v -0.919359 0.787139 0.750701
v -0.854106 0.959820 0.737722
v -0.871845 0.946720 0.741250
v -0.887759 0.925618 0.744416
v -0.901048 0.897573 0.747059
v -0.911047 0.863989 0.749048
v -0.917255 0.826552 0.750283
v -0.781565 0.964260 0.705645
v -0.923797 0.787139 0.705645
v -0.857265 0.959820 0.705645
v -0.875352 0.946720 0.705645
v -0.891577 0.925618 0.705645
v -0.905127 0.897573 0.705645
v -0.915322 0.863989 0.705645
v -0.921651 0.826552 0.705645
v -0.779860 0.964260 0.688338
v -0.919359 0.787139 0.660589
v -0.854106 0.959820 0.673569
v -0.871845 0.946720 0.670041
v -0.887759 0.925618 0.666875
v -0.901048 0.897573 0.664232
v -0.911047 0.863989 0.662243
v -0.917255 0.826552 0.661008
v -0.774811 0.964260 0.671695
v -0.906217 0.787139 0.617265
v -0.844750 0.959820 0.642725
v -0.861460 0.946720 0.635804
v -0.876450 0.925618 0.629595
v -0.888968 0.897573 0.624410
v -0.898387 0.863989 0.620508
v -0.904234 0.826552 0.618086
v -0.766613 0.964260 0.656357
v -0.884875 0.787139 0.577337
v -0.829556 0.959820 0.614300
v -0.844595 0.946720 0.604251
v -0.858085 0.925618 0.595237
v -0.869352 0.897573 0.587709
v -0.877828 0.863989 0.582045
v -0.883091 0.826552 0.578529
v -0.755580 0.964260 0.642913
v -0.856153 0.787139 0.542340
v -0.809108 0.959820 0.589385
v -0.821898 0.946720 0.576595
v -0.833371 0.925618 0.565122
v -0.842952 0.897573 0.555541
v -0.850161 0.863989 0.548332
v -0.854636 0.826552 0.543857
v -0.742136 0.964260 0.631880
v -0.821156 0.787139 0.513618
v -0.784193 0.959820 0.568937
v -0.794242 0.946720 0.553898
v -0.803256 0.925618 0.540408
v -0.810784 0.897573 0.529141
v -0.816448 0.863989 0.520664
v -0.819964 0.826552 0.515402
v -0.726798 0.964260 0.623681
v -0.781228 0.787139 0.492276
v -0.755767 0.959820 0.553743
v -0.762689 0.946720 0.537033
v -0.768898 0.925618 0.522043
v -0.774083 0.897573 0.509525
v -0.777985 0.863989 0.500106
v -0.780407 0.826552 0.494258
v -0.710155 0.964260 0.618633
v -0.737903 0.787139 0.479134
v -0.724924 0.959820 0.544387
v -0.728452 0.946720 0.526648
v -0.731618 0.925618 0.510734
v -0.734261 0.897573 0.497445
v -0.736250 0.863989 0.487446
v -0.737485 0.826552 0.481238
v -0.692847 0.964260 0.560270
v -0.664486 0.964260 0.563063
v -0.637215 0.964260 0.571336
v -0.612081 0.964260 0.584770
v -0.590051 0.964260 0.602849
v -0.571972 0.964260 0.624879
v -0.558538 0.964260 0.650012
v -0.550265 0.964260 0.677284
v -0.547472 0.964260 0.705645
v -0.550265 0.964260 0.734007
v -0.558538 0.964260 0.761278
v -0.571972 0.964260 0.786412
v -0.590051 0.964260 0.808442
v -0.612081 0.964260 0.826521
v -0.637215 0.964260 0.839955
v -0.664486 0.964260 0.848228
v -0.692847 0.964260 0.851021
v -0.721209 0.964260 0.848228
v -0.748480 0.964260 0.839955
v -0.773614 0.964260 0.826521
v -0.795644 0.964260 0.808442
v -0.813723 0.964260 0.786412
v -0.827157 0.964260 0.761278
v -0.835430 0.964260 0.734007
v -0.838223 0.964260 0.705645
v -0.835430 0.964260 0.677284
v -0.827157 0.964260 0.650012
v -0.813723 0.964260 0.624879
v -0.795644 0.964260 0.602849
v -0.773614 0.964260 0.584770
v -0.748480 0.964260 0.571336
v -0.721209 0.964260 0.563063
v -0.692847 0.991336 0.616928
v -0.675540 0.991336 0.618633
v -0.658897 0.991336 0.623681
v -0.643559 0.991336 0.631880
v -0.630115 0.991336 0.642913
v -0.619082 0.991336 0.656357
v -0.610884 0.991336 0.671695
v -0.605835 0.991336 0.688338
v -0.604130 0.991336 0.705645
v -0.605835 0.991336 0.722953
v -0.610884 0.991336 0.739596
v -0.619082 0.991336 0.754934
v -0.630115 0.991336 0.768378
v -0.643559 0.991336 0.779411
v -0.658897 0.991336 0.787609
v -0.675540 0.991336 0.792658
v -0.692847 0.991336 0.794363
v -0.710155 0.991336 0.792658
v -0.726798 0.991336 0.787609
v -0.742136 0.991336 0.779411
v -0.755580 0.991336 0.768378
v -0.766613 0.991336 0.754934
v -0.774811 0.991336 0.739596
v -0.779860 0.991336 0.722953
v -0.781565 0.991336 0.705645
v -0.779860 0.991336 0.688338
v -0.774811 0.991336 0.671695
v -0.766613 0.991336 0.656357
v -0.755580 0.991336 0.642913
v -0.742136 0.991336 0.631880
v -0.726798 0.991336 0.623681
v -0.710155 0.991336 0.618633
v -0.692847 0.991336 0.597691
v -0.671787 0.991336 0.599765
v -0.651535 0.991336 0.605909
v -0.632871 0.991336 0.615885
v -0.616512 0.991336 0.629310
v -0.603087 0.991336 0.645669
v -0.593111 0.991336 0.664333
v -0.586967 0.991336 0.684585
v -0.584893 0.991336 0.705645
v -0.586967 0.991336 0.726706
v -0.593111 0.991336 0.746958
v -0.603087 0.991336 0.765622
v -0.616512 0.991336 0.781981
v -0.632871 0.991336 0.795406
v -0.651535 0.991336 0.805382
v -0.671787 0.991336 0.811525
v -0.692847 0.991336 0.813600
v -0.713908 0.991336 0.811525
v -0.734160 0.991336 0.805382
v -0.752824 0.991336 0.795406
v -0.769183 0.991336 0.781981
v -0.782608 0.991336 0.765622
v -0.792584 0.991336 0.746958
v -0.798727 0.991336 0.726706
v -0.800802 0.991336 0.705645
v -0.798727 0.991336 0.684585
v -0.792584 0.991336 0.664333
v -0.782608 0.991336 0.645669
v -0.769183 0.991336 0.629310
v -0.752824 0.991336 0.615885
v -0.734160 0.991336 0.605909
v -0.713908 0.991336 0.599765
v -0.692847 1.064125 0.597691
v -0.671787 1.064125 0.599765
v -0.651535 1.064125 0.605909
v -0.632871 1.064125 0.615885
v -0.616512 1.064125 0.629310
v -0.603087 1.064125 0.645669
v -0.593111 1.064125 0.664333
v -0.586967 1.064125 0.684585
v -0.584893 1.064125 0.705645
v -0.586967 1.064125 0.726706
v -0.593111 1.064125 0.746958
v -0.603087 1.064125 0.765622
v -0.616512 1.064125 0.781981
v -0.632871 1.064125 0.795406
v -0.651535 1.064125 0.805382
v -0.671787 1.064125 0.811525
v -0.692847 1.064125 0.813600
v -0.713908 1.064125 0.811525
v -0.734160 1.064125 0.805382
v -0.752824 1.064125 0.795406
v -0.769183 1.064125 0.781981
v -0.782608 1.064125 0.765622
v -0.792584 1.064125 0.746958
v -0.798727 1.064125 0.726706
v -0.800802 1.064125 0.705645
v -0.798727 1.064125 0.684585
v -0.792584 1.064125 0.664333
v -0.782608 1.064125 0.645669
v -0.769183 1.064125 0.629310
v -0.752824 1.064125 0.615885
v -0.734160 1.064125 0.605909
v -0.713908 1.064125 0.599765
v -0.230949 0.011042 0.000000
v -0.185893 0.011042 0.004438
v -0.142569 0.011042 0.017580
v -0.102641 0.011042 0.038922
v -0.067644 0.011042 0.067643
v -0.038922 0.011042 0.102641
v -0.017580 0.011042 0.142569
v -0.004438 0.011042 0.185893
v -0.000000 0.011042 0.230949
v -0.004438 0.011042 0.276005
v -0.017580 0.011042 0.319330
v -0.038922 0.011042 0.359258
v -0.067644 0.011042 0.394255
v -0.102641 0.011042 0.422976
v -0.142569 0.011042 0.444318
v -0.185893 0.011042 0.457461
v -0.230949 0.011042 0.461898
v -0.276005 0.011042 0.457461
v -0.319330 0.011042 0.444318
v -0.359258 0.011042 0.422976
v -0.394255 0.011042 0.394255
v -0.422976 0.011042 0.359258
v -0.444318 0.011042 0.319330
v -0.457461 0.011042 0.276005
v -0.461898 0.011042 0.230949
v -0.457461 0.011042 0.185893
v -0.444318 0.011042 0.142569
v -0.422976 0.011042 0.102641
v -0.394255 0.011042 0.067643
v -0.359258 0.011042 0.038922
v -0.319330 0.011042 0.017580
v -0.276005 0.011042 0.004438
v -0.230949 0.964260 0.142232
v -0.230949 0.787139 0.000000
v -0.230949 0.959820 0.066531
v -0.230949 0.946720 0.048444
v -0.230949 0.925618 0.032219
v -0.230949 0.897573 0.018669
v -0.230949 0.863989 0.008474
v -0.230949 0.826552 0.002146
v -0.213641 0.964260 0.143937
v -0.185893 0.787139 0.004438
v -0.198873 0.959820 0.069691
v -0.195344 0.946720 0.051951
v -0.192179 0.925618 0.036038
v -0.189536 0.897573 0.022748
v -0.187547 0.863989 0.012749
v -0.186312 0.826552 0.006542
v -0.196999 0.964260 0.148985
v -0.142569 0.787139 0.017580
v -0.168029 0.959820 0.079047
v -0.161108 0.946720 0.062337
v -0.154899 0.925618 0.047347
v -0.149713 0.897573 0.034828
v -0.145812 0.863989 0.025409
v -0.143390 0.826552 0.019562
v -0.181661 0.964260 0.157183
v -0.102641 0.787139 0.038922
v -0.139604 0.959820 0.094241
v -0.129555 0.946720 0.079202
v -0.120541 0.925618 0.065711
v -0.113013 0.897573 0.054445
v -0.107349 0.863989 0.045968
v -0.103833 0.826552 0.040706
v -0.168217 0.964260 0.168217
v -0.067644 0.787139 0.067643
v -0.114688 0.959820 0.114688
v -0.101899 0.946720 0.101899
v -0.090426 0.925618 0.090426
v -0.080845 0.897573 0.080845
v -0.073636 0.863989 0.073636
v -0.069161 0.826552 0.069161
v -0.157184 0.964260 0.181661
v -0.038922 0.787139 0.102641
v -0.094241 0.959820 0.139603
v -0.079202 0.946720 0.129555
v -0.065711 0.925618 0.120541
v -0.054445 0.897573 0.113013
v -0.045968 0.863989 0.107349
v -0.040706 0.826552 0.103833
v -0.148985 0.964260 0.196999
v -0.017580 0.787139 0.142569
v -0.079047 0.959820 0.168029
v -0.062337 0.946720 0.161108
v -0.047347 0.925618 0.154898
v -0.034828 0.897573 0.149713
v -0.025410 0.863989 0.145812
v -0.019562 0.826552 0.143390
v -0.143937 0.964260 0.213641
v -0.004438 0.787139 0.185893
v -0.069691 0.959820 0.198873
v -0.051951 0.946720 0.195344
v -0.036038 0.925618 0.192179
v -0.022748 0.897573 0.189535
v -0.012749 0.863989 0.187546
v -0.006542 0.826552 0.186312
v -0.142232 0.964260 0.230949
v -0.000000 0.787139 0.230949
v -0.066532 0.959820 0.230949
v -0.048445 0.946720 0.230949
v -0.032219 0.925618 0.230949
v -0.018670 0.897573 0.230949
v -0.008475 0.863989 0.230949
v -0.002146 0.826552 0.230949
v -0.143937 0.964260 0.248257
v -0.004438 0.787139 0.276005
v -0.069691 0.959820 0.263025
v -0.051951 0.946720 0.266554
v -0.036038 0.925618 0.269719
v -0.022748 0.897573 0.272363
v -0.012749 0.863989 0.274352
v -0.006542 0.826552 0.275586
v -0.148985 0.964260 0.264900
v -0.017580 0.787139 0.319330
v -0.079047 0.959820 0.293869
v -0.062337 0.946720 0.300791
v -0.047347 0.925618 0.307000
v -0.034828 0.897573 0.312185
v -0.025410 0.863989 0.316086
v -0.019562 0.826552 0.318508
v -0.157184 0.964260 0.280238
v -0.038922 0.787139 0.359258
v -0.094241 0.959820 0.322295
v -0.079202 0.946720 0.332343
v -0.065711 0.925618 0.341358
v -0.054445 0.897573 0.348885
v -0.045968 0.863989 0.354549
v -0.040706 0.826552 0.358066
v -0.168217 0.964260 0.293682
v -0.067644 0.787139 0.394255
v -0.114688 0.959820 0.347210
v -0.101899 0.946720 0.359999
v -0.090426 0.925618 0.371472
v -0.080845 0.897573 0.381054
v -0.073636 0.863989 0.388262
v -0.069161 0.826552 0.392738
v -0.181661 0.964260 0.304715
v -0.102641 0.787139 0.422976
v -0.139604 0.959820 0.367657
v -0.129555 0.946720 0.382696
v -0.120541 0.925618 0.396187
v -0.113013 0.897573 0.407453
v -0.107349 0.863989 0.415930
v -0.103833 0.826552 0.421192
v -0.196999 0.964260 0.312913
v -0.142569 0.787139 0.444318
v -0.168029 0.959820 0.382851
v -0.161108 0.946720 0.399561
v -0.154899 0.925618 0.414552
v -0.149713 0.897573 0.427070
v -0.145812 0.863989 0.436489
v -0.143390 0.826552 0.442336
v -0.213641 0.964260 0.317962
v -0.185893 0.787139 0.457461
v -0.198873 0.959820 0.392208
v -0.195344 0.946720 0.409947
v -0.192179 0.925618 0.425860
v -0.189536 0.897573 0.439150
v -0.187547 0.863989 0.449149
v -0.186312 0.826552 0.455356
v -0.230949 0.964260 0.319666
v -0.230949 0.787139 0.461898
v -0.230949 0.959820 0.395367
v -0.230949 0.946720 0.413454
v -0.230949 0.925618 0.429679
v -0.230949 0.897573 0.443229
v -0.230949 0.863989 0.453424
v -0.230949 0.826552 0.459753
v -0.248257 0.964260 0.317962
v -0.276005 0.787139 0.457461
v -0.263026 0.959820 0.392208
v -0.266554 0.946720 0.409947
v -0.269720 0.925618 0.425860
v -0.272363 0.897573 0.439150
v -0.274352 0.863989 0.449149
v -0.275587 0.826552 0.455356
v -0.264900 0.964260 0.312913
v -0.319330 0.787139 0.444318
v -0.293869 0.959820 0.382851
v -0.300791 0.946720 0.399561
v -0.307000 0.925618 0.414552
v -0.312185 0.897573 0.427070
v -0.316087 0.863989 0.436489
v -0.318509 0.826552 0.442336
v -0.280238 0.964260 0.304715
v -0.359258 0.787139 0.422976
v -0.322295 0.959820 0.367657
v -0.332343 0.946720 0.382696
v -0.341358 0.925618 0.396187
v -0.348886 0.897573 0.407453
v -0.354550 0.863989 0.415930
v -0.358066 0.826552 0.421192
v -0.293682 0.964260 0.293682
v -0.394255 0.787139 0.394255
v -0.347210 0.959820 0.347210
v -0.360000 0.946720 0.359999
v -0.371473 0.925618 0.371472
v -0.381054 0.897573 0.381054
v -0.388263 0.863989 0.388262
v -0.392738 0.826552 0.392738
v -0.304715 0.964260 0.280238
v -0.422976 0.787139 0.359258
v -0.367658 0.959820 0.322295
v -0.382696 0.946720 0.332343
v -0.396187 0.925618 0.341358
v -0.407453 0.897573 0.348885
v -0.415930 0.863989 0.354549
v -0.421192 0.826552 0.358066
v -0.312913 0.964260 0.264900
v -0.444318 0.787139 0.319330
v -0.382851 0.959820 0.293869
v -0.399562 0.946720 0.300791
v -0.414552 0.925618 0.307000
v -0.427070 0.897573 0.312185
v -0.436489 0.863989 0.316086
v -0.442336 0.826552 0.318508
v -0.317962 0.964260 0.248257
v -0.457461 0.787139 0.276005
v -0.392208 0.959820 0.263025
v -0.409947 0.946720 0.266554
v -0.425861 0.925618 0.269719
v -0.439150 0.897573 0.272363
v -0.449149 0.863989 0.274352
v -0.455356 0.826552 0.275586
v -0.319666 0.964260 0.230949
v -0.461898 0.787139 0.230949
v -0.395367 0.959820 0.230949
v -0.413454 0.946720 0.230949
v -0.429679 0.925618 0.230949
v -0.443229 0.897573 0.230949
v -0.453424 0.863989 0.230949
v -0.459753 0.826552 0.230949
v -0.317962 0.964260 0.213641
v -0.457461 0.787139 0.185893
v -0.392208 0.959820 0.198873
v -0.409947 0.946720 0.195344
v -0.425861 0.925618 0.192179
v -0.439150 0.897573 0.189535
v -0.449149 0.863989 0.187546
v -0.455356 0.826552 0.186312
v -0.312913 0.964260 0.196999
v -0.444318 0.787139 0.142569
v -0.382851 0.959820 0.168029
v -0.399562 0.946720 0.161108
v -0.414552 0.925618 0.154898
v -0.427070 0.897573 0.149713
v -0.436489 0.863989 0.145812
v -0.442336 0.826552 0.143390
v -0.304715 0.964260 0.181660
v -0.422976 0.787139 0.102641
v -0.367658 0.959820 0.139604
v -0.382696 0.946720 0.129555
v -0.396187 0.925618 0.120541
v -0.407453 0.897573 0.113013
v -0.415930 0.863989 0.107349
v -0.421192 0.826552 0.103833
v -0.293682 0.964260 0.168217
v -0.394255 0.787139 0.067643
v -0.347210 0.959820 0.114688
v -0.360000 0.946720 0.101899
v -0.371473 0.925618 0.090426
v -0.381054 0.897573 0.080845
v -0.388263 0.863989 0.073636
v -0.392738 0.826552 0.069161
v -0.280238 0.964260 0.157183
v -0.359258 0.787139 0.038922
v -0.322295 0.959820 0.094241
v -0.332343 0.946720 0.079202
v -0.341358 0.925618 0.065711
v -0.348886 0.897573 0.054445
v -0.354550 0.863989 0.045968
v -0.358066 0.826552 0.040706
v -0.264900 0.964260 0.148985
v -0.319330 0.787139 0.017580
v -0.293869 0.959820 0.079047
v -0.300791 0.946720 0.062337
v -0.307000 0.925618 0.047347
v -0.312185 0.897573 0.034828
v -0.316087 0.863989 0.025409
v -0.318509 0.826552 0.019562
v -0.248257 0.964260 0.143937
v -0.276005 0.787139 0.004438
v -0.263026 0.959820 0.069691
v -0.266554 0.946720 0.051951
v -0.269720 0.925618 0.036038
v -0.272363 0.897573 0.022748
v -0.274352 0.863989 0.012749
v -0.275587 0.826552 0.006542
v -0.230949 0.964260 0.085573
v -0.202588 0.964260 0.088367
v -0.175316 0.964260 0.096639
v -0.150183 0.964260 0.110074
v -0.128153 0.964260 0.128153
v -0.110074 0.964260 0.150183
v -0.096639 0.964260 0.175316
v -0.088367 0.964260 0.202588
v -0.085573 0.964260 0.230949
v -0.088367 0.964260 0.259310
v -0.096639 0.964260 0.286582
v -0.110074 0.964260 0.311716
v -0.128153 0.964260 0.333745
v -0.150183 0.964260 0.351825
v -0.175316 0.964260 0.365259
v -0.202588 0.964260 0.373532
v -0.230949 0.964260 0.376325
v -0.259311 0.964260 0.373532
v -0.286582 0.964260 0.365259
v -0.311716 0.964260 0.351825
v -0.333746 0.964260 0.333745
v -0.351825 0.964260 0.311716
v -0.365259 0.964260 0.286582
v -0.373532 0.964260 0.259310
v -0.376325 0.964260 0.230949
v -0.373532 0.964260 0.202588
v -0.365259 0.964260 0.175316
v -0.351825 0.964260 0.150183
v -0.333746 0.964260 0.128153
v -0.311716 0.964260 0.110074
v -0.286582 0.964260 0.096639
v -0.259311 0.964260 0.088367
v -0.230949 0.991336 0.142232
v -0.213641 0.991336 0.143937
v -0.196999 0.991336 0.148985
v -0.181661 0.991336 0.157183
v -0.168217 0.991336 0.168217
v -0.157184 0.991336 0.181661
v -0.148985 0.991336 0.196999
v -0.143937 0.991336 0.213641
v -0.142232 0.991336 0.230949
v -0.143937 0.991336 0.248257
v -0.148985 0.991336 0.264900
v -0.157184 0.991336 0.280238
v -0.168217 0.991336 0.293682
v -0.181661 0.991336 0.304715
v -0.196999 0.991336 0.312913
v -0.213641 0.991336 0.317962
v -0.230949 0.991336 0.319666
v -0.248257 0.991336 0.317962
v -0.264900 0.991336 0.312913
v -0.280238 0.991336 0.304715
v -0.293682 0.991336 0.293682
v -0.304715 0.991336 0.280238
v -0.312913 0.991336 0.264900
v -0.317962 0.991336 0.248257
v -0.319666 0.991336 0.230949
v -0.317962 0.991336 0.213641
v -0.312913 0.991336 0.196999
v -0.304715 0.991336 0.181660
v -0.293682 0.991336 0.168217
v -0.280238 0.991336 0.157183
v -0.264900 0.991336 0.148985
v -0.248257 0.991336 0.143937
v -0.230949 0.991336 0.122995
v -0.209889 0.991336 0.125069
v -0.189637 0.991336 0.131212
v -0.170973 0.991336 0.141188
v -0.154614 0.991336 0.154614
v -0.141189 0.991336 0.170973
v -0.131213 0.991336 0.189637
v -0.125069 0.991336 0.209888
v -0.122995 0.991336 0.230949
v -0.125069 0.991336 0.252010
v -0.131213 0.991336 0.272261
v -0.141189 0.991336 0.290925
v -0.154614 0.991336 0.307284
v -0.170973 0.991336 0.320710
v -0.189637 0.991336 0.330686
v -0.209889 0.991336 0.336829
v -0.230949 0.991336 0.338903
v -0.252010 0.991336 0.336829
v -0.272262 0.991336 0.330686
v -0.290925 0.991336 0.320710
v -0.307284 0.991336 0.307284
v -0.320710 0.991336 0.290925
v -0.330686 0.991336 0.272261
v -0.336829 0.991336 0.252010
v -0.338904 0.991336 0.230949
v -0.336829 0.991336 0.209888
v -0.330686 0.991336 0.189637
v -0.320710 0.991336 0.170973
v -0.307284 0.991336 0.154614
v -0.290925 0.991336 0.141188
v -0.272262 0.991336 0.131212
v -0.252010 0.991336 0.125069
v -0.230949 1.064125 0.122995
v -0.209889 1.064125 0.125069
v -0.189637 1.064125 0.131212
v -0.170973 1.064125 0.141188
v -0.154614 1.064125 0.154614
v -0.141189 1.064125 0.170973
v -0.131213 1.064125 0.189637
v -0.125069 1.064125 0.209888
v -0.122995 1.064125 0.230949
v -0.125069 1.064125 0.252010
v -0.131213 1.064125 0.272261
v -0.141189 1.064125 0.290925
v -0.154614 1.064125 0.307284
v -0.170973 1.064125 0.320710
v -0.189637 1.064125 0.330686
v -0.209889 1.064125 0.336829
v -0.230949 1.064125 0.338903
v -0.252010 1.064125 0.336829
v -0.272262 1.064125 0.330686
v -0.290925 1.064125 0.320710
v -0.307284 1.064125 0.307284
v -0.320710 1.064125 0.290925
v -0.330686 1.064125 0.272261
v -0.336829 1.064125 0.252010
v -0.338904 1.064125 0.230949
v -0.336829 1.064125 0.209888
v -0.330686 1.064125 0.189637
v -0.320710 1.064125 0.170973
v -0.307284 1.064125 0.154614
v -0.290925 1.064125 0.141188
v -0.272262 1.064125 0.131212
v -0.252010 1.064125 0.125069
v -0.230949 0.011041 0.474696
v -0.185893 0.011041 0.479134
v -0.142569 0.011041 0.492276
v -0.102641 0.011041 0.513618
v -0.067644 0.011041 0.542340
v -0.038922 0.011041 0.577337
v -0.017580 0.011041 0.617265
v -0.004438 0.011041 0.660589
v -0.000000 0.011041 0.705645
v -0.004438 0.011041 0.750701
v -0.017580 0.011041 0.794026
v -0.038922 0.011041 0.833954
v -0.067644 0.011041 0.868951
v -0.102641 0.011041 0.897673
v -0.142569 0.011041 0.919015
v -0.185893 0.011041 0.932157
v -0.230949 0.011041 0.936595
v -0.276005 0.011041 0.932157
v -0.319330 0.011041 0.919015
v -0.359258 0.011041 0.897673
v -0.394255 0.011041 0.868951
v -0.422976 0.011041 0.833954
v -0.444318 0.011041 0.794026
v -0.457461 0.011041 0.750701
v -0.461898 0.011041 0.705645
v -0.457461 0.011041 0.660589
v -0.444318 0.011041 0.617265
v -0.422976 0.011041 0.577337
v -0.394255 0.011041 0.542340
v -0.359258 0.011041 0.513618
v -0.319330 0.011041 0.492276
v -0.276005 0.011041 0.479134
v -0.230949 0.964260 0.616928
v -0.230949 0.787139 0.474696
v -0.230949 0.959820 0.541228
v -0.230949 0.946720 0.523141
v -0.230949 0.925618 0.506916
v -0.230949 0.897573 0.493366
v -0.230949 0.863989 0.483171
v -0.230949 0.826552 0.476842
v -0.213641 0.964260 0.618633
v -0.185893 0.787139 0.479134
v -0.198873 0.959820 0.544387
v -0.195344 0.946720 0.526648
v -0.192179 0.925618 0.510734
v -0.189536 0.897573 0.497445
v -0.187547 0.863989 0.487446
v -0.186312 0.826552 0.481238
v -0.196999 0.964260 0.623681
v -0.142569 0.787139 0.492276
v -0.168029 0.959820 0.553743
v -0.161108 0.946720 0.537033
v -0.154899 0.925618 0.522043
v -0.149713 0.897573 0.509525
v -0.145812 0.863989 0.500106
v -0.143390 0.826552 0.494258
v -0.181661 0.964260 0.631880
v -0.102641 0.787139 0.513618
v -0.139604 0.959820 0.568937
v -0.129555 0.946720 0.553898
v -0.120541 0.925618 0.540408
v -0.113013 0.897573 0.529141
v -0.107349 0.863989 0.520664
v -0.103833 0.826552 0.515402
v -0.168217 0.964260 0.642913
v -0.067644 0.787139 0.542340
v -0.114688 0.959820 0.589385
v -0.101899 0.946720 0.576595
v -0.090426 0.925618 0.565122
v -0.080845 0.897573 0.555541
v -0.073636 0.863989 0.548332
v -0.069161 0.826552 0.543857
v -0.157184 0.964260 0.656357
v -0.038922 0.787139 0.577337
v -0.094241 0.959820 0.614300
v -0.079202 0.946720 0.604251
v -0.065711 0.925618 0.595237
v -0.054445 0.897573 0.587709
v -0.045968 0.863989 0.582045
v -0.040706 0.826552 0.578529
v -0.148985 0.964260 0.671695
v -0.017580 0.787139 0.617265
v -0.079047 0.959820 0.642725
v -0.062337 0.946720 0.635804
v -0.047347 0.925618 0.629595
v -0.034828 0.897573 0.624410
v -0.025410 0.863989 0.620508
v -0.019562 0.826552 0.618086
v -0.143937 0.964260 0.688338
v -0.004438 0.787139 0.660589
v -0.069691 0.959820 0.673569
v -0.051951 0.946720 0.670041
v -0.036038 0.925618 0.666875
v -0.022748 0.897573 0.664232
v -0.012749 0.863989 0.662243
v -0.006542 0.826552 0.661008
v -0.142232 0.964260 0.705645
v -0.000000 0.787139 0.705645
v -0.066532 0.959820 0.705645
v -0.048445 0.946720 0.705645
v -0.032219 0.925618 0.705645
v -0.018670 0.897573 0.705645
v -0.008475 0.863989 0.705645
v -0.002146 0.826552 0.705645
v -0.143937 0.964260 0.722953
v -0.004438 0.787139 0.750701
v -0.069691 0.959820 0.737722
v -0.051951 0.946720 0.741250
v -0.036038 0.925618 0.744416
v -0.022748 0.897573 0.747059
v -0.012749 0.863989 0.749048
v -0.006542 0.826552 0.750283
v -0.148985 0.964260 0.739596
v -0.017580 0.787139 0.794026
v -0.079047 0.959820 0.768565
v -0.062337 0.946720 0.775487
v -0.047347 0.925618 0.781696
v -0.034828 0.897573 0.786881
v -0.025410 0.863989 0.790783
v -0.019562 0.826552 0.793205
v -0.157184 0.964260 0.754934
v -0.038922 0.787139 0.833954
v -0.094241 0.959820 0.796991
v -0.079202 0.946720 0.807040
v -0.065711 0.925618 0.816054
v -0.054445 0.897573 0.823582
v -0.045968 0.863989 0.829246
v -0.040706 0.826552 0.832762
v -0.168217 0.964260 0.768378
v -0.067644 0.787139 0.868951
v -0.114688 0.959820 0.821906
v -0.101899 0.946720 0.834696
v -0.090426 0.925618 0.846169
v -0.080845 0.897573 0.855750
v -0.073636 0.863989 0.862959
v -0.069161 0.826552 0.867434
v -0.181661 0.964260 0.779411
v -0.102641 0.787139 0.897673
v -0.139604 0.959820 0.842354
v -0.129555 0.946720 0.857392
v -0.120541 0.925618 0.870883
v -0.113013 0.897573 0.882150
v -0.107349 0.863989 0.890626
v -0.103833 0.826552 0.895889
v -0.196999 0.964260 0.787609
v -0.142569 0.787139 0.919015
v -0.168029 0.959820 0.857548
v -0.161108 0.946720 0.874258
v -0.154899 0.925618 0.889248
v -0.149713 0.897573 0.901766
v -0.145812 0.863989 0.911185
v -0.143390 0.826552 0.917032
v -0.213641 0.964260 0.792658
v -0.185893 0.787139 0.932157
v -0.198873 0.959820 0.866904
v -0.195344 0.946720 0.884643
v -0.192179 0.925618 0.900557
v -0.189536 0.897573 0.913846
v -0.187547 0.863989 0.923845
v -0.186312 0.826552 0.930053
v -0.230949 0.964260 0.794363
v -0.230949 0.787139 0.936595
v -0.230949 0.959820 0.870063
v -0.230949 0.946720 0.888150
v -0.230949 0.925618 0.904375
v -0.230949 0.897573 0.917925
v -0.230949 0.863989 0.928120
v -0.230949 0.826552 0.934449
v -0.248257 0.964260 0.792658
v -0.276005 0.787139 0.932157
v -0.263026 0.959820 0.866904
v -0.266554 0.946720 0.884643
v -0.269720 0.925618 0.900557
v -0.272363 0.897573 0.913846
v -0.274352 0.863989 0.923845
v -0.275587 0.826552 0.930053
v -0.264900 0.964260 0.787609
v -0.319330 0.787139 0.919015
v -0.293869 0.959820 0.857548
v -0.300791 0.946720 0.874258
v -0.307000 0.925618 0.889248
v -0.312185 0.897573 0.901766
v -0.316087 0.863989 0.911185
v -0.318509 0.826552 0.917032
v -0.280238 0.964260 0.779411
v -0.359258 0.787139 0.897673
v -0.322295 0.959820 0.842354
v -0.332343 0.946720 0.857392
v -0.341358 0.925618 0.870883
v -0.348886 0.897573 0.882150
v -0.354550 0.863989 0.890626
v -0.358066 0.826552 0.895889
v -0.293682 0.964260 0.768378
v -0.394255 0.787139 0.868951
v -0.347210 0.959820 0.821906
v -0.360000 0.946720 0.834696
v -0.371473 0.925618 0.846169
v -0.381054 0.897573 0.855750
v -0.388263 0.863989 0.862959
v -0.392738 0.826552 0.867434
v -0.304715 0.964260 0.754934
v -0.422976 0.787139 0.833954
v -0.367658 0.959820 0.796991
v -0.382696 0.946720 0.807040
v -0.396187 0.925618 0.816054
v -0.407453 0.897573 0.823582
v -0.415930 0.863989 0.829246
v -0.421192 0.826552 0.832762
v -0.312913 0.964260 0.739596
v -0.444318 0.787139 0.794026
v -0.382851 0.959820 0.768565
v -0.399562 0.946720 0.775487
v -0.414552 0.925618 0.781696
v -0.427070 0.897573 0.786881
v -0.436489 0.863989 0.790783
v -0.442336 0.826552 0.793205
v -0.317962 0.964260 0.722953
v -0.457461 0.787139 0.750701
v -0.392208 0.959820 0.737722
v -0.409947 0.946720 0.741250
v -0.425861 0.925618 0.744416
v -0.439150 0.897573 0.747059
v -0.449149 0.863989 0.749048
v -0.455356 0.826552 0.750283
v -0.319666 0.964260 0.705645
v -0.461898 0.787139 0.705645
v -0.395367 0.959820 0.705645
v -0.413454 0.946720 0.705645
v -0.429679 0.925618 0.705645
v -0.443229 0.897573 0.705645
v -0.453424 0.863989 0.705645
v -0.459753 0.826552 0.705645
v -0.317962 0.964260 0.688338
v -0.457461 0.787139 0.660589
v -0.392208 0.959820 0.673569
v -0.409947 0.946720 0.670041
v -0.425861 0.925618 0.666875
v -0.439150 0.897573 0.664232
v -0.449149 0.863989 0.662243
v -0.455356 0.826552 0.661008
v -0.312913 0.964260 0.671695
v -0.444318 0.787139 0.617265
v -0.382851 0.959820 0.642725
v -0.399562 0.946720 0.635804
v -0.414552 0.925618 0.629595
v -0.427070 0.897573 0.624410
v -0.436489 0.863989 0.620508
v -0.442336 0.826552 0.618086
v -0.304715 0.964260 0.656357
v -0.422976 0.787139 0.577337
v -0.367658 0.959820 0.614300
v -0.382696 0.946720 0.604251
v -0.396187 0.925618 0.595237
v -0.407453 0.897573 0.587709
v -0.415930 0.863989 0.582045
v -0.421192 0.826552 0.578529
v -0.293682 0.964260 0.642913
v -0.394255 0.787139 0.542340
v -0.347210 0.959820 0.589385
v -0.360000 0.946720 0.576595
v -0.371473 0.925618 0.565122
v -0.381054 0.897573 0.555541
v -0.388263 0.863989 0.548332
v -0.392738 0.826552 0.543857
v -0.280238 0.964260 0.631880
v -0.359258 0.787139 0.513618
v -0.322295 0.959820 0.568937
v -0.332343 0.946720 0.553898
v -0.341358 0.925618 0.540408
v -0.348886 0.897573 0.529141
v -0.354550 0.863989 0.520664
v -0.358066 0.826552 0.515402
v -0.264900 0.964260 0.623681
v -0.319330 0.787139 0.492276
v -0.293869 0.959820 0.553743
v -0.300791 0.946720 0.537033
v -0.307000 0.925618 0.522043
v -0.312185 0.897573 0.509525
v -0.316087 0.863989 0.500106
v -0.318509 0.826552 0.494258
v -0.248257 0.964260 0.618633
v -0.276005 0.787139 0.479134
v -0.263026 0.959820 0.544387
v -0.266554 0.946720 0.526648
v -0.269720 0.925618 0.510734
v -0.272363 0.897573 0.497445
v -0.274352 0.863989 0.487446
v -0.275587 0.826552 0.481238
v -0.230949 0.964260 0.560270
v -0.202588 0.964260 0.563063
v -0.175316 0.964260 0.571336
v -0.150183 0.964260 0.584770
v -0.128153 0.964260 0.602849
v -0.110074 0.964260 0.624879
v -0.096639 0.964260 0.650012
v -0.088367 0.964260 0.677284
v -0.085573 0.964260 0.705645
v -0.088367 0.964260 0.734007
v -0.096639 0.964260 0.761278
v -0.110074 0.964260 0.786412
v -0.128153 0.964260 0.808442
v -0.150183 0.964260 0.826521
v -0.175316 0.964260 0.839955
v -0.202588 0.964260 0.848228
v -0.230949 0.964260 0.851021
v -0.259311 0.964260 0.848228
v -0.286582 0.964260 0.839955
v -0.311716 0.964260 0.826521
v -0.333746 0.964260 0.808442
v -0.351825 0.964260 0.786412
v -0.365259 0.964260 0.761278
v -0.373532 0.964260 0.734007
v -0.376325 0.964260 0.705645
v -0.373532 0.964260 0.677284
v -0.365259 0.964260 0.650012
v -0.351825 0.964260 0.624879
v -0.333746 0.964260 0.602849
v -0.311716 0.964260 0.584770
v -0.286582 0.964260 0.571336
v -0.259311 0.964260 0.563063
v -0.230949 0.991336 0.616928
v -0.213641 0.991336 0.618633
v -0.196999 0.991336 0.623681
v -0.181661 0.991336 0.631880
v -0.168217 0.991336 0.642913
v -0.157184 0.991336 0.656357
v -0.148985 0.991336 0.671695
v -0.143937 0.991336 0.688338
v -0.142232 0.991336 0.705645
v -0.143937 0.991336 0.722953
v -0.148985 0.991336 0.739596
v -0.157184 0.991336 0.754934
v -0.168217 0.991336 0.768378
v -0.181661 0.991336 0.779411
v -0.196999 0.991336 0.787609
v -0.213641 0.991336 0.792658
v -0.230949 0.991336 0.794363
v -0.248257 0.991336 0.792658
v -0.264900 0.991336 0.787609
v -0.280238 0.991336 0.779411
v -0.293682 0.991336 0.768378
v -0.304715 0.991336 0.754934
v -0.312913 0.991336 0.739596
v -0.317962 0.991336 0.722953
v -0.319666 0.991336 0.705645
v -0.317962 0.991336 0.688338
v -0.312913 0.991336 0.671695
v -0.304715 0.991336 0.656357
v -0.293682 0.991336 0.642913
v -0.280238 0.991336 0.631880
v -0.264900 0.991336 0.623681
v -0.248257 0.991336 0.618633
v -0.230949 0.991336 0.597691
v -0.209889 0.991336 0.599765
v -0.189637 0.991336 0.605909
v -0.170973 0.991336 0.615885
v -0.154614 0.991336 0.629310
v -0.141189 0.991336 0.645669
v -0.131213 0.991336 0.664333
v -0.125069 0.991336 0.684585
v -0.122995 0.991336 0.705645
v -0.125069 0.991336 0.726706
v -0.131213 0.991336 0.746958
v -0.141189 0.991336 0.765622
v -0.154614 0.991336 0.781981
v -0.170973 0.991336 0.795406
v -0.189637 0.991336 0.805382
v -0.209889 0.991336 0.811525
v -0.230949 0.991336 0.813600
v -0.252010 0.991336 0.811525
v -0.272262 0.991336 0.805382
v -0.290925 0.991336 0.795406
v -0.307284 0.991336 0.781981
v -0.320710 0.991336 0.765622
v -0.330686 0.991336 0.746958
v -0.336829 0.991336 0.726706
v -0.338904 0.991336 0.705645
v -0.336829 0.991336 0.684585
v -0.330686 0.991336 0.664333
v -0.320710 0.991336 0.645669
v -0.307284 0.991336 0.629310
v -0.290925 0.991336 0.615885
v -0.272262 0.991336 0.605909
v -0.252010 0.991336 0.599765
v -0.230949 1.064125 0.597691
v -0.209889 1.064125 0.599765
v -0.189637 1.064125 0.605909
v -0.170973 1.064125 0.615885
v -0.154614 1.064125 0.629310
v -0.141189 1.064125 0.645669
v -0.131213 1.064125 0.664333
v -0.125069 1.064125 0.684585
v -0.122995 1.064125 0.705645
v -0.125069 1.064125 0.726706
v -0.131213 1.064125 0.746958
v -0.141189 1.064125 0.765622
v -0.154614 1.064125 0.781981
v -0.170973 1.064125 0.795406
v -0.189637 1.064125 0.805382
v -0.209889 1.064125 0.811525
v -0.230949 1.064125 0.813600
v -0.252010 1.064125 0.811525
v -0.272262 1.064125 0.805382
v -0.290925 1.064125 0.795406
v -0.307284 1.064125 0.781981
v -0.320710 1.064125 0.765622
v -0.330686 1.064125 0.746958
v -0.336829 1.064125 0.726706
v -0.338904 1.064125 0.705645
v -0.336829 1.064125 0.684585
v -0.330686 1.064125 0.664333
v -0.320710 1.064125 0.645669
v -0.307284 1.064125 0.629310
v -0.290925 1.064125 0.615885
v -0.272262 1.064125 0.605909
v -0.252010 1.064125 0.599765
v 0.230949 0.011042 0.000000
v 0.276005 0.011042 0.004438
v 0.319329 0.011042 0.017580
v 0.359257 0.011042 0.038922
v 0.394255 0.011042 0.067643
v 0.422976 0.011042 0.102641
v 0.444318 0.011042 0.142569
v 0.457460 0.011042 0.185893
v 0.461898 0.011042 0.230949
v 0.457460 0.011042 0.276005
v 0.444318 0.011042 0.319330
v 0.422976 0.011042 0.359258
v 0.394255 0.011042 0.394255
v 0.359257 0.011042 0.422976
v 0.319329 0.011042 0.444318
v 0.276005 0.011042 0.457461
v 0.230949 0.011042 0.461898
v 0.185893 0.011042 0.457461
v 0.142569 0.011042 0.444318
v 0.102641 0.011042 0.422976
v 0.067643 0.011042 0.394255
v 0.038922 0.011042 0.359258
v 0.017580 0.011042 0.319330
v 0.004438 0.011042 0.276005
v -0.000000 0.011042 0.230949
v 0.004438 0.011042 0.185893
v 0.017580 0.011042 0.142569
v 0.038922 0.011042 0.102641
v 0.067643 0.011042 0.067643
v 0.102641 0.011042 0.038922
v 0.142569 0.011042 0.017580
v 0.185893 0.011042 0.004438
v 0.230949 0.964260 0.142232
v 0.230949 0.787139 0.000000
v 0.230949 0.959820 0.066531
v 0.230949 0.946720 0.048444
v 0.230949 0.925618 0.032219
v 0.230949 0.897573 0.018669
v 0.230949 0.863989 0.008474
v 0.230949 0.826552 0.002146
v 0.248257 0.964260 0.143937
v 0.276005 0.787139 0.004438
v 0.263025 0.959820 0.069691
v 0.266554 0.946720 0.051951
v 0.269719 0.925618 0.036038
v 0.272363 0.897573 0.022748
v 0.274352 0.863989 0.012749
v 0.275586 0.826552 0.006542
v 0.264899 0.964260 0.148985
v 0.319329 0.787139 0.017580
v 0.293869 0.959820 0.079047
v 0.300790 0.946720 0.062337
v 0.307000 0.925618 0.047347
v 0.312185 0.897573 0.034828
v 0.316086 0.863989 0.025409
v 0.318508 0.826552 0.019562
v 0.280238 0.964260 0.157183
v 0.359257 0.787139 0.038922
v 0.322295 0.959820 0.094241
v 0.332343 0.946720 0.079202
v 0.341357 0.925618 0.065711
v 0.348885 0.897573 0.054445
v 0.354549 0.863989 0.045968
v 0.358065 0.826552 0.040706
v 0.293681 0.964260 0.168217
v 0.394255 0.787139 0.067643
v 0.347210 0.959820 0.114688
v 0.359999 0.946720 0.101899
v 0.371472 0.925618 0.090426
v 0.381053 0.897573 0.080845
v 0.388262 0.863989 0.073636
v 0.392738 0.826552 0.069161
v 0.304715 0.964260 0.181661
v 0.422976 0.787139 0.102641
v 0.367657 0.959820 0.139603
v 0.382696 0.946720 0.129555
v 0.396187 0.925618 0.120541
v 0.407453 0.897573 0.113013
v 0.415930 0.863989 0.107349
v 0.421192 0.826552 0.103833
v 0.312913 0.964260 0.196999
v 0.444318 0.787139 0.142569
v 0.382851 0.959820 0.168029
v 0.399561 0.946720 0.161108
v 0.414551 0.925618 0.154898
v 0.427070 0.897573 0.149713
v 0.436489 0.863989 0.145812
v 0.442336 0.826552 0.143390
v 0.317961 0.964260 0.213641
v 0.457460 0.787139 0.185893
v 0.392207 0.959820 0.198873
v 0.409947 0.946720 0.195344
v 0.425860 0.925618 0.192179
v 0.439150 0.897573 0.189535
v 0.449149 0.863989 0.187546
v 0.455356 0.826552 0.186312
v 0.319666 0.964260 0.230949
v 0.461898 0.787139 0.230949
v 0.395367 0.959820 0.230949
v 0.413454 0.946720 0.230949
v 0.429679 0.925618 0.230949
v 0.443229 0.897573 0.230949
v 0.453424 0.863989 0.230949
v 0.459753 0.826552 0.230949
v 0.317961 0.964260 0.248257
v 0.457460 0.787139 0.276005
v 0.392207 0.959820 0.263025
v 0.409947 0.946720 0.266554
v 0.425860 0.925618 0.269719
v 0.439150 0.897573 0.272363
v 0.449149 0.863989 0.274352
v 0.455356 0.826552 0.275586
v 0.312913 0.964260 0.264900
v 0.444318 0.787139 0.319330
v 0.382851 0.959820 0.293869
v 0.399561 0.946720 0.300791
v 0.414551 0.925618 0.307000
v 0.427070 0.897573 0.312185
v 0.436489 0.863989 0.316086
v 0.442336 0.826552 0.318508
v 0.304715 0.964260 0.280238
v 0.422976 0.787139 0.359258
v 0.367657 0.959820 0.322295
v 0.382696 0.946720 0.332343
v 0.396187 0.925618 0.341358
v 0.407453 0.897573 0.348885
v 0.415930 0.863989 0.354549
v 0.421192 0.826552 0.358066
v 0.293681 0.964260 0.293682
v 0.394255 0.787139 0.394255
v 0.347210 0.959820 0.347210
v 0.359999 0.946720 0.359999
v 0.371472 0.925618 0.371472
v 0.381053 0.897573 0.381054
v 0.388262 0.863989 0.388262
v 0.392738 0.826552 0.392738
v 0.280238 0.964260 0.304715
v 0.359257 0.787139 0.422976
v 0.322295 0.959820 0.367657
v 0.332343 0.946720 0.382696
v 0.341357 0.925618 0.396187
v 0.348885 0.897573 0.407453
v 0.354549 0.863989 0.415930
v 0.358065 0.826552 0.421192
v 0.264899 0.964260 0.312913
v 0.319329 0.787139 0.444318
v 0.293869 0.959820 0.382851
v 0.300790 0.946720 0.399561
v 0.307000 0.925618 0.414552
v 0.312185 0.897573 0.427070
v 0.316086 0.863989 0.436489
v 0.318508 0.826552 0.442336
v 0.248257 0.964260 0.317962
v 0.276005 0.787139 0.457461
v 0.263025 0.959820 0.392208
v 0.266554 0.946720 0.409947
v 0.269719 0.925618 0.425860
v 0.272363 0.897573 0.439150
v 0.274352 0.863989 0.449149
v 0.275586 0.826552 0.455356
v 0.230949 0.964260 0.319666
v 0.230949 0.787139 0.461898
v 0.230949 0.959820 0.395367
v 0.230949 0.946720 0.413454
v 0.230949 0.925618 0.429679
v 0.230949 0.897573 0.443229
v 0.230949 0.863989 0.453424
v 0.230949 0.826552 0.459753
v 0.213641 0.964260 0.317962
v 0.185893 0.787139 0.457461
v 0.198873 0.959820 0.392208
v 0.195344 0.946720 0.409947
v 0.192179 0.925618 0.425860
v 0.189535 0.897573 0.439150
v 0.187546 0.863989 0.449149
v 0.186312 0.826552 0.455356
v 0.196998 0.964260 0.312913
v 0.142569 0.787139 0.444318
v 0.168029 0.959820 0.382851
v 0.161107 0.946720 0.399561
v 0.154898 0.925618 0.414552
v 0.149713 0.897573 0.427070
v 0.145812 0.863989 0.436489
v 0.143390 0.826552 0.442336
v 0.181660 0.964260 0.304715
v 0.102641 0.787139 0.422976
v 0.139603 0.959820 0.367657
v 0.129555 0.946720 0.382696
v 0.120540 0.925618 0.396187
v 0.113013 0.897573 0.407453
v 0.107349 0.863989 0.415930
v 0.103832 0.826552 0.421192
v 0.168216 0.964260 0.293682
v 0.067643 0.787139 0.394255
v 0.114688 0.959820 0.347210
v 0.101899 0.946720 0.359999
v 0.090426 0.925618 0.371472
v 0.080844 0.897573 0.381054
v 0.073636 0.863989 0.388262
v 0.069160 0.826552 0.392738
v 0.157183 0.964260 0.280238
v 0.038922 0.787139 0.359258
v 0.094241 0.959820 0.322295
v 0.079202 0.946720 0.332343
v 0.065711 0.925618 0.341358
v 0.054445 0.897573 0.348885
v 0.045968 0.863989 0.354549
v 0.040706 0.826552 0.358066
v 0.148985 0.964260 0.264900
v 0.017580 0.787139 0.319330
v 0.079047 0.959820 0.293869
v 0.062337 0.946720 0.300791
v 0.047346 0.925618 0.307000
v 0.034828 0.897573 0.312185
v 0.025409 0.863989 0.316086
v 0.019562 0.826552 0.318508
v 0.143936 0.964260 0.248257
v 0.004438 0.787139 0.276005
v 0.069691 0.959820 0.263025
v 0.051951 0.946720 0.266554
v 0.036038 0.925618 0.269719
v 0.022748 0.897573 0.272363
v 0.012749 0.863989 0.274352
v 0.006542 0.826552 0.275586
v 0.142232 0.964260 0.230949
v -0.000000 0.787139 0.230949
v 0.066531 0.959820 0.230949
v 0.048444 0.946720 0.230949
v 0.032219 0.925618 0.230949
v 0.018669 0.897573 0.230949
v 0.008474 0.863989 0.230949
v 0.002145 0.826552 0.230949
v 0.143936 0.964260 0.213641
v 0.004438 0.787139 0.185893
v 0.069691 0.959820 0.198873
v 0.051951 0.946720 0.195344
v 0.036038 0.925618 0.192179
v 0.022748 0.897573 0.189535
v 0.012749 0.863989 0.187546
v 0.006542 0.826552 0.186312
v 0.148985 0.964260 0.196999
v 0.017580 0.787139 0.142569
v 0.079047 0.959820 0.168029
v 0.062337 0.946720 0.161108
v 0.047346 0.925618 0.154898
v 0.034828 0.897573 0.149713
v 0.025409 0.863989 0.145812
v 0.019562 0.826552 0.143390
v 0.157183 0.964260 0.181660
v 0.038922 0.787139 0.102641
v 0.094241 0.959820 0.139604
v 0.079202 0.946720 0.129555
v 0.065711 0.925618 0.120541
v 0.054445 0.897573 0.113013
v 0.045968 0.863989 0.107349
v 0.040706 0.826552 0.103833
v 0.168216 0.964260 0.168217
v 0.067643 0.787139 0.067643
v 0.114688 0.959820 0.114688
v 0.101899 0.946720 0.101899
v 0.090426 0.925618 0.090426
v 0.080844 0.897573 0.080845
v 0.073636 0.863989 0.073636
v 0.069160 0.826552 0.069161
v 0.181660 0.964260 0.157183
v 0.102641 0.787139 0.038922
v 0.139603 0.959820 0.094241
v 0.129555 0.946720 0.079202
v 0.120540 0.925618 0.065711
v 0.113013 0.897573 0.054445
v 0.107349 0.863989 0.045968
v 0.103832 0.826552 0.040706
v 0.196998 0.964260 0.148985
v 0.142569 0.787139 0.017580
v 0.168029 0.959820 0.079047
v 0.161107 0.946720 0.062337
v 0.154898 0.925618 0.047347
v 0.149713 0.897573 0.034828
v 0.145812 0.863989 0.025409
v 0.143390 0.826552 0.019562
v 0.213641 0.964260 0.143937
v 0.185893 0.787139 0.004438
v 0.198873 0.959820 0.069691
v 0.195344 0.946720 0.051951
v 0.192179 0.925618 0.036038
v 0.189535 0.897573 0.022748
v 0.187546 0.863989 0.012749
v 0.186312 0.826552 0.006542
v 0.230949 0.964260 0.085573
v 0.259310 0.964260 0.088367
v 0.286582 0.964260 0.096639
v 0.311715 0.964260 0.110074
v 0.333745 0.964260 0.128153
v 0.351825 0.964260 0.150183
v 0.365259 0.964260 0.175316
v 0.373531 0.964260 0.202588
v 0.376325 0.964260 0.230949
v 0.373531 0.964260 0.259310
v 0.365259 0.964260 0.286582
v 0.351825 0.964260 0.311716
v 0.333745 0.964260 0.333745
v 0.311715 0.964260 0.351825
v 0.286582 0.964260 0.365259
v 0.259310 0.964260 0.373532
v 0.230949 0.964260 0.376325
v 0.202588 0.964260 0.373532
v 0.175316 0.964260 0.365259
v 0.150182 0.964260 0.351825
v 0.128153 0.964260 0.333745
v 0.110073 0.964260 0.311716
v 0.096639 0.964260 0.286582
v 0.088366 0.964260 0.259310
v 0.085573 0.964260 0.230949
v 0.088366 0.964260 0.202588
v 0.096639 0.964260 0.175316
v 0.110073 0.964260 0.150183
v 0.128153 0.964260 0.128153
v 0.150182 0.964260 0.110074
v 0.175316 0.964260 0.096639
v 0.202588 0.964260 0.088367
v 0.230949 0.991336 0.142232
v 0.248257 0.991336 0.143937
v 0.264899 0.991336 0.148985
v 0.280238 0.991336 0.157183
v 0.293681 0.991336 0.168217
v 0.304715 0.991336 0.181661
v 0.312913 0.991336 0.196999
v 0.317961 0.991336 0.213641
v 0.319666 0.991336 0.230949
v 0.317961 0.991336 0.248257
v 0.312913 0.991336 0.264900
v 0.304715 0.991336 0.280238
v 0.293681 0.991336 0.293682
v 0.280238 0.991336 0.304715
v 0.264899 0.991336 0.312913
v 0.248257 0.991336 0.317962
v 0.230949 0.991336 0.319666
v 0.213641 0.991336 0.317962
v 0.196998 0.991336 0.312913
v 0.181660 0.991336 0.304715
v 0.168216 0.991336 0.293682
v 0.157183 0.991336 0.280238
v 0.148985 0.991336 0.264900
v 0.143936 0.991336 0.248257
v 0.142232 0.991336 0.230949
v 0.143936 0.991336 0.213641
v 0.148985 0.991336 0.196999
v 0.157183 0.991336 0.181660
v 0.168216 0.991336 0.168217
v 0.181660 0.991336 0.157183
v 0.196998 0.991336 0.148985
v 0.213641 0.991336 0.143937
v 0.230949 0.991336 0.122995
v 0.252010 0.991336 0.125069
v 0.272261 0.991336 0.131212
v 0.290925 0.991336 0.141188
v 0.307284 0.991336 0.154614
v 0.320710 0.991336 0.170973
v 0.330686 0.991336 0.189637
v 0.336829 0.991336 0.209888
v 0.338903 0.991336 0.230949
v 0.336829 0.991336 0.252010
v 0.330686 0.991336 0.272261
v 0.320710 0.991336 0.290925
v 0.307284 0.991336 0.307284
v 0.290925 0.991336 0.320710
v 0.272261 0.991336 0.330686
v 0.252010 0.991336 0.336829
v 0.230949 0.991336 0.338903
v 0.209888 0.991336 0.336829
v 0.189637 0.991336 0.330686
v 0.170973 0.991336 0.320710
v 0.154614 0.991336 0.307284
v 0.141188 0.991336 0.290925
v 0.131212 0.991336 0.272261
v 0.125069 0.991336 0.252010
v 0.122995 0.991336 0.230949
v 0.125069 0.991336 0.209888
v 0.131212 0.991336 0.189637
v 0.141188 0.991336 0.170973
v 0.154614 0.991336 0.154614
v 0.170973 0.991336 0.141188
v 0.189637 0.991336 0.131212
v 0.209888 0.991336 0.125069
v 0.230949 1.064125 0.122995
v 0.252010 1.064125 0.125069
v 0.272261 1.064125 0.131212
v 0.290925 1.064125 0.141188
v 0.307284 1.064125 0.154614
v 0.320710 1.064125 0.170973
v 0.330686 1.064125 0.189637
v 0.336829 1.064125 0.209888
v 0.338903 1.064125 0.230949
v 0.336829 1.064125 0.252010
v 0.330686 1.064125 0.272261
v 0.320710 1.064125 0.290925
v 0.307284 1.064125 0.307284
v 0.290925 1.064125 0.320710
v 0.272261 1.064125 0.330686
v 0.252010 1.064125 0.336829
v 0.230949 1.064125 0.338903
v 0.209888 1.064125 0.336829
v 0.189637 1.064125 0.330686
v 0.170973 1.064125 0.320710
v 0.154614 1.064125 0.307284
v 0.141188 1.064125 0.290925
v 0.131212 1.064125 0.272261
v 0.125069 1.064125 0.252010
v 0.122995 1.064125 0.230949
v 0.125069 1.064125 0.209888
v 0.131212 1.064125 0.189637
v 0.141188 1.064125 0.170973
v 0.154614 1.064125 0.154614
v 0.170973 1.064125 0.141188
v 0.189637 1.064125 0.131212
v 0.209888 1.064125 0.125069
v 0.230949 0.011041 0.474696
v 0.276005 0.011041 0.479134
v 0.319329 0.011041 0.492276
v 0.359257 0.011041 0.513618
v 0.394255 0.011041 0.542340
v 0.422976 0.011041 0.577337
v 0.444318 0.011041 0.617265
v 0.457460 0.011041 0.660589
v 0.461898 0.011041 0.705645
v 0.457460 0.011041 0.750701
v 0.444318 0.011041 0.794026
v 0.422976 0.011041 0.833954
v 0.394255 0.011041 0.868951
v 0.359257 0.011041 0.897673
v 0.319329 0.011041 0.919015
v 0.276005 0.011041 0.932157
v 0.230949 0.011041 0.936595
v 0.185893 0.011041 0.932157
v 0.142569 0.011041 0.919015
v 0.102640 0.011041 0.897673
v 0.067643 0.011041 0.868951
v 0.038922 0.011041 0.833954
v 0.017580 0.011041 0.794026
v 0.004437 0.011041 0.750701
v -0.000000 0.011041 0.705645
v 0.004437 0.011041 0.660589
v 0.017580 0.011041 0.617265
v 0.038922 0.011041 0.577337
v 0.067643 0.011041 0.542340
v 0.102640 0.011041 0.513618
v 0.142569 0.011041 0.492276
v 0.185893 0.011041 0.479134
v 0.230949 0.964260 0.616928
v 0.230949 0.787139 0.474696
v 0.230949 0.959820 0.541228
v 0.230949 0.946720 0.523141
v 0.230949 0.925618 0.506916
v 0.230949 0.897573 0.493366
v 0.230949 0.863989 0.483171
v 0.230949 0.826552 0.476842
v 0.248257 0.964260 0.618633
v 0.276005 0.787139 0.479134
v 0.263025 0.959820 0.544387
v 0.266554 0.946720 0.526648
v 0.269719 0.925618 0.510734
v 0.272363 0.897573 0.497445
v 0.274352 0.863989 0.487446
v 0.275586 0.826552 0.481238
v 0.264899 0.964260 0.623681
v 0.319329 0.787139 0.492276
v 0.293869 0.959820 0.553743
v 0.300790 0.946720 0.537033
v 0.307000 0.925618 0.522043
v 0.312185 0.897573 0.509525
v 0.316086 0.863989 0.500106
v 0.318508 0.826552 0.494258
v 0.280238 0.964260 0.631880
v 0.359257 0.787139 0.513618
v 0.322295 0.959820 0.568937
v 0.332343 0.946720 0.553898
v 0.341357 0.925618 0.540408
v 0.348885 0.897573 0.529141
v 0.354549 0.863989 0.520664
v 0.358065 0.826552 0.515402
v 0.293681 0.964260 0.642913
v 0.394255 0.787139 0.542340
v 0.347210 0.959820 0.589385
v 0.359999 0.946720 0.576595
v 0.371472 0.925618 0.565122
v 0.381053 0.897573 0.555541
v 0.388262 0.863989 0.548332
v 0.392738 0.826552 0.543857
v 0.304715 0.964260 0.656357
v 0.422976 0.787139 0.577337
v 0.367657 0.959820 0.614300
v 0.382696 0.946720 0.604251
v 0.396187 0.925618 0.595237
v 0.407453 0.897573 0.587709
v 0.415930 0.863989 0.582045
v 0.421192 0.826552 0.578529
v 0.312913 0.964260 0.671695
v 0.444318 0.787139 0.617265
v 0.382851 0.959820 0.642725
v 0.399561 0.946720 0.635804
v 0.414551 0.925618 0.629595
v 0.427070 0.897573 0.624410
v 0.436489 0.863989 0.620508
v 0.442336 0.826552 0.618086
v 0.317961 0.964260 0.688338
v 0.457460 0.787139 0.660589
v 0.392207 0.959820 0.673569
v 0.409947 0.946720 0.670041
v 0.425860 0.925618 0.666875
v 0.439150 0.897573 0.664232
v 0.449149 0.863989 0.662243
v 0.455356 0.826552 0.661008
v 0.319666 0.964260 0.705645
v 0.461898 0.787139 0.705645
v 0.395367 0.959820 0.705645
v 0.413454 0.946720 0.705645
v 0.429679 0.925618 0.705645
v 0.443229 0.897573 0.705645
v 0.453424 0.863989 0.705645
v 0.459753 0.826552 0.705645
v 0.317961 0.964260 0.722953
v 0.457460 0.787139 0.750701
v 0.392207 0.959820 0.737722
v 0.409947 0.946720 0.741250
v 0.425860 0.925618 0.744416
v 0.439150 0.897573 0.747059
v 0.449149 0.863989 0.749048
v 0.455356 0.826552 0.750283
v 0.312913 0.964260 0.739596
v 0.444318 0.787139 0.794026
v 0.382851 0.959820 0.768565
v 0.399561 0.946720 0.775487
v 0.414551 0.925618 0.781696
v 0.427070 0.897573 0.786881
v 0.436489 0.863989 0.790783
v 0.442336 0.826552 0.793205
v 0.304715 0.964260 0.754934
v 0.422976 0.787139 0.833954
v 0.367657 0.959820 0.796991
v 0.382696 0.946720 0.807040
v 0.396187 0.925618 0.816054
v 0.407453 0.897573 0.823582
v 0.415930 0.863989 0.829246
v 0.421192 0.826552 0.832762
v 0.293681 0.964260 0.768378
v 0.394255 0.787139 0.868951
v 0.347210 0.959820 0.821906
v 0.359999 0.946720 0.834696
v 0.371472 0.925618 0.846169
v 0.381053 0.897573 0.855750
v 0.388262 0.863989 0.862959
v 0.392738 0.826552 0.867434
v 0.280238 0.964260 0.779411
v 0.359257 0.787139 0.897673
v 0.322295 0.959820 0.842354
v 0.332343 0.946720 0.857392
v 0.341357 0.925618 0.870883
v 0.348885 0.897573 0.882150
v 0.354549 0.863989 0.890626
v 0.358065 0.826552 0.895889
v 0.264899 0.964260 0.787609
v 0.319329 0.787139 0.919015
v 0.293869 0.959820 0.857548
v 0.300790 0.946720 0.874258
v 0.307000 0.925618 0.889248
v 0.312185 0.897573 0.901766
v 0.316086 0.863989 0.911185
v 0.318508 0.826552 0.917032
v 0.248257 0.964260 0.792658
v 0.276005 0.787139 0.932157
v 0.263025 0.959820 0.866904
v 0.266554 0.946720 0.884643
v 0.269719 0.925618 0.900557
v 0.272363 0.897573 0.913846
v 0.274352 0.863989 0.923845
v 0.275586 0.826552 0.930053
v 0.230949 0.964260 0.794363
v 0.230949 0.787139 0.936595
v 0.230949 0.959820 0.870063
v 0.230949 0.946720 0.888150
v 0.230949 0.925618 0.904375
v 0.230949 0.897573 0.917925
v 0.230949 0.863989 0.928120
v 0.230949 0.826552 0.934449
v 0.213641 0.964260 0.792658
v 0.185893 0.787139 0.932157
v 0.198873 0.959820 0.866904
v 0.195344 0.946720 0.884643
v 0.192179 0.925618 0.900557
v 0.189535 0.897573 0.913846
v 0.187546 0.863989 0.923845
v 0.186312 0.826552 0.930053
v 0.196998 0.964260 0.787609
v 0.142569 0.787139 0.919015
v 0.168029 0.959820 0.857548
v 0.161107 0.946720 0.874258
v 0.154898 0.925618 0.889248
v 0.149713 0.897573 0.901766
v 0.145812 0.863989 0.911185
v 0.143390 0.826552 0.917032
v 0.181660 0.964260 0.779411
v 0.102640 0.787139 0.897673
v 0.139603 0.959820 0.842354
v 0.129555 0.946720 0.857392
v 0.120540 0.925618 0.870883
v 0.113013 0.897573 0.882150
v 0.107349 0.863989 0.890626
v 0.103832 0.826552 0.895889
v 0.168216 0.964260 0.768378
v 0.067643 0.787139 0.868951
v 0.114688 0.959820 0.821906
v 0.101899 0.946720 0.834696
v 0.090426 0.925618 0.846169
v 0.080844 0.897573 0.855750
v 0.073636 0.863989 0.862959
v 0.069160 0.826552 0.867434
v 0.157183 0.964260 0.754934
v 0.038922 0.787139 0.833954
v 0.094241 0.959820 0.796991
v 0.079202 0.946720 0.807040
v 0.065711 0.925618 0.816054
v 0.054445 0.897573 0.823582
v 0.045968 0.863989 0.829246
v 0.040706 0.826552 0.832762
v 0.148985 0.964260 0.739596
v 0.017580 0.787139 0.794026
v 0.079047 0.959820 0.768565
v 0.062337 0.946720 0.775487
v 0.047346 0.925618 0.781696
v 0.034828 0.897573 0.786881
v 0.025409 0.863989 0.790783
v 0.019562 0.826552 0.793205
v 0.143936 0.964260 0.722953
v 0.004437 0.787139 0.750701
v 0.069691 0.959820 0.737722
v 0.051951 0.946720 0.741250
v 0.036038 0.925618 0.744416
v 0.022748 0.897573 0.747059
v 0.012749 0.863989 0.749048
v 0.006542 0.826552 0.750283
v 0.142232 0.964260 0.705645
v -0.000000 0.787139 0.705645
v 0.066531 0.959820 0.705645
v 0.048444 0.946720 0.705645
v 0.032219 0.925618 0.705645
v 0.018669 0.897573 0.705645
v 0.008474 0.863989 0.705645
v 0.002145 0.826552 0.705645
v 0.143936 0.964260 0.688338
v 0.004437 0.787139 0.660589
v 0.069691 0.959820 0.673569
v 0.051951 0.946720 0.670041
v 0.036038 0.925618 0.666875
v 0.022748 0.897573 0.664232
v 0.012749 0.863989 0.662243
v 0.006542 0.826552 0.661008
v 0.148985 0.964260 0.671695
v 0.017580 0.787139 0.617265
v 0.079047 0.959820 0.642725
v 0.062337 0.946720 0.635804
v 0.047346 0.925618 0.629595
v 0.034828 0.897573 0.624410
v 0.025409 0.863989 0.620508
v 0.019562 0.826552 0.618086
v 0.157183 0.964260 0.656357
v 0.038922 0.787139 0.577337
v 0.094241 0.959820 0.614300
v 0.079202 0.946720 0.604251
v 0.065711 0.925618 0.595237
v 0.054445 0.897573 0.587709
v 0.045968 0.863989 0.582045
v 0.040706 0.826552 0.578529
v 0.168216 0.964260 0.642913
v 0.067643 0.787139 0.542340
v 0.114688 0.959820 0.589385
v 0.101899 0.946720 0.576595
v 0.090426 0.925618 0.565122
v 0.080844 0.897573 0.555541
v 0.073636 0.863989 0.548332
v 0.069160 0.826552 0.543857
v 0.181660 0.964260 0.631880
v 0.102640 0.787139 0.513618
v 0.139603 0.959820 0.568937
v 0.129555 0.946720 0.553898
v 0.120540 0.925618 0.540408
v 0.113013 0.897573 0.529141
v 0.107349 0.863989 0.520664
v 0.103832 0.826552 0.515402
v 0.196998 0.964260 0.623681
v 0.142569 0.787139 0.492276
v 0.168029 0.959820 0.553743
v 0.161107 0.946720 0.537033
v 0.154898 0.925618 0.522043
v 0.149713 0.897573 0.509525
v 0.145812 0.863989 0.500106
v 0.143390 0.826552 0.494258
v 0.213641 0.964260 0.618633
v 0.185893 0.787139 0.479134
v 0.198873 0.959820 0.544387
v 0.195344 0.946720 0.526648
v 0.192179 0.925618 0.510734
v 0.189535 0.897573 0.497445
v 0.187546 0.863989 0.487446
v 0.186312 0.826552 0.481238
v 0.230949 0.964260 0.560270
v 0.259310 0.964260 0.563063
v 0.286582 0.964260 0.571336
v 0.311715 0.964260 0.584770
v 0.333745 0.964260 0.602849
v 0.351825 0.964260 0.624879
v 0.365259 0.964260 0.650012
v 0.373531 0.964260 0.677284
v 0.376325 0.964260 0.705645
v 0.373531 0.964260 0.734007
v 0.365259 0.964260 0.761278
v 0.351825 0.964260 0.786412
v 0.333745 0.964260 0.808442
v 0.311715 0.964260 0.826521
v 0.286582 0.964260 0.839955
v 0.259310 0.964260 0.848228
v 0.230949 0.964260 0.851021
v 0.202588 0.964260 0.848228
v 0.175316 0.964260 0.839955
v 0.150182 0.964260 0.826521
v 0.128153 0.964260 0.808442
v 0.110073 0.964260 0.786412
v 0.096639 0.964260 0.761278
v 0.088366 0.964260 0.734007
v 0.085573 0.964260 0.705645
v 0.088366 0.964260 0.677284
v 0.096639 0.964260 0.650012
v 0.110073 0.964260 0.624879
v 0.128153 0.964260 0.602849
v 0.150182 0.964260 0.584770
v 0.175316 0.964260 0.571336
v 0.202588 0.964260 0.563063
v 0.230949 0.991336 0.616928
v 0.248257 0.991336 0.618633
v 0.264899 0.991336 0.623681
v 0.280238 0.991336 0.631880
v 0.293681 0.991336 0.642913
v 0.304715 0.991336 0.656357
v 0.312913 0.991336 0.671695
v 0.317961 0.991336 0.688338
v 0.319666 0.991336 0.705645
v 0.317961 0.991336 0.722953
v 0.312913 0.991336 0.739596
v 0.304715 0.991336 0.754934
v 0.293681 0.991336 0.768378
v 0.280238 0.991336 0.779411
v 0.264899 0.991336 0.787609
v 0.248257 0.991336 0.792658
v 0.230949 0.991336 0.794363
v 0.213641 0.991336 0.792658
v 0.196998 0.991336 0.787609
v 0.181660 0.991336 0.779411
v 0.168216 0.991336 0.768378
v 0.157183 0.991336 0.754934
v 0.148985 0.991336 0.739596
v 0.143936 0.991336 0.722953
v 0.142232 0.991336 0.705645
v 0.143936 0.991336 0.688338
v 0.148985 0.991336 0.671695
v 0.157183 0.991336 0.656357
v 0.168216 0.991336 0.642913
v 0.181660 0.991336 0.631880
v 0.196998 0.991336 0.623681
v 0.213641 0.991336 0.618633
v 0.230949 0.991336 0.597691
v 0.252010 0.991336 0.599765
v 0.272261 0.991336 0.605909
v 0.290925 0.991336 0.615885
v 0.307284 0.991336 0.629310
v 0.320710 0.991336 0.645669
v 0.330686 0.991336 0.664333
v 0.336829 0.991336 0.684585
v 0.338903 0.991336 0.705645
v 0.336829 0.991336 0.726706
v 0.330686 0.991336 0.746958
v 0.320710 0.991336 0.765622
v 0.307284 0.991336 0.781981
v 0.290925 0.991336 0.795406
v 0.272261 0.991336 0.805382
v 0.252010 0.991336 0.811525
v 0.230949 0.991336 0.813600
v 0.209888 0.991336 0.811525
v 0.189637 0.991336 0.805382
v 0.170973 0.991336 0.795406
v 0.154614 0.991336 0.781981
v 0.141188 0.991336 0.765622
v 0.131212 0.991336 0.746958
v 0.125069 0.991336 0.726706
v 0.122995 0.991336 0.705645
v 0.125069 0.991336 0.684585
v 0.131212 0.991336 0.664333
v 0.141188 0.991336 0.645669
v 0.154614 0.991336 0.629310
v 0.170973 0.991336 0.615885
v 0.189637 0.991336 0.605909
v 0.209888 0.991336 0.599765
v 0.230949 1.064125 0.597691
v 0.252010 1.064125 0.599765
v 0.272261 1.064125 0.605909
v 0.290925 1.064125 0.615885
v 0.307284 1.064125 0.629310
v 0.320710 1.064125 0.645669
v 0.330686 1.064125 0.664333
v 0.336829 1.064125 0.684585
v 0.338903 1.064125 0.705645
v 0.336829 1.064125 0.726706
v 0.330686 1.064125 0.746958
v 0.320710 1.064125 0.765622
v 0.307284 1.064125 0.781981
v 0.290925 1.064125 0.795406
v 0.272261 1.064125 0.805382
v 0.252010 1.064125 0.811525
v 0.230949 1.064125 0.813600
v 0.209888 1.064125 0.811525
v 0.189637 1.064125 0.805382
v 0.170973 1.064125 0.795406
v 0.154614 1.064125 0.781981
v 0.141188 1.064125 0.765622
v 0.131212 1.064125 0.746958
v 0.125069 1.064125 0.726706
v 0.122995 1.064125 0.705645
v 0.125069 1.064125 0.684585
v 0.131212 1.064125 0.664333
v 0.141188 1.064125 0.645669
v 0.154614 1.064125 0.629310
v 0.170973 1.064125 0.615885
v 0.189637 1.064125 0.605909
v 0.209888 1.064125 0.599765
v 0.692847 0.011042 0.000000
v 0.737903 0.011042 0.004438
v 0.781228 0.011042 0.017580
v 0.821156 0.011042 0.038922
v 0.856153 0.011042 0.067643
v 0.884874 0.011042 0.102641
v 0.906216 0.011042 0.142569
v 0.919359 0.011042 0.185893
v 0.923796 0.011042 0.230949
v 0.919359 0.011042 0.276005
v 0.906216 0.011042 0.319330
v 0.884874 0.011042 0.359258
v 0.856153 0.011042 0.394255
v 0.821156 0.011042 0.422976
v 0.781228 0.011042 0.444318
v 0.737903 0.011042 0.457461
v 0.692847 0.011042 0.461898
v 0.647791 0.011042 0.457461
v 0.604467 0.011042 0.444318
v 0.564539 0.011042 0.422976
v 0.529541 0.011042 0.394255
v 0.500820 0.011042 0.359258
v 0.479478 0.011042 0.319330
v 0.466336 0.011042 0.276005
v 0.461898 0.011042 0.230949
v 0.466336 0.011042 0.185893
v 0.479478 0.011042 0.142569
v 0.500820 0.011042 0.102641
v 0.529541 0.011042 0.067643
v 0.564539 0.011042 0.038922
v 0.604467 0.011042 0.017580
v 0.647791 0.011042 0.004438
v 0.692847 0.964260 0.142232
v 0.692847 0.787139 0.000000
v 0.692847 0.959820 0.066531
v 0.692847 0.946720 0.048444
v 0.692847 0.925618 0.032219
v 0.692847 0.897573 0.018669
v 0.692847 0.863989 0.008474
v 0.692847 0.826552 0.002146
v 0.710155 0.964260 0.143937
v 0.737903 0.787139 0.004438
v 0.724923 0.959820 0.069691
v 0.728452 0.946720 0.051951
v 0.731617 0.925618 0.036038
v 0.734261 0.897573 0.022748
v 0.736250 0.863989 0.012749
v 0.737485 0.826552 0.006542
v 0.726798 0.964260 0.148985
v 0.781228 0.787139 0.017580
v 0.755767 0.959820 0.079047
v 0.762689 0.946720 0.062337
v 0.768898 0.925618 0.047347
v 0.774083 0.897573 0.034828
v 0.777985 0.863989 0.025409
v 0.780407 0.826552 0.019562
v 0.742136 0.964260 0.157183
v 0.821156 0.787139 0.038922
v 0.784193 0.959820 0.094241
v 0.794241 0.946720 0.079202
v 0.803256 0.925618 0.065711
v 0.810783 0.897573 0.054445
v 0.816447 0.863989 0.045968
v 0.819964 0.826552 0.040706
v 0.755580 0.964260 0.168217
v 0.856153 0.787139 0.067643
v 0.809108 0.959820 0.114688
v 0.821898 0.946720 0.101899
v 0.833370 0.925618 0.090426
v 0.842952 0.897573 0.080845
v 0.850161 0.863989 0.073636
v 0.854636 0.826552 0.069161
v 0.766613 0.964260 0.181661
v 0.884874 0.787139 0.102641
v 0.829555 0.959820 0.139603
v 0.844594 0.946720 0.129555
v 0.858085 0.925618 0.120541
v 0.869351 0.897573 0.113013
v 0.877828 0.863989 0.107349
v 0.883090 0.826552 0.103833
v 0.774811 0.964260 0.196999
v 0.906216 0.787139 0.142569
v 0.844749 0.959820 0.168029
v 0.861459 0.946720 0.161108
v 0.876450 0.925618 0.154898
v 0.888968 0.897573 0.149713
v 0.898387 0.863989 0.145812
v 0.904234 0.826552 0.143390
v 0.779860 0.964260 0.213641
v 0.919359 0.787139 0.185893
v 0.854106 0.959820 0.198873
v 0.871845 0.946720 0.195344
v 0.887758 0.925618 0.192179
v 0.901048 0.897573 0.189535
v 0.911047 0.863989 0.187546
v 0.917254 0.826552 0.186312
v 0.781564 0.964260 0.230949
v 0.923796 0.787139 0.230949
v 0.857265 0.959820 0.230949
v 0.875352 0.946720 0.230949
v 0.891577 0.925618 0.230949
v 0.905127 0.897573 0.230949
v 0.915322 0.863989 0.230949
v 0.921651 0.826552 0.230949
v 0.779860 0.964260 0.248257
v 0.919359 0.787139 0.276005
v 0.854106 0.959820 0.263025
v 0.871845 0.946720 0.266554
v 0.887758 0.925618 0.269719
v 0.901048 0.897573 0.272363
v 0.911047 0.863989 0.274352
v 0.917254 0.826552 0.275586
v 0.774811 0.964260 0.264900
v 0.906216 0.787139 0.319330
v 0.844749 0.959820 0.293869
v 0.861459 0.946720 0.300791
v 0.876450 0.925618 0.307000
v 0.888968 0.897573 0.312185
v 0.898387 0.863989 0.316086
v 0.904234 0.826552 0.318508
v 0.766613 0.964260 0.280238
v 0.884874 0.787139 0.359258
v 0.829555 0.959820 0.322295
v 0.844594 0.946720 0.332343
v 0.858085 0.925618 0.341358
v 0.869351 0.897573 0.348885
v 0.877828 0.863989 0.354549
v 0.883090 0.826552 0.358066
v 0.755580 0.964260 0.293682
v 0.856153 0.787139 0.394255
v 0.809108 0.959820 0.347210
v 0.821898 0.946720 0.359999
v 0.833370 0.925618 0.371472
v 0.842952 0.897573 0.381054
v 0.850161 0.863989 0.388262
v 0.854636 0.826552 0.392738
v 0.742136 0.964260 0.304715
v 0.821156 0.787139 0.422976
v 0.784193 0.959820 0.367657
v 0.794241 0.946720 0.382696
v 0.803256 0.925618 0.396187
v 0.810783 0.897573 0.407453
v 0.816447 0.863989 0.415930
v 0.819964 0.826552 0.421192
v 0.726798 0.964260 0.312913
v 0.781228 0.787139 0.444318
v 0.755767 0.959820 0.382851
v 0.762689 0.946720 0.399561
v 0.768898 0.925618 0.414552
v 0.774083 0.897573 0.427070
v 0.777985 0.863989 0.436489
v 0.780407 0.826552 0.442336
v 0.710155 0.964260 0.317962
v 0.737903 0.787139 0.457461
v 0.724923 0.959820 0.392208
v 0.728452 0.946720 0.409947
v 0.731617 0.925618 0.425860
v 0.734261 0.897573 0.439150
v 0.736250 0.863989 0.449149
v 0.737485 0.826552 0.455356
v 0.692847 0.964260 0.319666
v 0.692847 0.787139 0.461898
v 0.692847 0.959820 0.395367
v 0.692847 0.946720 0.413454
v 0.692847 0.925618 0.429679
v 0.692847 0.897573 0.443229
v 0.692847 0.863989 0.453424
v 0.692847 0.826552 0.459753
v 0.675539 0.964260 0.317962
v 0.647791 0.787139 0.457461
v 0.660771 0.959820 0.392208
v 0.657242 0.946720 0.409947
v 0.654077 0.925618 0.425860
v 0.651433 0.897573 0.439150
v 0.649445 0.863989 0.449149
v 0.648210 0.826552 0.455356
v 0.658897 0.964260 0.312913
v 0.604467 0.787139 0.444318
v 0.629927 0.959820 0.382851
v 0.623006 0.946720 0.399561
v 0.616796 0.925618 0.414552
v 0.611611 0.897573 0.427070
v 0.607710 0.863989 0.436489
v 0.605288 0.826552 0.442336
v 0.643559 0.964260 0.304715
v 0.564539 0.787139 0.422976
v 0.601502 0.959820 0.367657
v 0.591453 0.946720 0.382696
v 0.582439 0.925618 0.396187
v 0.574911 0.897573 0.407453
v 0.569247 0.863989 0.415930
v 0.565731 0.826552 0.421192
v 0.630115 0.964260 0.293682
v 0.529541 0.787139 0.394255
v 0.576586 0.959820 0.347210
v 0.563797 0.946720 0.359999
v 0.552324 0.925618 0.371472
v 0.542743 0.897573 0.381054
v 0.535534 0.863989 0.388262
v 0.531059 0.826552 0.392738
v 0.619082 0.964260 0.280238
v 0.500820 0.787139 0.359258
v 0.556139 0.959820 0.322295
v 0.541100 0.946720 0.332343
v 0.527609 0.925618 0.341358
v 0.516343 0.897573 0.348885
v 0.507866 0.863989 0.354549
v 0.502604 0.826552 0.358066
v 0.610883 0.964260 0.264900
v 0.479478 0.787139 0.319330
v 0.540945 0.959820 0.293869
v 0.524235 0.946720 0.300791
v 0.509245 0.925618 0.307000
v 0.496726 0.897573 0.312185
v 0.487307 0.863989 0.316086
v 0.481460 0.826552 0.318508
v 0.605835 0.964260 0.248257
v 0.466336 0.787139 0.276005
v 0.531589 0.959820 0.263025
v 0.513849 0.946720 0.266554
v 0.497936 0.925618 0.269719
v 0.484646 0.897573 0.272363
v 0.474647 0.863989 0.274352
v 0.468440 0.826552 0.275586
v 0.604130 0.964260 0.230949
v 0.461898 0.787139 0.230949
v 0.528430 0.959820 0.230949
v 0.510342 0.946720 0.230949
v 0.494117 0.925618 0.230949
v 0.480567 0.897573 0.230949
v 0.470372 0.863989 0.230949
v 0.464044 0.826552 0.230949
v 0.605835 0.964260 0.213641
v 0.466336 0.787139 0.185893
v 0.531589 0.959820 0.198873
v 0.513849 0.946720 0.195344
v 0.497936 0.925618 0.192179
v 0.484646 0.897573 0.189535
v 0.474647 0.863989 0.187546
v 0.468440 0.826552 0.186312
v 0.610883 0.964260 0.196999
v 0.479478 0.787139 0.142569
v 0.540945 0.959820 0.168029
v 0.524235 0.946720 0.161108
v 0.509245 0.925618 0.154898
v 0.496726 0.897573 0.149713
v 0.487307 0.863989 0.145812
v 0.481460 0.826552 0.143390
v 0.619082 0.964260 0.181660
v 0.500820 0.787139 0.102641
v 0.556139 0.959820 0.139604
v 0.541100 0.946720 0.129555
v 0.527609 0.925618 0.120541
v 0.516343 0.897573 0.113013
v 0.507866 0.863989 0.107349
v 0.502604 0.826552 0.103833
v 0.630115 0.964260 0.168217
v 0.529541 0.787139 0.067643
v 0.576586 0.959820 0.114688
v 0.563797 0.946720 0.101899
v 0.552324 0.925618 0.090426
v 0.542743 0.897573 0.080845
v 0.535534 0.863989 0.073636
v 0.531059 0.826552 0.069161
v 0.643559 0.964260 0.157183
v 0.564539 0.787139 0.038922
v 0.601502 0.959820 0.094241
v 0.591453 0.946720 0.079202
v 0.582439 0.925618 0.065711
v 0.574911 0.897573 0.054445
v 0.569247 0.863989 0.045968
v 0.565731 0.826552 0.040706
v 0.658897 0.964260 0.148985
v 0.604467 0.787139 0.017580
v 0.629927 0.959820 0.079047
v 0.623006 0.946720 0.062337
v 0.616796 0.925618 0.047347
v 0.611611 0.897573 0.034828
v 0.607710 0.863989 0.025409
v 0.605288 0.826552 0.019562
v 0.675539 0.964260 0.143937
v 0.647791 0.787139 0.004438
v 0.660771 0.959820 0.069691
v 0.657242 0.946720 0.051951
v 0.654077 0.925618 0.036038
v 0.651433 0.897573 0.022748
v 0.649445 0.863989 0.012749
v 0.648210 0.826552 0.006542
v 0.692847 0.964260 0.085573
v 0.721209 0.964260 0.088367
v 0.748480 0.964260 0.096639
v 0.773614 0.964260 0.110074
v 0.795643 0.964260 0.128153
v 0.813723 0.964260 0.150183
v 0.827157 0.964260 0.175316
v 0.835430 0.964260 0.202588
v 0.838223 0.964260 0.230949
v 0.835430 0.964260 0.259310
v 0.827157 0.964260 0.286582
v 0.813723 0.964260 0.311716
v 0.795643 0.964260 0.333745
v 0.773614 0.964260 0.351825
v 0.748480 0.964260 0.365259
v 0.721209 0.964260 0.373532
v 0.692847 0.964260 0.376325
v 0.664486 0.964260 0.373532
v 0.637214 0.964260 0.365259
v 0.612081 0.964260 0.351825
v 0.590051 0.964260 0.333745
v 0.571972 0.964260 0.311716
v 0.558537 0.964260 0.286582
v 0.550265 0.964260 0.259310
v 0.547471 0.964260 0.230949
v 0.550265 0.964260 0.202588
v 0.558537 0.964260 0.175316
v 0.571972 0.964260 0.150183
v 0.590051 0.964260 0.128153
v 0.612081 0.964260 0.110074
v 0.637214 0.964260 0.096639
v 0.664486 0.964260 0.088367
v 0.692847 0.991336 0.142232
v 0.710155 0.991336 0.143937
v 0.726798 0.991336 0.148985
v 0.742136 0.991336 0.157183
v 0.755580 0.991336 0.168217
v 0.766613 0.991336 0.181661
v 0.774811 0.991336 0.196999
v 0.779860 0.991336 0.213641
v 0.781564 0.991336 0.230949
v 0.779860 0.991336 0.248257
v 0.774811 0.991336 0.264900
v 0.766613 0.991336 0.280238
v 0.755580 0.991336 0.293682
v 0.742136 0.991336 0.304715
v 0.726798 0.991336 0.312913
v 0.710155 0.991336 0.317962
v 0.692847 0.991336 0.319666
v 0.675539 0.991336 0.317962
v 0.658897 0.991336 0.312913
v 0.643559 0.991336 0.304715
v 0.630115 0.991336 0.293682
v 0.619082 0.991336 0.280238
v 0.610883 0.991336 0.264900
v 0.605835 0.991336 0.248257
v 0.604130 0.991336 0.230949
v 0.605835 0.991336 0.213641
v 0.610883 0.991336 0.196999
v 0.619082 0.991336 0.181660
v 0.630115 0.991336 0.168217
v 0.643559 0.991336 0.157183
v 0.658897 0.991336 0.148985
v 0.675539 0.991336 0.143937
v 0.692847 0.991336 0.122995
v 0.713908 0.991336 0.125069
v 0.734159 0.991336 0.131212
v 0.752823 0.991336 0.141188
v 0.769182 0.991336 0.154614
v 0.782608 0.991336 0.170973
v 0.792584 0.991336 0.189637
v 0.798727 0.991336 0.209888
v 0.800801 0.991336 0.230949
v 0.798727 0.991336 0.252010
v 0.792584 0.991336 0.272261
v 0.782608 0.991336 0.290925
v 0.769182 0.991336 0.307284
v 0.752823 0.991336 0.320710
v 0.734159 0.991336 0.330686
v 0.713908 0.991336 0.336829
v 0.692847 0.991336 0.338903
v 0.671786 0.991336 0.336829
v 0.651535 0.991336 0.330686
v 0.632871 0.991336 0.320710
v 0.616512 0.991336 0.307284
v 0.603086 0.991336 0.290925
v 0.593110 0.991336 0.272261
v 0.586967 0.991336 0.252010
v 0.584893 0.991336 0.230949
v 0.586967 0.991336 0.209888
v 0.593110 0.991336 0.189637
v 0.603086 0.991336 0.170973
v 0.616512 0.991336 0.154614
v 0.632871 0.991336 0.141188
v 0.651535 0.991336 0.131212
v 0.671786 0.991336 0.125069
v 0.692847 1.064125 0.122995
v 0.713908 1.064125 0.125069
v 0.734159 1.064125 0.131212
v 0.752823 1.064125 0.141188
v 0.769182 1.064125 0.154614
v 0.782608 1.064125 0.170973
v 0.792584 1.064125 0.189637
v 0.798727 1.064125 0.209888
v 0.800801 1.064125 0.230949
v 0.798727 1.064125 0.252010
v 0.792584 1.064125 0.272261
v 0.782608 1.064125 0.290925
v 0.769182 1.064125 0.307284
v 0.752823 1.064125 0.320710
v 0.734159 1.064125 0.330686
v 0.713908 1.064125 0.336829
v 0.692847 1.064125 0.338903
v 0.671786 1.064125 0.336829
v 0.651535 1.064125 0.330686
v 0.632871 1.064125 0.320710
v 0.616512 1.064125 0.307284
v 0.603086 1.064125 0.290925
v 0.593110 1.064125 0.272261
v 0.586967 1.064125 0.252010
v 0.584893 1.064125 0.230949
v 0.586967 1.064125 0.209888
v 0.593110 1.064125 0.189637
v 0.603086 1.064125 0.170973
v 0.616512 1.064125 0.154614
v 0.632871 1.064125 0.141188
v 0.651535 1.064125 0.131212
v 0.671786 1.064125 0.125069
v 0.692847 0.011041 0.474696
v 0.737903 0.011041 0.479134
v 0.781228 0.011041 0.492276
v 0.821156 0.011041 0.513618
v 0.856153 0.011041 0.542340
v 0.884874 0.011041 0.577337
v 0.906216 0.011041 0.617265
v 0.919359 0.011041 0.660589
v 0.923796 0.011041 0.705645
v 0.919359 0.011041 0.750701
v 0.906216 0.011041 0.794026
v 0.884874 0.011041 0.833954
v 0.856153 0.011041 0.868951
v 0.821156 0.011041 0.897673
v 0.781228 0.011041 0.919015
v 0.737903 0.011041 0.932157
v 0.692847 0.011041 0.936595
v 0.647791 0.011041 0.932157
v 0.604467 0.011041 0.919015
v 0.564539 0.011041 0.897673
v 0.529541 0.011041 0.868951
v 0.500820 0.011041 0.833954
v 0.479478 0.011041 0.794026
v 0.466336 0.011041 0.750701
v 0.461898 0.011041 0.705645
v 0.466336 0.011041 0.660589
v 0.479478 0.011041 0.617265
v 0.500820 0.011041 0.577337
v 0.529541 0.011041 0.542340
v 0.564539 0.011041 0.513618
v 0.604467 0.011041 0.492276
v 0.647791 0.011041 0.479134
v 0.692847 0.964260 0.616928
v 0.692847 0.787139 0.474696
v 0.692847 0.959820 0.541228
v 0.692847 0.946720 0.523141
v 0.692847 0.925618 0.506916
v 0.692847 0.897573 0.493366
v 0.692847 0.863989 0.483171
v 0.692847 0.826552 0.476842
v 0.710155 0.964260 0.618633
v 0.737903 0.787139 0.479134
v 0.724923 0.959820 0.544387
v 0.728452 0.946720 0.526648
v 0.731617 0.925618 0.510734
v 0.734261 0.897573 0.497445
v 0.736250 0.863989 0.487446
v 0.737485 0.826552 0.481238
v 0.726798 0.964260 0.623681
v 0.781228 0.787139 0.492276
v 0.755767 0.959820 0.553743
v 0.762689 0.946720 0.537033
v 0.768898 0.925618 0.522043
v 0.774083 0.897573 0.509525
v 0.777985 0.863989 0.500106
v 0.780407 0.826552 0.494258
v 0.742136 0.964260 0.631880
v 0.821156 0.787139 0.513618
v 0.784193 0.959820 0.568937
v 0.794241 0.946720 0.553898
v 0.803256 0.925618 0.540408
v 0.810783 0.897573 0.529141
v 0.816447 0.863989 0.520664
v 0.819964 0.826552 0.515402
v 0.755580 0.964260 0.642913
v 0.856153 0.787139 0.542340
v 0.809108 0.959820 0.589385
v 0.821898 0.946720 0.576595
v 0.833370 0.925618 0.565122
v 0.842952 0.897573 0.555541
v 0.850161 0.863989 0.548332
v 0.854636 0.826552 0.543857
v 0.766613 0.964260 0.656357
v 0.884874 0.787139 0.577337
v 0.829555 0.959820 0.614300
v 0.844594 0.946720 0.604251
v 0.858085 0.925618 0.595237
v 0.869351 0.897573 0.587709
v 0.877828 0.863989 0.582045
v 0.883090 0.826552 0.578529
v 0.774811 0.964260 0.671695
v 0.906216 0.787139 0.617265
v 0.844749 0.959820 0.642725
v 0.861459 0.946720 0.635804
v 0.876450 0.925618 0.629595
v 0.888968 0.897573 0.624410
v 0.898387 0.863989 0.620508
v 0.904234 0.826552 0.618086
v 0.779860 0.964260 0.688338
v 0.919359 0.787139 0.660589
v 0.854106 0.959820 0.673569
v 0.871845 0.946720 0.670041
v 0.887758 0.925618 0.666875
v 0.901048 0.897573 0.664232
v 0.911047 0.863989 0.662243
v 0.917254 0.826552 0.661008
v 0.781564 0.964260 0.705645
v 0.923796 0.787139 0.705645
v 0.857265 0.959820 0.705645
v 0.875352 0.946720 0.705645
v 0.891577 0.925618 0.705645
v 0.905127 0.897573 0.705645
v 0.915322 0.863989 0.705645
v 0.921651 0.826552 0.705645
v 0.779860 0.964260 0.722953
v 0.919359 0.787139 0.750701
v 0.854106 0.959820 0.737722
v 0.871845 0.946720 0.741250
v 0.887758 0.925618 0.744416
v 0.901048 0.897573 0.747059
v 0.911047 0.863989 0.749048
v 0.917254 0.826552 0.750283
v 0.774811 0.964260 0.739596
v 0.906216 0.787139 0.794026
v 0.844749 0.959820 0.768565
v 0.861459 0.946720 0.775487
v 0.876450 0.925618 0.781696
v 0.888968 0.897573 0.786881
v 0.898387 0.863989 0.790783
v 0.904234 0.826552 0.793205
v 0.766613 0.964260 0.754934
v 0.884874 0.787139 0.833954
v 0.829555 0.959820 0.796991
v 0.844594 0.946720 0.807040
v 0.858085 0.925618 0.816054
v 0.869351 0.897573 0.823582
v 0.877828 0.863989 0.829246
v 0.883090 0.826552 0.832762
v 0.755580 0.964260 0.768378
v 0.856153 0.787139 0.868951
v 0.809108 0.959820 0.821906
v 0.821898 0.946720 0.834696
v 0.833370 0.925618 0.846169
v 0.842952 0.897573 0.855750
v 0.850161 0.863989 0.862959
v 0.854636 0.826552 0.867434
v 0.742136 0.964260 0.779411
v 0.821156 0.787139 0.897673
v 0.784193 0.959820 0.842354
v 0.794241 0.946720 0.857392
v 0.803256 0.925618 0.870883
v 0.810783 0.897573 0.882150
v 0.816447 0.863989 0.890626
v 0.819964 0.826552 0.895889
v 0.726798 0.964260 0.787609
v 0.781228 0.787139 0.919015
v 0.755767 0.959820 0.857548
v 0.762689 0.946720 0.874258
v 0.768898 0.925618 0.889248
v 0.774083 0.897573 0.901766
v 0.777985 0.863989 0.911185
v 0.780407 0.826552 0.917032
v 0.710155 0.964260 0.792658
v 0.737903 0.787139 0.932157
v 0.724923 0.959820 0.866904
v 0.728452 0.946720 0.884643
v 0.731617 0.925618 0.900557
v 0.734261 0.897573 0.913846
v 0.736250 0.863989 0.923845
v 0.737485 0.826552 0.930053
v 0.692847 0.964260 0.794363
v 0.692847 0.787139 0.936595
v 0.692847 0.959820 0.870063
v 0.692847 0.946720 0.888150
v 0.692847 0.925618 0.904375
v 0.692847 0.897573 0.917925
v 0.692847 0.863989 0.928120
v 0.692847 0.826552 0.934449
v 0.675539 0.964260 0.792658
v 0.647791 0.787139 0.932157
v 0.660771 0.959820 0.866904
v 0.657242 0.946720 0.884643
v 0.654077 0.925618 0.900557
v 0.651433 0.897573 0.913846
v 0.649445 0.863989 0.923845
v 0.648210 0.826552 0.930053
v 0.658897 0.964260 0.787609
v 0.604467 0.787139 0.919015
v 0.629927 0.959820 0.857548
v 0.623006 0.946720 0.874258
v 0.616796 0.925618 0.889248
v 0.611611 0.897573 0.901766
v 0.607710 0.863989 0.911185
v 0.605288 0.826552 0.917032
v 0.643559 0.964260 0.779411
v 0.564539 0.787139 0.897673
v 0.601502 0.959820 0.842354
v 0.591453 0.946720 0.857392
v 0.582439 0.925618 0.870883
v 0.574911 0.897573 0.882150
v 0.569247 0.863989 0.890626
v 0.565731 0.826552 0.895889
v 0.630115 0.964260 0.768378
v 0.529541 0.787139 0.868951
v 0.576586 0.959820 0.821906
v 0.563797 0.946720 0.834696
v 0.552324 0.925618 0.846169
v 0.542743 0.897573 0.855750
v 0.535534 0.863989 0.862959
v 0.531058 0.826552 0.867434
v 0.619082 0.964260 0.754934
v 0.500820 0.787139 0.833954
v 0.556139 0.959820 0.796991
v 0.541100 0.946720 0.807040
v 0.527609 0.925618 0.816054
v 0.516343 0.897573 0.823582
v 0.507866 0.863989 0.829246
v 0.502604 0.826552 0.832762
v 0.610883 0.964260 0.739596
v 0.479478 0.787139 0.794026
v 0.540945 0.959820 0.768565
v 0.524235 0.946720 0.775487
v 0.509245 0.925618 0.781696
v 0.496726 0.897573 0.786881
v 0.487307 0.863989 0.790783
v 0.481460 0.826552 0.793205
v 0.605835 0.964260 0.722953
v 0.466336 0.787139 0.750701
v 0.531589 0.959820 0.737722
v 0.513849 0.946720 0.741250
v 0.497936 0.925618 0.744416
v 0.484646 0.897573 0.747059
v 0.474647 0.863989 0.749048
v 0.468440 0.826552 0.750283
v 0.604130 0.964260 0.705645
v 0.461898 0.787139 0.705645
v 0.528430 0.959820 0.705645
v 0.510342 0.946720 0.705645
v 0.494117 0.925618 0.705645
v 0.480567 0.897573 0.705645
v 0.470372 0.863989 0.705645
v 0.464044 0.826552 0.705645
v 0.605835 0.964260 0.688338
v 0.466336 0.787139 0.660589
v 0.531589 0.959820 0.673569
v 0.513849 0.946720 0.670041
v 0.497936 0.925618 0.666875
v 0.484646 0.897573 0.664232
v 0.474647 0.863989 0.662243
v 0.468440 0.826552 0.661008
v 0.610883 0.964260 0.671695
v 0.479478 0.787139 0.617265
v 0.540945 0.959820 0.642725
v 0.524235 0.946720 0.635804
v 0.509245 0.925618 0.629595
v 0.496726 0.897573 0.624410
v 0.487307 0.863989 0.620508
v 0.481460 0.826552 0.618086
v 0.619082 0.964260 0.656357
v 0.500820 0.787139 0.577337
v 0.556139 0.959820 0.614300
v 0.541100 0.946720 0.604251
v 0.527609 0.925618 0.595237
v 0.516343 0.897573 0.587709
v 0.507866 0.863989 0.582045
v 0.502604 0.826552 0.578529
v 0.630115 0.964260 0.642913
v 0.529541 0.787139 0.542340
v 0.576586 0.959820 0.589385
v 0.563797 0.946720 0.576595
v 0.552324 0.925618 0.565122
v 0.542743 0.897573 0.555541
v 0.535534 0.863989 0.548332
v 0.531058 0.826552 0.543857
v 0.643559 0.964260 0.631880
v 0.564539 0.787139 0.513618
v 0.601502 0.959820 0.568937
v 0.591453 0.946720 0.553898
v 0.582439 0.925618 0.540408
v 0.574911 0.897573 0.529141
v 0.569247 0.863989 0.520664
v 0.565731 0.826552 0.515402
v 0.658897 0.964260 0.623681
v 0.604467 0.787139 0.492276
v 0.629927 0.959820 0.553743
v 0.623006 0.946720 0.537033
v 0.616796 0.925618 0.522043
v 0.611611 0.897573 0.509525
v 0.607710 0.863989 0.500106
v 0.605288 0.826552 0.494258
v 0.675539 0.964260 0.618633
v 0.647791 0.787139 0.479134
v 0.660771 0.959820 0.544387
v 0.657242 0.946720 0.526648
v 0.654077 0.925618 0.510734
v 0.651433 0.897573 0.497445
v 0.649445 0.863989 0.487446
v 0.648210 0.826552 0.481238
v 0.692847 0.964260 0.560270
v 0.721209 0.964260 0.563063
v 0.748480 0.964260 0.571336
v 0.773614 0.964260 0.584770
v 0.795643 0.964260 0.602849
v 0.813723 0.964260 0.624879
v 0.827157 0.964260 0.650012
v 0.835430 0.964260 0.677284
v 0.838223 0.964260 0.705645
v 0.835430 0.964260 0.734007
v 0.827157 0.964260 0.761278
v 0.813723 0.964260 0.786412
v 0.795643 0.964260 0.808442
v 0.773614 0.964260 0.826521
v 0.748480 0.964260 0.839955
v 0.721209 0.964260 0.848228
v 0.692847 0.964260 0.851021
v 0.664486 0.964260 0.848228
v 0.637214 0.964260 0.839955
v 0.612081 0.964260 0.826521
v 0.590051 0.964260 0.808442
v 0.571972 0.964260 0.786412
v 0.558537 0.964260 0.761278
v 0.550265 0.964260 0.734007
v 0.547471 0.964260 0.705645
v 0.550265 0.964260 0.677284
v 0.558537 0.964260 0.650012
v 0.571972 0.964260 0.624879
v 0.590051 0.964260 0.602849
v 0.612081 0.964260 0.584770
v 0.637214 0.964260 0.571336
v 0.664486 0.964260 0.563063
v 0.692847 0.991336 0.616928
v 0.710155 0.991336 0.618633
v 0.726798 0.991336 0.623681
v 0.742136 0.991336 0.631880
v 0.755580 0.991336 0.642913
v 0.766613 0.991336 0.656357
v 0.774811 0.991336 0.671695
v 0.779860 0.991336 0.688338
v 0.781564 0.991336 0.705645
v 0.779860 0.991336 0.722953
v 0.774811 0.991336 0.739596
v 0.766613 0.991336 0.754934
v 0.755580 0.991336 0.768378
v 0.742136 0.991336 0.779411
v 0.726798 0.991336 0.787609
v 0.710155 0.991336 0.792658
v 0.692847 0.991336 0.794363
v 0.675539 0.991336 0.792658
v 0.658897 0.991336 0.787609
v 0.643559 0.991336 0.779411
v 0.630115 0.991336 0.768378
v 0.619082 0.991336 0.754934
v 0.610883 0.991336 0.739596
v 0.605835 0.991336 0.722953
v 0.604130 0.991336 0.705645
v 0.605835 0.991336 0.688338
v 0.610883 0.991336 0.671695
v 0.619082 0.991336 0.656357
v 0.630115 0.991336 0.642913
v 0.643559 0.991336 0.631880
v 0.658897 0.991336 0.623681
v 0.675539 0.991336 0.618633
v 0.692847 0.991336 0.597691
v 0.713908 0.991336 0.599765
v 0.734159 0.991336 0.605909
v 0.752823 0.991336 0.615885
v 0.769182 0.991336 0.629310
v 0.782608 0.991336 0.645669
v 0.792584 0.991336 0.664333
v 0.798727 0.991336 0.684585
v 0.800801 0.991336 0.705645
v 0.798727 0.991336 0.726706
v 0.792584 0.991336 0.746958
v 0.782608 0.991336 0.765622
v 0.769182 0.991336 0.781981
v 0.752823 0.991336 0.795406
v 0.734159 0.991336 0.805382
v 0.713908 0.991336 0.811525
v 0.692847 0.991336 0.813600
v 0.671786 0.991336 0.811525
v 0.651535 0.991336 0.805382
v 0.632871 0.991336 0.795406
v 0.616512 0.991336 0.781981
v 0.603086 0.991336 0.765622
v 0.593110 0.991336 0.746958
v 0.586967 0.991336 0.726706
v 0.584893 0.991336 0.705645
v 0.586967 0.991336 0.684585
v 0.593110 0.991336 0.664333
v 0.603086 0.991336 0.645669
v 0.616512 0.991336 0.629310
v 0.632871 0.991336 0.615885
v 0.651535 0.991336 0.605909
v 0.671786 0.991336 0.599765
v 0.692847 1.064125 0.597691
v 0.713908 1.064125 0.599765
v 0.734159 1.064125 0.605909
v 0.752823 1.064125 0.615885
v 0.769182 1.064125 0.629310
v 0.782608 1.064125 0.645669
v 0.792584 1.064125 0.664333
v 0.798727 1.064125 0.684585
v 0.800801 1.064125 0.705645
v 0.798727 1.064125 0.726706
v 0.792584 1.064125 0.746958
v 0.782608 1.064125 0.765622
v 0.769182 1.064125 0.781981
v 0.752823 1.064125 0.795406
v 0.734159 1.064125 0.805382
v 0.713908 1.064125 0.811525
v 0.692847 1.064125 0.813600
v 0.671786 1.064125 0.811525
v 0.651535 1.064125 0.805382
v 0.632871 1.064125 0.795406
v 0.616512 1.064125 0.781981
v 0.603086 1.064125 0.765622
v 0.593110 1.064125 0.746958
v 0.586967 1.064125 0.726706
v 0.584893 1.064125 0.705645
v 0.586967 1.064125 0.684585
v 0.593110 1.064125 0.664333
v 0.603086 1.064125 0.645669
v 0.616512 1.064125 0.629310
v 0.632871 1.064125 0.615885
v 0.651535 1.064125 0.605909
v 0.671786 1.064125 0.599765
v -0.692847 0.011042 -0.936595
v -0.647792 0.011042 -0.932157
v -0.604467 0.011042 -0.919015
v -0.564539 0.011042 -0.897673
v -0.529542 0.011042 -0.868951
v -0.500820 0.011042 -0.833954
v -0.479478 0.011042 -0.794026
v -0.466336 0.011042 -0.750701
v -0.461898 0.011042 -0.705645
v -0.466336 0.011042 -0.660590
v -0.479478 0.011042 -0.617265
v -0.500820 0.011042 -0.577337
v -0.529542 0.011042 -0.542340
v -0.564539 0.011042 -0.513618
v -0.604467 0.011042 -0.492276
v -0.647792 0.011042 -0.479134
v -0.692847 0.011042 -0.474696
v -0.737903 0.011042 -0.479134
v -0.781228 0.011042 -0.492276
v -0.821156 0.011042 -0.513618
v -0.856153 0.011042 -0.542340
v -0.884875 0.011042 -0.577337
v -0.906217 0.011042 -0.617265
v -0.919359 0.011042 -0.660590
v -0.923797 0.011042 -0.705645
v -0.919359 0.011042 -0.750701
v -0.906217 0.011042 -0.794026
v -0.884875 0.011042 -0.833954
v -0.856153 0.011042 -0.868951
v -0.821156 0.011042 -0.897673
v -0.781228 0.011042 -0.919015
v -0.737903 0.011042 -0.932157
v -0.692847 0.964260 -0.794363
v -0.692847 0.787139 -0.936595
v -0.692847 0.959820 -0.870063
v -0.692847 0.946720 -0.888150
v -0.692847 0.925618 -0.904375
v -0.692847 0.897573 -0.917925
v -0.692847 0.863989 -0.928120
v -0.692847 0.826552 -0.934449
v -0.675540 0.964260 -0.792658
v -0.647792 0.787139 -0.932157
v -0.660771 0.959820 -0.866904
v -0.657243 0.946720 -0.884643
v -0.654077 0.925618 -0.900557
v -0.651434 0.897573 -0.913846
v -0.649445 0.863989 -0.923845
v -0.648210 0.826552 -0.930053
v -0.658897 0.964260 -0.787609
v -0.604467 0.787139 -0.919015
v -0.629928 0.959820 -0.857547
v -0.623006 0.946720 -0.874258
v -0.616797 0.925618 -0.889248
v -0.611612 0.897573 -0.901766
v -0.607710 0.863989 -0.911185
v -0.605288 0.826552 -0.917032
v -0.643559 0.964260 -0.779411
v -0.564539 0.787139 -0.897673
v -0.601502 0.959820 -0.842354
v -0.591453 0.946720 -0.857393
v -0.582439 0.925618 -0.870883
v -0.574911 0.897573 -0.882150
v -0.569247 0.863989 -0.890626
v -0.565731 0.826552 -0.895889
v -0.630115 0.964260 -0.768378
v -0.529542 0.787139 -0.868951
v -0.576587 0.959820 -0.821906
v -0.563797 0.946720 -0.834696
v -0.552324 0.925618 -0.846169
v -0.542743 0.897573 -0.855750
v -0.535534 0.863989 -0.862959
v -0.531059 0.826552 -0.867434
v -0.619082 0.964260 -0.754934
v -0.500820 0.787139 -0.833954
v -0.556139 0.959820 -0.796991
v -0.541100 0.946720 -0.807040
v -0.527610 0.925618 -0.816054
v -0.516343 0.897573 -0.823582
v -0.507867 0.863989 -0.829246
v -0.502604 0.826552 -0.832762
v -0.610884 0.964260 -0.739596
v -0.479478 0.787139 -0.794026
v -0.540945 0.959820 -0.768565
v -0.524235 0.946720 -0.775487
v -0.509245 0.925618 -0.781696
v -0.496727 0.897573 -0.786881
v -0.487308 0.863989 -0.790783
v -0.481461 0.826552 -0.793205
v -0.605835 0.964260 -0.722953
v -0.466336 0.787139 -0.750701
v -0.531589 0.959820 -0.737722
v -0.513850 0.946720 -0.741250
v -0.497936 0.925618 -0.744416
v -0.484647 0.897573 -0.747059
v -0.474648 0.863989 -0.749048
v -0.468440 0.826552 -0.750283
v -0.604130 0.964260 -0.705645
v -0.461898 0.787139 -0.705645
v -0.528430 0.959820 -0.705645
v -0.510343 0.946720 -0.705645
v -0.494118 0.925618 -0.705645
v -0.480568 0.897573 -0.705645
v -0.470373 0.863989 -0.705645
v -0.464044 0.826552 -0.705645
v -0.605835 0.964260 -0.688338
v -0.466336 0.787139 -0.660590
v -0.531589 0.959820 -0.673569
v -0.513850 0.946720 -0.670041
v -0.497936 0.925618 -0.666875
v -0.484647 0.897573 -0.664232
v -0.474648 0.863989 -0.662243
v -0.468440 0.826552 -0.661008
v -0.610884 0.964260 -0.671695
v -0.479478 0.787139 -0.617265
v -0.540945 0.959820 -0.642726
v -0.524235 0.946720 -0.635804
v -0.509245 0.925618 -0.629595
v -0.496727 0.897573 -0.624409
v -0.487308 0.863989 -0.620508
v -0.481461 0.826552 -0.618086
v -0.619082 0.964260 -0.656357
v -0.500820 0.787139 -0.577337
v -0.556139 0.959820 -0.614300
v -0.541100 0.946720 -0.604251
v -0.527610 0.925618 -0.595237
v -0.516343 0.897573 -0.587709
v -0.507867 0.863989 -0.582045
v -0.502604 0.826552 -0.578529
v -0.630115 0.964260 -0.642913
v -0.529542 0.787139 -0.542340
v -0.576587 0.959820 -0.589385
v -0.563797 0.946720 -0.576595
v -0.552324 0.925618 -0.565122
v -0.542743 0.897573 -0.555541
v -0.535534 0.863989 -0.548332
v -0.531059 0.826552 -0.543857
v -0.643559 0.964260 -0.631880
v -0.564539 0.787139 -0.513618
v -0.601502 0.959820 -0.568937
v -0.591453 0.946720 -0.553898
v -0.582439 0.925618 -0.540408
v -0.574911 0.897573 -0.529141
v -0.569247 0.863989 -0.520665
v -0.565731 0.826552 -0.515402
v -0.658897 0.964260 -0.623681
v -0.604467 0.787139 -0.492276
v -0.629928 0.959820 -0.553743
v -0.623006 0.946720 -0.537033
v -0.616797 0.925618 -0.522043
v -0.611612 0.897573 -0.509525
v -0.607710 0.863989 -0.500106
v -0.605288 0.826552 -0.494258
v -0.675540 0.964260 -0.618633
v -0.647792 0.787139 -0.479134
v -0.660771 0.959820 -0.544387
v -0.657243 0.946720 -0.526648
v -0.654077 0.925618 -0.510734
v -0.651434 0.897573 -0.497445
v -0.649445 0.863989 -0.487446
v -0.648210 0.826552 -0.481238
v -0.692847 0.964260 -0.616928
v -0.692847 0.787139 -0.474696
v -0.692847 0.959820 -0.541228
v -0.692847 0.946720 -0.523141
v -0.692847 0.925618 -0.506916
v -0.692847 0.897573 -0.493366
v -0.692847 0.863989 -0.483171
v -0.692847 0.826552 -0.476842
v -0.710155 0.964260 -0.618633
v -0.737903 0.787139 -0.479134
v -0.724924 0.959820 -0.544387
v -0.728452 0.946720 -0.526648
v -0.731618 0.925618 -0.510734
v -0.734261 0.897573 -0.497445
v -0.736250 0.863989 -0.487446
v -0.737485 0.826552 -0.481238
v -0.726798 0.964260 -0.623681
v -0.781228 0.787139 -0.492276
v -0.755767 0.959820 -0.553743
v -0.762689 0.946720 -0.537033
v -0.768898 0.925618 -0.522043
v -0.774083 0.897573 -0.509525
v -0.777985 0.863989 -0.500106
v -0.780407 0.826552 -0.494258
v -0.742136 0.964260 -0.631880
v -0.821156 0.787139 -0.513618
v -0.784193 0.959820 -0.568937
v -0.794242 0.946720 -0.553898
v -0.803256 0.925618 -0.540408
v -0.810784 0.897573 -0.529141
v -0.816448 0.863989 -0.520665
v -0.819964 0.826552 -0.515402
v -0.755580 0.964260 -0.642913
v -0.856153 0.787139 -0.542340
v -0.809108 0.959820 -0.589385
v -0.821898 0.946720 -0.576595
v -0.833371 0.925618 -0.565122
v -0.842952 0.897573 -0.555541
v -0.850161 0.863989 -0.548332
v -0.854636 0.826552 -0.543857
v -0.766613 0.964260 -0.656357
v -0.884875 0.787139 -0.577337
v -0.829556 0.959820 -0.614300
v -0.844595 0.946720 -0.604251
v -0.858085 0.925618 -0.595237
v -0.869352 0.897573 -0.587709
v -0.877828 0.863989 -0.582045
v -0.883091 0.826552 -0.578529
v -0.774811 0.964260 -0.671695
v -0.906217 0.787139 -0.617265
v -0.844750 0.959820 -0.642726
v -0.861460 0.946720 -0.635804
v -0.876450 0.925618 -0.629595
v -0.888968 0.897573 -0.624409
v -0.898387 0.863989 -0.620508
v -0.904234 0.826552 -0.618086
v -0.779860 0.964260 -0.688338
v -0.919359 0.787139 -0.660590
v -0.854106 0.959820 -0.673569
v -0.871845 0.946720 -0.670041
v -0.887759 0.925618 -0.666875
v -0.901048 0.897573 -0.664232
v -0.911047 0.863989 -0.662243
v -0.917255 0.826552 -0.661008
v -0.781565 0.964260 -0.705645
v -0.923797 0.787139 -0.705645
v -0.857265 0.959820 -0.705645
v -0.875352 0.946720 -0.705645
v -0.891577 0.925618 -0.705645
v -0.905127 0.897573 -0.705645
v -0.915322 0.863989 -0.705645
v -0.921651 0.826552 -0.705645
v -0.779860 0.964260 -0.722953
v -0.919359 0.787139 -0.750701
v -0.854106 0.959820 -0.737722
v -0.871845 0.946720 -0.741250
v -0.887759 0.925618 -0.744416
v -0.901048 0.897573 -0.747059
v -0.911047 0.863989 -0.749048
v -0.917255 0.826552 -0.750283
v -0.774811 0.964260 -0.739596
v -0.906217 0.787139 -0.794026
v -0.844750 0.959820 -0.768565
v -0.861460 0.946720 -0.775487
v -0.876450 0.925618 -0.781696
v -0.888968 0.897573 -0.786881
v -0.898387 0.863989 -0.790783
v -0.904234 0.826552 -0.793205
v -0.766613 0.964260 -0.754934
v -0.884875 0.787139 -0.833954
v -0.829556 0.959820 -0.796991
v -0.844595 0.946720 -0.807040
v -0.858085 0.925618 -0.816054
v -0.869352 0.897573 -0.823582
v -0.877828 0.863989 -0.829246
v -0.883091 0.826552 -0.832762
v -0.755580 0.964260 -0.768378
v -0.856153 0.787139 -0.868951
v -0.809108 0.959820 -0.821906
v -0.821898 0.946720 -0.834696
v -0.833371 0.925618 -0.846169
v -0.842952 0.897573 -0.855750
v -0.850161 0.863989 -0.862959
v -0.854636 0.826552 -0.867434
v -0.742136 0.964260 -0.779411
v -0.821156 0.787139 -0.897673
v -0.784193 0.959820 -0.842354
v -0.794242 0.946720 -0.857393
v -0.803256 0.925618 -0.870883
v -0.810784 0.897573 -0.882150
v -0.816448 0.863989 -0.890626
v -0.819964 0.826552 -0.895889
v -0.726798 0.964260 -0.787609
v -0.781228 0.787139 -0.919015
v -0.755767 0.959820 -0.857547
v -0.762689 0.946720 -0.874258
v -0.768898 0.925618 -0.889248
v -0.774083 0.897573 -0.901766
v -0.777985 0.863989 -0.911185
v -0.780407 0.826552 -0.917032
v -0.710155 0.964260 -0.792658
v -0.737903 0.787139 -0.932157
v -0.724924 0.959820 -0.866904
v -0.728452 0.946720 -0.884643
v -0.731618 0.925618 -0.900557
v -0.734261 0.897573 -0.913846
v -0.736250 0.863989 -0.923845
v -0.737485 0.826552 -0.930053
v -0.692847 0.964260 -0.851021
v -0.664486 0.964260 -0.848228
v -0.637215 0.964260 -0.839955
v -0.612081 0.964260 -0.826521
v -0.590051 0.964260 -0.808442
v -0.571972 0.964260 -0.786412
v -0.558538 0.964260 -0.761278
v -0.550265 0.964260 -0.734007
v -0.547472 0.964260 -0.705645
v -0.550265 0.964260 -0.677284
v -0.558538 0.964260 -0.650012
v -0.571972 0.964260 -0.624879
v -0.590051 0.964260 -0.602849
v -0.612081 0.964260 -0.584770
v -0.637215 0.964260 -0.571336
v -0.664486 0.964260 -0.563063
v -0.692847 0.964260 -0.560270
v -0.721209 0.964260 -0.563063
v -0.748480 0.964260 -0.571336
v -0.773614 0.964260 -0.584770
v -0.795644 0.964260 -0.602849
v -0.813723 0.964260 -0.624879
v -0.827157 0.964260 -0.650012
v -0.835430 0.964260 -0.677284
v -0.838223 0.964260 -0.705645
v -0.835430 0.964260 -0.734007
v -0.827157 0.964260 -0.761278
v -0.813723 0.964260 -0.786412
v -0.795644 0.964260 -0.808442
v -0.773614 0.964260 -0.826521
v -0.748480 0.964260 -0.839955
v -0.721209 0.964260 -0.848228
v -0.692847 0.991336 -0.794363
v -0.675540 0.991336 -0.792658
v -0.658897 0.991336 -0.787609
v -0.643559 0.991336 -0.779411
v -0.630115 0.991336 -0.768378
v -0.619082 0.991336 -0.754934
v -0.610884 0.991336 -0.739596
v -0.605835 0.991336 -0.722953
v -0.604130 0.991336 -0.705645
v -0.605835 0.991336 -0.688338
v -0.610884 0.991336 -0.671695
v -0.619082 0.991336 -0.656357
v -0.630115 0.991336 -0.642913
v -0.643559 0.991336 -0.631880
v -0.658897 0.991336 -0.623681
v -0.675540 0.991336 -0.618633
v -0.692847 0.991336 -0.616928
v -0.710155 0.991336 -0.618633
v -0.726798 0.991336 -0.623681
v -0.742136 0.991336 -0.631880
v -0.755580 0.991336 -0.642913
v -0.766613 0.991336 -0.656357
v -0.774811 0.991336 -0.671695
v -0.779860 0.991336 -0.688338
v -0.781565 0.991336 -0.705645
v -0.779860 0.991336 -0.722953
v -0.774811 0.991336 -0.739596
v -0.766613 0.991336 -0.754934
v -0.755580 0.991336 -0.768378
v -0.742136 0.991336 -0.779411
v -0.726798 0.991336 -0.787609
v -0.710155 0.991336 -0.792658
v -0.692847 0.991336 -0.813600
v -0.671787 0.991336 -0.811525
v -0.651535 0.991336 -0.805382
v -0.632871 0.991336 -0.795406
v -0.616512 0.991336 -0.781981
v -0.603087 0.991336 -0.765622
v -0.593111 0.991336 -0.746958
v -0.586967 0.991336 -0.726706
v -0.584893 0.991336 -0.705645
v -0.586967 0.991336 -0.684585
v -0.593111 0.991336 -0.664333
v -0.603087 0.991336 -0.645669
v -0.616512 0.991336 -0.629310
v -0.632871 0.991336 -0.615885
v -0.651535 0.991336 -0.605909
v -0.671787 0.991336 -0.599765
v -0.692847 0.991336 -0.597691
v -0.713908 0.991336 -0.599765
v -0.734160 0.991336 -0.605909
v -0.752824 0.991336 -0.615885
v -0.769183 0.991336 -0.629310
v -0.782608 0.991336 -0.645669
v -0.792584 0.991336 -0.664333
v -0.798727 0.991336 -0.684585
v -0.800802 0.991336 -0.705645
v -0.798727 0.991336 -0.726706
v -0.792584 0.991336 -0.746958
v -0.782608 0.991336 -0.765622
v -0.769183 0.991336 -0.781981
v -0.752824 0.991336 -0.795406
v -0.734160 0.991336 -0.805382
v -0.713908 0.991336 -0.811525
v -0.692847 1.064125 -0.813600
v -0.671787 1.064125 -0.811525
v -0.651535 1.064125 -0.805382
v -0.632871 1.064125 -0.795406
v -0.616512 1.064125 -0.781981
v -0.603087 1.064125 -0.765622
v -0.593111 1.064125 -0.746958
v -0.586967 1.064125 -0.726706
v -0.584893 1.064125 -0.705645
v -0.586967 1.064125 -0.684585
v -0.593111 1.064125 -0.664333
v -0.603087 1.064125 -0.645669
v -0.616512 1.064125 -0.629310
v -0.632871 1.064125 -0.615885
v -0.651535 1.064125 -0.605909
v -0.671787 1.064125 -0.599765
v -0.692847 1.064125 -0.597691
v -0.713908 1.064125 -0.599765
v -0.734160 1.064125 -0.605909
v -0.752824 1.064125 -0.615885
v -0.769183 1.064125 -0.629310
v -0.782608 1.064125 -0.645669
v -0.792584 1.064125 -0.664333
v -0.798727 1.064125 -0.684585
v -0.800802 1.064125 -0.705645
v -0.798727 1.064125 -0.726706
v -0.792584 1.064125 -0.746958
v -0.782608 1.064125 -0.765622
v -0.769183 1.064125 -0.781981
v -0.752824 1.064125 -0.795406
v -0.734160 1.064125 -0.805382
v -0.713908 1.064125 -0.811525
v -0.692847 0.011041 -0.461898
v -0.647792 0.011041 -0.457461
v -0.604467 0.011041 -0.444318
v -0.564539 0.011041 -0.422976
v -0.529542 0.011041 -0.394255
v -0.500820 0.011041 -0.359258
v -0.479478 0.011041 -0.319330
v -0.466336 0.011041 -0.276005
v -0.461898 0.011041 -0.230949
v -0.466336 0.011041 -0.185893
v -0.479478 0.011041 -0.142569
v -0.500820 0.011041 -0.102641
v -0.529542 0.011041 -0.067643
v -0.564539 0.011041 -0.038922
v -0.604467 0.011041 -0.017580
v -0.647792 0.011041 -0.004438
v -0.692847 0.011041 0.000000
v -0.737903 0.011041 -0.004438
v -0.781228 0.011041 -0.017580
v -0.821156 0.011041 -0.038922
v -0.856153 0.011041 -0.067643
v -0.884875 0.011041 -0.102641
v -0.906217 0.011041 -0.142569
v -0.919359 0.011041 -0.185893
v -0.923797 0.011041 -0.230949
v -0.919359 0.011041 -0.276005
v -0.906217 0.011041 -0.319330
v -0.884875 0.011041 -0.359258
v -0.856153 0.011041 -0.394255
v -0.821156 0.011041 -0.422976
v -0.781228 0.011041 -0.444318
v -0.737903 0.011041 -0.457461
v -0.692847 0.964260 -0.319666
v -0.692847 0.787139 -0.461898
v -0.692847 0.959820 -0.395367
v -0.692847 0.946720 -0.413454
v -0.692847 0.925618 -0.429679
v -0.692847 0.897573 -0.443229
v -0.692847 0.863989 -0.453424
v -0.692847 0.826552 -0.459753
v -0.675540 0.964260 -0.317962
v -0.647792 0.787139 -0.457461
v -0.660771 0.959820 -0.392208
v -0.657243 0.946720 -0.409947
v -0.654077 0.925618 -0.425860
v -0.651434 0.897573 -0.439150
v -0.649445 0.863989 -0.449149
v -0.648210 0.826552 -0.455356
v -0.658897 0.964260 -0.312913
v -0.604467 0.787139 -0.444318
v -0.629928 0.959820 -0.382851
v -0.623006 0.946720 -0.399561
v -0.616797 0.925618 -0.414552
v -0.611612 0.897573 -0.427070
v -0.607710 0.863989 -0.436489
v -0.605288 0.826552 -0.442336
v -0.643559 0.964260 -0.304715
v -0.564539 0.787139 -0.422976
v -0.601502 0.959820 -0.367657
v -0.591453 0.946720 -0.382696
v -0.582439 0.925618 -0.396187
v -0.574911 0.897573 -0.407453
v -0.569247 0.863989 -0.415930
v -0.565731 0.826552 -0.421192
v -0.630115 0.964260 -0.293682
v -0.529542 0.787139 -0.394255
v -0.576587 0.959820 -0.347210
v -0.563797 0.946720 -0.359999
v -0.552324 0.925618 -0.371472
v -0.542743 0.897573 -0.381054
v -0.535534 0.863989 -0.388262
v -0.531059 0.826552 -0.392738
v -0.619082 0.964260 -0.280238
v -0.500820 0.787139 -0.359258
v -0.556139 0.959820 -0.322295
v -0.541100 0.946720 -0.332343
v -0.527610 0.925618 -0.341358
v -0.516343 0.897573 -0.348885
v -0.507867 0.863989 -0.354549
v -0.502604 0.826552 -0.358066
v -0.610884 0.964260 -0.264900
v -0.479478 0.787139 -0.319330
v -0.540945 0.959820 -0.293869
v -0.524235 0.946720 -0.300791
v -0.509245 0.925618 -0.307000
v -0.496727 0.897573 -0.312185
v -0.487308 0.863989 -0.316087
v -0.481460 0.826552 -0.318508
v -0.605835 0.964260 -0.248257
v -0.466336 0.787139 -0.276005
v -0.531589 0.959820 -0.263025
v -0.513850 0.946720 -0.266554
v -0.497936 0.925618 -0.269719
v -0.484647 0.897573 -0.272363
v -0.474648 0.863989 -0.274352
v -0.468440 0.826552 -0.275586
v -0.604130 0.964260 -0.230949
v -0.461898 0.787139 -0.230949
v -0.528430 0.959820 -0.230949
v -0.510343 0.946720 -0.230949
v -0.494118 0.925618 -0.230949
v -0.480568 0.897573 -0.230949
v -0.470373 0.863989 -0.230949
v -0.464044 0.826552 -0.230949
v -0.605835 0.964260 -0.213641
v -0.466336 0.787139 -0.185893
v -0.531589 0.959820 -0.198873
v -0.513850 0.946720 -0.195344
v -0.497936 0.925618 -0.192179
v -0.484647 0.897573 -0.189535
v -0.474648 0.863989 -0.187546
v -0.468440 0.826552 -0.186312
v -0.610884 0.964260 -0.196999
v -0.479478 0.787139 -0.142569
v -0.540945 0.959820 -0.168029
v -0.524235 0.946720 -0.161108
v -0.509245 0.925618 -0.154898
v -0.496727 0.897573 -0.149713
v -0.487308 0.863989 -0.145812
v -0.481460 0.826552 -0.143390
v -0.619082 0.964260 -0.181660
v -0.500820 0.787139 -0.102641
v -0.556139 0.959820 -0.139603
v -0.541100 0.946720 -0.129555
v -0.527610 0.925618 -0.120541
v -0.516343 0.897573 -0.113013
v -0.507867 0.863989 -0.107349
v -0.502604 0.826552 -0.103833
v -0.630115 0.964260 -0.168217
v -0.529542 0.787139 -0.067643
v -0.576587 0.959820 -0.114688
v -0.563797 0.946720 -0.101899
v -0.552324 0.925618 -0.090426
v -0.542743 0.897573 -0.080845
v -0.535534 0.863989 -0.073636
v -0.531059 0.826552 -0.069161
v -0.643559 0.964260 -0.157183
v -0.564539 0.787139 -0.038922
v -0.601502 0.959820 -0.094241
v -0.591453 0.946720 -0.079202
v -0.582439 0.925618 -0.065711
v -0.574911 0.897573 -0.054445
v -0.569247 0.863989 -0.045968
v -0.565731 0.826552 -0.040706
v -0.658897 0.964260 -0.148985
v -0.604467 0.787139 -0.017580
v -0.629928 0.959820 -0.079047
v -0.623006 0.946720 -0.062337
v -0.616797 0.925618 -0.047347
v -0.611612 0.897573 -0.034828
v -0.607710 0.863989 -0.025409
v -0.605288 0.826552 -0.019562
v -0.675540 0.964260 -0.143937
v -0.647792 0.787139 -0.004438
v -0.660771 0.959820 -0.069691
v -0.657243 0.946720 -0.051951
v -0.654077 0.925618 -0.036038
v -0.651434 0.897573 -0.022748
v -0.649445 0.863989 -0.012749
v -0.648210 0.826552 -0.006542
v -0.692847 0.964260 -0.142232
v -0.692847 0.787139 0.000000
v -0.692847 0.959820 -0.066531
v -0.692847 0.946720 -0.048444
v -0.692847 0.925618 -0.032219
v -0.692847 0.897573 -0.018669
v -0.692847 0.863989 -0.008474
v -0.692847 0.826552 -0.002146
v -0.710155 0.964260 -0.143937
v -0.737903 0.787139 -0.004438
v -0.724924 0.959820 -0.069691
v -0.728452 0.946720 -0.051951
v -0.731618 0.925618 -0.036038
v -0.734261 0.897573 -0.022748
v -0.736250 0.863989 -0.012749
v -0.737485 0.826552 -0.006542
v -0.726798 0.964260 -0.148985
v -0.781228 0.787139 -0.017580
v -0.755767 0.959820 -0.079047
v -0.762689 0.946720 -0.062337
v -0.768898 0.925618 -0.047347
v -0.774083 0.897573 -0.034828
v -0.777985 0.863989 -0.025409
v -0.780407 0.826552 -0.019562
v -0.742136 0.964260 -0.157183
v -0.821156 0.787139 -0.038922
v -0.784193 0.959820 -0.094241
v -0.794242 0.946720 -0.079202
v -0.803256 0.925618 -0.065711
v -0.810784 0.897573 -0.054445
v -0.816448 0.863989 -0.045968
v -0.819964 0.826552 -0.040706
v -0.755580 0.964260 -0.168217
v -0.856153 0.787139 -0.067643
v -0.809108 0.959820 -0.114688
v -0.821898 0.946720 -0.101899
v -0.833371 0.925618 -0.090426
v -0.842952 0.897573 -0.080845
v -0.850161 0.863989 -0.073636
v -0.854636 0.826552 -0.069161
v -0.766613 0.964260 -0.181660
v -0.884875 0.787139 -0.102641
v -0.829556 0.959820 -0.139603
v -0.844595 0.946720 -0.129555
v -0.858085 0.925618 -0.120541
v -0.869352 0.897573 -0.113013
v -0.877828 0.863989 -0.107349
v -0.883091 0.826552 -0.103833
v -0.774811 0.964260 -0.196999
v -0.906217 0.787139 -0.142569
v -0.844750 0.959820 -0.168029
v -0.861460 0.946720 -0.161108
v -0.876450 0.925618 -0.154898
v -0.888968 0.897573 -0.149713
v -0.898387 0.863989 -0.145812
v -0.904234 0.826552 -0.143390
v -0.779860 0.964260 -0.213641
v -0.919359 0.787139 -0.185893
v -0.854106 0.959820 -0.198873
v -0.871845 0.946720 -0.195344
v -0.887759 0.925618 -0.192179
v -0.901048 0.897573 -0.189535
v -0.911047 0.863989 -0.187546
v -0.917255 0.826552 -0.186312
v -0.781565 0.964260 -0.230949
v -0.923797 0.787139 -0.230949
v -0.857265 0.959820 -0.230949
v -0.875352 0.946720 -0.230949
v -0.891577 0.925618 -0.230949
v -0.905127 0.897573 -0.230949
v -0.915322 0.863989 -0.230949
v -0.921651 0.826552 -0.230949
v -0.779860 0.964260 -0.248257
v -0.919359 0.787139 -0.276005
v -0.854106 0.959820 -0.263025
v -0.871845 0.946720 -0.266554
v -0.887759 0.925618 -0.269719
v -0.901048 0.897573 -0.272363
v -0.911047 0.863989 -0.274352
v -0.917255 0.826552 -0.275586
v -0.774811 0.964260 -0.264900
v -0.906217 0.787139 -0.319330
v -0.844750 0.959820 -0.293869
v -0.861460 0.946720 -0.300791
v -0.876450 0.925618 -0.307000
v -0.888968 0.897573 -0.312185
v -0.898387 0.863989 -0.316087
v -0.904234 0.826552 -0.318508
v -0.766613 0.964260 -0.280238
v -0.884875 0.787139 -0.359258
v -0.829556 0.959820 -0.322295
v -0.844595 0.946720 -0.332343
v -0.858085 0.925618 -0.341358
v -0.869352 0.897573 -0.348885
v -0.877828 0.863989 -0.354549
v -0.883091 0.826552 -0.358066
v -0.755580 0.964260 -0.293682
v -0.856153 0.787139 -0.394255
v -0.809108 0.959820 -0.347210
v -0.821898 0.946720 -0.359999
v -0.833371 0.925618 -0.371472
v -0.842952 0.897573 -0.381054
v -0.850161 0.863989 -0.388262
v -0.854636 0.826552 -0.392738
v -0.742136 0.964260 -0.304715
v -0.821156 0.787139 -0.422976
v -0.784193 0.959820 -0.367657
v -0.794242 0.946720 -0.382696
v -0.803256 0.925618 -0.396187
v -0.810784 0.897573 -0.407453
v -0.816448 0.863989 -0.415930
v -0.819964 0.826552 -0.421192
v -0.726798 0.964260 -0.312913
v -0.781228 0.787139 -0.444318
v -0.755767 0.959820 -0.382851
v -0.762689 0.946720 -0.399561
v -0.768898 0.925618 -0.414552
v -0.774083 0.897573 -0.427070
v -0.777985 0.863989 -0.436489
v -0.780407 0.826552 -0.442336
v -0.710155 0.964260 -0.317962
v -0.737903 0.787139 -0.457461
v -0.724924 0.959820 -0.392208
v -0.728452 0.946720 -0.409947
v -0.731618 0.925618 -0.425860
v -0.734261 0.897573 -0.439150
v -0.736250 0.863989 -0.449149
v -0.737485 0.826552 -0.455356
v -0.692847 0.964260 -0.376325
v -0.664486 0.964260 -0.373532
v -0.637215 0.964260 -0.365259
v -0.612081 0.964260 -0.351825
v -0.590051 0.964260 -0.333745
v -0.571972 0.964260 -0.311716
v -0.558538 0.964260 -0.286582
v -0.550265 0.964260 -0.259310
v -0.547472 0.964260 -0.230949
v -0.550265 0.964260 -0.202588
v -0.558538 0.964260 -0.175316
v -0.571972 0.964260 -0.150183
v -0.590051 0.964260 -0.128153
v -0.612081 0.964260 -0.110073
v -0.637215 0.964260 -0.096639
v -0.664486 0.964260 -0.088367
v -0.692847 0.964260 -0.085573
v -0.721209 0.964260 -0.088367
v -0.748480 0.964260 -0.096639
v -0.773614 0.964260 -0.110073
v -0.795644 0.964260 -0.128153
v -0.813723 0.964260 -0.150183
v -0.827157 0.964260 -0.175316
v -0.835430 0.964260 -0.202588
v -0.838223 0.964260 -0.230949
v -0.835430 0.964260 -0.259310
v -0.827157 0.964260 -0.286582
v -0.813723 0.964260 -0.311716
v -0.795644 0.964260 -0.333745
v -0.773614 0.964260 -0.351825
v -0.748480 0.964260 -0.365259
v -0.721209 0.964260 -0.373532
v -0.692847 0.991336 -0.319666
v -0.675540 0.991336 -0.317962
v -0.658897 0.991336 -0.312913
v -0.643559 0.991336 -0.304715
v -0.630115 0.991336 -0.293682
v -0.619082 0.991336 -0.280238
v -0.610884 0.991336 -0.264900
v -0.605835 0.991336 -0.248257
v -0.604130 0.991336 -0.230949
v -0.605835 0.991336 -0.213641
v -0.610884 0.991336 -0.196999
v -0.619082 0.991336 -0.181660
v -0.630115 0.991336 -0.168217
v -0.643559 0.991336 -0.157183
v -0.658897 0.991336 -0.148985
v -0.675540 0.991336 -0.143937
v -0.692847 0.991336 -0.142232
v -0.710155 0.991336 -0.143937
v -0.726798 0.991336 -0.148985
v -0.742136 0.991336 -0.157183
v -0.755580 0.991336 -0.168217
v -0.766613 0.991336 -0.181660
v -0.774811 0.991336 -0.196999
v -0.779860 0.991336 -0.213641
v -0.781565 0.991336 -0.230949
v -0.779860 0.991336 -0.248257
v -0.774811 0.991336 -0.264900
v -0.766613 0.991336 -0.280238
v -0.755580 0.991336 -0.293682
v -0.742136 0.991336 -0.304715
v -0.726798 0.991336 -0.312913
v -0.710155 0.991336 -0.317962
v -0.692847 0.991336 -0.338903
v -0.671787 0.991336 -0.336829
v -0.651535 0.991336 -0.330686
v -0.632871 0.991336 -0.320710
v -0.616512 0.991336 -0.307284
v -0.603087 0.991336 -0.290925
v -0.593111 0.991336 -0.272261
v -0.586967 0.991336 -0.252010
v -0.584893 0.991336 -0.230949
v -0.586967 0.991336 -0.209888
v -0.593111 0.991336 -0.189637
v -0.603087 0.991336 -0.170973
v -0.616512 0.991336 -0.154614
v -0.632871 0.991336 -0.141188
v -0.651535 0.991336 -0.131212
v -0.671787 0.991336 -0.125069
v -0.692847 0.991336 -0.122995
v -0.713908 0.991336 -0.125069
v -0.734160 0.991336 -0.131212
v -0.752824 0.991336 -0.141188
v -0.769183 0.991336 -0.154614
v -0.782608 0.991336 -0.170973
v -0.792584 0.991336 -0.189637
v -0.798727 0.991336 -0.209888
v -0.800802 0.991336 -0.230949
v -0.798727 0.991336 -0.252010
v -0.792584 0.991336 -0.272261
v -0.782608 0.991336 -0.290925
v -0.769183 0.991336 -0.307284
v -0.752824 0.991336 -0.320710
v -0.734160 0.991336 -0.330686
v -0.713908 0.991336 -0.336829
v -0.692847 1.064125 -0.338903
v -0.671787 1.064125 -0.336829
v -0.651535 1.064125 -0.330686
v -0.632871 1.064125 -0.320710
v -0.616512 1.064125 -0.307284
v -0.603087 1.064125 -0.290925
v -0.593111 1.064125 -0.272261
v -0.586967 1.064125 -0.252010
v -0.584893 1.064125 -0.230949
v -0.586967 1.064125 -0.209888
v -0.593111 1.064125 -0.189637
v -0.603087 1.064125 -0.170973
v -0.616512 1.064125 -0.154614
v -0.632871 1.064125 -0.141188
v -0.651535 1.064125 -0.131212
v -0.671787 1.064125 -0.125069
v -0.692847 1.064125 -0.122995
v -0.713908 1.064125 -0.125069
v -0.734160 1.064125 -0.131212
v -0.752824 1.064125 -0.141188
v -0.769183 1.064125 -0.154614
v -0.782608 1.064125 -0.170973
v -0.792584 1.064125 -0.189637
v -0.798727 1.064125 -0.209888
v -0.800802 1.064125 -0.230949
v -0.798727 1.064125 -0.252010
v -0.792584 1.064125 -0.272261
v -0.782608 1.064125 -0.290925
v -0.769183 1.064125 -0.307284
v -0.752824 1.064125 -0.320710
v -0.734160 1.064125 -0.330686
v -0.713908 1.064125 -0.336829
v -0.230949 0.011042 -0.936595
v -0.185893 0.011042 -0.932157
v -0.142569 0.011042 -0.919015
v -0.102641 0.011042 -0.897673
v -0.067644 0.011042 -0.868951
v -0.038922 0.011042 -0.833954
v -0.017580 0.011042 -0.794026
v -0.004438 0.011042 -0.750701
v -0.000000 0.011042 -0.705645
v -0.004438 0.011042 -0.660590
v -0.017580 0.011042 -0.617265
v -0.038922 0.011042 -0.577337
v -0.067644 0.011042 -0.542340
v -0.102641 0.011042 -0.513618
v -0.142569 0.011042 -0.492276
v -0.185893 0.011042 -0.479134
v -0.230949 0.011042 -0.474696
v -0.276005 0.011042 -0.479134
v -0.319330 0.011042 -0.492276
v -0.359258 0.011042 -0.513618
v -0.394255 0.011042 -0.542340
v -0.422976 0.011042 -0.577337
v -0.444318 0.011042 -0.617265
v -0.457461 0.011042 -0.660590
v -0.461898 0.011042 -0.705645
v -0.457461 0.011042 -0.750701
v -0.444318 0.011042 -0.794026
v -0.422976 0.011042 -0.833954
v -0.394255 0.011042 -0.868951
v -0.359258 0.011042 -0.897673
v -0.319330 0.011042 -0.919015
v -0.276005 0.011042 -0.932157
v -0.230949 0.964260 -0.794363
v -0.230949 0.787139 -0.936595
v -0.230949 0.959820 -0.870063
v -0.230949 0.946720 -0.888150
v -0.230949 0.925618 -0.904375
v -0.230949 0.897573 -0.917925
v -0.230949 0.863989 -0.928120
v -0.230949 0.826552 -0.934449
v -0.213641 0.964260 -0.792658
v -0.185893 0.787139 -0.932157
v -0.198873 0.959820 -0.866904
v -0.195344 0.946720 -0.884643
v -0.192179 0.925618 -0.900557
v -0.189536 0.897573 -0.913846
v -0.187547 0.863989 -0.923845
v -0.186312 0.826552 -0.930053
v -0.196999 0.964260 -0.787609
v -0.142569 0.787139 -0.919015
v -0.168029 0.959820 -0.857547
v -0.161108 0.946720 -0.874258
v -0.154899 0.925618 -0.889248
v -0.149713 0.897573 -0.901766
v -0.145812 0.863989 -0.911185
v -0.143390 0.826552 -0.917032
v -0.181661 0.964260 -0.779411
v -0.102641 0.787139 -0.897673
v -0.139604 0.959820 -0.842354
v -0.129555 0.946720 -0.857393
v -0.120541 0.925618 -0.870883
v -0.113013 0.897573 -0.882150
v -0.107349 0.863989 -0.890626
v -0.103833 0.826552 -0.895889
v -0.168217 0.964260 -0.768378
v -0.067644 0.787139 -0.868951
v -0.114688 0.959820 -0.821906
v -0.101899 0.946720 -0.834696
v -0.090426 0.925618 -0.846169
v -0.080845 0.897573 -0.855750
v -0.073636 0.863989 -0.862959
v -0.069161 0.826552 -0.867434
v -0.157184 0.964260 -0.754934
v -0.038922 0.787139 -0.833954
v -0.094241 0.959820 -0.796991
v -0.079202 0.946720 -0.807040
v -0.065711 0.925618 -0.816054
v -0.054445 0.897573 -0.823582
v -0.045968 0.863989 -0.829246
v -0.040706 0.826552 -0.832762
v -0.148985 0.964260 -0.739596
v -0.017580 0.787139 -0.794026
v -0.079047 0.959820 -0.768565
v -0.062337 0.946720 -0.775487
v -0.047347 0.925618 -0.781696
v -0.034828 0.897573 -0.786881
v -0.025410 0.863989 -0.790783
v -0.019562 0.826552 -0.793205
v -0.143937 0.964260 -0.722953
v -0.004438 0.787139 -0.750701
v -0.069691 0.959820 -0.737722
v -0.051951 0.946720 -0.741250
v -0.036038 0.925618 -0.744416
v -0.022748 0.897573 -0.747059
v -0.012749 0.863989 -0.749048
v -0.006542 0.826552 -0.750283
v -0.142232 0.964260 -0.705645
v -0.000000 0.787139 -0.705645
v -0.066532 0.959820 -0.705645
v -0.048445 0.946720 -0.705645
v -0.032219 0.925618 -0.705645
v -0.018670 0.897573 -0.705645
v -0.008475 0.863989 -0.705645
v -0.002146 0.826552 -0.705645
v -0.143937 0.964260 -0.688338
v -0.004438 0.787139 -0.660590
v -0.069691 0.959820 -0.673569
v -0.051951 0.946720 -0.670041
v -0.036038 0.925618 -0.666875
v -0.022748 0.897573 -0.664232
v -0.012749 0.863989 -0.662243
v -0.006542 0.826552 -0.661008
v -0.148985 0.964260 -0.671695
v -0.017580 0.787139 -0.617265
v -0.079047 0.959820 -0.642726
v -0.062337 0.946720 -0.635804
v -0.047347 0.925618 -0.629595
v -0.034828 0.897573 -0.624409
v -0.025410 0.863989 -0.620508
v -0.019562 0.826552 -0.618086
v -0.157184 0.964260 -0.656357
v -0.038922 0.787139 -0.577337
v -0.094241 0.959820 -0.614300
v -0.079202 0.946720 -0.604251
v -0.065711 0.925618 -0.595237
v -0.054445 0.897573 -0.587709
v -0.045968 0.863989 -0.582045
v -0.040706 0.826552 -0.578529
v -0.168217 0.964260 -0.642913
v -0.067644 0.787139 -0.542340
v -0.114688 0.959820 -0.589385
v -0.101899 0.946720 -0.576595
v -0.090426 0.925618 -0.565122
v -0.080845 0.897573 -0.555541
v -0.073636 0.863989 -0.548332
v -0.069161 0.826552 -0.543857
v -0.181661 0.964260 -0.631880
v -0.102641 0.787139 -0.513618
v -0.139604 0.959820 -0.568937
v -0.129555 0.946720 -0.553898
v -0.120541 0.925618 -0.540408
v -0.113013 0.897573 -0.529141
v -0.107349 0.863989 -0.520665
v -0.103833 0.826552 -0.515402
v -0.196999 0.964260 -0.623681
v -0.142569 0.787139 -0.492276
v -0.168029 0.959820 -0.553743
v -0.161108 0.946720 -0.537033
v -0.154899 0.925618 -0.522043
v -0.149713 0.897573 -0.509525
v -0.145812 0.863989 -0.500106
v -0.143390 0.826552 -0.494258
v -0.213641 0.964260 -0.618633
v -0.185893 0.787139 -0.479134
v -0.198873 0.959820 -0.544387
v -0.195344 0.946720 -0.526648
v -0.192179 0.925618 -0.510734
v -0.189536 0.897573 -0.497445
v -0.187547 0.863989 -0.487446
v -0.186312 0.826552 -0.481238
v -0.230949 0.964260 -0.616928
v -0.230949 0.787139 -0.474696
v -0.230949 0.959820 -0.541228
v -0.230949 0.946720 -0.523141
v -0.230949 0.925618 -0.506916
v -0.230949 0.897573 -0.493366
v -0.230949 0.863989 -0.483171
v -0.230949 0.826552 -0.476842
v -0.248257 0.964260 -0.618633
v -0.276005 0.787139 -0.479134
v -0.263026 0.959820 -0.544387
v -0.266554 0.946720 -0.526648
v -0.269720 0.925618 -0.510734
v -0.272363 0.897573 -0.497445
v -0.274352 0.863989 -0.487446
v -0.275587 0.826552 -0.481238
v -0.264900 0.964260 -0.623681
v -0.319330 0.787139 -0.492276
v -0.293869 0.959820 -0.553743
v -0.300791 0.946720 -0.537033
v -0.307000 0.925618 -0.522043
v -0.312185 0.897573 -0.509525
v -0.316087 0.863989 -0.500106
v -0.318509 0.826552 -0.494258
v -0.280238 0.964260 -0.631880
v -0.359258 0.787139 -0.513618
v -0.322295 0.959820 -0.568937
v -0.332343 0.946720 -0.553898
v -0.341358 0.925618 -0.540408
v -0.348886 0.897573 -0.529141
v -0.354550 0.863989 -0.520665
v -0.358066 0.826552 -0.515402
v -0.293682 0.964260 -0.642913
v -0.394255 0.787139 -0.542340
v -0.347210 0.959820 -0.589385
v -0.360000 0.946720 -0.576595
v -0.371473 0.925618 -0.565122
v -0.381054 0.897573 -0.555541
v -0.388263 0.863989 -0.548332
v -0.392738 0.826552 -0.543857
v -0.304715 0.964260 -0.656357
v -0.422976 0.787139 -0.577337
v -0.367658 0.959820 -0.614300
v -0.382696 0.946720 -0.604251
v -0.396187 0.925618 -0.595237
v -0.407453 0.897573 -0.587709
v -0.415930 0.863989 -0.582045
v -0.421192 0.826552 -0.578529
v -0.312913 0.964260 -0.671695
v -0.444318 0.787139 -0.617265
v -0.382851 0.959820 -0.642726
v -0.399562 0.946720 -0.635804
v -0.414552 0.925618 -0.629595
v -0.427070 0.897573 -0.624409
v -0.436489 0.863989 -0.620508
v -0.442336 0.826552 -0.618086
v -0.317962 0.964260 -0.688338
v -0.457461 0.787139 -0.660590
v -0.392208 0.959820 -0.673569
v -0.409947 0.946720 -0.670041
v -0.425861 0.925618 -0.666875
v -0.439150 0.897573 -0.664232
v -0.449149 0.863989 -0.662243
v -0.455356 0.826552 -0.661008
v -0.319666 0.964260 -0.705645
v -0.461898 0.787139 -0.705645
v -0.395367 0.959820 -0.705645
v -0.413454 0.946720 -0.705645
v -0.429679 0.925618 -0.705645
v -0.443229 0.897573 -0.705645
v -0.453424 0.863989 -0.705645
v -0.459753 0.826552 -0.705645
v -0.317962 0.964260 -0.722953
v -0.457461 0.787139 -0.750701
v -0.392208 0.959820 -0.737722
v -0.409947 0.946720 -0.741250
v -0.425861 0.925618 -0.744416
v -0.439150 0.897573 -0.747059
v -0.449149 0.863989 -0.749048
v -0.455356 0.826552 -0.750283
v -0.312913 0.964260 -0.739596
v -0.444318 0.787139 -0.794026
v -0.382851 0.959820 -0.768565
v -0.399562 0.946720 -0.775487
v -0.414552 0.925618 -0.781696
v -0.427070 0.897573 -0.786881
v -0.436489 0.863989 -0.790783
v -0.442336 0.826552 -0.793205
v -0.304715 0.964260 -0.754934
v -0.422976 0.787139 -0.833954
v -0.367658 0.959820 -0.796991
v -0.382696 0.946720 -0.807040
v -0.396187 0.925618 -0.816054
v -0.407453 0.897573 -0.823582
v -0.415930 0.863989 -0.829246
v -0.421192 0.826552 -0.832762
v -0.293682 0.964260 -0.768378
v -0.394255 0.787139 -0.868951
v -0.347210 0.959820 -0.821906
v -0.360000 0.946720 -0.834696
v -0.371473 0.925618 -0.846169
v -0.381054 0.897573 -0.855750
v -0.388263 0.863989 -0.862959
v -0.392738 0.826552 -0.867434
v -0.280238 0.964260 -0.779411
v -0.359258 0.787139 -0.897673
v -0.322295 0.959820 -0.842354
v -0.332343 0.946720 -0.857393
v -0.341358 0.925618 -0.870883
v -0.348886 0.897573 -0.882150
v -0.354550 0.863989 -0.890626
v -0.358066 0.826552 -0.895889
v -0.264900 0.964260 -0.787609
v -0.319330 0.787139 -0.919015
v -0.293869 0.959820 -0.857547
v -0.300791 0.946720 -0.874258
v -0.307000 0.925618 -0.889248
v -0.312185 0.897573 -0.901766
v -0.316087 0.863989 -0.911185
v -0.318509 0.826552 -0.917032
v -0.248257 0.964260 -0.792658
v -0.276005 0.787139 -0.932157
v -0.263026 0.959820 -0.866904
v -0.266554 0.946720 -0.884643
v -0.269720 0.925618 -0.900557
v -0.272363 0.897573 -0.913846
v -0.274352 0.863989 -0.923845
v -0.275587 0.826552 -0.930053
v -0.230949 0.964260 -0.851021
v -0.202588 0.964260 -0.848228
v -0.175316 0.964260 -0.839955
v -0.150183 0.964260 -0.826521
v -0.128153 0.964260 -0.808442
v -0.110074 0.964260 -0.786412
v -0.096639 0.964260 -0.761278
v -0.088367 0.964260 -0.734007
v -0.085573 0.964260 -0.705645
v -0.088367 0.964260 -0.677284
v -0.096639 0.964260 -0.650012
v -0.110074 0.964260 -0.624879
v -0.128153 0.964260 -0.602849
v -0.150183 0.964260 -0.584770
v -0.175316 0.964260 -0.571336
v -0.202588 0.964260 -0.563063
v -0.230949 0.964260 -0.560270
v -0.259311 0.964260 -0.563063
v -0.286582 0.964260 -0.571336
v -0.311716 0.964260 -0.584770
v -0.333746 0.964260 -0.602849
v -0.351825 0.964260 -0.624879
v -0.365259 0.964260 -0.650012
v -0.373532 0.964260 -0.677284
v -0.376325 0.964260 -0.705645
v -0.373532 0.964260 -0.734007
v -0.365259 0.964260 -0.761278
v -0.351825 0.964260 -0.786412
v -0.333746 0.964260 -0.808442
v -0.311716 0.964260 -0.826521
v -0.286582 0.964260 -0.839955
v -0.259311 0.964260 -0.848228
v -0.230949 0.991336 -0.794363
v -0.213641 0.991336 -0.792658
v -0.196999 0.991336 -0.787609
v -0.181661 0.991336 -0.779411
v -0.168217 0.991336 -0.768378
v -0.157184 0.991336 -0.754934
v -0.148985 0.991336 -0.739596
v -0.143937 0.991336 -0.722953
v -0.142232 0.991336 -0.705645
v -0.143937 0.991336 -0.688338
v -0.148985 0.991336 -0.671695
v -0.157184 0.991336 -0.656357
v -0.168217 0.991336 -0.642913
v -0.181661 0.991336 -0.631880
v -0.196999 0.991336 -0.623681
v -0.213641 0.991336 -0.618633
v -0.230949 0.991336 -0.616928
v -0.248257 0.991336 -0.618633
v -0.264900 0.991336 -0.623681
v -0.280238 0.991336 -0.631880
v -0.293682 0.991336 -0.642913
v -0.304715 0.991336 -0.656357
v -0.312913 0.991336 -0.671695
v -0.317962 0.991336 -0.688338
v -0.319666 0.991336 -0.705645
v -0.317962 0.991336 -0.722953
v -0.312913 0.991336 -0.739596
v -0.304715 0.991336 -0.754934
v -0.293682 0.991336 -0.768378
v -0.280238 0.991336 -0.779411
v -0.264900 0.991336 -0.787609
v -0.248257 0.991336 -0.792658
v -0.230949 0.991336 -0.813600
v -0.209889 0.991336 -0.811525
v -0.189637 0.991336 -0.805382
v -0.170973 0.991336 -0.795406
v -0.154614 0.991336 -0.781981
v -0.141189 0.991336 -0.765622
v -0.131213 0.991336 -0.746958
v -0.125069 0.991336 -0.726706
v -0.122995 0.991336 -0.705645
v -0.125069 0.991336 -0.684585
v -0.131213 0.991336 -0.664333
v -0.141189 0.991336 -0.645669
v -0.154614 0.991336 -0.629310
v -0.170973 0.991336 -0.615885
v -0.189637 0.991336 -0.605909
v -0.209889 0.991336 -0.599765
v -0.230949 0.991336 -0.597691
v -0.252010 0.991336 -0.599765
v -0.272262 0.991336 -0.605909
v -0.290925 0.991336 -0.615885
v -0.307284 0.991336 -0.629310
v -0.320710 0.991336 -0.645669
v -0.330686 0.991336 -0.664333
v -0.336829 0.991336 -0.684585
v -0.338904 0.991336 -0.705645
v -0.336829 0.991336 -0.726706
v -0.330686 0.991336 -0.746958
v -0.320710 0.991336 -0.765622
v -0.307284 0.991336 -0.781981
v -0.290925 0.991336 -0.795406
v -0.272262 0.991336 -0.805382
v -0.252010 0.991336 -0.811525
v -0.230949 1.064125 -0.813600
v -0.209889 1.064125 -0.811525
v -0.189637 1.064125 -0.805382
v -0.170973 1.064125 -0.795406
v -0.154614 1.064125 -0.781981
v -0.141189 1.064125 -0.765622
v -0.131213 1.064125 -0.746958
v -0.125069 1.064125 -0.726706
v -0.122995 1.064125 -0.705645
v -0.125069 1.064125 -0.684585
v -0.131213 1.064125 -0.664333
v -0.141189 1.064125 -0.645669
v -0.154614 1.064125 -0.629310
v -0.170973 1.064125 -0.615885
v -0.189637 1.064125 -0.605909
v -0.209889 1.064125 -0.599765
v -0.230949 1.064125 -0.597691
v -0.252010 1.064125 -0.599765
v -0.272262 1.064125 -0.605909
v -0.290925 1.064125 -0.615885
v -0.307284 1.064125 -0.629310
v -0.320710 1.064125 -0.645669
v -0.330686 1.064125 -0.664333
v -0.336829 1.064125 -0.684585
v -0.338904 1.064125 -0.705645
v -0.336829 1.064125 -0.726706
v -0.330686 1.064125 -0.746958
v -0.320710 1.064125 -0.765622
v -0.307284 1.064125 -0.781981
v -0.290925 1.064125 -0.795406
v -0.272262 1.064125 -0.805382
v -0.252010 1.064125 -0.811525
v -0.230949 0.011041 -0.461898
v -0.185893 0.011041 -0.457461
v -0.142569 0.011041 -0.444318
v -0.102641 0.011041 -0.422976
v -0.067644 0.011041 -0.394255
v -0.038922 0.011041 -0.359258
v -0.017580 0.011041 -0.319330
v -0.004438 0.011041 -0.276005
v -0.000000 0.011041 -0.230949
v -0.004438 0.011041 -0.185893
v -0.017580 0.011041 -0.142569
v -0.038922 0.011041 -0.102641
v -0.067644 0.011041 -0.067643
v -0.102641 0.011041 -0.038922
v -0.142569 0.011041 -0.017580
v -0.185893 0.011041 -0.004438
v -0.230949 0.011041 0.000000
v -0.276005 0.011041 -0.004438
v -0.319330 0.011041 -0.017580
v -0.359258 0.011041 -0.038922
v -0.394255 0.011041 -0.067643
v -0.422976 0.011041 -0.102641
v -0.444318 0.011041 -0.142569
v -0.457461 0.011041 -0.185893
v -0.461898 0.011041 -0.230949
v -0.457461 0.011041 -0.276005
v -0.444318 0.011041 -0.319330
v -0.422976 0.011041 -0.359258
v -0.394255 0.011041 -0.394255
v -0.359258 0.011041 -0.422976
v -0.319330 0.011041 -0.444318
v -0.276005 0.011041 -0.457461
v -0.230949 0.964260 -0.319666
v -0.230949 0.787139 -0.461898
v -0.230949 0.959820 -0.395367
v -0.230949 0.946720 -0.413454
v -0.230949 0.925618 -0.429679
v -0.230949 0.897573 -0.443229
v -0.230949 0.863989 -0.453424
v -0.230949 0.826552 -0.459753
v -0.213641 0.964260 -0.317962
v -0.185893 0.787139 -0.457461
v -0.198873 0.959820 -0.392208
v -0.195344 0.946720 -0.409947
v -0.192179 0.925618 -0.425860
v -0.189536 0.897573 -0.439150
v -0.187547 0.863989 -0.449149
v -0.186312 0.826552 -0.455356
v -0.196999 0.964260 -0.312913
v -0.142569 0.787139 -0.444318
v -0.168029 0.959820 -0.382851
v -0.161108 0.946720 -0.399561
v -0.154899 0.925618 -0.414552
v -0.149713 0.897573 -0.427070
v -0.145812 0.863989 -0.436489
v -0.143390 0.826552 -0.442336
v -0.181661 0.964260 -0.304715
v -0.102641 0.787139 -0.422976
v -0.139604 0.959820 -0.367657
v -0.129555 0.946720 -0.382696
v -0.120541 0.925618 -0.396187
v -0.113013 0.897573 -0.407453
v -0.107349 0.863989 -0.415930
v -0.103833 0.826552 -0.421192
v -0.168217 0.964260 -0.293682
v -0.067644 0.787139 -0.394255
v -0.114688 0.959820 -0.347210
v -0.101899 0.946720 -0.359999
v -0.090426 0.925618 -0.371472
v -0.080845 0.897573 -0.381054
v -0.073636 0.863989 -0.388262
v -0.069161 0.826552 -0.392738
v -0.157184 0.964260 -0.280238
v -0.038922 0.787139 -0.359258
v -0.094241 0.959820 -0.322295
v -0.079202 0.946720 -0.332343
v -0.065711 0.925618 -0.341358
v -0.054445 0.897573 -0.348885
v -0.045968 0.863989 -0.354549
v -0.040706 0.826552 -0.358066
v -0.148985 0.964260 -0.264900
v -0.017580 0.787139 -0.319330
v -0.079047 0.959820 -0.293869
v -0.062337 0.946720 -0.300791
v -0.047347 0.925618 -0.307000
v -0.034828 0.897573 -0.312185
v -0.025410 0.863989 -0.316087
v -0.019562 0.826552 -0.318508
v -0.143937 0.964260 -0.248257
v -0.004438 0.787139 -0.276005
v -0.069691 0.959820 -0.263025
v -0.051951 0.946720 -0.266554
v -0.036038 0.925618 -0.269719
v -0.022748 0.897573 -0.272363
v -0.012749 0.863989 -0.274352
v -0.006542 0.826552 -0.275586
v -0.142232 0.964260 -0.230949
v -0.000000 0.787139 -0.230949
v -0.066532 0.959820 -0.230949
v -0.048445 0.946720 -0.230949
v -0.032219 0.925618 -0.230949
v -0.018670 0.897573 -0.230949
v -0.008475 0.863989 -0.230949
v -0.002146 0.826552 -0.230949
v -0.143937 0.964260 -0.213641
v -0.004438 0.787139 -0.185893
v -0.069691 0.959820 -0.198873
v -0.051951 0.946720 -0.195344
v -0.036038 0.925618 -0.192179
v -0.022748 0.897573 -0.189535
v -0.012749 0.863989 -0.187546
v -0.006542 0.826552 -0.186312
v -0.148985 0.964260 -0.196999
v -0.017580 0.787139 -0.142569
v -0.079047 0.959820 -0.168029
v -0.062337 0.946720 -0.161108
v -0.047347 0.925618 -0.154898
v -0.034828 0.897573 -0.149713
v -0.025410 0.863989 -0.145812
v -0.019562 0.826552 -0.143390
v -0.157184 0.964260 -0.181660
v -0.038922 0.787139 -0.102641
v -0.094241 0.959820 -0.139603
v -0.079202 0.946720 -0.129555
v -0.065711 0.925618 -0.120541
v -0.054445 0.897573 -0.113013
v -0.045968 0.863989 -0.107349
v -0.040706 0.826552 -0.103833
v -0.168217 0.964260 -0.168217
v -0.067644 0.787139 -0.067643
v -0.114688 0.959820 -0.114688
v -0.101899 0.946720 -0.101899
v -0.090426 0.925618 -0.090426
v -0.080845 0.897573 -0.080845
v -0.073636 0.863989 -0.073636
v -0.069161 0.826552 -0.069161
v -0.181661 0.964260 -0.157183
v -0.102641 0.787139 -0.038922
v -0.139604 0.959820 -0.094241
v -0.129555 0.946720 -0.079202
v -0.120541 0.925618 -0.065711
v -0.113013 0.897573 -0.054445
v -0.107349 0.863989 -0.045968
v -0.103833 0.826552 -0.040706
v -0.196999 0.964260 -0.148985
v -0.142569 0.787139 -0.017580
v -0.168029 0.959820 -0.079047
v -0.161108 0.946720 -0.062337
v -0.154899 0.925618 -0.047347
v -0.149713 0.897573 -0.034828
v -0.145812 0.863989 -0.025409
v -0.143390 0.826552 -0.019562
v -0.213641 0.964260 -0.143937
v -0.185893 0.787139 -0.004438
v -0.198873 0.959820 -0.069691
v -0.195344 0.946720 -0.051951
v -0.192179 0.925618 -0.036038
v -0.189536 0.897573 -0.022748
v -0.187547 0.863989 -0.012749
v -0.186312 0.826552 -0.006542
v -0.230949 0.964260 -0.142232
v -0.230949 0.787139 0.000000
v -0.230949 0.959820 -0.066531
v -0.230949 0.946720 -0.048444
v -0.230949 0.925618 -0.032219
v -0.230949 0.897573 -0.018669
v -0.230949 0.863989 -0.008474
v -0.230949 0.826552 -0.002146
v -0.248257 0.964260 -0.143937
v -0.276005 0.787139 -0.004438
v -0.263026 0.959820 -0.069691
v -0.266554 0.946720 -0.051951
v -0.269720 0.925618 -0.036038
v -0.272363 0.897573 -0.022748
v -0.274352 0.863989 -0.012749
v -0.275587 0.826552 -0.006542
v -0.264900 0.964260 -0.148985
v -0.319330 0.787139 -0.017580
v -0.293869 0.959820 -0.079047
v -0.300791 0.946720 -0.062337
v -0.307000 0.925618 -0.047347
v -0.312185 0.897573 -0.034828
v -0.316087 0.863989 -0.025409
v -0.318509 0.826552 -0.019562
v -0.280238 0.964260 -0.157183
v -0.359258 0.787139 -0.038922
v -0.322295 0.959820 -0.094241
v -0.332343 0.946720 -0.079202
v -0.341358 0.925618 -0.065711
v -0.348886 0.897573 -0.054445
v -0.354550 0.863989 -0.045968
v -0.358066 0.826552 -0.040706
v -0.293682 0.964260 -0.168217
v -0.394255 0.787139 -0.067643
v -0.347210 0.959820 -0.114688
v -0.360000 0.946720 -0.101899
v -0.371473 0.925618 -0.090426
v -0.381054 0.897573 -0.080845
v -0.388263 0.863989 -0.073636
v -0.392738 0.826552 -0.069161
v -0.304715 0.964260 -0.181660
v -0.422976 0.787139 -0.102641
v -0.367658 0.959820 -0.139603
v -0.382696 0.946720 -0.129555
v -0.396187 0.925618 -0.120541
v -0.407453 0.897573 -0.113013
v -0.415930 0.863989 -0.107349
v -0.421192 0.826552 -0.103833
v -0.312913 0.964260 -0.196999
v -0.444318 0.787139 -0.142569
v -0.382851 0.959820 -0.168029
v -0.399562 0.946720 -0.161108
v -0.414552 0.925618 -0.154898
v -0.427070 0.897573 -0.149713
v -0.436489 0.863989 -0.145812
v -0.442336 0.826552 -0.143390
v -0.317962 0.964260 -0.213641
v -0.457461 0.787139 -0.185893
v -0.392208 0.959820 -0.198873
v -0.409947 0.946720 -0.195344
v -0.425861 0.925618 -0.192179
v -0.439150 0.897573 -0.189535
v -0.449149 0.863989 -0.187546
v -0.455356 0.826552 -0.186312
v -0.319666 0.964260 -0.230949
v -0.461898 0.787139 -0.230949
v -0.395367 0.959820 -0.230949
v -0.413454 0.946720 -0.230949
v -0.429679 0.925618 -0.230949
v -0.443229 0.897573 -0.230949
v -0.453424 0.863989 -0.230949
v -0.459753 0.826552 -0.230949
v -0.317962 0.964260 -0.248257
v -0.457461 0.787139 -0.276005
v -0.392208 0.959820 -0.263025
v -0.409947 0.946720 -0.266554
v -0.425861 0.925618 -0.269719
v -0.439150 0.897573 -0.272363
v -0.449149 0.863989 -0.274352
v -0.455356 0.826552 -0.275586
v -0.312913 0.964260 -0.264900
v -0.444318 0.787139 -0.319330
v -0.382851 0.959820 -0.293869
v -0.399562 0.946720 -0.300791
v -0.414552 0.925618 -0.307000
v -0.427070 0.897573 -0.312185
v -0.436489 0.863989 -0.316087
v -0.442336 0.826552 -0.318508
v -0.304715 0.964260 -0.280238
v -0.422976 0.787139 -0.359258
v -0.367658 0.959820 -0.322295
v -0.382696 0.946720 -0.332343
v -0.396187 0.925618 -0.341358
v -0.407453 0.897573 -0.348885
v -0.415930 0.863989 -0.354549
v -0.421192 0.826552 -0.358066
v -0.293682 0.964260 -0.293682
v -0.394255 0.787139 -0.394255
v -0.347210 0.959820 -0.347210
v -0.360000 0.946720 -0.359999
v -0.371473 0.925618 -0.371472
v -0.381054 0.897573 -0.381054
v -0.388263 0.863989 -0.388262
v -0.392738 0.826552 -0.392738
v -0.280238 0.964260 -0.304715
v -0.359258 0.787139 -0.422976
v -0.322295 0.959820 -0.367657
v -0.332343 0.946720 -0.382696
v -0.341358 0.925618 -0.396187
v -0.348886 0.897573 -0.407453
v -0.354550 0.863989 -0.415930
v -0.358066 0.826552 -0.421192
v -0.264900 0.964260 -0.312913
v -0.319330 0.787139 -0.444318
v -0.293869 0.959820 -0.382851
v -0.300791 0.946720 -0.399561
v -0.307000 0.925618 -0.414552
v -0.312185 0.897573 -0.427070
v -0.316087 0.863989 -0.436489
v -0.318509 0.826552 -0.442336
v -0.248257 0.964260 -0.317962
v -0.276005 0.787139 -0.457461
v -0.263026 0.959820 -0.392208
v -0.266554 0.946720 -0.409947
v -0.269720 0.925618 -0.425860
v -0.272363 0.897573 -0.439150
v -0.274352 0.863989 -0.449149
v -0.275587 0.826552 -0.455356
v -0.230949 0.964260 -0.376325
v -0.202588 0.964260 -0.373532
v -0.175316 0.964260 -0.365259
v -0.150183 0.964260 -0.351825
v -0.128153 0.964260 -0.333745
v -0.110074 0.964260 -0.311716
v -0.096639 0.964260 -0.286582
v -0.088367 0.964260 -0.259310
v -0.085573 0.964260 -0.230949
v -0.088367 0.964260 -0.202588
v -0.096639 0.964260 -0.175316
v -0.110074 0.964260 -0.150183
v -0.128153 0.964260 -0.128153
v -0.150183 0.964260 -0.110073
v -0.175316 0.964260 -0.096639
v -0.202588 0.964260 -0.088367
v -0.230949 0.964260 -0.085573
v -0.259311 0.964260 -0.088367
v -0.286582 0.964260 -0.096639
v -0.311716 0.964260 -0.110073
v -0.333746 0.964260 -0.128153
v -0.351825 0.964260 -0.150183
v -0.365259 0.964260 -0.175316
v -0.373532 0.964260 -0.202588
v -0.376325 0.964260 -0.230949
v -0.373532 0.964260 -0.259310
v -0.365259 0.964260 -0.286582
v -0.351825 0.964260 -0.311716
v -0.333746 0.964260 -0.333745
v -0.311716 0.964260 -0.351825
v -0.286582 0.964260 -0.365259
v -0.259311 0.964260 -0.373532
v -0.230949 0.991336 -0.319666
v -0.213641 0.991336 -0.317962
v -0.196999 0.991336 -0.312913
v -0.181661 0.991336 -0.304715
v -0.168217 0.991336 -0.293682
v -0.157184 0.991336 -0.280238
v -0.148985 0.991336 -0.264900
v -0.143937 0.991336 -0.248257
v -0.142232 0.991336 -0.230949
v -0.143937 0.991336 -0.213641
v -0.148985 0.991336 -0.196999
v -0.157184 0.991336 -0.181660
v -0.168217 0.991336 -0.168217
v -0.181661 0.991336 -0.157183
v -0.196999 0.991336 -0.148985
v -0.213641 0.991336 -0.143937
v -0.230949 0.991336 -0.142232
v -0.248257 0.991336 -0.143937
v -0.264900 0.991336 -0.148985
v -0.280238 0.991336 -0.157183
v -0.293682 0.991336 -0.168217
v -0.304715 0.991336 -0.181660
v -0.312913 0.991336 -0.196999
v -0.317962 0.991336 -0.213641
v -0.319666 0.991336 -0.230949
v -0.317962 0.991336 -0.248257
v -0.312913 0.991336 -0.264900
v -0.304715 0.991336 -0.280238
v -0.293682 0.991336 -0.293682
v -0.280238 0.991336 -0.304715
v -0.264900 0.991336 -0.312913
v -0.248257 0.991336 -0.317962
v -0.230949 0.991336 -0.338903
v -0.209889 0.991336 -0.336829
v -0.189637 0.991336 -0.330686
v -0.170973 0.991336 -0.320710
v -0.154614 0.991336 -0.307284
v -0.141189 0.991336 -0.290925
v -0.131213 0.991336 -0.272261
v -0.125069 0.991336 -0.252010
v -0.122995 0.991336 -0.230949
v -0.125069 0.991336 -0.209888
v -0.131213 0.991336 -0.189637
v -0.141189 0.991336 -0.170973
v -0.154614 0.991336 -0.154614
v -0.170973 0.991336 -0.141188
v -0.189637 0.991336 -0.131212
v -0.209889 0.991336 -0.125069
v -0.230949 0.991336 -0.122995
v -0.252010 0.991336 -0.125069
v -0.272262 0.991336 -0.131212
v -0.290925 0.991336 -0.141188
v -0.307284 0.991336 -0.154614
v -0.320710 0.991336 -0.170973
v -0.330686 0.991336 -0.189637
v -0.336829 0.991336 -0.209888
v -0.338904 0.991336 -0.230949
v -0.336829 0.991336 -0.252010
v -0.330686 0.991336 -0.272261
v -0.320710 0.991336 -0.290925
v -0.307284 0.991336 -0.307284
v -0.290925 0.991336 -0.320710
v -0.272262 0.991336 -0.330686
v -0.252010 0.991336 -0.336829
v -0.230949 1.064125 -0.338903
v -0.209889 1.064125 -0.336829
v -0.189637 1.064125 -0.330686
v -0.170973 1.064125 -0.320710
v -0.154614 1.064125 -0.307284
v -0.141189 1.064125 -0.290925
v -0.131213 1.064125 -0.272261
v -0.125069 1.064125 -0.252010
v -0.122995 1.064125 -0.230949
v -0.125069 1.064125 -0.209888
v -0.131213 1.064125 -0.189637
v -0.141189 1.064125 -0.170973
v -0.154614 1.064125 -0.154614
v -0.170973 1.064125 -0.141188
v -0.189637 1.064125 -0.131212
v -0.209889 1.064125 -0.125069
v -0.230949 1.064125 -0.122995
v -0.252010 1.064125 -0.125069
v -0.272262 1.064125 -0.131212
v -0.290925 1.064125 -0.141188
v -0.307284 1.064125 -0.154614
v -0.320710 1.064125 -0.170973
v -0.330686 1.064125 -0.189637
v -0.336829 1.064125 -0.209888
v -0.338904 1.064125 -0.230949
v -0.336829 1.064125 -0.252010
v -0.330686 1.064125 -0.272261
v -0.320710 1.064125 -0.290925
v -0.307284 1.064125 -0.307284
v -0.290925 1.064125 -0.320710
v -0.272262 1.064125 -0.330686
v -0.252010 1.064125 -0.336829
v 0.230949 0.011042 -0.936595
v 0.276005 0.011042 -0.932157
v 0.319329 0.011042 -0.919015
v 0.359257 0.011042 -0.897673
v 0.394255 0.011042 -0.868951
v 0.422976 0.011042 -0.833954
v 0.444318 0.011042 -0.794026
v 0.457460 0.011042 -0.750701
v 0.461898 0.011042 -0.705645
v 0.457460 0.011042 -0.660590
v 0.444318 0.011042 -0.617265
v 0.422976 0.011042 -0.577337
v 0.394255 0.011042 -0.542340
v 0.359257 0.011042 -0.513618
v 0.319329 0.011042 -0.492276
v 0.276005 0.011042 -0.479134
v 0.230949 0.011042 -0.474696
v 0.185893 0.011042 -0.479134
v 0.142569 0.011042 -0.492276
v 0.102641 0.011042 -0.513618
v 0.067643 0.011042 -0.542340
v 0.038922 0.011042 -0.577337
v 0.017580 0.011042 -0.617265
v 0.004438 0.011042 -0.660590
v -0.000000 0.011042 -0.705645
v 0.004438 0.011042 -0.750701
v 0.017580 0.011042 -0.794026
v 0.038922 0.011042 -0.833954
v 0.067643 0.011042 -0.868951
v 0.102641 0.011042 -0.897673
v 0.142569 0.011042 -0.919015
v 0.185893 0.011042 -0.932157
v 0.230949 0.964260 -0.794363
v 0.230949 0.787139 -0.936595
v 0.230949 0.959820 -0.870063
v 0.230949 0.946720 -0.888150
v 0.230949 0.925618 -0.904375
v 0.230949 0.897573 -0.917925
v 0.230949 0.863989 -0.928120
v 0.230949 0.826552 -0.934449
v 0.248257 0.964260 -0.792658
v 0.276005 0.787139 -0.932157
v 0.263025 0.959820 -0.866904
v 0.266554 0.946720 -0.884643
v 0.269719 0.925618 -0.900557
v 0.272363 0.897573 -0.913846
v 0.274352 0.863989 -0.923845
v 0.275586 0.826552 -0.930053
v 0.264899 0.964260 -0.787609
v 0.319329 0.787139 -0.919015
v 0.293869 0.959820 -0.857547
v 0.300790 0.946720 -0.874258
v 0.307000 0.925618 -0.889248
v 0.312185 0.897573 -0.901766
v 0.316086 0.863989 -0.911185
v 0.318508 0.826552 -0.917032
v 0.280238 0.964260 -0.779411
v 0.359257 0.787139 -0.897673
v 0.322295 0.959820 -0.842354
v 0.332343 0.946720 -0.857393
v 0.341357 0.925618 -0.870883
v 0.348885 0.897573 -0.882150
v 0.354549 0.863989 -0.890626
v 0.358065 0.826552 -0.895889
v 0.293681 0.964260 -0.768378
v 0.394255 0.787139 -0.868951
v 0.347210 0.959820 -0.821906
v 0.359999 0.946720 -0.834696
v 0.371472 0.925618 -0.846169
v 0.381053 0.897573 -0.855750
v 0.388262 0.863989 -0.862959
v 0.392738 0.826552 -0.867434
v 0.304715 0.964260 -0.754934
v 0.422976 0.787139 -0.833954
v 0.367657 0.959820 -0.796991
v 0.382696 0.946720 -0.807040
v 0.396187 0.925618 -0.816054
v 0.407453 0.897573 -0.823582
v 0.415930 0.863989 -0.829246
v 0.421192 0.826552 -0.832762
v 0.312913 0.964260 -0.739596
v 0.444318 0.787139 -0.794026
v 0.382851 0.959820 -0.768565
v 0.399561 0.946720 -0.775487
v 0.414551 0.925618 -0.781696
v 0.427070 0.897573 -0.786881
v 0.436489 0.863989 -0.790783
v 0.442336 0.826552 -0.793205
v 0.317961 0.964260 -0.722953
v 0.457460 0.787139 -0.750701
v 0.392207 0.959820 -0.737722
v 0.409947 0.946720 -0.741250
v 0.425860 0.925618 -0.744416
v 0.439150 0.897573 -0.747059
v 0.449149 0.863989 -0.749048
v 0.455356 0.826552 -0.750283
v 0.319666 0.964260 -0.705645
v 0.461898 0.787139 -0.705645
v 0.395367 0.959820 -0.705645
v 0.413454 0.946720 -0.705645
v 0.429679 0.925618 -0.705645
v 0.443229 0.897573 -0.705645
v 0.453424 0.863989 -0.705645
v 0.459753 0.826552 -0.705645
v 0.317961 0.964260 -0.688338
v 0.457460 0.787139 -0.660590
v 0.392207 0.959820 -0.673569
v 0.409947 0.946720 -0.670041
v 0.425860 0.925618 -0.666875
v 0.439150 0.897573 -0.664232
v 0.449149 0.863989 -0.662243
v 0.455356 0.826552 -0.661008
v 0.312913 0.964260 -0.671695
v 0.444318 0.787139 -0.617265
v 0.382851 0.959820 -0.642726
v 0.399561 0.946720 -0.635804
v 0.414551 0.925618 -0.629595
v 0.427070 0.897573 -0.624409
v 0.436489 0.863989 -0.620508
v 0.442336 0.826552 -0.618086
v 0.304715 0.964260 -0.656357
v 0.422976 0.787139 -0.577337
v 0.367657 0.959820 -0.614300
v 0.382696 0.946720 -0.604251
v 0.396187 0.925618 -0.595237
v 0.407453 0.897573 -0.587709
v 0.415930 0.863989 -0.582045
v 0.421192 0.826552 -0.578529
v 0.293681 0.964260 -0.642913
v 0.394255 0.787139 -0.542340
v 0.347210 0.959820 -0.589385
v 0.359999 0.946720 -0.576595
v 0.371472 0.925618 -0.565122
v 0.381053 0.897573 -0.555541
v 0.388262 0.863989 -0.548332
v 0.392738 0.826552 -0.543857
v 0.280238 0.964260 -0.631880
v 0.359257 0.787139 -0.513618
v 0.322295 0.959820 -0.568937
v 0.332343 0.946720 -0.553898
v 0.341357 0.925618 -0.540408
v 0.348885 0.897573 -0.529141
v 0.354549 0.863989 -0.520665
v 0.358065 0.826552 -0.515402
v 0.264899 0.964260 -0.623681
v 0.319329 0.787139 -0.492276
v 0.293869 0.959820 -0.553743
v 0.300790 0.946720 -0.537033
v 0.307000 0.925618 -0.522043
v 0.312185 0.897573 -0.509525
v 0.316086 0.863989 -0.500106
v 0.318508 0.826552 -0.494258
v 0.248257 0.964260 -0.618633
v 0.276005 0.787139 -0.479134
v 0.263025 0.959820 -0.544387
v 0.266554 0.946720 -0.526648
v 0.269719 0.925618 -0.510734
v 0.272363 0.897573 -0.497445
v 0.274352 0.863989 -0.487446
v 0.275586 0.826552 -0.481238
v 0.230949 0.964260 -0.616928
v 0.230949 0.787139 -0.474696
v 0.230949 0.959820 -0.541228
v 0.230949 0.946720 -0.523141
v 0.230949 0.925618 -0.506916
v 0.230949 0.897573 -0.493366
v 0.230949 0.863989 -0.483171
v 0.230949 0.826552 -0.476842
v 0.213641 0.964260 -0.618633
v 0.185893 0.787139 -0.479134
v 0.198873 0.959820 -0.544387
v 0.195344 0.946720 -0.526648
v 0.192179 0.925618 -0.510734
v 0.189535 0.897573 -0.497445
v 0.187546 0.863989 -0.487446
v 0.186312 0.826552 -0.481238
v 0.196998 0.964260 -0.623681
v 0.142569 0.787139 -0.492276
v 0.168029 0.959820 -0.553743
v 0.161107 0.946720 -0.537033
v 0.154898 0.925618 -0.522043
v 0.149713 0.897573 -0.509525
v 0.145812 0.863989 -0.500106
v 0.143390 0.826552 -0.494258
v 0.181660 0.964260 -0.631880
v 0.102641 0.787139 -0.513618
v 0.139603 0.959820 -0.568937
v 0.129555 0.946720 -0.553898
v 0.120540 0.925618 -0.540408
v 0.113013 0.897573 -0.529141
v 0.107349 0.863989 -0.520665
v 0.103832 0.826552 -0.515402
v 0.168216 0.964260 -0.642913
v 0.067643 0.787139 -0.542340
v 0.114688 0.959820 -0.589385
v 0.101899 0.946720 -0.576595
v 0.090426 0.925618 -0.565122
v 0.080844 0.897573 -0.555541
v 0.073636 0.863989 -0.548332
v 0.069160 0.826552 -0.543857
v 0.157183 0.964260 -0.656357
v 0.038922 0.787139 -0.577337
v 0.094241 0.959820 -0.614300
v 0.079202 0.946720 -0.604251
v 0.065711 0.925618 -0.595237
v 0.054445 0.897573 -0.587709
v 0.045968 0.863989 -0.582045
v 0.040706 0.826552 -0.578529
v 0.148985 0.964260 -0.671695
v 0.017580 0.787139 -0.617265
v 0.079047 0.959820 -0.642726
v 0.062337 0.946720 -0.635804
v 0.047346 0.925618 -0.629595
v 0.034828 0.897573 -0.624409
v 0.025409 0.863989 -0.620508
v 0.019562 0.826552 -0.618086
v 0.143936 0.964260 -0.688338
v 0.004438 0.787139 -0.660590
v 0.069691 0.959820 -0.673569
v 0.051951 0.946720 -0.670041
v 0.036038 0.925618 -0.666875
v 0.022748 0.897573 -0.664232
v 0.012749 0.863989 -0.662243
v 0.006542 0.826552 -0.661008
v 0.142232 0.964260 -0.705645
v -0.000000 0.787139 -0.705645
v 0.066531 0.959820 -0.705645
v 0.048444 0.946720 -0.705645
v 0.032219 0.925618 -0.705645
v 0.018669 0.897573 -0.705645
v 0.008474 0.863989 -0.705645
v 0.002145 0.826552 -0.705645
v 0.143936 0.964260 -0.722953
v 0.004438 0.787139 -0.750701
v 0.069691 0.959820 -0.737722
v 0.051951 0.946720 -0.741250
v 0.036038 0.925618 -0.744416
v 0.022748 0.897573 -0.747059
v 0.012749 0.863989 -0.749048
v 0.006542 0.826552 -0.750283
v 0.148985 0.964260 -0.739596
v 0.017580 0.787139 -0.794026
v 0.079047 0.959820 -0.768565
v 0.062337 0.946720 -0.775487
v 0.047346 0.925618 -0.781696
v 0.034828 0.897573 -0.786881
v 0.025409 0.863989 -0.790783
v 0.019562 0.826552 -0.793205
v 0.157183 0.964260 -0.754934
v 0.038922 0.787139 -0.833954
v 0.094241 0.959820 -0.796991
v 0.079202 0.946720 -0.807040
v 0.065711 0.925618 -0.816054
v 0.054445 0.897573 -0.823582
v 0.045968 0.863989 -0.829246
v 0.040706 0.826552 -0.832762
v 0.168216 0.964260 -0.768378
v 0.067643 0.787139 -0.868951
v 0.114688 0.959820 -0.821906
v 0.101899 0.946720 -0.834696
v 0.090426 0.925618 -0.846169
v 0.080844 0.897573 -0.855750
v 0.073636 0.863989 -0.862959
v 0.069160 0.826552 -0.867434
v 0.181660 0.964260 -0.779411
v 0.102641 0.787139 -0.897673
v 0.139603 0.959820 -0.842354
v 0.129555 0.946720 -0.857393
v 0.120540 0.925618 -0.870883
v 0.113013 0.897573 -0.882150
v 0.107349 0.863989 -0.890626
v 0.103832 0.826552 -0.895889
v 0.196998 0.964260 -0.787609
v 0.142569 0.787139 -0.919015
v 0.168029 0.959820 -0.857547
v 0.161107 0.946720 -0.874258
v 0.154898 0.925618 -0.889248
v 0.149713 0.897573 -0.901766
v 0.145812 0.863989 -0.911185
v 0.143390 0.826552 -0.917032
v 0.213641 0.964260 -0.792658
v 0.185893 0.787139 -0.932157
v 0.198873 0.959820 -0.866904
v 0.195344 0.946720 -0.884643
v 0.192179 0.925618 -0.900557
v 0.189535 0.897573 -0.913846
v 0.187546 0.863989 -0.923845
v 0.186312 0.826552 -0.930053
v 0.230949 0.964260 -0.851021
v 0.259310 0.964260 -0.848228
v 0.286582 0.964260 -0.839955
v 0.311715 0.964260 -0.826521
v 0.333745 0.964260 -0.808442
v 0.351825 0.964260 -0.786412
v 0.365259 0.964260 -0.761278
v 0.373531 0.964260 -0.734007
v 0.376325 0.964260 -0.705645
v 0.373531 0.964260 -0.677284
v 0.365259 0.964260 -0.650012
v 0.351825 0.964260 -0.624879
v 0.333745 0.964260 -0.602849
v 0.311715 0.964260 -0.584770
v 0.286582 0.964260 -0.571336
v 0.259310 0.964260 -0.563063
v 0.230949 0.964260 -0.560270
v 0.202588 0.964260 -0.563063
v 0.175316 0.964260 -0.571336
v 0.150182 0.964260 -0.584770
v 0.128153 0.964260 -0.602849
v 0.110073 0.964260 -0.624879
v 0.096639 0.964260 -0.650012
v 0.088366 0.964260 -0.677284
v 0.085573 0.964260 -0.705645
v 0.088366 0.964260 -0.734007
v 0.096639 0.964260 -0.761278
v 0.110073 0.964260 -0.786412
v 0.128153 0.964260 -0.808442
v 0.150182 0.964260 -0.826521
v 0.175316 0.964260 -0.839955
v 0.202588 0.964260 -0.848228
v 0.230949 0.991336 -0.794363
v 0.248257 0.991336 -0.792658
v 0.264899 0.991336 -0.787609
v 0.280238 0.991336 -0.779411
v 0.293681 0.991336 -0.768378
v 0.304715 0.991336 -0.754934
v 0.312913 0.991336 -0.739596
v 0.317961 0.991336 -0.722953
v 0.319666 0.991336 -0.705645
v 0.317961 0.991336 -0.688338
v 0.312913 0.991336 -0.671695
v 0.304715 0.991336 -0.656357
v 0.293681 0.991336 -0.642913
v 0.280238 0.991336 -0.631880
v 0.264899 0.991336 -0.623681
v 0.248257 0.991336 -0.618633
v 0.230949 0.991336 -0.616928
v 0.213641 0.991336 -0.618633
v 0.196998 0.991336 -0.623681
v 0.181660 0.991336 -0.631880
v 0.168216 0.991336 -0.642913
v 0.157183 0.991336 -0.656357
v 0.148985 0.991336 -0.671695
v 0.143936 0.991336 -0.688338
v 0.142232 0.991336 -0.705645
v 0.143936 0.991336 -0.722953
v 0.148985 0.991336 -0.739596
v 0.157183 0.991336 -0.754934
v 0.168216 0.991336 -0.768378
v 0.181660 0.991336 -0.779411
v 0.196998 0.991336 -0.787609
v 0.213641 0.991336 -0.792658
v 0.230949 0.991336 -0.813600
v 0.252010 0.991336 -0.811525
v 0.272261 0.991336 -0.805382
v 0.290925 0.991336 -0.795406
v 0.307284 0.991336 -0.781981
v 0.320710 0.991336 -0.765622
v 0.330686 0.991336 -0.746958
v 0.336829 0.991336 -0.726706
v 0.338903 0.991336 -0.705645
v 0.336829 0.991336 -0.684585
v 0.330686 0.991336 -0.664333
v 0.320710 0.991336 -0.645669
v 0.307284 0.991336 -0.629310
v 0.290925 0.991336 -0.615885
v 0.272261 0.991336 -0.605909
v 0.252010 0.991336 -0.599765
v 0.230949 0.991336 -0.597691
v 0.209888 0.991336 -0.599765
v 0.189637 0.991336 -0.605909
v 0.170973 0.991336 -0.615885
v 0.154614 0.991336 -0.629310
v 0.141188 0.991336 -0.645669
v 0.131212 0.991336 -0.664333
v 0.125069 0.991336 -0.684585
v 0.122995 0.991336 -0.705645
v 0.125069 0.991336 -0.726706
v 0.131212 0.991336 -0.746958
v 0.141188 0.991336 -0.765622
v 0.154614 0.991336 -0.781981
v 0.170973 0.991336 -0.795406
v 0.189637 0.991336 -0.805382
v 0.209888 0.991336 -0.811525
v 0.230949 1.064125 -0.813600
v 0.252010 1.064125 -0.811525
v 0.272261 1.064125 -0.805382
v 0.290925 1.064125 -0.795406
v 0.307284 1.064125 -0.781981
v 0.320710 1.064125 -0.765622
v 0.330686 1.064125 -0.746958
v 0.336829 1.064125 -0.726706
v 0.338903 1.064125 -0.705645
v 0.336829 1.064125 -0.684585
v 0.330686 1.064125 -0.664333
v 0.320710 1.064125 -0.645669
v 0.307284 1.064125 -0.629310
v 0.290925 1.064125 -0.615885
v 0.272261 1.064125 -0.605909
v 0.252010 1.064125 -0.599765
v 0.230949 1.064125 -0.597691
v 0.209888 1.064125 -0.599765
v 0.189637 1.064125 -0.605909
v 0.170973 1.064125 -0.615885
v 0.154614 1.064125 -0.629310
v 0.141188 1.064125 -0.645669
v 0.131212 1.064125 -0.664333
v 0.125069 1.064125 -0.684585
v 0.122995 1.064125 -0.705645
v 0.125069 1.064125 -0.726706
v 0.131212 1.064125 -0.746958
v 0.141188 1.064125 -0.765622
v 0.154614 1.064125 -0.781981
v 0.170973 1.064125 -0.795406
v 0.189637 1.064125 -0.805382
v 0.209888 1.064125 -0.811525
v 0.230949 0.011041 -0.461898
v 0.276005 0.011041 -0.457461
v 0.319329 0.011041 -0.444318
v 0.359257 0.011041 -0.422976
v 0.394255 0.011041 -0.394255
v 0.422976 0.011041 -0.359258
v 0.444318 0.011041 -0.319330
v 0.457460 0.011041 -0.276005
v 0.461898 0.011041 -0.230949
v 0.457460 0.011041 -0.185893
v 0.444318 0.011041 -0.142569
v 0.422976 0.011041 -0.102641
v 0.394255 0.011041 -0.067643
v 0.359257 0.011041 -0.038922
v 0.319329 0.011041 -0.017580
v 0.276005 0.011041 -0.004438
v 0.230949 0.011041 0.000000
v 0.185893 0.011041 -0.004438
v 0.142569 0.011041 -0.017580
v 0.102640 0.011041 -0.038922
v 0.067643 0.011041 -0.067643
v 0.038922 0.011041 -0.102641
v 0.017580 0.011041 -0.142569
v 0.004437 0.011041 -0.185893
v -0.000000 0.011041 -0.230949
v 0.004437 0.011041 -0.276005
v 0.017580 0.011041 -0.319330
v 0.038922 0.011041 -0.359258
v 0.067643 0.011041 -0.394255
v 0.102640 0.011041 -0.422976
v 0.142569 0.011041 -0.444318
v 0.185893 0.011041 -0.457461
v 0.230949 0.964260 -0.319666
v 0.230949 0.787139 -0.461898
v 0.230949 0.959820 -0.395367
v 0.230949 0.946720 -0.413454
v 0.230949 0.925618 -0.429679
v 0.230949 0.897573 -0.443229
v 0.230949 0.863989 -0.453424
v 0.230949 0.826552 -0.459753
v 0.248257 0.964260 -0.317962
v 0.276005 0.787139 -0.457461
v 0.263025 0.959820 -0.392208
v 0.266554 0.946720 -0.409947
v 0.269719 0.925618 -0.425860
v 0.272363 0.897573 -0.439150
v 0.274352 0.863989 -0.449149
v 0.275586 0.826552 -0.455356
v 0.264899 0.964260 -0.312913
v 0.319329 0.787139 -0.444318
v 0.293869 0.959820 -0.382851
v 0.300790 0.946720 -0.399561
v 0.307000 0.925618 -0.414552
v 0.312185 0.897573 -0.427070
v 0.316086 0.863989 -0.436489
v 0.318508 0.826552 -0.442336
v 0.280238 0.964260 -0.304715
v 0.359257 0.787139 -0.422976
v 0.322295 0.959820 -0.367657
v 0.332343 0.946720 -0.382696
v 0.341357 0.925618 -0.396187
v 0.348885 0.897573 -0.407453
v 0.354549 0.863989 -0.415930
v 0.358065 0.826552 -0.421192
v 0.293681 0.964260 -0.293682
v 0.394255 0.787139 -0.394255
v 0.347210 0.959820 -0.347210
v 0.359999 0.946720 -0.359999
v 0.371472 0.925618 -0.371472
v 0.381053 0.897573 -0.381054
v 0.388262 0.863989 -0.388262
v 0.392738 0.826552 -0.392738
v 0.304715 0.964260 -0.280238
v 0.422976 0.787139 -0.359258
v 0.367657 0.959820 -0.322295
v 0.382696 0.946720 -0.332343
v 0.396187 0.925618 -0.341358
v 0.407453 0.897573 -0.348885
v 0.415930 0.863989 -0.354549
v 0.421192 0.826552 -0.358066
v 0.312913 0.964260 -0.264900
v 0.444318 0.787139 -0.319330
v 0.382851 0.959820 -0.293869
v 0.399561 0.946720 -0.300791
v 0.414551 0.925618 -0.307000
v 0.427070 0.897573 -0.312185
v 0.436489 0.863989 -0.316087
v 0.442336 0.826552 -0.318508
v 0.317961 0.964260 -0.248257
v 0.457460 0.787139 -0.276005
v 0.392207 0.959820 -0.263025
v 0.409947 0.946720 -0.266554
v 0.425860 0.925618 -0.269719
v 0.439150 0.897573 -0.272363
v 0.449149 0.863989 -0.274352
v 0.455356 0.826552 -0.275586
v 0.319666 0.964260 -0.230949
v 0.461898 0.787139 -0.230949
v 0.395367 0.959820 -0.230949
v 0.413454 0.946720 -0.230949
v 0.429679 0.925618 -0.230949
v 0.443229 0.897573 -0.230949
v 0.453424 0.863989 -0.230949
v 0.459753 0.826552 -0.230949
v 0.317961 0.964260 -0.213641
v 0.457460 0.787139 -0.185893
v 0.392207 0.959820 -0.198873
v 0.409947 0.946720 -0.195344
v 0.425860 0.925618 -0.192179
v 0.439150 0.897573 -0.189535
v 0.449149 0.863989 -0.187546
v 0.455356 0.826552 -0.186312
v 0.312913 0.964260 -0.196999
v 0.444318 0.787139 -0.142569
v 0.382851 0.959820 -0.168029
v 0.399561 0.946720 -0.161108
v 0.414551 0.925618 -0.154898
v 0.427070 0.897573 -0.149713
v 0.436489 0.863989 -0.145812
v 0.442336 0.826552 -0.143390
v 0.304715 0.964260 -0.181660
v 0.422976 0.787139 -0.102641
v 0.367657 0.959820 -0.139603
v 0.382696 0.946720 -0.129555
v 0.396187 0.925618 -0.120541
v 0.407453 0.897573 -0.113013
v 0.415930 0.863989 -0.107349
v 0.421192 0.826552 -0.103833
v 0.293681 0.964260 -0.168217
v 0.394255 0.787139 -0.067643
v 0.347210 0.959820 -0.114688
v 0.359999 0.946720 -0.101899
v 0.371472 0.925618 -0.090426
v 0.381053 0.897573 -0.080845
v 0.388262 0.863989 -0.073636
v 0.392738 0.826552 -0.069161
v 0.280238 0.964260 -0.157183
v 0.359257 0.787139 -0.038922
v 0.322295 0.959820 -0.094241
v 0.332343 0.946720 -0.079202
v 0.341357 0.925618 -0.065711
v 0.348885 0.897573 -0.054445
v 0.354549 0.863989 -0.045968
v 0.358065 0.826552 -0.040706
v 0.264899 0.964260 -0.148985
v 0.319329 0.787139 -0.017580
v 0.293869 0.959820 -0.079047
v 0.300790 0.946720 -0.062337
v 0.307000 0.925618 -0.047347
v 0.312185 0.897573 -0.034828
v 0.316086 0.863989 -0.025409
v 0.318508 0.826552 -0.019562
v 0.248257 0.964260 -0.143937
v 0.276005 0.787139 -0.004438
v 0.263025 0.959820 -0.069691
v 0.266554 0.946720 -0.051951
v 0.269719 0.925618 -0.036038
v 0.272363 0.897573 -0.022748
v 0.274352 0.863989 -0.012749
v 0.275586 0.826552 -0.006542
v 0.230949 0.964260 -0.142232
v 0.230949 0.787139 0.000000
v 0.230949 0.959820 -0.066531
v 0.230949 0.946720 -0.048444
v 0.230949 0.925618 -0.032219
v 0.230949 0.897573 -0.018669
v 0.230949 0.863989 -0.008474
v 0.230949 0.826552 -0.002146
v 0.213641 0.964260 -0.143937
v 0.185893 0.787139 -0.004438
v 0.198873 0.959820 -0.069691
v 0.195344 0.946720 -0.051951
v 0.192179 0.925618 -0.036038
v 0.189535 0.897573 -0.022748
v 0.187546 0.863989 -0.012749
v 0.186312 0.826552 -0.006542
v 0.196998 0.964260 -0.148985
v 0.142569 0.787139 -0.017580
v 0.168029 0.959820 -0.079047
v 0.161107 0.946720 -0.062337
v 0.154898 0.925618 -0.047347
v 0.149713 0.897573 -0.034828
v 0.145812 0.863989 -0.025409
v 0.143390 0.826552 -0.019562
v 0.181660 0.964260 -0.157183
v 0.102640 0.787139 -0.038922
v 0.139603 0.959820 -0.094241
v 0.129555 0.946720 -0.079202
v 0.120540 0.925618 -0.065711
v 0.113013 0.897573 -0.054445
v 0.107349 0.863989 -0.045968
v 0.103832 0.826552 -0.040706
v 0.168216 0.964260 -0.168217
v 0.067643 0.787139 -0.067643
v 0.114688 0.959820 -0.114688
v 0.101899 0.946720 -0.101899
v 0.090426 0.925618 -0.090426
v 0.080844 0.897573 -0.080845
v 0.073636 0.863989 -0.073636
v 0.069160 0.826552 -0.069161
v 0.157183 0.964260 -0.181660
v 0.038922 0.787139 -0.102641
v 0.094241 0.959820 -0.139603
v 0.079202 0.946720 -0.129555
v 0.065711 0.925618 -0.120541
v 0.054445 0.897573 -0.113013
v 0.045968 0.863989 -0.107349
v 0.040706 0.826552 -0.103833
v 0.148985 0.964260 -0.196999
v 0.017580 0.787139 -0.142569
v 0.079047 0.959820 -0.168029
v 0.062337 0.946720 -0.161108
v 0.047346 0.925618 -0.154898
v 0.034828 0.897573 -0.149713
v 0.025409 0.863989 -0.145812
v 0.019562 0.826552 -0.143390
v 0.143936 0.964260 -0.213641
v 0.004437 0.787139 -0.185893
v 0.069691 0.959820 -0.198873
v 0.051951 0.946720 -0.195344
v 0.036038 0.925618 -0.192179
v 0.022748 0.897573 -0.189535
v 0.012749 0.863989 -0.187546
v 0.006542 0.826552 -0.186312
v 0.142232 0.964260 -0.230949
v -0.000000 0.787139 -0.230949
v 0.066531 0.959820 -0.230949
v 0.048444 0.946720 -0.230949
v 0.032219 0.925618 -0.230949
v 0.018669 0.897573 -0.230949
v 0.008474 0.863989 -0.230949
v 0.002145 0.826552 -0.230949
v 0.143936 0.964260 -0.248257
v 0.004437 0.787139 -0.276005
v 0.069691 0.959820 -0.263025
v 0.051951 0.946720 -0.266554
v 0.036038 0.925618 -0.269719
v 0.022748 0.897573 -0.272363
v 0.012749 0.863989 -0.274352
v 0.006542 0.826552 -0.275586
v 0.148985 0.964260 -0.264900
v 0.017580 0.787139 -0.319330
v 0.079047 0.959820 -0.293869
v 0.062337 0.946720 -0.300791
v 0.047346 0.925618 -0.307000
v 0.034828 0.897573 -0.312185
v 0.025409 0.863989 -0.316087
v 0.019562 0.826552 -0.318508
v 0.157183 0.964260 -0.280238
v 0.038922 0.787139 -0.359258
v 0.094241 0.959820 -0.322295
v 0.079202 0.946720 -0.332343
v 0.065711 0.925618 -0.341358
v 0.054445 0.897573 -0.348885
v 0.045968 0.863989 -0.354549
v 0.040706 0.826552 -0.358066
v 0.168216 0.964260 -0.293682
v 0.067643 0.787139 -0.394255
v 0.114688 0.959820 -0.347210
v 0.101899 0.946720 -0.359999
v 0.090426 0.925618 -0.371472
v 0.080844 0.897573 -0.381054
v 0.073636 0.863989 -0.388262
v 0.069160 0.826552 -0.392738
v 0.181660 0.964260 -0.304715
v 0.102640 0.787139 -0.422976
v 0.139603 0.959820 -0.367657
v 0.129555 0.946720 -0.382696
v 0.120540 0.925618 -0.396187
v 0.113013 0.897573 -0.407453
v 0.107349 0.863989 -0.415930
v 0.103832 0.826552 -0.421192
v 0.196998 0.964260 -0.312913
v 0.142569 0.787139 -0.444318
v 0.168029 0.959820 -0.382851
v 0.161107 0.946720 -0.399561
v 0.154898 0.925618 -0.414552
v 0.149713 0.897573 -0.427070
v 0.145812 0.863989 -0.436489
v 0.143390 0.826552 -0.442336
v 0.213641 0.964260 -0.317962
v 0.185893 0.787139 -0.457461
v 0.198873 0.959820 -0.392208
v 0.195344 0.946720 -0.409947
v 0.192179 0.925618 -0.425860
v 0.189535 0.897573 -0.439150
v 0.187546 0.863989 -0.449149
v 0.186312 0.826552 -0.455356
v 0.230949 0.964260 -0.376325
v 0.259310 0.964260 -0.373532
v 0.286582 0.964260 -0.365259
v 0.311715 0.964260 -0.351825
v 0.333745 0.964260 -0.333745
v 0.351825 0.964260 -0.311716
v 0.365259 0.964260 -0.286582
v 0.373531 0.964260 -0.259310
v 0.376325 0.964260 -0.230949
v 0.373531 0.964260 -0.202588
v 0.365259 0.964260 -0.175316
v 0.351825 0.964260 -0.150183
v 0.333745 0.964260 -0.128153
v 0.311715 0.964260 -0.110073
v 0.286582 0.964260 -0.096639
v 0.259310 0.964260 -0.088367
v 0.230949 0.964260 -0.085573
v 0.202588 0.964260 -0.088367
v 0.175316 0.964260 -0.096639
v 0.150182 0.964260 -0.110073
v 0.128153 0.964260 -0.128153
v 0.110073 0.964260 -0.150183
v 0.096639 0.964260 -0.175316
v 0.088366 0.964260 -0.202588
v 0.085573 0.964260 -0.230949
v 0.088366 0.964260 -0.259310
v 0.096639 0.964260 -0.286582
v 0.110073 0.964260 -0.311716
v 0.128153 0.964260 -0.333745
v 0.150182 0.964260 -0.351825
v 0.175316 0.964260 -0.365259
v 0.202588 0.964260 -0.373532
v 0.230949 0.991336 -0.319666
v 0.248257 0.991336 -0.317962
v 0.264899 0.991336 -0.312913
v 0.280238 0.991336 -0.304715
v 0.293681 0.991336 -0.293682
v 0.304715 0.991336 -0.280238
v 0.312913 0.991336 -0.264900
v 0.317961 0.991336 -0.248257
v 0.319666 0.991336 -0.230949
v 0.317961 0.991336 -0.213641
v 0.312913 0.991336 -0.196999
v 0.304715 0.991336 -0.181660
v 0.293681 0.991336 -0.168217
v 0.280238 0.991336 -0.157183
v 0.264899 0.991336 -0.148985
v 0.248257 0.991336 -0.143937
v 0.230949 0.991336 -0.142232
v 0.213641 0.991336 -0.143937
v 0.196998 0.991336 -0.148985
v 0.181660 0.991336 -0.157183
v 0.168216 0.991336 -0.168217
v 0.157183 0.991336 -0.181660
v 0.148985 0.991336 -0.196999
v 0.143936 0.991336 -0.213641
v 0.142232 0.991336 -0.230949
v 0.143936 0.991336 -0.248257
v 0.148985 0.991336 -0.264900
v 0.157183 0.991336 -0.280238
v 0.168216 0.991336 -0.293682
v 0.181660 0.991336 -0.304715
v 0.196998 0.991336 -0.312913
v 0.213641 0.991336 -0.317962
v 0.230949 0.991336 -0.338903
v 0.252010 0.991336 -0.336829
v 0.272261 0.991336 -0.330686
v 0.290925 0.991336 -0.320710
v 0.307284 0.991336 -0.307284
v 0.320710 0.991336 -0.290925
v 0.330686 0.991336 -0.272261
v 0.336829 0.991336 -0.252010
v 0.338903 0.991336 -0.230949
v 0.336829 0.991336 -0.209888
v 0.330686 0.991336 -0.189637
v 0.320710 0.991336 -0.170973
v 0.307284 0.991336 -0.154614
v 0.290925 0.991336 -0.141188
v 0.272261 0.991336 -0.131212
v 0.252010 0.991336 -0.125069
v 0.230949 0.991336 -0.122995
v 0.209888 0.991336 -0.125069
v 0.189637 0.991336 -0.131212
v 0.170973 0.991336 -0.141188
v 0.154614 0.991336 -0.154614
v 0.141188 0.991336 -0.170973
v 0.131212 0.991336 -0.189637
v 0.125069 0.991336 -0.209888
v 0.122995 0.991336 -0.230949
v 0.125069 0.991336 -0.252010
v 0.131212 0.991336 -0.272261
v 0.141188 0.991336 -0.290925
v 0.154614 0.991336 -0.307284
v 0.170973 0.991336 -0.320710
v 0.189637 0.991336 -0.330686
v 0.209888 0.991336 -0.336829
v 0.230949 1.064125 -0.338903
v 0.252010 1.064125 -0.336829
v 0.272261 1.064125 -0.330686
v 0.290925 1.064125 -0.320710
v 0.307284 1.064125 -0.307284
v 0.320710 1.064125 -0.290925
v 0.330686 1.064125 -0.272261
v 0.336829 1.064125 -0.252010
v 0.338903 1.064125 -0.230949
v 0.336829 1.064125 -0.209888
v 0.330686 1.064125 -0.189637
v 0.320710 1.064125 -0.170973
v 0.307284 1.064125 -0.154614
v 0.290925 1.064125 -0.141188
v 0.272261 1.064125 -0.131212
v 0.252010 1.064125 -0.125069
v 0.230949 1.064125 -0.122995
v 0.209888 1.064125 -0.125069
v 0.189637 1.064125 -0.131212
v 0.170973 1.064125 -0.141188
v 0.154614 1.064125 -0.154614
v 0.141188 1.064125 -0.170973
v 0.131212 1.064125 -0.189637
v 0.125069 1.064125 -0.209888
v 0.122995 1.064125 -0.230949
v 0.125069 1.064125 -0.252010
v 0.131212 1.064125 -0.272261
v 0.141188 1.064125 -0.290925
v 0.154614 1.064125 -0.307284
v 0.170973 1.064125 -0.320710
v 0.189637 1.064125 -0.330686
v 0.209888 1.064125 -0.336829
v 0.692847 0.011042 -0.936595
v 0.737903 0.011042 -0.932157
v 0.781228 0.011042 -0.919015
v 0.821156 0.011042 -0.897673
v 0.856153 0.011042 -0.868951
v 0.884874 0.011042 -0.833954
v 0.906216 0.011042 -0.794026
v 0.919359 0.011042 -0.750701
v 0.923796 0.011042 -0.705645
v 0.919359 0.011042 -0.660590
v 0.906216 0.011042 -0.617265
v 0.884874 0.011042 -0.577337
v 0.856153 0.011042 -0.542340
v 0.821156 0.011042 -0.513618
v 0.781228 0.011042 -0.492276
v 0.737903 0.011042 -0.479134
v 0.692847 0.011042 -0.474696
v 0.647791 0.011042 -0.479134
v 0.604467 0.011042 -0.492276
v 0.564539 0.011042 -0.513618
v 0.529541 0.011042 -0.542340
v 0.500820 0.011042 -0.577337
v 0.479478 0.011042 -0.617265
v 0.466336 0.011042 -0.660590
v 0.461898 0.011042 -0.705645
v 0.466336 0.011042 -0.750701
v 0.479478 0.011042 -0.794026
v 0.500820 0.011042 -0.833954
v 0.529541 0.011042 -0.868951
v 0.564539 0.011042 -0.897673
v 0.604467 0.011042 -0.919015
v 0.647791 0.011042 -0.932157
v 0.692847 0.964260 -0.794363
v 0.692847 0.787139 -0.936595
v 0.692847 0.959820 -0.870063
v 0.692847 0.946720 -0.888150
v 0.692847 0.925618 -0.904375
v 0.692847 0.897573 -0.917925
v 0.692847 0.863989 -0.928120
v 0.692847 0.826552 -0.934449
v 0.710155 0.964260 -0.792658
v 0.737903 0.787139 -0.932157
v 0.724923 0.959820 -0.866904
v 0.728452 0.946720 -0.884643
v 0.731617 0.925618 -0.900557
v 0.734261 0.897573 -0.913846
v 0.736250 0.863989 -0.923845
v 0.737485 0.826552 -0.930053
v 0.726798 0.964260 -0.787609
v 0.781228 0.787139 -0.919015
v 0.755767 0.959820 -0.857547
v 0.762689 0.946720 -0.874258
v 0.768898 0.925618 -0.889248
v 0.774083 0.897573 -0.901766
v 0.777985 0.863989 -0.911185
v 0.780407 0.826552 -0.917032
v 0.742136 0.964260 -0.779411
v 0.821156 0.787139 -0.897673
v 0.784193 0.959820 -0.842354
v 0.794241 0.946720 -0.857393
v 0.803256 0.925618 -0.870883
v 0.810783 0.897573 -0.882150
v 0.816447 0.863989 -0.890626
v 0.819964 0.826552 -0.895889
v 0.755580 0.964260 -0.768378
v 0.856153 0.787139 -0.868951
v 0.809108 0.959820 -0.821906
v 0.821898 0.946720 -0.834696
v 0.833370 0.925618 -0.846169
v 0.842952 0.897573 -0.855750
v 0.850161 0.863989 -0.862959
v 0.854636 0.826552 -0.867434
v 0.766613 0.964260 -0.754934
v 0.884874 0.787139 -0.833954
v 0.829555 0.959820 -0.796991
v 0.844594 0.946720 -0.807040
v 0.858085 0.925618 -0.816054
v 0.869351 0.897573 -0.823582
v 0.877828 0.863989 -0.829246
v 0.883090 0.826552 -0.832762
v 0.774811 0.964260 -0.739596
v 0.906216 0.787139 -0.794026
v 0.844749 0.959820 -0.768565
v 0.861459 0.946720 -0.775487
v 0.876450 0.925618 -0.781696
v 0.888968 0.897573 -0.786881
v 0.898387 0.863989 -0.790783
v 0.904234 0.826552 -0.793205
v 0.779860 0.964260 -0.722953
v 0.919359 0.787139 -0.750701
v 0.854106 0.959820 -0.737722
v 0.871845 0.946720 -0.741250
v 0.887758 0.925618 -0.744416
v 0.901048 0.897573 -0.747059
v 0.911047 0.863989 -0.749048
v 0.917254 0.826552 -0.750283
v 0.781564 0.964260 -0.705645
v 0.923796 0.787139 -0.705645
v 0.857265 0.959820 -0.705645
v 0.875352 0.946720 -0.705645
v 0.891577 0.925618 -0.705645
v 0.905127 0.897573 -0.705645
v 0.915322 0.863989 -0.705645
v 0.921651 0.826552 -0.705645
v 0.779860 0.964260 -0.688338
v 0.919359 0.787139 -0.660590
v 0.854106 0.959820 -0.673569
v 0.871845 0.946720 -0.670041
v 0.887758 0.925618 -0.666875
v 0.901048 0.897573 -0.664232
v 0.911047 0.863989 -0.662243
v 0.917254 0.826552 -0.661008
v 0.774811 0.964260 -0.671695
v 0.906216 0.787139 -0.617265
v 0.844749 0.959820 -0.642726
v 0.861459 0.946720 -0.635804
v 0.876450 0.925618 -0.629595
v 0.888968 0.897573 -0.624409
v 0.898387 0.863989 -0.620508
v 0.904234 0.826552 -0.618086
v 0.766613 0.964260 -0.656357
v 0.884874 0.787139 -0.577337
v 0.829555 0.959820 -0.614300
v 0.844594 0.946720 -0.604251
v 0.858085 0.925618 -0.595237
v 0.869351 0.897573 -0.587709
v 0.877828 0.863989 -0.582045
v 0.883090 0.826552 -0.578529
v 0.755580 0.964260 -0.642913
v 0.856153 0.787139 -0.542340
v 0.809108 0.959820 -0.589385
v 0.821898 0.946720 -0.576595
v 0.833370 0.925618 -0.565122
v 0.842952 0.897573 -0.555541
v 0.850161 0.863989 -0.548332
v 0.854636 0.826552 -0.543857
v 0.742136 0.964260 -0.631880
v 0.821156 0.787139 -0.513618
v 0.784193 0.959820 -0.568937
v 0.794241 0.946720 -0.553898
v 0.803256 0.925618 -0.540408
v 0.810783 0.897573 -0.529141
v 0.816447 0.863989 -0.520665
v 0.819964 0.826552 -0.515402
v 0.726798 0.964260 -0.623681
v 0.781228 0.787139 -0.492276
v 0.755767 0.959820 -0.553743
v 0.762689 0.946720 -0.537033
v 0.768898 0.925618 -0.522043
v 0.774083 0.897573 -0.509525
v 0.777985 0.863989 -0.500106
v 0.780407 0.826552 -0.494258
v 0.710155 0.964260 -0.618633
v 0.737903 0.787139 -0.479134
v 0.724923 0.959820 -0.544387
v 0.728452 0.946720 -0.526648
v 0.731617 0.925618 -0.510734
v 0.734261 0.897573 -0.497445
v 0.736250 0.863989 -0.487446
v 0.737485 0.826552 -0.481238
v 0.692847 0.964260 -0.616928
v 0.692847 0.787139 -0.474696
v 0.692847 0.959820 -0.541228
v 0.692847 0.946720 -0.523141
v 0.692847 0.925618 -0.506916
v 0.692847 0.897573 -0.493366
v 0.692847 0.863989 -0.483171
v 0.692847 0.826552 -0.476842
v 0.675539 0.964260 -0.618633
v 0.647791 0.787139 -0.479134
v 0.660771 0.959820 -0.544387
v 0.657242 0.946720 -0.526648
v 0.654077 0.925618 -0.510734
v 0.651433 0.897573 -0.497445
v 0.649445 0.863989 -0.487446
v 0.648210 0.826552 -0.481238
v 0.658897 0.964260 -0.623681
v 0.604467 0.787139 -0.492276
v 0.629927 0.959820 -0.553743
v 0.623006 0.946720 -0.537033
v 0.616796 0.925618 -0.522043
v 0.611611 0.897573 -0.509525
v 0.607710 0.863989 -0.500106
v 0.605288 0.826552 -0.494258
v 0.643559 0.964260 -0.631880
v 0.564539 0.787139 -0.513618
v 0.601502 0.959820 -0.568937
v 0.591453 0.946720 -0.553898
v 0.582439 0.925618 -0.540408
v 0.574911 0.897573 -0.529141
v 0.569247 0.863989 -0.520665
v 0.565731 0.826552 -0.515402
v 0.630115 0.964260 -0.642913
v 0.529541 0.787139 -0.542340
v 0.576586 0.959820 -0.589385
v 0.563797 0.946720 -0.576595
v 0.552324 0.925618 -0.565122
v 0.542743 0.897573 -0.555541
v 0.535534 0.863989 -0.548332
v 0.531059 0.826552 -0.543857
v 0.619082 0.964260 -0.656357
v 0.500820 0.787139 -0.577337
v 0.556139 0.959820 -0.614300
v 0.541100 0.946720 -0.604251
v 0.527609 0.925618 -0.595237
v 0.516343 0.897573 -0.587709
v 0.507866 0.863989 -0.582045
v 0.502604 0.826552 -0.578529
v 0.610883 0.964260 -0.671695
v 0.479478 0.787139 -0.617265
v 0.540945 0.959820 -0.642726
v 0.524235 0.946720 -0.635804
v 0.509245 0.925618 -0.629595
v 0.496726 0.897573 -0.624409
v 0.487307 0.863989 -0.620508
v 0.481460 0.826552 -0.618086
v 0.605835 0.964260 -0.688338
v 0.466336 0.787139 -0.660590
v 0.531589 0.959820 -0.673569
v 0.513849 0.946720 -0.670041
v 0.497936 0.925618 -0.666875
v 0.484646 0.897573 -0.664232
v 0.474647 0.863989 -0.662243
v 0.468440 0.826552 -0.661008
v 0.604130 0.964260 -0.705645
v 0.461898 0.787139 -0.705645
v 0.528430 0.959820 -0.705645
v 0.510342 0.946720 -0.705645
v 0.494117 0.925618 -0.705645
v 0.480567 0.897573 -0.705645
v 0.470372 0.863989 -0.705645
v 0.464044 0.826552 -0.705645
v 0.605835 0.964260 -0.722953
v 0.466336 0.787139 -0.750701
v 0.531589 0.959820 -0.737722
v 0.513849 0.946720 -0.741250
v 0.497936 0.925618 -0.744416
v 0.484646 0.897573 -0.747059
v 0.474647 0.863989 -0.749048
v 0.468440 0.826552 -0.750283
v 0.610883 0.964260 -0.739596
v 0.479478 0.787139 -0.794026
v 0.540945 0.959820 -0.768565
v 0.524235 0.946720 -0.775487
v 0.509245 0.925618 -0.781696
v 0.496726 0.897573 -0.786881
v 0.487307 0.863989 -0.790783
v 0.481460 0.826552 -0.793205
v 0.619082 0.964260 -0.754934
v 0.500820 0.787139 -0.833954
v 0.556139 0.959820 -0.796991
v 0.541100 0.946720 -0.807040
v 0.527609 0.925618 -0.816054
v 0.516343 0.897573 -0.823582
v 0.507866 0.863989 -0.829246
v 0.502604 0.826552 -0.832762
v 0.630115 0.964260 -0.768378
v 0.529541 0.787139 -0.868951
v 0.576586 0.959820 -0.821906
v 0.563797 0.946720 -0.834696
v 0.552324 0.925618 -0.846169
v 0.542743 0.897573 -0.855750
v 0.535534 0.863989 -0.862959
v 0.531059 0.826552 -0.867434
v 0.643559 0.964260 -0.779411
v 0.564539 0.787139 -0.897673
v 0.601502 0.959820 -0.842354
v 0.591453 0.946720 -0.857393
v 0.582439 0.925618 -0.870883
v 0.574911 0.897573 -0.882150
v 0.569247 0.863989 -0.890626
v 0.565731 0.826552 -0.895889
v 0.658897 0.964260 -0.787609
v 0.604467 0.787139 -0.919015
v 0.629927 0.959820 -0.857547
v 0.623006 0.946720 -0.874258
v 0.616796 0.925618 -0.889248
v 0.611611 0.897573 -0.901766
v 0.607710 0.863989 -0.911185
v 0.605288 0.826552 -0.917032
v 0.675539 0.964260 -0.792658
v 0.647791 0.787139 -0.932157
v 0.660771 0.959820 -0.866904
v 0.657242 0.946720 -0.884643
v 0.654077 0.925618 -0.900557
v 0.651433 0.897573 -0.913846
v 0.649445 0.863989 -0.923845
v 0.648210 0.826552 -0.930053
v 0.692847 0.964260 -0.851021
v 0.721209 0.964260 -0.848228
v 0.748480 0.964260 -0.839955
v 0.773614 0.964260 -0.826521
v 0.795643 0.964260 -0.808442
v 0.813723 0.964260 -0.786412
v 0.827157 0.964260 -0.761278
v 0.835430 0.964260 -0.734007
v 0.838223 0.964260 -0.705645
v 0.835430 0.964260 -0.677284
v 0.827157 0.964260 -0.650012
v 0.813723 0.964260 -0.624879
v 0.795643 0.964260 -0.602849
v 0.773614 0.964260 -0.584770
v 0.748480 0.964260 -0.571336
v 0.721209 0.964260 -0.563063
v 0.692847 0.964260 -0.560270
v 0.664486 0.964260 -0.563063
v 0.637214 0.964260 -0.571336
v 0.612081 0.964260 -0.584770
v 0.590051 0.964260 -0.602849
v 0.571972 0.964260 -0.624879
v 0.558537 0.964260 -0.650012
v 0.550265 0.964260 -0.677284
v 0.547471 0.964260 -0.705645
v 0.550265 0.964260 -0.734007
v 0.558537 0.964260 -0.761278
v 0.571972 0.964260 -0.786412
v 0.590051 0.964260 -0.808442
v 0.612081 0.964260 -0.826521
v 0.637214 0.964260 -0.839955
v 0.664486 0.964260 -0.848228
v 0.692847 0.991336 -0.794363
v 0.710155 0.991336 -0.792658
v 0.726798 0.991336 -0.787609
v 0.742136 0.991336 -0.779411
v 0.755580 0.991336 -0.768378
v 0.766613 0.991336 -0.754934
v 0.774811 0.991336 -0.739596
v 0.779860 0.991336 -0.722953
v 0.781564 0.991336 -0.705645
v 0.779860 0.991336 -0.688338
v 0.774811 0.991336 -0.671695
v 0.766613 0.991336 -0.656357
v 0.755580 0.991336 -0.642913
v 0.742136 0.991336 -0.631880
v 0.726798 0.991336 -0.623681
v 0.710155 0.991336 -0.618633
v 0.692847 0.991336 -0.616928
v 0.675539 0.991336 -0.618633
v 0.658897 0.991336 -0.623681
v 0.643559 0.991336 -0.631880
v 0.630115 0.991336 -0.642913
v 0.619082 0.991336 -0.656357
v 0.610883 0.991336 -0.671695
v 0.605835 0.991336 -0.688338
v 0.604130 0.991336 -0.705645
v 0.605835 0.991336 -0.722953
v 0.610883 0.991336 -0.739596
v 0.619082 0.991336 -0.754934
v 0.630115 0.991336 -0.768378
v 0.643559 0.991336 -0.779411
v 0.658897 0.991336 -0.787609
v 0.675539 0.991336 -0.792658
v 0.692847 0.991336 -0.813600
v 0.713908 0.991336 -0.811525
v 0.734159 0.991336 -0.805382
v 0.752823 0.991336 -0.795406
v 0.769182 0.991336 -0.781981
v 0.782608 0.991336 -0.765622
v 0.792584 0.991336 -0.746958
v 0.798727 0.991336 -0.726706
v 0.800801 0.991336 -0.705645
v 0.798727 0.991336 -0.684585
v 0.792584 0.991336 -0.664333
v 0.782608 0.991336 -0.645669
v 0.769182 0.991336 -0.629310
v 0.752823 0.991336 -0.615885
v 0.734159 0.991336 -0.605909
v 0.713908 0.991336 -0.599765
v 0.692847 0.991336 -0.597691
v 0.671786 0.991336 -0.599765
v 0.651535 0.991336 -0.605909
v 0.632871 0.991336 -0.615885
v 0.616512 0.991336 -0.629310
v 0.603086 0.991336 -0.645669
v 0.593110 0.991336 -0.664333
v 0.586967 0.991336 -0.684585
v 0.584893 0.991336 -0.705645
v 0.586967 0.991336 -0.726706
v 0.593110 0.991336 -0.746958
v 0.603086 0.991336 -0.765622
v 0.616512 0.991336 -0.781981
v 0.632871 0.991336 -0.795406
v 0.651535 0.991336 -0.805382
v 0.671786 0.991336 -0.811525
v 0.692847 1.064125 -0.813600
v 0.713908 1.064125 -0.811525
v 0.734159 1.064125 -0.805382
v 0.752823 1.064125 -0.795406
v 0.769182 1.064125 -0.781981
v 0.782608 1.064125 -0.765622
v 0.792584 1.064125 -0.746958
v 0.798727 1.064125 -0.726706
v 0.800801 1.064125 -0.705645
v 0.798727 1.064125 -0.684585
v 0.792584 1.064125 -0.664333
v 0.782608 1.064125 -0.645669
v 0.769182 1.064125 -0.629310
v 0.752823 1.064125 -0.615885
v 0.734159 1.064125 -0.605909
v 0.713908 1.064125 -0.599765
v 0.692847 1.064125 -0.597691
v 0.671786 1.064125 -0.599765
v 0.651535 1.064125 -0.605909
v 0.632871 1.064125 -0.615885
v 0.616512 1.064125 -0.629310
v 0.603086 1.064125 -0.645669
v 0.593110 1.064125 -0.664333
v 0.586967 1.064125 -0.684585
v 0.584893 1.064125 -0.705645
v 0.586967 1.064125 -0.726706
v 0.593110 1.064125 -0.746958
v 0.603086 1.064125 -0.765622
v 0.616512 1.064125 -0.781981
v 0.632871 1.064125 -0.795406
v 0.651535 1.064125 -0.805382
v 0.671786 1.064125 -0.811525
v 0.692847 0.011041 -0.461898
v 0.737903 0.011041 -0.457461
v 0.781228 0.011041 -0.444318
v 0.821156 0.011041 -0.422976
v 0.856153 0.011041 -0.394255
v 0.884874 0.011041 -0.359258
v 0.906216 0.011041 -0.319330
v 0.919359 0.011041 -0.276005
v 0.923796 0.011041 -0.230949
v 0.919359 0.011041 -0.185893
v 0.906216 0.011041 -0.142569
v 0.884874 0.011041 -0.102641
v 0.856153 0.011041 -0.067643
v 0.821156 0.011041 -0.038922
v 0.781228 0.011041 -0.017580
v 0.737903 0.011041 -0.004438
v 0.692847 0.011041 0.000000
v 0.647791 0.011041 -0.004438
v 0.604467 0.011041 -0.017580
v 0.564539 0.011041 -0.038922
v 0.529541 0.011041 -0.067643
v 0.500820 0.011041 -0.102641
v 0.479478 0.011041 -0.142569
v 0.466336 0.011041 -0.185893
v 0.461898 0.011041 -0.230949
v 0.466336 0.011041 -0.276005
v 0.479478 0.011041 -0.319330
v 0.500820 0.011041 -0.359258
v 0.529541 0.011041 -0.394255
v 0.564539 0.011041 -0.422976
v 0.604467 0.011041 -0.444318
v 0.647791 0.011041 -0.457461
v 0.692847 0.964260 -0.319666
v 0.692847 0.787139 -0.461898
v 0.692847 0.959820 -0.395367
v 0.692847 0.946720 -0.413454
v 0.692847 0.925618 -0.429679
v 0.692847 0.897573 -0.443229
v 0.692847 0.863989 -0.453424
v 0.692847 0.826552 -0.459753
v 0.710155 0.964260 -0.317962
v 0.737903 0.787139 -0.457461
v 0.724923 0.959820 -0.392208
v 0.728452 0.946720 -0.409947
v 0.731617 0.925618 -0.425860
v 0.734261 0.897573 -0.439150
v 0.736250 0.863989 -0.449149
v 0.737485 0.826552 -0.455356
v 0.726798 0.964260 -0.312913
v 0.781228 0.787139 -0.444318
v 0.755767 0.959820 -0.382851
v 0.762689 0.946720 -0.399561
v 0.768898 0.925618 -0.414552
v 0.774083 0.897573 -0.427070
v 0.777985 0.863989 -0.436489
v 0.780407 0.826552 -0.442336
v 0.742136 0.964260 -0.304715
v 0.821156 0.787139 -0.422976
v 0.784193 0.959820 -0.367657
v 0.794241 0.946720 -0.382696
v 0.803256 0.925618 -0.396187
v 0.810783 0.897573 -0.407453
v 0.816447 0.863989 -0.415930
v 0.819964 0.826552 -0.421192
v 0.755580 0.964260 -0.293682
v 0.856153 0.787139 -0.394255
v 0.809108 0.959820 -0.347210
v 0.821898 0.946720 -0.359999
v 0.833370 0.925618 -0.371472
v 0.842952 0.897573 -0.381054
v 0.850161 0.863989 -0.388262
v 0.854636 0.826552 -0.392738
v 0.766613 0.964260 -0.280238
v 0.884874 0.787139 -0.359258
v 0.829555 0.959820 -0.322295
v 0.844594 0.946720 -0.332343
v 0.858085 0.925618 -0.341358
v 0.869351 0.897573 -0.348885
v 0.877828 0.863989 -0.354549
v 0.883090 0.826552 -0.358066
v 0.774811 0.964260 -0.264900
v 0.906216 0.787139 -0.319330
v 0.844749 0.959820 -0.293869
v 0.861459 0.946720 -0.300791
v 0.876450 0.925618 -0.307000
v 0.888968 0.897573 -0.312185
v 0.898387 0.863989 -0.316087
v 0.904234 0.826552 -0.318508
v 0.779860 0.964260 -0.248257
v 0.919359 0.787139 -0.276005
v 0.854106 0.959820 -0.263025
v 0.871845 0.946720 -0.266554
v 0.887758 0.925618 -0.269719
v 0.901048 0.897573 -0.272363
v 0.911047 0.863989 -0.274352
v 0.917254 0.826552 -0.275586
v 0.781564 0.964260 -0.230949
v 0.923796 0.787139 -0.230949
v 0.857265 0.959820 -0.230949
v 0.875352 0.946720 -0.230949
v 0.891577 0.925618 -0.230949
v 0.905127 0.897573 -0.230949
v 0.915322 0.863989 -0.230949
v 0.921651 0.826552 -0.230949
v 0.779860 0.964260 -0.213641
v 0.919359 0.787139 -0.185893
v 0.854106 0.959820 -0.198873
v 0.871845 0.946720 -0.195344
v 0.887758 0.925618 -0.192179
v 0.901048 0.897573 -0.189535
v 0.911047 0.863989 -0.187546
v 0.917254 0.826552 -0.186312
v 0.774811 0.964260 -0.196999
v 0.906216 0.787139 -0.142569
v 0.844749 0.959820 -0.168029
v 0.861459 0.946720 -0.161108
v 0.876450 0.925618 -0.154898
v 0.888968 0.897573 -0.149713
v 0.898387 0.863989 -0.145812
v 0.904234 0.826552 -0.143390
v 0.766613 0.964260 -0.181660
v 0.884874 0.787139 -0.102641
v 0.829555 0.959820 -0.139603
v 0.844594 0.946720 -0.129555
v 0.858085 0.925618 -0.120541
v 0.869351 0.897573 -0.113013
v 0.877828 0.863989 -0.107349
v 0.883090 0.826552 -0.103833
v 0.755580 0.964260 -0.168217
v 0.856153 0.787139 -0.067643
v 0.809108 0.959820 -0.114688
v 0.821898 0.946720 -0.101899
v 0.833370 0.925618 -0.090426
v 0.842952 0.897573 -0.080845
v 0.850161 0.863989 -0.073636
v 0.854636 0.826552 -0.069161
v 0.742136 0.964260 -0.157183
v 0.821156 0.787139 -0.038922
v 0.784193 0.959820 -0.094241
v 0.794241 0.946720 -0.079202
v 0.803256 0.925618 -0.065711
v 0.810783 0.897573 -0.054445
v 0.816447 0.863989 -0.045968
v 0.819964 0.826552 -0.040706
v 0.726798 0.964260 -0.148985
v 0.781228 0.787139 -0.017580
v 0.755767 0.959820 -0.079047
v 0.762689 0.946720 -0.062337
v 0.768898 0.925618 -0.047347
v 0.774083 0.897573 -0.034828
v 0.777985 0.863989 -0.025409
v 0.780407 0.826552 -0.019562
v 0.710155 0.964260 -0.143937
v 0.737903 0.787139 -0.004438
v 0.724923 0.959820 -0.069691
v 0.728452 0.946720 -0.051951
v 0.731617 0.925618 -0.036038
v 0.734261 0.897573 -0.022748
v 0.736250 0.863989 -0.012749
v 0.737485 0.826552 -0.006542
v 0.692847 0.964260 -0.142232
v 0.692847 0.787139 0.000000
v 0.692847 0.959820 -0.066531
v 0.692847 0.946720 -0.048444
v 0.692847 0.925618 -0.032219
v 0.692847 0.897573 -0.018669
v 0.692847 0.863989 -0.008474
v 0.692847 0.826552 -0.002146
v 0.675539 0.964260 -0.143937
v 0.647791 0.787139 -0.004438
v 0.660771 0.959820 -0.069691
v 0.657242 0.946720 -0.051951
v 0.654077 0.925618 -0.036038
v 0.651433 0.897573 -0.022748
v 0.649445 0.863989 -0.012749
v 0.648210 0.826552 -0.006542
v 0.658897 0.964260 -0.148985
v 0.604467 0.787139 -0.017580
v 0.629927 0.959820 -0.079047
v 0.623006 0.946720 -0.062337
v 0.616796 0.925618 -0.047347
v 0.611611 0.897573 -0.034828
v 0.607710 0.863989 -0.025409
v 0.605288 0.826552 -0.019562
v 0.643559 0.964260 -0.157183
v 0.564539 0.787139 -0.038922
v 0.601502 0.959820 -0.094241
v 0.591453 0.946720 -0.079202
v 0.582439 0.925618 -0.065711
v 0.574911 0.897573 -0.054445
v 0.569247 0.863989 -0.045968
v 0.565731 0.826552 -0.040706
v 0.630115 0.964260 -0.168217
v 0.529541 0.787139 -0.067643
v 0.576586 0.959820 -0.114688
v 0.563797 0.946720 -0.101899
v 0.552324 0.925618 -0.090426
v 0.542743 0.897573 -0.080845
v 0.535534 0.863989 -0.073636
v 0.531058 0.826552 -0.069161
v 0.619082 0.964260 -0.181660
v 0.500820 0.787139 -0.102641
v 0.556139 0.959820 -0.139603
v 0.541100 0.946720 -0.129555
v 0.527609 0.925618 -0.120541
v 0.516343 0.897573 -0.113013
v 0.507866 0.863989 -0.107349
v 0.502604 0.826552 -0.103833
v 0.610883 0.964260 -0.196999
v 0.479478 0.787139 -0.142569
v 0.540945 0.959820 -0.168029
v 0.524235 0.946720 -0.161108
v 0.509245 0.925618 -0.154898
v 0.496726 0.897573 -0.149713
v 0.487307 0.863989 -0.145812
v 0.481460 0.826552 -0.143390
v 0.605835 0.964260 -0.213641
v 0.466336 0.787139 -0.185893
v 0.531589 0.959820 -0.198873
v 0.513849 0.946720 -0.195344
v 0.497936 0.925618 -0.192179
v 0.484646 0.897573 -0.189535
v 0.474647 0.863989 -0.187546
v 0.468440 0.826552 -0.186312
v 0.604130 0.964260 -0.230949
v 0.461898 0.787139 -0.230949
v 0.528430 0.959820 -0.230949
v 0.510342 0.946720 -0.230949
v 0.494117 0.925618 -0.230949
v 0.480567 0.897573 -0.230949
v 0.470372 0.863989 -0.230949
v 0.464044 0.826552 -0.230949
v 0.605835 0.964260 -0.248257
v 0.466336 0.787139 -0.276005
v 0.531589 0.959820 -0.263025
v 0.513849 0.946720 -0.266554
v 0.497936 0.925618 -0.269719
v 0.484646 0.897573 -0.272363
v 0.474647 0.863989 -0.274352
v 0.468440 0.826552 -0.275586
v 0.610883 0.964260 -0.264900
v 0.479478 0.787139 -0.319330
v 0.540945 0.959820 -0.293869
v 0.524235 0.946720 -0.300791
v 0.509245 0.925618 -0.307000
v 0.496726 0.897573 -0.312185
v 0.487307 0.863989 -0.316087
v 0.481460 0.826552 -0.318508
v 0.619082 0.964260 -0.280238
v 0.500820 0.787139 -0.359258
v 0.556139 0.959820 -0.322295
v 0.541100 0.946720 -0.332343
v 0.527609 0.925618 -0.341358
v 0.516343 0.897573 -0.348885
v 0.507866 0.863989 -0.354549
v 0.502604 0.826552 -0.358066
v 0.630115 0.964260 -0.293682
v 0.529541 0.787139 -0.394255
v 0.576586 0.959820 -0.347210
v 0.563797 0.946720 -0.359999
v 0.552324 0.925618 -0.371472
v 0.542743 0.897573 -0.381054
v 0.535534 0.863989 -0.388262
v 0.531058 0.826552 -0.392738
v 0.643559 0.964260 -0.304715
v 0.564539 0.787139 -0.422976
v 0.601502 0.959820 -0.367657
v 0.591453 0.946720 -0.382696
v 0.582439 0.925618 -0.396187
v 0.574911 0.897573 -0.407453
v 0.569247 0.863989 -0.415930
v 0.565731 0.826552 -0.421192
v 0.658897 0.964260 -0.312913
v 0.604467 0.787139 -0.444318
v 0.629927 0.959820 -0.382851
v 0.623006 0.946720 -0.399561
v 0.616796 0.925618 -0.414552
v 0.611611 0.897573 -0.427070
v 0.607710 0.863989 -0.436489
v 0.605288 0.826552 -0.442336
v 0.675539 0.964260 -0.317962
v 0.647791 0.787139 -0.457461
v 0.660771 0.959820 -0.392208
v 0.657242 0.946720 -0.409947
v 0.654077 0.925618 -0.425860
v 0.651433 0.897573 -0.439150
v 0.649445 0.863989 -0.449149
v 0.648210 0.826552 -0.455356
v 0.692847 0.964260 -0.376325
v 0.721209 0.964260 -0.373532
v 0.748480 0.964260 -0.365259
v 0.773614 0.964260 -0.351825
v 0.795643 0.964260 -0.333745
v 0.813723 0.964260 -0.311716
v 0.827157 0.964260 -0.286582
v 0.835430 0.964260 -0.259310
v 0.838223 0.964260 -0.230949
v 0.835430 0.964260 -0.202588
v 0.827157 0.964260 -0.175316
v 0.813723 0.964260 -0.150183
v 0.795643 0.964260 -0.128153
v 0.773614 0.964260 -0.110073
v 0.748480 0.964260 -0.096639
v 0.721209 0.964260 -0.088367
v 0.692847 0.964260 -0.085573
v 0.664486 0.964260 -0.088367
v 0.637214 0.964260 -0.096639
v 0.612081 0.964260 -0.110073
v 0.590051 0.964260 -0.128153
v 0.571972 0.964260 -0.150183
v 0.558537 0.964260 -0.175316
v 0.550265 0.964260 -0.202588
v 0.547471 0.964260 -0.230949
v 0.550265 0.964260 -0.259310
v 0.558537 0.964260 -0.286582
v 0.571972 0.964260 -0.311716
v 0.590051 0.964260 -0.333745
v 0.612081 0.964260 -0.351825
v 0.637214 0.964260 -0.365259
v 0.664486 0.964260 -0.373532
v 0.692847 0.991336 -0.319666
v 0.710155 0.991336 -0.317962
v 0.726798 0.991336 -0.312913
v 0.742136 0.991336 -0.304715
v 0.755580 0.991336 -0.293682
v 0.766613 0.991336 -0.280238
v 0.774811 0.991336 -0.264900
v 0.779860 0.991336 -0.248257
v 0.781564 0.991336 -0.230949
v 0.779860 0.991336 -0.213641
v 0.774811 0.991336 -0.196999
v 0.766613 0.991336 -0.181660
v 0.755580 0.991336 -0.168217
v 0.742136 0.991336 -0.157183
v 0.726798 0.991336 -0.148985
v 0.710155 0.991336 -0.143937
v 0.692847 0.991336 -0.142232
v 0.675539 0.991336 -0.143937
v 0.658897 0.991336 -0.148985
v 0.643559 0.991336 -0.157183
v 0.630115 0.991336 -0.168217
v 0.619082 0.991336 -0.181660
v 0.610883 0.991336 -0.196999
v 0.605835 0.991336 -0.213641
v 0.604130 0.991336 -0.230949
v 0.605835 0.991336 -0.248257
v 0.610883 0.991336 -0.264900
v 0.619082 0.991336 -0.280238
v 0.630115 0.991336 -0.293682
v 0.643559 0.991336 -0.304715
v 0.658897 0.991336 -0.312913
v 0.675539 0.991336 -0.317962
v 0.692847 0.991336 -0.338903
v 0.713908 0.991336 -0.336829
v 0.734159 0.991336 -0.330686
v 0.752823 0.991336 -0.320710
v 0.769182 0.991336 -0.307284
v 0.782608 0.991336 -0.290925
v 0.792584 0.991336 -0.272261
v 0.798727 0.991336 -0.252010
v 0.800801 0.991336 -0.230949
v 0.798727 0.991336 -0.209888
v 0.792584 0.991336 -0.189637
v 0.782608 0.991336 -0.170973
v 0.769182 0.991336 -0.154614
v 0.752823 0.991336 -0.141188
v 0.734159 0.991336 -0.131212
v 0.713908 0.991336 -0.125069
v 0.692847 0.991336 -0.122995
v 0.671786 0.991336 -0.125069
v 0.651535 0.991336 -0.131212
v 0.632871 0.991336 -0.141188
v 0.616512 0.991336 -0.154614
v 0.603086 0.991336 -0.170973
v 0.593110 0.991336 -0.189637
v 0.586967 0.991336 -0.209888
v 0.584893 0.991336 -0.230949
v 0.586967 0.991336 -0.252010
v 0.593110 0.991336 -0.272261
v 0.603086 0.991336 -0.290925
v 0.616512 0.991336 -0.307284
v 0.632871 0.991336 -0.320710
v 0.651535 0.991336 -0.330686
v 0.671786 0.991336 -0.336829
v 0.692847 1.064125 -0.338903
v 0.713908 1.064125 -0.336829
v 0.734159 1.064125 -0.330686
v 0.752823 1.064125 -0.320710
v 0.769182 1.064125 -0.307284
v 0.782608 1.064125 -0.290925
v 0.792584 1.064125 -0.272261
v 0.798727 1.064125 -0.252010
v 0.800801 1.064125 -0.230949
v 0.798727 1.064125 -0.209888
v 0.792584 1.064125 -0.189637
v 0.782608 1.064125 -0.170973
v 0.769182 1.064125 -0.154614
v 0.752823 1.064125 -0.141188
v 0.734159 1.064125 -0.131212
v 0.713908 1.064125 -0.125069
v 0.692847 1.064125 -0.122995
v 0.671786 1.064125 -0.125069
v 0.651535 1.064125 -0.131212
v 0.632871 1.064125 -0.141188
v 0.616512 1.064125 -0.154614
v 0.603086 1.064125 -0.170973
v 0.593110 1.064125 -0.189637
v 0.586967 1.064125 -0.209888
v 0.584893 1.064125 -0.230949
v 0.586967 1.064125 -0.252010
v 0.593110 1.064125 -0.272261
v 0.603086 1.064125 -0.290925
v 0.616512 1.064125 -0.307284
v 0.632871 1.064125 -0.320710
v 0.651535 1.064125 -0.330686
v 0.671786 1.064125 -0.336829
vn 1.0000 -0.0000 -0.0000
vn -0.0000 -0.0000 1.0000
vn -1.0000 -0.0000 -0.0000
vn -0.0000 -0.0000 -1.0000
vn -0.0000 1.0000 -0.0000
vn -0.0000 -1.0000 -0.0000
vn 0.0979 0.0541 -0.9937
vn 0.0967 0.1659 -0.9814
vn 0.0938 0.2892 -0.9527
vn 0.0883 0.4333 -0.8969
vn 0.0778 0.6077 -0.7903
vn 0.0577 0.8085 -0.5856
vn 0.0224 0.9736 -0.2271
vn 0.2899 0.0541 -0.9555
vn 0.2863 0.1659 -0.9437
vn 0.2779 0.2892 -0.9160
vn 0.2616 0.4333 -0.8624
vn 0.2305 0.6077 -0.7600
vn 0.1708 0.8085 -0.5631
vn 0.0662 0.9736 -0.2183
vn 0.4707 0.0541 -0.8806
vn 0.4649 0.1659 -0.8697
vn 0.4513 0.2892 -0.8442
vn 0.4248 0.4333 -0.7948
vn 0.3744 0.6077 -0.7004
vn 0.2774 0.8085 -0.5190
vn 0.1076 0.9736 -0.2012
vn 0.6335 0.0541 -0.7719
vn 0.6256 0.1659 -0.7623
vn 0.6073 0.2892 -0.7400
vn 0.5717 0.4333 -0.6967
vn 0.5038 0.6077 -0.6139
vn 0.3733 0.8085 -0.4549
vn 0.1447 0.9736 -0.1764
vn 0.7719 0.0541 -0.6335
vn 0.7623 0.1659 -0.6256
vn 0.7400 0.2892 -0.6073
vn 0.6967 0.4333 -0.5717
vn 0.6139 0.6077 -0.5038
vn 0.4549 0.8085 -0.3733
vn 0.1764 0.9736 -0.1447
vn 0.8806 0.0541 -0.4707
vn 0.8697 0.1659 -0.4649
vn 0.8442 0.2892 -0.4513
vn 0.7948 0.4333 -0.4248
vn 0.7004 0.6077 -0.3744
vn 0.5190 0.8085 -0.2774
vn 0.2012 0.9736 -0.1076
vn 0.9555 0.0541 -0.2899
vn 0.9437 0.1659 -0.2863
vn 0.9160 0.2892 -0.2779
vn 0.8624 0.4333 -0.2616
vn 0.7600 0.6077 -0.2305
vn 0.5631 0.8085 -0.1708
vn 0.2183 0.9736 -0.0662
vn 0.9937 0.0541 -0.0979
vn 0.9814 0.1659 -0.0967
vn 0.9527 0.2892 -0.0938
vn 0.8969 0.4333 -0.0883
vn 0.7903 0.6077 -0.0778
vn 0.5856 0.8085 -0.0577
vn 0.2271 0.9736 -0.0224
vn 0.9937 0.0541 0.0979
vn 0.9814 0.1659 0.0967
vn 0.9527 0.2892 0.0938
vn 0.8969 0.4333 0.0883
vn 0.7903 0.6077 0.0778
vn 0.5856 0.8085 0.0577
vn 0.2271 0.9736 0.0224
vn 0.9555 0.0541 0.2899
vn 0.9437 0.1659 0.2863
vn 0.9160 0.2892 0.2779
vn 0.8624 0.4333 0.2616
vn 0.7600 0.6077 0.2305
vn 0.5631 0.8085 0.1708
vn 0.2183 0.9736 0.0662
vn 0.8806 0.0541 0.4707
vn 0.8697 0.1659 0.4649
vn 0.8442 0.2892 0.4513
vn 0.7948 0.4333 0.4248
vn 0.7004 0.6077 0.3744
vn 0.5190 0.8085 0.2774
vn 0.2012 0.9736 0.1076
vn 0.7719 0.0541 0.6335
vn 0.7623 0.1659 0.6256
vn 0.7400 0.2892 0.6073
vn 0.6967 0.4333 0.5717
vn 0.6139 0.6077 0.5038
vn 0.4549 0.8085 0.3733
vn 0.1764 0.9736 0.1447
vn 0.6335 0.0541 0.7719
vn 0.6256 0.1659 0.7623
vn 0.6073 0.2892 0.7400
vn 0.5717 0.4333 0.6967
vn 0.5038 0.6077 0.6139
vn 0.3733 0.8085 0.4549
vn 0.1447 0.9736 0.1764
vn 0.4707 0.0541 0.8806
vn 0.4649 0.1659 0.8697
vn 0.4513 0.2892 0.8442
vn 0.4248 0.4333 0.7948
vn 0.3744 0.6077 0.7004
vn 0.2774 0.8085 0.5190
vn 0.1076 0.9736 0.2012
vn 0.2899 0.0541 0.9555
vn 0.2863 0.1659 0.9437
vn 0.2779 0.2892 0.9160
vn 0.2616 0.4333 0.8624
vn 0.2305 0.6077 0.7600
vn 0.1708 0.8085 0.5631
vn 0.0662 0.9736 0.2183
vn 0.0979 0.0541 0.9937
vn 0.0967 0.1659 0.9814
vn 0.0938 0.2892 0.9527
vn 0.0883 0.4333 0.8969
vn 0.0778 0.6077 0.7903
vn 0.0577 0.8085 0.5856
vn 0.0224 0.9736 0.2271
vn -0.0979 0.0541 0.9937
vn -0.0967 0.1659 0.9814
vn -0.0938 0.2892 0.9527
vn -0.0883 0.4333 0.8969
vn -0.0778 0.6077 0.7903
vn -0.0577 0.8085 0.5856
vn -0.0224 0.9736 0.2271
vn -0.2899 0.0541 0.9555
vn -0.2863 0.1659 0.9437
vn -0.2779 0.2892 0.9160
vn -0.2616 0.4333 0.8624
vn -0.2305 0.6077 0.7600
vn -0.1708 0.8085 0.5631
vn -0.0662 0.9736 0.2183
vn -0.4707 0.0541 0.8806
vn -0.4649 0.1659 0.8697
vn -0.4513 0.2892 0.8442
vn -0.4248 0.4333 0.7948
vn -0.3744 0.6077 0.7004
vn -0.2774 0.8085 0.5190
vn -0.1076 0.9736 0.2012
vn -0.6335 0.0541 0.7719
vn -0.6256 0.1659 0.7623
vn -0.6073 0.2892 0.7400
vn -0.5717 0.4333 0.6967
vn -0.5038 0.6077 0.6139
vn -0.3733 0.8085 0.4549
vn -0.1447 0.9736 0.1764
vn -0.7719 0.0541 0.6335
vn -0.7623 0.1659 0.6256
vn -0.7400 0.2892 0.6073
vn -0.6967 0.4333 0.5717
vn -0.6139 0.6077 0.5038
vn -0.4549 0.8085 0.3733
vn -0.1764 0.9736 0.1447
vn -0.8806 0.0541 0.4707
vn -0.8697 0.1659 0.4649
vn -0.8442 0.2892 0.4513
vn -0.7948 0.4333 0.4248
vn -0.7004 0.6077 0.3744
vn -0.5190 0.8085 0.2774
vn -0.2012 0.9736 0.1076
vn -0.9555 0.0541 0.2899
vn -0.9437 0.1659 0.2863
vn -0.9160 0.2892 0.2779
vn -0.8624 0.4333 0.2616
vn -0.7600 0.6077 0.2305
vn -0.5631 0.8085 0.1708
vn -0.2183 0.9736 0.0662
vn -0.9937 0.0541 0.0979
vn -0.9814 0.1659 0.0967
vn -0.9527 0.2892 0.0938
vn -0.8969 0.4333 0.0883
vn -0.7903 0.6077 0.0778
vn -0.5856 0.8085 0.0577
vn -0.2271 0.9736 0.0224
vn -0.9937 0.0541 -0.0979
vn -0.9814 0.1659 -0.0967
vn -0.9527 0.2892 -0.0938
vn -0.8969 0.4333 -0.0883
vn -0.7903 0.6077 -0.0778
vn -0.5856 0.8085 -0.0577
vn -0.2271 0.9736 -0.0224
vn -0.9555 0.0541 -0.2899
vn -0.9437 0.1659 -0.2863
vn -0.9160 0.2892 -0.2779
vn -0.8624 0.4333 -0.2616
vn -0.7600 0.6077 -0.2305
vn -0.5631 0.8085 -0.1708
vn -0.2183 0.9736 -0.0662
vn -0.8806 0.0541 -0.4707
vn -0.8697 0.1659 -0.4649
vn -0.8442 0.2892 -0.4513
vn -0.7948 0.4333 -0.4248
vn -0.7004 0.6077 -0.3744
vn -0.5190 0.8085 -0.2774
vn -0.2012 0.9736 -0.1076
vn -0.7719 0.0541 -0.6335
vn -0.7623 0.1659 -0.6256
vn -0.7400 0.2892 -0.6073
vn -0.6967 0.4333 -0.5717
vn -0.6139 0.6077 -0.5038
vn -0.4549 0.8085 -0.3733
vn -0.1764 0.9736 -0.1447
vn -0.6335 0.0541 -0.7719
vn -0.6256 0.1659 -0.7623
vn -0.6073 0.2892 -0.7400
vn -0.5717 0.4333 -0.6967
vn -0.5038 0.6077 -0.6139
vn -0.3733 0.8085 -0.4549
vn -0.1447 0.9736 -0.1764
vn -0.4707 0.0541 -0.8806
vn -0.4649 0.1659 -0.8697
vn -0.4513 0.2892 -0.8442
vn -0.4248 0.4333 -0.7948
vn -0.3744 0.6077 -0.7004
vn -0.2774 0.8085 -0.5190
vn -0.1076 0.9736 -0.2012
vn -0.2899 0.0541 -0.9555
vn -0.2863 0.1659 -0.9437
vn -0.2779 0.2892 -0.9160
vn -0.2616 0.4333 -0.8624
vn -0.2305 0.6077 -0.7600
vn -0.1708 0.8085 -0.5631
vn -0.0662 0.9736 -0.2183
vn -0.0979 0.0541 -0.9937
vn -0.0967 0.1659 -0.9814
vn -0.0938 0.2892 -0.9527
vn -0.0883 0.4333 -0.8969
vn -0.0778 0.6077 -0.7903
vn -0.0577 0.8085 -0.5856
vn -0.0224 0.9736 -0.2271
vn -0.7730 -0.0000 -0.6344
vn 0.0980 -0.0000 -0.9952
vn -0.0980 -0.0000 -0.9952
vn 0.2903 -0.0000 -0.9569
vn 0.4714 -0.0000 -0.8819
vn 0.6344 -0.0000 -0.7730
vn 0.7730 -0.0000 -0.6344
vn 0.8819 -0.0000 -0.4714
vn 0.9569 -0.0000 -0.2903
vn 0.9952 -0.0000 -0.0980
vn 0.9952 -0.0000 0.0980
vn 0.9569 -0.0000 0.2903
vn 0.8819 -0.0000 0.4714
vn 0.7730 -0.0000 0.6344
vn 0.6344 -0.0000 0.7730
vn 0.4714 -0.0000 0.8819
vn 0.2903 -0.0000 0.9569
vn 0.0980 -0.0000 0.9952
vn -0.0980 -0.0000 0.9952
vn -0.2903 -0.0000 0.9569
vn -0.4714 -0.0000 0.8819
vn -0.6344 -0.0000 0.7730
vn -0.7730 -0.0000 0.6344
vn -0.8819 -0.0000 0.4714
vn -0.9569 -0.0000 0.2903
vn -0.9952 -0.0000 0.0980
vn -0.9952 -0.0000 -0.0980
vn -0.9569 -0.0000 -0.2903
vn -0.8819 -0.0000 -0.4714
vn -0.6344 -0.0000 -0.7730
vn -0.4714 -0.0000 -0.8819
vn -0.2903 -0.0000 -0.9569
vn 0.2774 0.8085 0.5189
vn -0.5189 0.8085 -0.2774
vt 0.031250 0.770833
vt 0.354167 0.770833
vt 0.354167 0.937500
vt 0.031250 0.937500
vt 0.395833 0.781250
vt 0.718750 0.781250
vt 0.718750 0.958333
vt 0.395833 0.958333
vt 0.395833 0.364583
vt 0.395833 0.041667
vt 0.718750 0.041667
vt 0.718750 0.364583
vt 0.395833 0.385417
vt 0.395833 0.562500
vt 0.739583 0.562500
vt 0.739583 0.385417
vt 0.395833 0.583333
vt 0.395833 0.770833
vt 0.739583 0.770833
vt 0.739583 0.583333
vt 0.031250 0.385417
vt 0.375000 0.385417
vt 0.375000 0.041667
vt 0.031250 0.041667
vt 0.041667 0.739583
vt 0.364583 0.739583
vt 0.375000 0.750000
vt 0.031250 0.750000
vt 0.364583 0.416667
vt 0.375000 0.406250
vt 0.041667 0.416667
vt 0.031250 0.406250
vt 0.216003 0.409594
vt 0.253323 0.405918
vt 0.289209 0.395032
vt 0.322282 0.377354
vt 0.351270 0.353564
vt 0.375060 0.324575
vt 0.392738 0.291503
vt 0.403624 0.255617
vt 0.407300 0.218296
vt 0.403624 0.180976
vt 0.392738 0.145090
vt 0.375060 0.112017
vt 0.351270 0.083029
vt 0.322282 0.059238
vt 0.289209 0.041561
vt 0.253323 0.030675
vt 0.216003 0.026999
vt 0.178682 0.030675
vt 0.142796 0.041561
vt 0.109724 0.059238
vt 0.080735 0.083029
vt 0.056945 0.112017
vt 0.039267 0.145090
vt 0.028381 0.180976
vt 0.024705 0.218296
vt 0.028381 0.255617
vt 0.039267 0.291503
vt 0.056945 0.324575
vt 0.080735 0.353564
vt 0.109724 0.377354
vt 0.142796 0.395032
vt 0.178682 0.405918
vt 0.662590 0.357421
vt 0.618585 0.357421
vt 0.618585 0.375929
vt 0.662181 0.375929
vt 0.618585 0.393510
vt 0.660975 0.393510
vt 0.618585 0.409280
vt 0.659032 0.409280
vt 0.238175 0.869943
vt 0.198018 0.873899
vt 0.198018 0.860760
vt 0.235612 0.857057
vt 0.198018 0.845026
vt 0.232543 0.841626
vt 0.198018 0.827488
vt 0.229121 0.824425
vt 0.198018 0.809024
vt 0.225519 0.806315
vt 0.704903 0.357421
vt 0.704102 0.375929
vt 0.701736 0.393510
vt 0.697926 0.409280
vt 0.276790 0.858230
vt 0.271762 0.846091
vt 0.265741 0.831556
vt 0.259029 0.815352
vt 0.251963 0.798293
vt 0.743900 0.357421
vt 0.742736 0.375929
vt 0.739302 0.393510
vt 0.733770 0.409280
vt 0.312377 0.839208
vt 0.305077 0.828283
vt 0.296337 0.815202
vt 0.286593 0.800619
vt 0.276334 0.785267
vt 0.778081 0.357421
vt 0.776599 0.375929
vt 0.772228 0.393510
vt 0.765188 0.409280
vt 0.343569 0.813609
vt 0.334279 0.804318
vt 0.323154 0.793193
vt 0.310752 0.780792
vt 0.297696 0.767736
vt 0.742736 0.375930
vt 0.739302 0.393510
vt 0.369168 0.782416
vt 0.358244 0.775117
vt 0.345162 0.766376
vt 0.330580 0.756632
vt 0.315227 0.746374
vt 0.704904 0.357421
vt 0.704102 0.375930
vt 0.701736 0.393510
vt 0.388190 0.746829
vt 0.376051 0.741801
vt 0.361516 0.735780
vt 0.345313 0.729069
vt 0.328254 0.722003
vt 0.399904 0.708215
vt 0.387017 0.705652
vt 0.371587 0.702582
vt 0.354385 0.699161
vt 0.336276 0.695558
vt 0.618585 0.357421
vt 0.403859 0.668057
vt 0.390720 0.668057
vt 0.374987 0.668057
vt 0.357449 0.668057
vt 0.338984 0.668057
vt 0.574580 0.357421
vt 0.574988 0.375929
vt 0.576194 0.393510
vt 0.578137 0.409280
vt 0.399904 0.627900
vt 0.387017 0.630463
vt 0.371587 0.633532
vt 0.354385 0.636954
vt 0.336276 0.640556
vt 0.532266 0.357421
vt 0.533068 0.375929
vt 0.535433 0.393510
vt 0.539244 0.409280
vt 0.388190 0.589285
vt 0.376051 0.594313
vt 0.361516 0.600334
vt 0.345313 0.607046
vt 0.328254 0.614112
vt 0.493269 0.357421
vt 0.494433 0.375930
vt 0.497867 0.393510
vt 0.503399 0.409280
vt 0.369168 0.553698
vt 0.358244 0.560997
vt 0.345162 0.569738
vt 0.330580 0.579482
vt 0.315227 0.589740
vt 0.459088 0.357421
vt 0.460570 0.375929
vt 0.464941 0.393510
vt 0.471982 0.409280
vt 0.343569 0.522505
vt 0.334279 0.531796
vt 0.323154 0.542921
vt 0.310752 0.555322
vt 0.297696 0.568379
vt 0.743900 0.790827
vt 0.778081 0.790827
vt 0.776599 0.809335
vt 0.742736 0.809335
vt 0.772228 0.826915
vt 0.739302 0.826915
vt 0.765188 0.842685
vt 0.733770 0.842685
vt 0.312377 0.496906
vt 0.305077 0.507831
vt 0.296337 0.520913
vt 0.286593 0.535495
vt 0.276334 0.550848
vt 0.704903 0.790827
vt 0.704102 0.809335
vt 0.701736 0.826915
vt 0.697926 0.842685
vt 0.276790 0.477885
vt 0.271762 0.490023
vt 0.265741 0.504559
vt 0.259029 0.520762
vt 0.251963 0.537821
vt 0.662590 0.790827
vt 0.662181 0.809335
vt 0.660975 0.826915
vt 0.659032 0.842685
vt 0.238175 0.466171
vt 0.235612 0.479057
vt 0.232543 0.494488
vt 0.229121 0.511690
vt 0.225519 0.529799
vt 0.618585 0.790827
vt 0.618585 0.809335
vt 0.618585 0.826915
vt 0.618585 0.842685
vt 0.198018 0.462216
vt 0.198018 0.475355
vt 0.198018 0.491088
vt 0.198018 0.508626
vt 0.198018 0.527091
vt 0.574580 0.790827
vt 0.574988 0.809335
vt 0.576194 0.826915
vt 0.578137 0.842685
vt 0.157860 0.466171
vt 0.160423 0.479057
vt 0.163493 0.494488
vt 0.166914 0.511690
vt 0.170516 0.529799
vt 0.532266 0.790827
vt 0.533068 0.809335
vt 0.535433 0.826915
vt 0.539244 0.842685
vt 0.119246 0.477885
vt 0.124274 0.490023
vt 0.130294 0.504559
vt 0.137006 0.520762
vt 0.144072 0.537821
vt 0.493269 0.790827
vt 0.494433 0.809335
vt 0.497867 0.826915
vt 0.503399 0.842685
vt 0.083658 0.496906
vt 0.090958 0.507831
vt 0.099699 0.520913
vt 0.109443 0.535495
vt 0.119701 0.550848
vt 0.459088 0.790827
vt 0.460570 0.809335
vt 0.464941 0.826915
vt 0.471982 0.842685
vt 0.052466 0.522505
vt 0.061756 0.531796
vt 0.072881 0.542921
vt 0.085283 0.555322
vt 0.098339 0.568379
vt 0.026867 0.553698
vt 0.037791 0.560997
vt 0.050873 0.569738
vt 0.065456 0.579482
vt 0.080808 0.589740
vt 0.532266 0.790827
vt 0.007845 0.589285
vt 0.019984 0.594313
vt 0.034519 0.600334
vt 0.050723 0.607046
vt 0.067781 0.614112
vt 0.574988 0.809335
vt 0.578137 0.842685
vt -0.003869 0.627900
vt 0.009018 0.630463
vt 0.024449 0.633532
vt 0.041650 0.636954
vt 0.059760 0.640556
vt 0.618585 0.790827
vt 0.618585 0.809335
vt -0.007824 0.668057
vt 0.005315 0.668057
vt 0.021048 0.668057
vt 0.038587 0.668057
vt 0.057051 0.668057
vt 0.662181 0.809335
vt -0.003869 0.708215
vt 0.009018 0.705652
vt 0.024449 0.702582
vt 0.041650 0.699161
vt 0.059760 0.695558
vt 0.701736 0.826915
vt 0.007845 0.746829
vt 0.019984 0.741801
vt 0.034519 0.735780
vt 0.050723 0.729069
vt 0.067781 0.722003
vt 0.739302 0.826915
vt 0.026867 0.782416
vt 0.037791 0.775117
vt 0.050873 0.766376
vt 0.065456 0.756632
vt 0.080808 0.746374
vt 0.052466 0.813609
vt 0.061756 0.804318
vt 0.072881 0.793193
vt 0.085283 0.780792
vt 0.098339 0.767736
vt 0.494433 0.375929
vt 0.464941 0.393510
vt 0.083658 0.839208
vt 0.090958 0.828283
vt 0.099699 0.815202
vt 0.109443 0.800619
vt 0.119701 0.785267
vt 0.119246 0.858230
vt 0.124274 0.846091
vt 0.130294 0.831556
vt 0.137006 0.815352
vt 0.144072 0.798293
vt 0.157860 0.869943
vt 0.160423 0.857057
vt 0.163493 0.841626
vt 0.166914 0.824425
vt 0.170516 0.806315
vt 0.947994 0.636627
vt 0.934924 0.636627
vt 0.934924 0.649284
vt 0.947994 0.649284
vt 0.618585 -0.007028
vt 0.662590 -0.007028
vt 0.574580 -0.007028
vt 0.704904 -0.007028
vt 0.743900 -0.007028
vt 0.778081 -0.007028
vt 0.532266 -0.007028
vt 0.493269 -0.007028
vt 0.459088 -0.007028
vt 0.778081 0.426377
vt 0.743900 0.426377
vt 0.704904 0.426377
vt 0.662590 0.426377
vt 0.618585 0.426377
vt 0.574580 0.426377
vt 0.532266 0.426377
vt 0.493269 0.426377
vt 0.459088 0.426377
vt 0.198018 0.754084
vt 0.214800 0.752431
vt 0.230938 0.747535
vt 0.245811 0.739586
vt 0.258847 0.728887
vt 0.269546 0.715851
vt 0.277496 0.700978
vt 0.282391 0.684840
vt 0.284044 0.668057
vt 0.282391 0.651274
vt 0.277496 0.635136
vt 0.269546 0.620263
vt 0.258847 0.607227
vt 0.245811 0.596529
vt 0.230938 0.588579
vt 0.214800 0.583684
vt 0.198018 0.582031
vt 0.181235 0.583684
vt 0.165097 0.588579
vt 0.150224 0.596529
vt 0.137188 0.607227
vt 0.126489 0.620263
vt 0.118540 0.635136
vt 0.113644 0.651274
vt 0.111991 0.668057
vt 0.113644 0.684840
vt 0.118540 0.700978
vt 0.126489 0.715851
vt 0.137188 0.728887
vt 0.150224 0.739586
vt 0.165097 0.747535
vt 0.181235 0.752431
vt 0.960596 0.273208
vt 0.970782 0.285620
vt 0.985549 0.275753
vt 0.973154 0.260650
vt 0.903832 0.636627
vt 0.920012 0.636627
vt 0.920012 0.649284
vt 0.903832 0.649284
vt 0.920012 0.671948
vt 0.903832 0.671948
vt 0.903832 0.684604
vt 0.920012 0.684604
vt 0.839087 0.671948
vt 0.826017 0.671948
vt 0.826017 0.684604
vt 0.839087 0.684604
vt 0.887005 0.636627
vt 0.887005 0.649284
vt 0.934924 0.671948
vt 0.934924 0.684604
vt 0.853999 0.671948
vt 0.853999 0.684604
vt 0.870179 0.636627
vt 0.870179 0.649284
vt 0.947994 0.671948
vt 0.947994 0.684604
vt 0.870179 0.671948
vt 0.870179 0.684604
vt 0.853999 0.636627
vt 0.853999 0.649284
vt 0.887005 0.671948
vt 0.887005 0.684604
vt 0.839087 0.636627
vt 0.839087 0.649284
vt 0.826017 0.636627
vt 0.826017 0.649284
vt 0.839087 0.671948
vt 0.839087 0.684604
vt 0.892696 0.513699
vt 0.912384 0.513699
vt 0.912384 0.547724
vt 0.892696 0.547724
vt 0.827010 0.362467
vt 0.822349 0.347103
vt 0.804930 0.350567
vt 0.810602 0.369264
vt 0.948185 0.263022
vt 0.958052 0.248255
vt 0.834579 0.376628
vt 0.819812 0.386495
vt 0.934024 0.255453
vt 0.940821 0.239045
vt 0.918659 0.411455
vt 0.902681 0.413029
vt 0.902681 0.430789
vt 0.922124 0.428874
vt 0.844765 0.389039
vt 0.832207 0.401598
vt 0.918659 0.250792
vt 0.922124 0.233374
vt 0.934024 0.406794
vt 0.940821 0.423202
vt 0.857177 0.399225
vt 0.847310 0.413992
vt 0.902681 0.249219
vt 0.902681 0.231459
vt 0.948185 0.399225
vt 0.958052 0.413992
vt 0.871337 0.406794
vt 0.864540 0.423202
vt 0.886702 0.250792
vt 0.883237 0.233374
vt 0.960596 0.389039
vt 0.973154 0.401598
vt 0.886702 0.411455
vt 0.883237 0.428874
vt 0.871337 0.255453
vt 0.864540 0.239045
vt 0.970782 0.376628
vt 0.985549 0.386495
vt 0.857176 0.263022
vt 0.847310 0.248255
vt 0.978351 0.362467
vt 0.994759 0.369264
vt 0.844765 0.273208
vt 0.832207 0.260650
vt 0.983012 0.347103
vt 1.000431 0.350567
vt 0.834579 0.285620
vt 0.819812 0.275753
vt 0.984586 0.331124
vt 1.002346 0.331124
vt 0.827010 0.299780
vt 0.810602 0.292984
vt 0.983012 0.315145
vt 1.000431 0.311680
vt 0.822349 0.315145
vt 0.804930 0.311680
vt 0.978351 0.299780
vt 0.994759 0.292984
vt 0.820775 0.331124
vt 0.803015 0.331124
vt 0.922124 0.428334
vt 0.902681 0.430249
vt 0.883237 0.428334
vt 0.864540 0.422662
vt 0.847310 0.413452
vt 0.832207 0.401057
vt 0.819812 0.385955
vt 0.810602 0.368724
vt 0.804930 0.350027
vt 0.803015 0.330584
vt 0.804930 0.311140
vt 0.810602 0.292443
vt 0.819812 0.275213
vt 0.832207 0.260110
vt 0.847310 0.247715
vt 0.864540 0.238505
vt 0.883237 0.232833
vt 0.902681 0.230918
vt 0.922124 0.232833
vt 0.940821 0.238505
vt 0.958052 0.247715
vt 0.973154 0.260110
vt 0.985549 0.275213
vt 0.994759 0.292443
vt 1.000431 0.311140
vt 1.002346 0.330584
vt 1.000431 0.350027
vt 0.994759 0.368724
vt 0.985549 0.385955
vt 0.973154 0.401058
vt 0.958052 0.413452
vt 0.940821 0.422662
vt 0.914025 0.467048
vt 0.894336 0.467048
vt 0.894336 0.501073
vt 0.914025 0.501073
vt 0.815552 0.467048
vt 0.799648 0.467048
vt 0.799648 0.501073
vt 0.815552 0.501073
vt 0.872221 0.513699
vt 0.872221 0.547724
vt 0.932170 0.467048
vt 0.932170 0.501073
vt 0.833697 0.467048
vt 0.833697 0.501073
vt 0.851745 0.513699
vt 0.851745 0.547724
vt 0.948074 0.467048
vt 0.948074 0.501073
vt 0.853386 0.467048
vt 0.853386 0.501073
vt 0.832057 0.513699
vt 0.832057 0.547724
vt 0.932170 0.467048
vt 0.932170 0.501073
vt 0.873861 0.467048
vt 0.873861 0.501073
vt 0.813911 0.513699
vt 0.813911 0.547724
vt 0.798007 0.513699
vt 0.798007 0.547724
vt 0.813911 0.570193
vt 0.798007 0.570193
vt 0.798007 0.604217
vt 0.813911 0.604217
vt 0.832057 0.570193
vt 0.832057 0.604217
vt 0.851745 0.570193
vt 0.851745 0.604217
vt 0.872221 0.570193
vt 0.872221 0.604217
vt 0.815552 0.467048
vt 0.815552 0.501073
vt 0.892696 0.570193
vt 0.892696 0.604217
vt 0.912384 0.570193
vt 0.912384 0.604217
vt 0.930530 0.513699
vt 0.946434 0.513699
vt 0.946434 0.547724
vt 0.930530 0.547724
vt 0.930529 0.570193
vt 0.930529 0.604217
vt 0.946434 0.570193
vt 0.946434 0.604217
s 0
g Water_Supply_Material.002
usemtl Material.002
f 1/1/1 3/2/1 4/3/1 2/4/1
f 3/5/2 7/6/2 8/7/2 4/8/2
f 7/6/3 5/5/3 6/8/3 8/7/3
f 5/2/4 1/1/4 2/4/4 6/3/4
f 3/9/5 1/10/5 5/11/5 7/12/5
f 10/13/3 11/14/3 12/15/3 9/16/3
f 9/17/4 12/18/4 14/19/4 13/20/4
f 13/20/1 14/19/1 16/18/1 15/17/1
f 15/16/2 16/15/2 11/14/2 10/13/2
f 9/21/6 13/22/6 15/23/6 10/24/6
f 4/25/5 8/26/5 14/27/5 12/28/5
f 8/26/5 6/29/5 16/30/5 14/27/5
f 2/31/5 4/25/5 12/28/5 11/32/5
f 6/29/5 2/31/5 11/32/5 16/30/5
g Water_Supply_WaterBottle
usemtl WaterBottle
f 17/33/6 18/34/6 19/35/6 20/36/6 21/37/6 22/38/6 23/39/6 24/40/6 25/41/6 26/42/6 27/43/6 28/44/6 29/45/6 30/46/6 31/47/6 32/48/6 33/49/6 34/50/6 35/51/6 36/52/6 37/53/6 38/54/6 39/55/6 40/56/6 41/57/6 42/58/6 43/59/6 44/60/6 45/61/6 46/62/6 47/63/6 48/64/6
f 58/65/7 50/66/7 56/67/7 64/68/7
f 64/68/8 56/67/8 55/69/8 63/70/8
f 63/70/9 55/69/9 54/71/9 62/72/9
f 62/73/10 54/74/10 53/75/10 61/76/10
f 61/76/11 53/75/11 52/77/11 60/78/11
f 60/78/12 52/77/12 51/79/12 59/80/12
f 59/80/13 51/79/13 305/81/13 306/82/13
f 66/83/14 58/65/14 64/68/14 72/84/14
f 72/84/15 64/68/15 63/70/15 71/85/15
f 71/85/16 63/70/16 62/72/16 70/86/16
f 70/87/17 62/73/17 61/76/17 69/88/17
f 69/88/18 61/76/18 60/78/18 68/89/18
f 68/89/19 60/78/19 59/80/19 67/90/19
f 67/90/20 59/80/20 306/82/20 307/91/20
f 74/92/21 66/83/21 72/84/21 80/93/21
f 80/93/22 72/84/22 71/85/22 79/94/22
f 79/94/23 71/85/23 70/86/23 78/95/23
f 78/96/24 70/87/24 69/88/24 77/97/24
f 77/97/25 69/88/25 68/89/25 76/98/25
f 76/98/26 68/89/26 67/90/26 75/99/26
f 75/99/27 67/90/27 307/91/27 308/100/27
f 82/101/28 74/92/28 80/93/28 88/102/28
f 88/102/29 80/93/29 79/94/29 87/103/29
f 87/103/30 79/94/30 78/95/30 86/104/30
f 86/105/31 78/96/31 77/97/31 85/106/31
f 85/106/32 77/97/32 76/98/32 84/107/32
f 84/107/33 76/98/33 75/99/33 83/108/33
f 83/108/34 75/99/34 308/100/34 309/109/34
f 90/92/35 82/101/35 88/102/35 96/110/35
f 96/110/36 88/102/36 87/103/36 95/111/36
f 95/111/37 87/103/37 86/104/37 94/95/37
f 94/112/38 86/105/38 85/106/38 93/113/38
f 93/113/39 85/106/39 84/107/39 92/114/39
f 92/114/40 84/107/40 83/108/40 91/115/40
f 91/115/41 83/108/41 309/109/41 310/116/41
f 98/117/42 90/92/42 96/110/42 104/118/42
f 104/118/43 96/110/43 95/111/43 103/119/43
f 103/119/44 95/111/44 94/95/44 102/86/44
f 102/120/45 94/112/45 93/113/45 101/121/45
f 101/121/46 93/113/46 92/114/46 100/122/46
f 100/122/47 92/114/47 91/115/47 99/123/47
f 99/123/48 91/115/48 310/116/48 311/124/48
f 106/65/49 98/117/49 104/118/49 112/68/49
f 112/68/50 104/118/50 103/119/50 111/70/50
f 111/70/51 103/119/51 102/86/51 110/72/51
f 110/125/52 102/120/52 101/121/52 109/126/52
f 109/126/53 101/121/53 100/122/53 108/127/53
f 108/127/54 100/122/54 99/123/54 107/128/54
f 107/128/55 99/123/55 311/124/55 312/129/55
f 114/130/56 106/65/56 112/68/56 120/67/56
f 120/67/57 112/68/57 111/70/57 119/69/57
f 119/69/58 111/70/58 110/72/58 118/71/58
f 118/131/59 110/125/59 109/126/59 117/132/59
f 117/132/60 109/126/60 108/127/60 116/133/60
f 116/133/61 108/127/61 107/128/61 115/134/61
f 115/134/62 107/128/62 312/129/62 313/135/62
f 122/136/63 114/130/63 120/67/63 128/137/63
f 128/137/64 120/67/64 119/69/64 127/138/64
f 127/138/65 119/69/65 118/71/65 126/139/65
f 126/140/66 118/131/66 117/132/66 125/141/66
f 125/141/67 117/132/67 116/133/67 124/142/67
f 124/142/68 116/133/68 115/134/68 123/143/68
f 123/143/69 115/134/69 313/135/69 314/144/69
f 130/145/70 122/136/70 128/137/70 136/146/70
f 136/146/71 128/137/71 127/138/71 135/147/71
f 135/147/72 127/138/72 126/139/72 134/148/72
f 134/149/73 126/140/73 125/141/73 133/150/73
f 133/150/74 125/141/74 124/142/74 132/151/74
f 132/151/75 124/142/75 123/143/75 131/152/75
f 131/152/76 123/143/76 314/144/76 315/153/76
f 138/154/77 130/145/77 136/146/77 144/155/77
f 144/155/78 136/146/78 135/147/78 143/156/78
f 143/156/79 135/147/79 134/148/79 142/157/79
f 142/158/80 134/149/80 133/150/80 141/159/80
f 141/159/81 133/150/81 132/151/81 140/160/81
f 140/160/82 132/151/82 131/152/82 139/161/82
f 139/161/83 131/152/83 315/153/83 316/162/83
f 146/163/84 138/154/84 144/155/84 152/164/84
f 152/164/85 144/155/85 143/156/85 151/165/85
f 151/165/86 143/156/86 142/157/86 150/166/86
f 150/167/87 142/158/87 141/159/87 149/168/87
f 149/168/88 141/159/88 140/160/88 148/169/88
f 148/169/89 140/160/89 139/161/89 147/170/89
f 147/170/90 139/161/90 316/162/90 317/171/90
f 154/172/91 146/173/91 152/174/91 160/175/91
f 160/175/92 152/174/92 151/176/92 159/177/92
f 159/177/93 151/176/93 150/178/93 158/179/93
f 158/180/94 150/167/94 149/168/94 157/181/94
f 157/181/95 149/168/95 148/169/95 156/182/95
f 156/182/96 148/169/96 147/170/96 155/183/96
f 155/183/97 147/170/97 317/171/97 318/184/97
f 162/185/98 154/172/98 160/175/98 168/186/98
f 168/186/99 160/175/99 159/177/99 167/187/99
f 167/187/100 159/177/100 158/179/100 166/188/100
f 166/189/101 158/180/101 157/181/101 165/190/101
f 165/190/102 157/181/102 156/182/102 164/191/102
f 164/191/103 156/182/103 155/183/103 163/192/103
f 163/192/104 155/183/104 318/184/104 319/193/104
f 170/194/105 162/185/105 168/186/105 176/195/105
f 176/195/106 168/186/106 167/187/106 175/196/106
f 175/196/107 167/187/107 166/188/107 174/197/107
f 174/198/108 166/189/108 165/190/108 173/199/108
f 173/199/109 165/190/109 164/191/109 172/200/109
f 172/200/110 164/191/110 163/192/110 171/201/110
f 171/201/111 163/192/111 319/193/111 320/202/111
f 178/203/112 170/194/112 176/195/112 184/204/112
f 184/204/113 176/195/113 175/196/113 183/205/113
f 183/205/114 175/196/114 174/197/114 182/206/114
f 182/207/115 174/198/115 173/199/115 181/208/115
f 181/208/116 173/199/116 172/200/116 180/209/116
f 180/209/117 172/200/117 171/201/117 179/210/117
f 179/210/118 171/201/118 320/202/118 321/211/118
f 186/212/119 178/203/119 184/204/119 192/213/119
f 192/213/120 184/204/120 183/205/120 191/214/120
f 191/214/121 183/205/121 182/206/121 190/215/121
f 190/216/122 182/207/122 181/208/122 189/217/122
f 189/217/123 181/208/123 180/209/123 188/218/123
f 188/218/124 180/209/124 179/210/124 187/219/124
f 187/219/125 179/210/125 321/211/125 322/220/125
f 194/221/126 186/212/126 192/213/126 200/222/126
f 200/222/127 192/213/127 191/214/127 199/223/127
f 199/223/128 191/214/128 190/215/128 198/224/128
f 198/225/129 190/216/129 189/217/129 197/226/129
f 197/226/130 189/217/130 188/218/130 196/227/130
f 196/227/131 188/218/131 187/219/131 195/228/131
f 195/228/132 187/219/132 322/220/132 323/229/132
f 202/230/133 194/221/133 200/222/133 208/231/133
f 208/231/134 200/222/134 199/223/134 207/232/134
f 207/232/135 199/223/135 198/224/135 206/233/135
f 206/234/136 198/225/136 197/226/136 205/235/136
f 205/235/137 197/226/137 196/227/137 204/236/137
f 204/236/138 196/227/138 195/228/138 203/237/138
f 203/237/139 195/228/139 323/229/139 324/238/139
f 210/239/140 202/230/140 208/231/140 216/240/140
f 216/240/141 208/231/141 207/232/141 215/241/141
f 215/241/142 207/232/142 206/233/142 214/242/142
f 214/243/143 206/234/143 205/235/143 213/244/143
f 213/244/144 205/235/144 204/236/144 212/245/144
f 212/245/145 204/236/145 203/237/145 211/246/145
f 211/246/146 203/237/146 324/238/146 325/247/146
f 218/230/147 210/239/147 216/240/147 224/231/147
f 224/231/148 216/240/148 215/241/148 223/232/148
f 223/232/149 215/241/149 214/242/149 222/233/149
f 222/248/150 214/243/150 213/244/150 221/249/150
f 221/249/151 213/244/151 212/245/151 220/250/151
f 220/250/152 212/245/152 211/246/152 219/251/152
f 219/251/153 211/246/153 325/247/153 326/252/153
f 226/253/154 218/230/154 224/231/154 232/222/154
f 232/222/155 224/231/155 223/232/155 231/223/155
f 231/223/156 223/232/156 222/233/156 230/224/156
f 230/254/157 222/248/157 221/249/157 229/255/157
f 229/255/158 221/249/158 220/250/158 228/256/158
f 228/256/159 220/250/159 219/251/159 227/257/159
f 227/257/160 219/251/160 326/252/160 327/258/160
f 234/212/161 226/253/161 232/222/161 240/259/161
f 240/259/162 232/222/162 231/223/162 239/214/162
f 239/214/163 231/223/163 230/224/163 238/260/163
f 238/261/164 230/254/164 229/255/164 237/262/164
f 237/262/165 229/255/165 228/256/165 236/263/165
f 236/263/166 228/256/166 227/257/166 235/264/166
f 235/264/167 227/257/167 327/258/167 328/265/167
f 242/266/168 234/212/168 240/259/168 248/267/168
f 248/267/169 240/259/169 239/214/169 247/205/169
f 247/205/170 239/214/170 238/260/170 246/206/170
f 246/268/171 238/261/171 237/262/171 245/269/171
f 245/269/172 237/262/172 236/263/172 244/270/172
f 244/270/173 236/263/173 235/264/173 243/271/173
f 243/271/174 235/264/174 328/265/174 329/272/174
f 250/194/175 242/266/175 248/267/175 256/273/175
f 256/273/176 248/267/176 247/205/176 255/196/176
f 255/196/177 247/205/177 246/206/177 254/197/177
f 254/274/178 246/268/178 245/269/178 253/275/178
f 253/275/179 245/269/179 244/270/179 252/276/179
f 252/276/180 244/270/180 243/271/180 251/277/180
f 251/277/181 243/271/181 329/272/181 330/278/181
f 258/185/182 250/194/182 256/273/182 264/186/182
f 264/186/183 256/273/183 255/196/183 263/279/183
f 263/279/184 255/196/184 254/197/184 262/188/184
f 262/280/185 254/274/185 253/275/185 261/281/185
f 261/281/186 253/275/186 252/276/186 260/282/186
f 260/282/187 252/276/187 251/277/187 259/283/187
f 259/283/188 251/277/188 330/278/188 331/284/188
f 266/172/189 258/185/189 264/186/189 272/175/189
f 272/175/190 264/186/190 263/279/190 271/285/190
f 271/285/191 263/279/191 262/188/191 270/179/191
f 270/286/192 262/280/192 261/281/192 269/287/192
f 269/287/193 261/281/193 260/282/193 268/288/193
f 268/288/194 260/282/194 259/283/194 267/289/194
f 267/289/195 259/283/195 331/284/195 332/290/195
f 274/173/196 266/172/196 272/175/196 280/174/196
f 280/174/197 272/175/197 271/285/197 279/176/197
f 279/176/198 271/285/198 270/179/198 278/178/198
f 278/291/199 270/286/199 269/287/199 277/292/199
f 277/292/200 269/287/200 268/288/200 276/293/200
f 276/293/201 268/288/201 267/289/201 275/294/201
f 275/294/202 267/289/202 332/290/202 333/295/202
f 282/154/203 274/163/203 280/164/203 288/296/203
f 288/296/204 280/164/204 279/297/204 287/156/204
f 287/156/205 279/297/205 278/166/205 286/157/205
f 286/298/206 278/291/206 277/292/206 285/299/206
f 285/299/207 277/292/207 276/293/207 284/300/207
f 284/300/208 276/293/208 275/294/208 283/301/208
f 283/301/209 275/294/209 333/295/209 334/302/209
f 290/145/210 282/154/210 288/296/210 296/146/210
f 296/146/211 288/296/211 287/156/211 295/147/211
f 295/147/212 287/156/212 286/157/212 294/148/212
f 294/303/213 286/298/213 285/299/213 293/304/213
f 293/304/214 285/299/214 284/300/214 292/305/214
f 292/305/215 284/300/215 283/301/215 291/306/215
f 291/306/216 283/301/216 334/302/216 335/307/216
f 298/136/217 290/145/217 296/146/217 304/137/217
f 304/137/218 296/146/218 295/147/218 303/138/218
f 303/138/219 295/147/219 294/148/219 302/139/219
f 302/308/220 294/303/220 293/304/220 301/309/220
f 301/309/221 293/304/221 292/305/221 300/310/221
f 300/310/222 292/305/222 291/306/222 299/311/222
f 299/311/223 291/306/223 335/307/223 336/312/223
f 50/66/224 298/136/224 304/137/224 56/67/224
f 56/67/225 304/137/225 303/138/225 55/69/225
f 55/69/226 303/138/226 302/139/226 54/71/226
f 54/74/227 302/308/227 301/309/227 53/75/227
f 53/75/228 301/309/228 300/310/228 52/77/228
f 52/77/229 300/310/229 299/311/229 51/79/229
f 51/79/230 299/311/230 336/312/230 305/81/230
f 273/313/231 265/314/231 364/315/231 365/316/231
f 17/317/232 50/66/232 58/65/232 18/318/232
f 48/319/233 298/136/233 50/66/233 17/317/233
f 18/318/234 58/65/234 66/83/234 19/320/234
f 19/320/235 66/83/235 74/92/235 20/321/235
f 20/321/236 74/92/236 82/101/236 21/322/236
f 21/322/237 82/101/237 90/92/237 22/321/237
f 22/321/238 90/92/238 98/117/238 23/320/238
f 23/320/239 98/117/239 106/65/239 24/318/239
f 24/318/240 106/65/240 114/130/240 25/317/240
f 25/317/241 114/130/241 122/136/241 26/319/241
f 26/319/242 122/136/242 130/145/242 27/323/242
f 27/323/243 130/145/243 138/154/243 28/324/243
f 28/324/244 138/154/244 146/163/244 29/325/244
f 29/326/245 146/173/245 154/172/245 30/327/245
f 30/327/246 154/172/246 162/185/246 31/328/246
f 31/328/247 162/185/247 170/194/247 32/329/247
f 32/329/248 170/194/248 178/203/248 33/330/248
f 33/330/249 178/203/249 186/212/249 34/331/249
f 34/331/250 186/212/250 194/221/250 35/332/250
f 35/332/251 194/221/251 202/230/251 36/333/251
f 36/333/252 202/230/252 210/239/252 37/334/252
f 37/334/253 210/239/253 218/230/253 38/333/253
f 38/333/254 218/230/254 226/253/254 39/332/254
f 39/332/255 226/253/255 234/212/255 40/331/255
f 40/331/256 234/212/256 242/266/256 41/330/256
f 41/330/257 242/266/257 250/194/257 42/329/257
f 42/329/258 250/194/258 258/185/258 43/328/258
f 43/328/259 258/185/259 266/172/259 44/327/259
f 44/327/231 266/172/231 274/173/231 45/326/231
f 45/325/260 274/163/260 282/154/260 46/324/260
f 46/324/261 282/154/261 290/145/261 47/323/261
f 47/323/262 290/145/262 298/136/262 48/319/262
f 49/335/5 57/336/5 306/82/5 305/81/5
f 57/336/5 65/337/5 307/91/5 306/82/5
f 65/337/5 73/338/5 308/100/5 307/91/5
f 73/338/5 81/339/5 309/109/5 308/100/5
f 81/339/5 89/340/5 310/116/5 309/109/5
f 89/340/5 97/341/5 311/124/5 310/116/5
f 97/341/5 105/342/5 312/129/5 311/124/5
f 105/342/5 113/343/5 313/135/5 312/129/5
f 113/343/5 121/344/5 314/144/5 313/135/5
f 121/344/5 129/345/5 315/153/5 314/144/5
f 129/345/5 137/346/5 316/162/5 315/153/5
f 137/346/5 145/347/5 317/171/5 316/162/5
f 145/347/5 153/348/5 318/184/5 317/171/5
f 153/348/5 161/349/5 319/193/5 318/184/5
f 161/349/5 169/350/5 320/202/5 319/193/5
f 169/350/5 177/351/5 321/211/5 320/202/5
f 177/351/5 185/352/5 322/220/5 321/211/5
f 185/352/5 193/353/5 323/229/5 322/220/5
f 193/353/5 201/354/5 324/238/5 323/229/5
f 201/354/5 209/355/5 325/247/5 324/238/5
f 209/355/5 217/356/5 326/252/5 325/247/5
f 217/356/5 225/357/5 327/258/5 326/252/5
f 225/357/5 233/358/5 328/265/5 327/258/5
f 233/358/5 241/359/5 329/272/5 328/265/5
f 241/359/5 249/360/5 330/278/5 329/272/5
f 249/360/5 257/361/5 331/284/5 330/278/5
f 257/361/5 265/362/5 332/290/5 331/284/5
f 265/362/5 273/363/5 333/295/5 332/290/5
f 273/363/5 281/364/5 334/302/5 333/295/5
f 281/364/5 289/365/5 335/307/5 334/302/5
f 289/365/5 297/366/5 336/312/5 335/307/5
f 297/366/5 49/335/5 305/81/5 336/312/5
f 349/367/6 348/368/6 380/369/6 381/370/6
f 169/371/247 161/372/247 351/373/247 352/374/247
f 65/375/234 57/376/234 338/377/234 339/378/234
f 281/379/260 273/380/260 365/381/260 366/382/260
f 177/383/248 169/371/248 352/374/248 353/384/248
f 73/385/235 65/375/235 339/378/235 340/386/235
f 289/387/261 281/379/261 366/382/261 367/388/261
f 185/389/249 177/383/249 353/384/249 354/390/249
f 81/391/236 73/385/236 340/386/236 341/392/236
f 297/393/262 289/387/262 367/388/262 368/394/262
f 193/395/250 185/389/250 354/390/250 355/396/250
f 89/385/237 81/391/237 341/392/237 342/386/237
f 49/397/233 297/393/233 368/394/233 337/398/233
f 201/399/251 193/395/251 355/396/251 356/400/251
f 97/375/238 89/385/238 342/386/238 343/378/238
f 209/401/252 201/399/252 356/400/252 357/402/252
f 105/376/239 97/375/239 343/378/239 344/377/239
f 217/399/253 209/401/253 357/402/253 358/400/253
f 113/397/240 105/376/240 344/377/240 345/398/240
f 225/395/254 217/399/254 358/400/254 359/396/254
f 121/393/241 113/397/241 345/398/241 346/394/241
f 233/389/255 225/395/255 359/396/255 360/390/255
f 129/387/242 121/393/242 346/394/242 347/388/242
f 241/383/256 233/389/256 360/390/256 361/384/256
f 137/403/243 129/387/243 347/388/243 348/404/243
f 249/371/257 241/383/257 361/384/257 362/374/257
f 145/380/244 137/403/244 348/404/244 349/381/244
f 257/372/258 249/371/258 362/374/258 363/373/258
f 153/314/245 145/313/245 349/316/245 350/315/245
f 265/314/259 257/372/259 363/373/259 364/315/259
f 161/372/246 153/314/246 350/315/246 351/373/246
f 57/376/232 49/397/232 337/398/232 338/377/232
f 384/405/247 383/406/247 415/407/247 416/408/247
f 363/409/6 362/410/6 394/411/6 395/412/6
f 350/413/6 349/367/6 381/370/6 382/414/6
f 364/415/6 363/409/6 395/412/6 396/416/6
f 351/417/6 350/413/6 382/414/6 383/418/6
f 338/419/6 337/420/6 369/421/6 370/422/6
f 365/423/6 364/415/6 396/416/6 397/424/6
f 352/425/6 351/417/6 383/418/6 384/426/6
f 339/427/6 338/419/6 370/422/6 371/428/6
f 366/429/6 365/423/6 397/424/6 398/430/6
f 353/431/6 352/425/6 384/426/6 385/432/6
f 340/433/6 339/427/6 371/428/6 372/434/6
f 367/435/6 366/429/6 398/430/6 399/436/6
f 354/437/6 353/431/6 385/432/6 386/438/6
f 341/439/6 340/433/6 372/434/6 373/440/6
f 368/441/6 367/435/6 399/436/6 400/442/6
f 355/443/6 354/437/6 386/438/6 387/444/6
f 342/445/6 341/439/6 373/440/6 374/446/6
f 337/420/6 368/441/6 400/442/6 369/421/6
f 356/447/6 355/443/6 387/444/6 388/448/6
f 343/449/6 342/445/6 374/446/6 375/450/6
f 357/451/6 356/447/6 388/448/6 389/452/6
f 344/453/6 343/449/6 375/450/6 376/454/6
f 358/455/6 357/451/6 389/452/6 390/456/6
f 345/457/6 344/453/6 376/454/6 377/458/6
f 359/459/6 358/455/6 390/456/6 391/460/6
f 346/461/6 345/457/6 377/458/6 378/462/6
f 360/463/6 359/459/6 391/460/6 392/464/6
f 347/465/6 346/461/6 378/462/6 379/466/6
f 361/467/6 360/463/6 392/464/6 393/468/6
f 348/368/6 347/465/6 379/466/6 380/369/6
f 362/410/6 361/467/6 393/468/6 394/411/6
f 402/469/5 401/470/5 432/471/5 431/472/5 430/473/5 429/474/5 428/475/5 427/476/5 426/477/5 425/478/5 424/479/5 423/480/5 422/481/5 421/482/5 420/483/5 419/484/5 418/485/5 417/486/5 416/487/5 415/488/5 414/489/5 413/490/5 412/491/5 411/492/5 410/493/5 409/494/5 408/495/5 407/496/5 406/497/5 405/498/5 404/499/5 403/500/5
f 371/501/234 370/502/234 402/503/234 403/504/234
f 398/505/260 397/506/260 429/507/260 430/508/260
f 385/509/248 384/405/248 416/408/248 417/510/248
f 372/511/235 371/501/235 403/504/235 404/512/235
f 399/513/261 398/505/261 430/508/261 431/514/261
f 386/515/249 385/509/249 417/510/249 418/516/249
f 373/517/236 372/511/236 404/512/236 405/518/236
f 400/519/262 399/513/262 431/514/262 432/520/262
f 387/521/250 386/515/250 418/516/250 419/522/250
f 374/523/237 373/517/237 405/518/237 406/524/237
f 369/525/233 400/519/233 432/520/233 401/526/233
f 388/527/251 387/521/251 419/522/251 420/528/251
f 375/501/238 374/523/238 406/524/238 407/504/238
f 389/529/252 388/527/252 420/528/252 421/530/252
f 376/502/239 375/501/239 407/504/239 408/503/239
f 390/531/253 389/532/253 421/533/253 422/534/253
f 377/525/240 376/502/240 408/503/240 409/526/240
f 391/535/254 390/531/254 422/534/254 423/536/254
f 378/519/241 377/525/241 409/526/241 410/520/241
f 392/537/255 391/535/255 423/536/255 424/538/255
f 379/513/242 378/519/242 410/520/242 411/514/242
f 393/539/256 392/537/256 424/538/256 425/540/256
f 380/541/243 379/513/243 411/514/243 412/542/243
f 394/543/257 393/539/257 425/540/257 426/544/257
f 381/506/244 380/541/244 412/542/244 413/507/244
f 395/545/258 394/543/258 426/544/258 427/546/258
f 382/547/245 381/548/245 413/549/245 414/550/245
f 396/551/259 395/545/259 427/546/259 428/552/259
f 383/406/246 382/547/246 414/550/246 415/407/246
f 370/502/232 369/525/232 401/526/232 402/503/232
f 397/553/231 396/551/231 428/552/231 429/554/231
f 433/33/6 434/34/6 435/35/6 436/36/6 437/37/6 438/38/6 439/39/6 440/40/6 441/41/6 442/42/6 443/43/6 444/44/6 445/45/6 446/46/6 447/47/6 448/48/6 449/49/6 450/50/6 451/51/6 452/52/6 453/53/6 454/54/6 455/55/6 456/56/6 457/57/6 458/58/6 459/59/6 460/60/6 461/61/6 462/62/6 463/63/6 464/64/6
f 474/65/7 466/66/7 472/67/7 480/68/7
f 480/68/8 472/67/8 471/69/8 479/70/8
f 479/70/9 471/69/9 470/71/9 478/72/9
f 478/73/10 470/74/10 469/75/10 477/76/10
f 477/76/11 469/75/11 468/77/11 476/78/11
f 476/78/12 468/77/12 467/79/12 475/80/12
f 475/80/13 467/79/13 721/81/13 722/82/13
f 482/83/14 474/65/14 480/68/14 488/84/14
f 488/84/15 480/68/15 479/70/15 487/85/15
f 487/85/16 479/70/16 478/72/16 486/86/16
f 486/87/17 478/73/17 477/76/17 485/88/17
f 485/88/18 477/76/18 476/78/18 484/89/18
f 484/89/19 476/78/19 475/80/19 483/90/19
f 483/90/20 475/80/20 722/82/20 723/91/20
f 490/92/21 482/83/21 488/84/21 496/93/21
f 496/93/22 488/84/22 487/85/22 495/94/22
f 495/94/23 487/85/23 486/86/23 494/95/23
f 494/96/24 486/87/24 485/88/24 493/97/24
f 493/97/25 485/88/25 484/89/25 492/98/25
f 492/98/26 484/89/26 483/90/26 491/99/26
f 491/99/27 483/90/27 723/91/27 724/100/27
f 498/101/28 490/92/28 496/93/28 504/102/28
f 504/102/29 496/93/29 495/94/29 503/103/29
f 503/103/30 495/94/30 494/95/30 502/104/30
f 502/105/31 494/96/31 493/97/31 501/106/31
f 501/106/32 493/97/32 492/98/32 500/107/32
f 500/107/33 492/98/33 491/99/33 499/108/33
f 499/108/34 491/99/34 724/100/34 725/109/34
f 506/92/35 498/101/35 504/102/35 512/110/35
f 512/110/36 504/102/36 503/103/36 511/111/36
f 511/111/37 503/103/37 502/104/37 510/95/37
f 510/112/38 502/105/38 501/106/38 509/113/38
f 509/113/39 501/106/39 500/107/39 508/114/39
f 508/114/40 500/107/40 499/108/40 507/115/40
f 507/115/41 499/108/41 725/109/41 726/116/41
f 514/117/42 506/92/42 512/110/42 520/118/42
f 520/118/43 512/110/43 511/111/43 519/119/43
f 519/119/44 511/111/44 510/95/44 518/86/44
f 518/120/45 510/112/45 509/113/45 517/121/45
f 517/121/46 509/113/46 508/114/46 516/122/46
f 516/122/47 508/114/47 507/115/47 515/123/47
f 515/123/48 507/115/48 726/116/48 727/124/48
f 522/65/49 514/117/49 520/118/49 528/68/49
f 528/68/50 520/118/50 519/119/50 527/70/50
f 527/70/51 519/119/51 518/86/51 526/72/51
f 526/125/52 518/120/52 517/121/52 525/126/52
f 525/126/53 517/121/53 516/122/53 524/127/53
f 524/127/54 516/122/54 515/123/54 523/128/54
f 523/128/55 515/123/55 727/124/55 728/129/55
f 530/130/56 522/65/56 528/68/56 536/67/56
f 536/67/57 528/68/57 527/70/57 535/69/57
f 535/69/58 527/70/58 526/72/58 534/71/58
f 534/131/59 526/125/59 525/126/59 533/132/59
f 533/132/60 525/126/60 524/127/60 532/133/60
f 532/133/61 524/127/61 523/128/61 531/134/61
f 531/134/62 523/128/62 728/129/62 729/135/62
f 538/136/63 530/130/63 536/67/63 544/137/63
f 544/137/64 536/67/64 535/69/64 543/138/64
f 543/138/65 535/69/65 534/71/65 542/139/65
f 542/140/66 534/131/66 533/132/66 541/141/66
f 541/141/67 533/132/67 532/133/67 540/142/67
f 540/142/68 532/133/68 531/134/68 539/143/68
f 539/143/69 531/134/69 729/135/69 730/144/69
f 546/145/70 538/136/70 544/137/70 552/146/70
f 552/146/71 544/137/71 543/138/71 551/147/71
f 551/147/72 543/138/72 542/139/72 550/148/72
f 550/149/73 542/140/73 541/141/73 549/150/73
f 549/150/74 541/141/74 540/142/74 548/151/74
f 548/151/75 540/142/75 539/143/75 547/152/75
f 547/152/76 539/143/76 730/144/76 731/153/76
f 554/154/77 546/145/77 552/146/77 560/155/77
f 560/155/78 552/146/78 551/147/78 559/156/78
f 559/156/79 551/147/79 550/148/79 558/157/79
f 558/158/80 550/149/80 549/150/80 557/159/80
f 557/159/81 549/150/81 548/151/81 556/160/81
f 556/160/82 548/151/82 547/152/82 555/161/82
f 555/161/83 547/152/83 731/153/83 732/162/83
f 562/163/84 554/154/84 560/155/84 568/164/84
f 568/164/85 560/155/85 559/156/85 567/165/85
f 567/165/86 559/156/86 558/157/86 566/166/86
f 566/167/87 558/158/87 557/159/87 565/168/87
f 565/168/88 557/159/88 556/160/88 564/169/88
f 564/169/89 556/160/89 555/161/89 563/170/89
f 563/170/90 555/161/90 732/162/90 733/171/90
f 570/172/91 562/173/91 568/174/91 576/175/91
f 576/175/92 568/174/92 567/176/92 575/177/92
f 575/177/93 567/176/93 566/178/93 574/179/93
f 574/180/94 566/167/94 565/168/94 573/181/94
f 573/181/95 565/168/95 564/169/95 572/182/95
f 572/182/96 564/169/96 563/170/96 571/183/96
f 571/183/97 563/170/97 733/171/97 734/184/97
f 578/185/98 570/172/98 576/175/98 584/186/98
f 584/186/99 576/175/99 575/177/99 583/187/99
f 583/187/100 575/177/100 574/179/100 582/188/100
f 582/189/101 574/180/101 573/181/101 581/190/101
f 581/190/102 573/181/102 572/182/102 580/191/102
f 580/191/103 572/182/103 571/183/103 579/192/103
f 579/192/104 571/183/104 734/184/104 735/193/104
f 586/194/105 578/185/105 584/186/105 592/195/105
f 592/195/106 584/186/106 583/187/106 591/196/106
f 591/196/107 583/187/107 582/188/107 590/197/107
f 590/198/108 582/189/108 581/190/108 589/199/108
f 589/199/109 581/190/109 580/191/109 588/200/109
f 588/200/110 580/191/110 579/192/110 587/201/110
f 587/201/111 579/192/111 735/193/111 736/202/111
f 594/203/112 586/194/112 592/195/112 600/204/112
f 600/204/113 592/195/113 591/196/113 599/205/113
f 599/205/114 591/196/114 590/197/114 598/206/114
f 598/207/115 590/198/115 589/199/115 597/208/115
f 597/208/116 589/199/116 588/200/116 596/209/116
f 596/209/117 588/200/117 587/201/117 595/210/117
f 595/210/118 587/201/118 736/202/118 737/211/118
f 602/212/119 594/203/119 600/204/119 608/213/119
f 608/213/120 600/204/120 599/205/120 607/214/120
f 607/214/121 599/205/121 598/206/121 606/215/121
f 606/216/122 598/207/122 597/208/122 605/217/122
f 605/217/123 597/208/123 596/209/123 604/218/123
f 604/218/124 596/209/124 595/210/124 603/219/124
f 603/219/125 595/210/125 737/211/125 738/220/125
f 610/221/126 602/212/126 608/213/126 616/222/126
f 616/222/127 608/213/127 607/214/127 615/223/127
f 615/223/128 607/214/128 606/215/128 614/224/128
f 614/225/129 606/216/129 605/217/129 613/226/129
f 613/226/130 605/217/130 604/218/130 612/227/130
f 612/227/131 604/218/131 603/219/131 611/228/131
f 611/228/132 603/219/132 738/220/132 739/229/132
f 618/230/133 610/221/133 616/222/133 624/231/133
f 624/231/134 616/222/134 615/223/134 623/232/134
f 623/232/135 615/223/135 614/224/135 622/233/135
f 622/234/136 614/225/136 613/226/136 621/235/136
f 621/235/137 613/226/137 612/227/137 620/236/137
f 620/236/138 612/227/138 611/228/138 619/237/138
f 619/237/139 611/228/139 739/229/139 740/238/139
f 626/239/140 618/230/140 624/231/140 632/240/140
f 632/240/141 624/231/141 623/232/141 631/241/141
f 631/241/142 623/232/142 622/233/142 630/242/142
f 630/243/143 622/234/143 621/235/143 629/244/143
f 629/244/144 621/235/144 620/236/144 628/245/144
f 628/245/145 620/236/145 619/237/145 627/246/145
f 627/246/146 619/237/146 740/238/146 741/247/146
f 634/230/147 626/239/147 632/240/147 640/231/147
f 640/231/148 632/240/148 631/241/148 639/232/148
f 639/232/149 631/241/149 630/242/149 638/233/149
f 638/248/150 630/243/150 629/244/150 637/249/150
f 637/249/151 629/244/151 628/245/151 636/250/151
f 636/250/152 628/245/152 627/246/152 635/251/152
f 635/251/153 627/246/153 741/247/153 742/252/153
f 642/253/154 634/230/154 640/231/154 648/222/154
f 648/222/155 640/231/155 639/232/155 647/223/155
f 647/223/156 639/232/156 638/233/156 646/224/156
f 646/254/157 638/248/157 637/249/157 645/255/157
f 645/255/158 637/249/158 636/250/158 644/256/158
f 644/256/159 636/250/159 635/251/159 643/257/159
f 643/257/160 635/251/160 742/252/160 743/258/160
f 650/212/161 642/253/161 648/222/161 656/259/161
f 656/259/162 648/222/162 647/223/162 655/214/162
f 655/214/163 647/223/163 646/224/163 654/260/163
f 654/261/164 646/254/164 645/255/164 653/262/164
f 653/262/165 645/255/165 644/256/165 652/263/165
f 652/263/166 644/256/166 643/257/166 651/264/166
f 651/264/167 643/257/167 743/258/167 744/265/167
f 658/266/168 650/212/168 656/259/168 664/267/168
f 664/267/169 656/259/169 655/214/169 663/205/169
f 663/205/170 655/214/170 654/260/170 662/206/170
f 662/268/171 654/261/171 653/262/171 661/269/171
f 661/269/172 653/262/172 652/263/172 660/270/172
f 660/270/173 652/263/173 651/264/173 659/271/173
f 659/271/174 651/264/174 744/265/174 745/272/174
f 666/194/175 658/266/175 664/267/175 672/273/175
f 672/273/176 664/267/176 663/205/176 671/196/176
f 671/196/177 663/205/177 662/206/177 670/197/177
f 670/274/178 662/268/178 661/269/178 669/275/178
f 669/275/179 661/269/179 660/270/179 668/276/179
f 668/276/180 660/270/180 659/271/180 667/277/180
f 667/277/181 659/271/181 745/272/181 746/278/181
f 674/185/182 666/194/182 672/273/182 680/186/182
f 680/186/183 672/273/183 671/196/183 679/279/183
f 679/279/184 671/196/184 670/197/184 678/188/184
f 678/280/185 670/274/185 669/275/185 677/281/185
f 677/281/186 669/275/186 668/276/186 676/282/186
f 676/282/187 668/276/187 667/277/187 675/283/187
f 675/283/188 667/277/188 746/278/188 747/284/188
f 682/172/189 674/185/189 680/186/189 688/175/189
f 688/175/190 680/186/190 679/279/190 687/285/190
f 687/285/191 679/279/191 678/188/191 686/179/191
f 686/286/192 678/280/192 677/281/192 685/287/192
f 685/287/193 677/281/193 676/282/193 684/288/193
f 684/288/194 676/282/194 675/283/194 683/289/194
f 683/289/195 675/283/195 747/284/195 748/290/195
f 690/173/196 682/172/196 688/175/196 696/174/196
f 696/174/197 688/175/197 687/285/197 695/176/197
f 695/176/198 687/285/198 686/179/198 694/178/198
f 694/291/199 686/286/199 685/287/199 693/292/199
f 693/292/200 685/287/200 684/288/200 692/293/200
f 692/293/201 684/288/201 683/289/201 691/294/201
f 691/294/202 683/289/202 748/290/202 749/295/202
f 698/154/203 690/163/203 696/164/203 704/296/203
f 704/296/204 696/164/204 695/297/204 703/156/204
f 703/156/205 695/297/205 694/166/205 702/157/205
f 702/298/206 694/291/206 693/292/206 701/299/206
f 701/299/207 693/292/207 692/293/207 700/300/207
f 700/300/208 692/293/208 691/294/208 699/301/208
f 699/301/209 691/294/209 749/295/209 750/302/209
f 706/145/210 698/154/210 704/296/210 712/146/210
f 712/146/211 704/296/211 703/156/211 711/147/211
f 711/147/212 703/156/212 702/157/212 710/148/212
f 710/303/213 702/298/213 701/299/213 709/304/213
f 709/304/214 701/299/214 700/300/214 708/305/214
f 708/305/215 700/300/215 699/301/215 707/306/215
f 707/306/216 699/301/216 750/302/216 751/307/216
f 714/136/217 706/145/217 712/146/217 720/137/217
f 720/137/218 712/146/218 711/147/218 719/138/218
f 719/138/219 711/147/219 710/148/219 718/139/219
f 718/308/220 710/303/220 709/304/220 717/309/220
f 717/309/221 709/304/221 708/305/221 716/310/221
f 716/310/222 708/305/222 707/306/222 715/311/222
f 715/311/223 707/306/223 751/307/223 752/312/223
f 466/66/224 714/136/224 720/137/224 472/67/224
f 472/67/225 720/137/225 719/138/225 471/69/225
f 471/69/226 719/138/226 718/139/226 470/71/226
f 470/74/227 718/308/227 717/309/227 469/75/227
f 469/75/228 717/309/228 716/310/228 468/77/228
f 468/77/229 716/310/229 715/311/229 467/79/229
f 467/79/230 715/311/230 752/312/230 721/81/230
f 689/313/231 681/314/231 780/315/231 781/316/231
f 433/317/232 466/66/232 474/65/232 434/318/232
f 464/319/233 714/136/233 466/66/233 433/317/233
f 434/318/234 474/65/234 482/83/234 435/320/234
f 435/320/235 482/83/235 490/92/235 436/321/235
f 436/321/236 490/92/236 498/101/236 437/322/236
f 437/322/237 498/101/237 506/92/237 438/321/237
f 438/321/238 506/92/238 514/117/238 439/320/238
f 439/320/239 514/117/239 522/65/239 440/318/239
f 440/318/240 522/65/240 530/130/240 441/317/240
f 441/317/241 530/130/241 538/136/241 442/319/241
f 442/319/242 538/136/242 546/145/242 443/323/242
f 443/323/243 546/145/243 554/154/243 444/324/243
f 444/324/244 554/154/244 562/163/244 445/325/244
f 445/326/245 562/173/245 570/172/245 446/327/245
f 446/327/246 570/172/246 578/185/246 447/328/246
f 447/328/247 578/185/247 586/194/247 448/329/247
f 448/329/248 586/194/248 594/203/248 449/330/248
f 449/330/249 594/203/249 602/212/249 450/331/249
f 450/331/250 602/212/250 610/221/250 451/332/250
f 451/332/251 610/221/251 618/230/251 452/333/251
f 452/333/252 618/230/252 626/239/252 453/334/252
f 453/334/253 626/239/253 634/230/253 454/333/253
f 454/333/254 634/230/254 642/253/254 455/332/254
f 455/332/255 642/253/255 650/212/255 456/331/255
f 456/331/256 650/212/256 658/266/256 457/330/256
f 457/330/257 658/266/257 666/194/257 458/329/257
f 458/329/258 666/194/258 674/185/258 459/328/258
f 459/328/259 674/185/259 682/172/259 460/327/259
f 460/327/231 682/172/231 690/173/231 461/326/231
f 461/325/260 690/163/260 698/154/260 462/324/260
f 462/324/261 698/154/261 706/145/261 463/323/261
f 463/323/262 706/145/262 714/136/262 464/319/262
f 465/335/5 473/336/5 722/82/5 721/81/5
f 473/336/5 481/337/5 723/91/5 722/82/5
f 481/337/5 489/338/5 724/100/5 723/91/5
f 489/338/5 497/339/5 725/109/5 724/100/5
f 497/339/5 505/340/5 726/116/5 725/109/5
f 505/340/5 513/341/5 727/124/5 726/116/5
f 513/341/5 521/342/5 728/129/5 727/124/5
f 521/342/5 529/343/5 729/135/5 728/129/5
f 529/343/5 537/344/5 730/144/5 729/135/5
f 537/344/5 545/345/5 731/153/5 730/144/5
f 545/345/5 553/346/5 732/162/5 731/153/5
f 553/346/5 561/347/5 733/171/5 732/162/5
f 561/347/5 569/348/5 734/184/5 733/171/5
f 569/348/5 577/349/5 735/193/5 734/184/5
f 577/349/5 585/350/5 736/202/5 735/193/5
f 585/350/5 593/351/5 737/211/5 736/202/5
f 593/351/5 601/352/5 738/220/5 737/211/5
f 601/352/5 609/353/5 739/229/5 738/220/5
f 609/353/5 617/354/5 740/238/5 739/229/5
f 617/354/5 625/355/5 741/247/5 740/238/5
f 625/355/5 633/356/5 742/252/5 741/247/5
f 633/356/5 641/357/5 743/258/5 742/252/5
f 641/357/5 649/358/5 744/265/5 743/258/5
f 649/358/5 657/359/5 745/272/5 744/265/5
f 657/359/5 665/360/5 746/278/5 745/272/5
f 665/360/5 673/361/5 747/284/5 746/278/5
f 673/361/5 681/362/5 748/290/5 747/284/5
f 681/362/5 689/363/5 749/295/5 748/290/5
f 689/363/5 697/364/5 750/302/5 749/295/5
f 697/364/5 705/365/5 751/307/5 750/302/5
f 705/365/5 713/366/5 752/312/5 751/307/5
f 713/366/5 465/335/5 721/81/5 752/312/5
f 765/367/6 764/368/6 796/369/6 797/370/6
f 585/371/247 577/372/247 767/373/247 768/374/247
f 481/375/234 473/376/234 754/377/234 755/378/234
f 697/379/260 689/380/260 781/381/260 782/382/260
f 593/383/248 585/371/248 768/374/248 769/384/248
f 489/385/235 481/375/235 755/378/235 756/386/235
f 705/387/261 697/379/261 782/382/261 783/388/261
f 601/389/249 593/383/249 769/384/249 770/390/249
f 497/391/236 489/385/236 756/386/236 757/392/236
f 713/393/262 705/387/262 783/388/262 784/394/262
f 609/395/250 601/389/250 770/390/250 771/396/250
f 505/385/237 497/391/237 757/392/237 758/386/237
f 465/397/233 713/393/233 784/394/233 753/398/233
f 617/399/251 609/395/251 771/396/251 772/400/251
f 513/375/238 505/385/238 758/386/238 759/378/238
f 625/401/252 617/399/252 772/400/252 773/402/252
f 521/376/239 513/375/239 759/378/239 760/377/239
f 633/399/253 625/401/253 773/402/253 774/400/253
f 529/397/240 521/376/240 760/377/240 761/398/240
f 641/395/254 633/399/254 774/400/254 775/396/254
f 537/393/241 529/397/241 761/398/241 762/394/241
f 649/389/255 641/395/255 775/396/255 776/390/255
f 545/387/242 537/393/242 762/394/242 763/388/242
f 657/383/256 649/389/256 776/390/256 777/384/256
f 553/403/243 545/387/243 763/388/243 764/404/243
f 665/371/257 657/383/257 777/384/257 778/374/257
f 561/380/244 553/403/244 764/404/244 765/381/244
f 673/372/258 665/371/258 778/374/258 779/373/258
f 569/314/245 561/313/245 765/316/245 766/315/245
f 681/314/259 673/372/259 779/373/259 780/315/259
f 577/372/246 569/314/246 766/315/246 767/373/246
f 473/376/232 465/397/232 753/398/232 754/377/232
f 800/405/247 799/406/247 831/407/247 832/408/247
f 779/409/6 778/410/6 810/411/6 811/412/6
f 766/413/6 765/367/6 797/370/6 798/414/6
f 780/415/6 779/409/6 811/412/6 812/416/6
f 767/417/6 766/413/6 798/414/6 799/418/6
f 754/419/6 753/420/6 785/421/6 786/422/6
f 781/423/6 780/415/6 812/416/6 813/424/6
f 768/425/6 767/417/6 799/418/6 800/426/6
f 755/427/6 754/419/6 786/422/6 787/428/6
f 782/429/6 781/423/6 813/424/6 814/430/6
f 769/431/6 768/425/6 800/426/6 801/432/6
f 756/433/6 755/427/6 787/428/6 788/434/6
f 783/435/6 782/429/6 814/430/6 815/436/6
f 770/437/6 769/431/6 801/432/6 802/438/6
f 757/439/6 756/433/6 788/434/6 789/440/6
f 784/441/6 783/435/6 815/436/6 816/442/6
f 771/443/6 770/437/6 802/438/6 803/444/6
f 758/445/6 757/439/6 789/440/6 790/446/6
f 753/420/6 784/441/6 816/442/6 785/421/6
f 772/447/6 771/443/6 803/444/6 804/448/6
f 759/449/6 758/445/6 790/446/6 791/450/6
f 773/451/6 772/447/6 804/448/6 805/452/6
f 760/453/6 759/449/6 791/450/6 792/454/6
f 774/455/6 773/451/6 805/452/6 806/456/6
f 761/457/6 760/453/6 792/454/6 793/458/6
f 775/459/6 774/455/6 806/456/6 807/460/6
f 762/461/6 761/457/6 793/458/6 794/462/6
f 776/463/6 775/459/6 807/460/6 808/464/6
f 763/465/6 762/461/6 794/462/6 795/466/6
f 777/467/6 776/463/6 808/464/6 809/468/6
f 764/368/6 763/465/6 795/466/6 796/369/6
f 778/410/6 777/467/6 809/468/6 810/411/6
f 818/469/5 817/470/5 848/471/5 847/472/5 846/473/5 845/474/5 844/475/5 843/476/5 842/477/5 841/478/5 840/479/5 839/480/5 838/481/5 837/482/5 836/483/5 835/484/5 834/485/5 833/486/5 832/487/5 831/488/5 830/489/5 829/490/5 828/491/5 827/492/5 826/493/5 825/494/5 824/495/5 823/496/5 822/497/5 821/498/5 820/499/5 819/500/5
f 787/501/234 786/502/234 818/503/234 819/504/234
f 814/505/260 813/506/260 845/507/260 846/508/260
f 801/509/248 800/405/248 832/408/248 833/510/248
f 788/511/235 787/501/235 819/504/235 820/512/235
f 815/513/261 814/505/261 846/508/261 847/514/261
f 802/515/249 801/509/249 833/510/249 834/516/249
f 789/517/236 788/511/236 820/512/236 821/518/236
f 816/519/262 815/513/262 847/514/262 848/520/262
f 803/521/250 802/515/250 834/516/250 835/522/250
f 790/523/237 789/517/237 821/518/237 822/524/237
f 785/525/233 816/519/233 848/520/233 817/526/233
f 804/527/251 803/521/251 835/522/251 836/528/251
f 791/501/238 790/523/238 822/524/238 823/504/238
f 805/529/252 804/527/252 836/528/252 837/530/252
f 792/502/239 791/501/239 823/504/239 824/503/239
f 806/531/253 805/532/253 837/533/253 838/534/253
f 793/525/240 792/502/240 824/503/240 825/526/240
f 807/535/254 806/531/254 838/534/254 839/536/254
f 794/519/241 793/525/241 825/526/241 826/520/241
f 808/537/255 807/535/255 839/536/255 840/538/255
f 795/513/242 794/519/242 826/520/242 827/514/242
f 809/539/256 808/537/256 840/538/256 841/540/256
f 796/541/243 795/513/243 827/514/243 828/542/243
f 810/543/257 809/539/257 841/540/257 842/544/257
f 797/506/244 796/541/244 828/542/244 829/507/244
f 811/545/258 810/543/258 842/544/258 843/546/258
f 798/547/245 797/548/245 829/549/245 830/550/245
f 812/551/259 811/545/259 843/546/259 844/552/259
f 799/406/246 798/547/246 830/550/246 831/407/246
f 786/502/232 785/525/232 817/526/232 818/503/232
f 813/553/231 812/551/231 844/552/231 845/554/231
f 849/33/6 850/34/6 851/35/6 852/36/6 853/37/6 854/38/6 855/39/6 856/40/6 857/41/6 858/42/6 859/43/6 860/44/6 861/45/6 862/46/6 863/47/6 864/48/6 865/49/6 866/50/6 867/51/6 868/52/6 869/53/6 870/54/6 871/55/6 872/56/6 873/57/6 874/58/6 875/59/6 876/60/6 877/61/6 878/62/6 879/63/6 880/64/6
f 890/65/7 882/66/7 888/67/7 896/68/7
f 896/68/8 888/67/8 887/69/8 895/70/8
f 895/70/9 887/69/9 886/71/9 894/72/9
f 894/73/10 886/74/10 885/75/10 893/76/10
f 893/76/11 885/75/11 884/77/11 892/78/11
f 892/78/12 884/77/12 883/79/12 891/80/12
f 891/80/13 883/79/13 1137/81/13 1138/82/13
f 898/83/14 890/65/14 896/68/14 904/84/14
f 904/84/15 896/68/15 895/70/15 903/85/15
f 903/85/16 895/70/16 894/72/16 902/86/16
f 902/87/17 894/73/17 893/76/17 901/88/17
f 901/88/18 893/76/18 892/78/18 900/89/18
f 900/89/19 892/78/19 891/80/19 899/90/19
f 899/90/20 891/80/20 1138/82/20 1139/91/20
f 906/92/21 898/83/21 904/84/21 912/93/21
f 912/93/22 904/84/22 903/85/22 911/94/22
f 911/94/23 903/85/23 902/86/23 910/95/23
f 910/96/24 902/87/24 901/88/24 909/97/24
f 909/97/25 901/88/25 900/89/25 908/98/25
f 908/98/26 900/89/26 899/90/26 907/99/26
f 907/99/27 899/90/27 1139/91/27 1140/100/27
f 914/101/28 906/92/28 912/93/28 920/102/28
f 920/102/29 912/93/29 911/94/29 919/103/29
f 919/103/30 911/94/30 910/95/30 918/104/30
f 918/105/31 910/96/31 909/97/31 917/106/31
f 917/106/32 909/97/32 908/98/32 916/107/32
f 916/107/33 908/98/33 907/99/33 915/108/33
f 915/108/34 907/99/34 1140/100/34 1141/109/34
f 922/92/35 914/101/35 920/102/35 928/110/35
f 928/110/36 920/102/36 919/103/36 927/111/36
f 927/111/37 919/103/37 918/104/37 926/95/37
f 926/112/38 918/105/38 917/106/38 925/113/38
f 925/113/39 917/106/39 916/107/39 924/114/39
f 924/114/40 916/107/40 915/108/40 923/115/40
f 923/115/41 915/108/41 1141/109/41 1142/116/41
f 930/117/42 922/92/42 928/110/42 936/118/42
f 936/118/43 928/110/43 927/111/43 935/119/43
f 935/119/44 927/111/44 926/95/44 934/86/44
f 934/120/45 926/112/45 925/113/45 933/121/45
f 933/121/46 925/113/46 924/114/46 932/122/46
f 932/122/47 924/114/47 923/115/47 931/123/47
f 931/123/48 923/115/48 1142/116/48 1143/124/48
f 938/65/49 930/117/49 936/118/49 944/68/49
f 944/68/50 936/118/50 935/119/50 943/70/50
f 943/70/51 935/119/51 934/86/51 942/72/51
f 942/125/52 934/120/52 933/121/52 941/126/52
f 941/126/53 933/121/53 932/122/53 940/127/53
f 940/127/54 932/122/54 931/123/54 939/128/54
f 939/128/55 931/123/55 1143/124/55 1144/129/55
f 946/130/56 938/65/56 944/68/56 952/67/56
f 952/67/57 944/68/57 943/70/57 951/69/57
f 951/69/58 943/70/58 942/72/58 950/71/58
f 950/131/59 942/125/59 941/126/59 949/132/59
f 949/132/60 941/126/60 940/127/60 948/133/60
f 948/133/61 940/127/61 939/128/61 947/134/61
f 947/134/62 939/128/62 1144/129/62 1145/135/62
f 954/136/63 946/130/63 952/67/63 960/137/63
f 960/137/64 952/67/64 951/69/64 959/138/64
f 959/138/65 951/69/65 950/71/65 958/139/65
f 958/140/66 950/131/66 949/132/66 957/141/66
f 957/141/67 949/132/67 948/133/67 956/142/67
f 956/142/68 948/133/68 947/134/68 955/143/68
f 955/143/69 947/134/69 1145/135/69 1146/144/69
f 962/145/70 954/136/70 960/137/70 968/146/70
f 968/146/71 960/137/71 959/138/71 967/147/71
f 967/147/72 959/138/72 958/139/72 966/148/72
f 966/149/73 958/140/73 957/141/73 965/150/73
f 965/150/74 957/141/74 956/142/74 964/151/74
f 964/151/75 956/142/75 955/143/75 963/152/75
f 963/152/76 955/143/76 1146/144/76 1147/153/76
f 970/154/77 962/145/77 968/146/77 976/155/77
f 976/155/78 968/146/78 967/147/78 975/156/78
f 975/156/79 967/147/79 966/148/79 974/157/79
f 974/158/80 966/149/80 965/150/80 973/159/80
f 973/159/81 965/150/81 964/151/81 972/160/81
f 972/160/82 964/151/82 963/152/82 971/161/82
f 971/161/83 963/152/83 1147/153/83 1148/162/83
f 978/163/84 970/154/84 976/155/84 984/164/84
f 984/164/85 976/155/85 975/156/85 983/165/85
f 983/165/86 975/156/86 974/157/86 982/166/86
f 982/167/87 974/158/87 973/159/87 981/168/87
f 981/168/88 973/159/88 972/160/88 980/169/88
f 980/169/89 972/160/89 971/161/89 979/170/89
f 979/170/90 971/161/90 1148/162/90 1149/171/90
f 986/172/91 978/173/91 984/174/91 992/175/91
f 992/175/92 984/174/92 983/176/92 991/177/92
f 991/177/93 983/176/93 982/178/93 990/179/93
f 990/180/94 982/167/94 981/168/94 989/181/94
f 989/181/95 981/168/95 980/169/95 988/182/95
f 988/182/96 980/169/96 979/170/96 987/183/96
f 987/183/97 979/170/97 1149/171/97 1150/184/97
f 994/185/98 986/172/98 992/175/98 1000/186/98
f 1000/186/99 992/175/99 991/177/99 999/187/99
f 999/187/100 991/177/100 990/179/100 998/188/100
f 998/189/101 990/180/101 989/181/101 997/190/101
f 997/190/102 989/181/102 988/182/102 996/191/102
f 996/191/103 988/182/103 987/183/103 995/192/103
f 995/192/104 987/183/104 1150/184/104 1151/193/104
f 1002/194/105 994/185/105 1000/186/105 1008/195/105
f 1008/195/106 1000/186/106 999/187/106 1007/196/106
f 1007/196/107 999/187/107 998/188/107 1006/197/107
f 1006/198/108 998/189/108 997/190/108 1005/199/108
f 1005/199/109 997/190/109 996/191/109 1004/200/109
f 1004/200/110 996/191/110 995/192/110 1003/201/110
f 1003/201/111 995/192/111 1151/193/111 1152/202/111
f 1010/203/112 1002/194/112 1008/195/112 1016/204/112
f 1016/204/113 1008/195/113 1007/196/113 1015/205/113
f 1015/205/114 1007/196/114 1006/197/114 1014/206/114
f 1014/207/115 1006/198/115 1005/199/115 1013/208/115
f 1013/208/116 1005/199/116 1004/200/116 1012/209/116
f 1012/209/117 1004/200/117 1003/201/117 1011/210/117
f 1011/210/118 1003/201/118 1152/202/118 1153/211/118
f 1018/212/119 1010/203/119 1016/204/119 1024/213/119
f 1024/213/120 1016/204/120 1015/205/120 1023/214/120
f 1023/214/121 1015/205/121 1014/206/121 1022/215/121
f 1022/216/122 1014/207/122 1013/208/122 1021/217/122
f 1021/217/123 1013/208/123 1012/209/123 1020/218/123
f 1020/218/124 1012/209/124 1011/210/124 1019/219/124
f 1019/219/125 1011/210/125 1153/211/125 1154/220/125
f 1026/221/126 1018/212/126 1024/213/126 1032/222/126
f 1032/222/127 1024/213/127 1023/214/127 1031/223/127
f 1031/223/128 1023/214/128 1022/215/128 1030/224/128
f 1030/225/129 1022/216/129 1021/217/129 1029/226/129
f 1029/226/130 1021/217/130 1020/218/130 1028/227/130
f 1028/227/131 1020/218/131 1019/219/131 1027/228/131
f 1027/228/132 1019/219/132 1154/220/132 1155/229/132
f 1034/230/133 1026/221/133 1032/222/133 1040/231/133
f 1040/231/134 1032/222/134 1031/223/134 1039/232/134
f 1039/232/135 1031/223/135 1030/224/135 1038/233/135
f 1038/234/136 1030/225/136 1029/226/136 1037/235/136
f 1037/235/137 1029/226/137 1028/227/137 1036/236/137
f 1036/236/138 1028/227/138 1027/228/138 1035/237/138
f 1035/237/139 1027/228/139 1155/229/139 1156/238/139
f 1042/239/140 1034/230/140 1040/231/140 1048/240/140
f 1048/240/141 1040/231/141 1039/232/141 1047/241/141
f 1047/241/142 1039/232/142 1038/233/142 1046/242/142
f 1046/243/143 1038/234/143 1037/235/143 1045/244/143
f 1045/244/144 1037/235/144 1036/236/144 1044/245/144
f 1044/245/145 1036/236/145 1035/237/145 1043/246/145
f 1043/246/146 1035/237/146 1156/238/146 1157/247/146
f 1050/230/147 1042/239/147 1048/240/147 1056/231/147
f 1056/231/148 1048/240/148 1047/241/148 1055/232/148
f 1055/232/149 1047/241/149 1046/242/149 1054/233/149
f 1054/248/150 1046/243/150 1045/244/150 1053/249/150
f 1053/249/151 1045/244/151 1044/245/151 1052/250/151
f 1052/250/152 1044/245/152 1043/246/152 1051/251/152
f 1051/251/153 1043/246/153 1157/247/153 1158/252/153
f 1058/253/154 1050/230/154 1056/231/154 1064/222/154
f 1064/222/155 1056/231/155 1055/232/155 1063/223/155
f 1063/223/156 1055/232/156 1054/233/156 1062/224/156
f 1062/254/157 1054/248/157 1053/249/157 1061/255/157
f 1061/255/158 1053/249/158 1052/250/158 1060/256/158
f 1060/256/159 1052/250/159 1051/251/159 1059/257/159
f 1059/257/160 1051/251/160 1158/252/160 1159/258/160
f 1066/212/161 1058/253/161 1064/222/161 1072/259/161
f 1072/259/162 1064/222/162 1063/223/162 1071/214/162
f 1071/214/163 1063/223/163 1062/224/163 1070/260/163
f 1070/261/164 1062/254/164 1061/255/164 1069/262/164
f 1069/262/165 1061/255/165 1060/256/165 1068/263/165
f 1068/263/166 1060/256/166 1059/257/166 1067/264/166
f 1067/264/167 1059/257/167 1159/258/167 1160/265/167
f 1074/266/168 1066/212/168 1072/259/168 1080/267/168
f 1080/267/169 1072/259/169 1071/214/169 1079/205/169
f 1079/205/170 1071/214/170 1070/260/170 1078/206/170
f 1078/268/171 1070/261/171 1069/262/171 1077/269/171
f 1077/269/172 1069/262/172 1068/263/172 1076/270/172
f 1076/270/173 1068/263/173 1067/264/173 1075/271/173
f 1075/271/174 1067/264/174 1160/265/174 1161/272/174
f 1082/194/175 1074/266/175 1080/267/175 1088/273/175
f 1088/273/176 1080/267/176 1079/205/176 1087/196/176
f 1087/196/177 1079/205/177 1078/206/177 1086/197/177
f 1086/274/178 1078/268/178 1077/269/178 1085/275/178
f 1085/275/179 1077/269/179 1076/270/179 1084/276/179
f 1084/276/180 1076/270/180 1075/271/180 1083/277/180
f 1083/277/181 1075/271/181 1161/272/181 1162/278/181
f 1090/185/182 1082/194/182 1088/273/182 1096/186/182
f 1096/186/183 1088/273/183 1087/196/183 1095/279/183
f 1095/279/184 1087/196/184 1086/197/184 1094/188/184
f 1094/280/185 1086/274/185 1085/275/185 1093/281/185
f 1093/281/186 1085/275/186 1084/276/186 1092/282/186
f 1092/282/187 1084/276/187 1083/277/187 1091/283/187
f 1091/283/188 1083/277/188 1162/278/188 1163/284/188
f 1098/172/189 1090/185/189 1096/186/189 1104/175/189
f 1104/175/190 1096/186/190 1095/279/190 1103/285/190
f 1103/285/191 1095/279/191 1094/188/191 1102/179/191
f 1102/286/192 1094/280/192 1093/281/192 1101/287/192
f 1101/287/193 1093/281/193 1092/282/193 1100/288/193
f 1100/288/194 1092/282/194 1091/283/194 1099/289/194
f 1099/289/195 1091/283/195 1163/284/195 1164/290/195
f 1106/173/196 1098/172/196 1104/175/196 1112/174/196
f 1112/174/197 1104/175/197 1103/285/197 1111/176/197
f 1111/176/198 1103/285/198 1102/179/198 1110/178/198
f 1110/291/199 1102/286/199 1101/287/199 1109/292/199
f 1109/292/200 1101/287/200 1100/288/200 1108/293/200
f 1108/293/201 1100/288/201 1099/289/201 1107/294/201
f 1107/294/202 1099/289/202 1164/290/202 1165/295/202
f 1114/154/203 1106/163/203 1112/164/203 1120/296/203
f 1120/296/204 1112/164/204 1111/297/204 1119/156/204
f 1119/156/205 1111/297/205 1110/166/205 1118/157/205
f 1118/298/206 1110/291/206 1109/292/206 1117/299/206
f 1117/299/207 1109/292/207 1108/293/207 1116/300/207
f 1116/300/208 1108/293/208 1107/294/208 1115/301/208
f 1115/301/209 1107/294/209 1165/295/209 1166/302/209
f 1122/145/210 1114/154/210 1120/296/210 1128/146/210
f 1128/146/211 1120/296/211 1119/156/211 1127/147/211
f 1127/147/212 1119/156/212 1118/157/212 1126/148/212
f 1126/303/213 1118/298/213 1117/299/213 1125/304/213
f 1125/304/214 1117/299/214 1116/300/214 1124/305/214
f 1124/305/215 1116/300/215 1115/301/215 1123/306/215
f 1123/306/216 1115/301/216 1166/302/216 1167/307/216
f 1130/136/217 1122/145/217 1128/146/217 1136/137/217
f 1136/137/218 1128/146/218 1127/147/218 1135/138/218
f 1135/138/219 1127/147/219 1126/148/219 1134/139/219
f 1134/308/220 1126/303/220 1125/304/220 1133/309/220
f 1133/309/221 1125/304/221 1124/305/221 1132/310/221
f 1132/310/222 1124/305/222 1123/306/222 1131/311/222
f 1131/311/223 1123/306/223 1167/307/223 1168/312/223
f 882/66/224 1130/136/224 1136/137/224 888/67/224
f 888/67/225 1136/137/225 1135/138/225 887/69/225
f 887/69/226 1135/138/226 1134/139/226 886/71/226
f 886/74/227 1134/308/227 1133/309/227 885/75/227
f 885/75/228 1133/309/228 1132/310/228 884/77/228
f 884/77/229 1132/310/229 1131/311/229 883/79/229
f 883/79/230 1131/311/230 1168/312/230 1137/81/230
f 1105/313/231 1097/314/231 1196/315/231 1197/316/231
f 849/317/232 882/66/232 890/65/232 850/318/232
f 880/319/233 1130/136/233 882/66/233 849/317/233
f 850/318/234 890/65/234 898/83/234 851/320/234
f 851/320/235 898/83/235 906/92/235 852/321/235
f 852/321/236 906/92/236 914/101/236 853/322/236
f 853/322/237 914/101/237 922/92/237 854/321/237
f 854/321/238 922/92/238 930/117/238 855/320/238
f 855/320/239 930/117/239 938/65/239 856/318/239
f 856/318/240 938/65/240 946/130/240 857/317/240
f 857/317/241 946/130/241 954/136/241 858/319/241
f 858/319/242 954/136/242 962/145/242 859/323/242
f 859/323/243 962/145/243 970/154/243 860/324/243
f 860/324/244 970/154/244 978/163/244 861/325/244
f 861/326/245 978/173/245 986/172/245 862/327/245
f 862/327/246 986/172/246 994/185/246 863/328/246
f 863/328/247 994/185/247 1002/194/247 864/329/247
f 864/329/248 1002/194/248 1010/203/248 865/330/248
f 865/330/249 1010/203/249 1018/212/249 866/331/249
f 866/331/250 1018/212/250 1026/221/250 867/332/250
f 867/332/251 1026/221/251 1034/230/251 868/333/251
f 868/333/252 1034/230/252 1042/239/252 869/334/252
f 869/334/253 1042/239/253 1050/230/253 870/333/253
f 870/333/254 1050/230/254 1058/253/254 871/332/254
f 871/332/255 1058/253/255 1066/212/255 872/331/255
f 872/331/256 1066/212/256 1074/266/256 873/330/256
f 873/330/257 1074/266/257 1082/194/257 874/329/257
f 874/329/258 1082/194/258 1090/185/258 875/328/258
f 875/328/259 1090/185/259 1098/172/259 876/327/259
f 876/327/231 1098/172/231 1106/173/231 877/326/231
f 877/325/260 1106/163/260 1114/154/260 878/324/260
f 878/324/261 1114/154/261 1122/145/261 879/323/261
f 879/323/262 1122/145/262 1130/136/262 880/319/262
f 881/335/5 889/336/5 1138/82/5 1137/81/5
f 889/336/5 897/337/5 1139/91/5 1138/82/5
f 897/337/5 905/338/5 1140/100/5 1139/91/5
f 905/338/5 913/339/5 1141/109/5 1140/100/5
f 913/339/5 921/340/5 1142/116/5 1141/109/5
f 921/340/5 929/341/5 1143/124/5 1142/116/5
f 929/341/5 937/342/5 1144/129/5 1143/124/5
f 937/342/5 945/343/5 1145/135/5 1144/129/5
f 945/343/5 953/344/5 1146/144/5 1145/135/5
f 953/344/5 961/345/5 1147/153/5 1146/144/5
f 961/345/5 969/346/5 1148/162/5 1147/153/5
f 969/346/5 977/347/5 1149/171/5 1148/162/5
f 977/347/5 985/348/5 1150/184/5 1149/171/5
f 985/348/5 993/349/5 1151/193/5 1150/184/5
f 993/349/5 1001/350/5 1152/202/5 1151/193/5
f 1001/350/5 1009/351/5 1153/211/5 1152/202/5
f 1009/351/5 1017/352/5 1154/220/5 1153/211/5
f 1017/352/5 1025/353/5 1155/229/5 1154/220/5
f 1025/353/5 1033/354/5 1156/238/5 1155/229/5
f 1033/354/5 1041/355/5 1157/247/5 1156/238/5
f 1041/355/5 1049/356/5 1158/252/5 1157/247/5
f 1049/356/5 1057/357/5 1159/258/5 1158/252/5
f 1057/357/5 1065/358/5 1160/265/5 1159/258/5
f 1065/358/5 1073/359/5 1161/272/5 1160/265/5
f 1073/359/5 1081/360/5 1162/278/5 1161/272/5
f 1081/360/5 1089/361/5 1163/284/5 1162/278/5
f 1089/361/5 1097/362/5 1164/290/5 1163/284/5
f 1097/362/5 1105/363/5 1165/295/5 1164/290/5
f 1105/363/5 1113/364/5 1166/302/5 1165/295/5
f 1113/364/5 1121/365/5 1167/307/5 1166/302/5
f 1121/365/5 1129/366/5 1168/312/5 1167/307/5
f 1129/366/5 881/335/5 1137/81/5 1168/312/5
f 1181/367/6 1180/368/6 1212/369/6 1213/370/6
f 1001/371/247 993/372/247 1183/373/247 1184/374/247
f 897/375/234 889/376/234 1170/377/234 1171/378/234
f 1113/379/260 1105/380/260 1197/381/260 1198/382/260
f 1009/383/248 1001/371/248 1184/374/248 1185/384/248
f 905/385/235 897/375/235 1171/378/235 1172/386/235
f 1121/387/261 1113/379/261 1198/382/261 1199/388/261
f 1017/389/249 1009/383/249 1185/384/249 1186/390/249
f 913/391/236 905/385/236 1172/386/236 1173/392/236
f 1129/393/262 1121/387/262 1199/388/262 1200/394/262
f 1025/395/250 1017/389/250 1186/390/250 1187/396/250
f 921/385/237 913/391/237 1173/392/237 1174/386/237
f 881/397/233 1129/393/233 1200/394/233 1169/398/233
f 1033/399/251 1025/395/251 1187/396/251 1188/400/251
f 929/375/238 921/385/238 1174/386/238 1175/378/238
f 1041/401/252 1033/399/252 1188/400/252 1189/402/252
f 937/376/239 929/375/239 1175/378/239 1176/377/239
f 1049/399/253 1041/401/253 1189/402/253 1190/400/253
f 945/397/240 937/376/240 1176/377/240 1177/398/240
f 1057/395/254 1049/399/254 1190/400/254 1191/396/254
f 953/393/241 945/397/241 1177/398/241 1178/394/241
f 1065/389/255 1057/395/255 1191/396/255 1192/390/255
f 961/387/242 953/393/242 1178/394/242 1179/388/242
f 1073/383/256 1065/389/256 1192/390/256 1193/384/256
f 969/403/243 961/387/243 1179/388/243 1180/404/243
f 1081/371/257 1073/383/257 1193/384/257 1194/374/257
f 977/380/244 969/403/244 1180/404/244 1181/381/244
f 1089/372/258 1081/371/258 1194/374/258 1195/373/258
f 985/314/245 977/313/245 1181/316/245 1182/315/245
f 1097/314/259 1089/372/259 1195/373/259 1196/315/259
f 993/372/246 985/314/246 1182/315/246 1183/373/246
f 889/376/232 881/397/232 1169/398/232 1170/377/232
f 1216/405/247 1215/406/247 1247/407/247 1248/408/247
f 1195/409/6 1194/410/6 1226/411/6 1227/412/6
f 1182/413/6 1181/367/6 1213/370/6 1214/414/6
f 1196/415/6 1195/409/6 1227/412/6 1228/416/6
f 1183/417/6 1182/413/6 1214/414/6 1215/418/6
f 1170/419/6 1169/420/6 1201/421/6 1202/422/6
f 1197/423/6 1196/415/6 1228/416/6 1229/424/6
f 1184/425/6 1183/417/6 1215/418/6 1216/426/6
f 1171/427/6 1170/419/6 1202/422/6 1203/428/6
f 1198/429/6 1197/423/6 1229/424/6 1230/430/6
f 1185/431/6 1184/425/6 1216/426/6 1217/432/6
f 1172/433/6 1171/427/6 1203/428/6 1204/434/6
f 1199/435/6 1198/429/6 1230/430/6 1231/436/6
f 1186/437/6 1185/431/6 1217/432/6 1218/438/6
f 1173/439/6 1172/433/6 1204/434/6 1205/440/6
f 1200/441/6 1199/435/6 1231/436/6 1232/442/6
f 1187/443/6 1186/437/6 1218/438/6 1219/444/6
f 1174/445/6 1173/439/6 1205/440/6 1206/446/6
f 1169/420/6 1200/441/6 1232/442/6 1201/421/6
f 1188/447/6 1187/443/6 1219/444/6 1220/448/6
f 1175/449/6 1174/445/6 1206/446/6 1207/450/6
f 1189/451/6 1188/447/6 1220/448/6 1221/452/6
f 1176/453/6 1175/449/6 1207/450/6 1208/454/6
f 1190/455/6 1189/451/6 1221/452/6 1222/456/6
f 1177/457/6 1176/453/6 1208/454/6 1209/458/6
f 1191/459/6 1190/455/6 1222/456/6 1223/460/6
f 1178/461/6 1177/457/6 1209/458/6 1210/462/6
f 1192/463/6 1191/459/6 1223/460/6 1224/464/6
f 1179/465/6 1178/461/6 1210/462/6 1211/466/6
f 1193/467/6 1192/463/6 1224/464/6 1225/468/6
f 1180/368/6 1179/465/6 1211/466/6 1212/369/6
f 1194/410/6 1193/467/6 1225/468/6 1226/411/6
f 1234/469/5 1233/470/5 1264/471/5 1263/472/5 1262/473/5 1261/474/5 1260/475/5 1259/476/5 1258/477/5 1257/478/5 1256/479/5 1255/480/5 1254/481/5 1253/482/5 1252/483/5 1251/484/5 1250/485/5 1249/486/5 1248/487/5 1247/488/5 1246/489/5 1245/490/5 1244/491/5 1243/492/5 1242/493/5 1241/494/5 1240/495/5 1239/496/5 1238/497/5 1237/498/5 1236/499/5 1235/500/5
f 1203/501/234 1202/502/234 1234/503/234 1235/504/234
f 1230/505/260 1229/506/260 1261/507/260 1262/508/260
f 1217/509/248 1216/405/248 1248/408/248 1249/510/248
f 1204/511/235 1203/501/235 1235/504/235 1236/512/235
f 1231/513/261 1230/505/261 1262/508/261 1263/514/261
f 1218/515/249 1217/509/249 1249/510/249 1250/516/249
f 1205/517/236 1204/511/236 1236/512/236 1237/518/236
f 1232/519/262 1231/513/262 1263/514/262 1264/520/262
f 1219/521/250 1218/515/250 1250/516/250 1251/522/250
f 1206/523/237 1205/517/237 1237/518/237 1238/524/237
f 1201/525/233 1232/519/233 1264/520/233 1233/526/233
f 1220/527/251 1219/521/251 1251/522/251 1252/528/251
f 1207/501/238 1206/523/238 1238/524/238 1239/504/238
f 1221/529/252 1220/527/252 1252/528/252 1253/530/252
f 1208/502/239 1207/501/239 1239/504/239 1240/503/239
f 1222/531/253 1221/532/253 1253/533/253 1254/534/253
f 1209/525/240 1208/502/240 1240/503/240 1241/526/240
f 1223/535/254 1222/531/254 1254/534/254 1255/536/254
f 1210/519/241 1209/525/241 1241/526/241 1242/520/241
f 1224/537/255 1223/535/255 1255/536/255 1256/538/255
f 1211/513/242 1210/519/242 1242/520/242 1243/514/242
f 1225/539/256 1224/537/256 1256/538/256 1257/540/256
f 1212/541/243 1211/513/243 1243/514/243 1244/542/243
f 1226/543/257 1225/539/257 1257/540/257 1258/544/257
f 1213/506/244 1212/541/244 1244/542/244 1245/507/244
f 1227/545/258 1226/543/258 1258/544/258 1259/546/258
f 1214/547/245 1213/548/245 1245/549/245 1246/550/245
f 1228/551/259 1227/545/259 1259/546/259 1260/552/259
f 1215/406/246 1214/547/246 1246/550/246 1247/407/246
f 1202/502/232 1201/525/232 1233/526/232 1234/503/232
f 1229/553/231 1228/551/231 1260/552/231 1261/554/231
f 1265/33/6 1266/34/6 1267/35/6 1268/36/6 1269/37/6 1270/38/6 1271/39/6 1272/40/6 1273/41/6 1274/42/6 1275/43/6 1276/44/6 1277/45/6 1278/46/6 1279/47/6 1280/48/6 1281/49/6 1282/50/6 1283/51/6 1284/52/6 1285/53/6 1286/54/6 1287/55/6 1288/56/6 1289/57/6 1290/58/6 1291/59/6 1292/60/6 1293/61/6 1294/62/6 1295/63/6 1296/64/6
f 1306/65/7 1298/66/7 1304/67/7 1312/68/7
f 1312/68/8 1304/67/8 1303/69/8 1311/70/8
f 1311/70/9 1303/69/9 1302/71/9 1310/72/9
f 1310/73/10 1302/74/10 1301/75/10 1309/76/10
f 1309/76/11 1301/75/11 1300/77/11 1308/78/11
f 1308/78/12 1300/77/12 1299/79/12 1307/80/12
f 1307/80/13 1299/79/13 1553/81/13 1554/82/13
f 1314/83/14 1306/65/14 1312/68/14 1320/84/14
f 1320/84/15 1312/68/15 1311/70/15 1319/85/15
f 1319/85/16 1311/70/16 1310/72/16 1318/86/16
f 1318/87/17 1310/73/17 1309/76/17 1317/88/17
f 1317/88/18 1309/76/18 1308/78/18 1316/89/18
f 1316/89/19 1308/78/19 1307/80/19 1315/90/19
f 1315/90/20 1307/80/20 1554/82/20 1555/91/20
f 1322/92/21 1314/83/21 1320/84/21 1328/93/21
f 1328/93/22 1320/84/22 1319/85/22 1327/94/22
f 1327/94/23 1319/85/23 1318/86/23 1326/95/23
f 1326/96/24 1318/87/24 1317/88/24 1325/97/24
f 1325/97/25 1317/88/25 1316/89/25 1324/98/25
f 1324/98/26 1316/89/26 1315/90/26 1323/99/26
f 1323/99/27 1315/90/27 1555/91/27 1556/100/27
f 1330/101/28 1322/92/28 1328/93/28 1336/102/28
f 1336/102/29 1328/93/29 1327/94/29 1335/103/29
f 1335/103/30 1327/94/30 1326/95/30 1334/104/30
f 1334/105/31 1326/96/31 1325/97/31 1333/106/31
f 1333/106/32 1325/97/32 1324/98/32 1332/107/32
f 1332/107/33 1324/98/33 1323/99/33 1331/108/33
f 1331/108/34 1323/99/34 1556/100/34 1557/109/34
f 1338/92/35 1330/101/35 1336/102/35 1344/110/35
f 1344/110/36 1336/102/36 1335/103/36 1343/111/36
f 1343/111/37 1335/103/37 1334/104/37 1342/95/37
f 1342/112/38 1334/105/38 1333/106/38 1341/113/38
f 1341/113/39 1333/106/39 1332/107/39 1340/114/39
f 1340/114/40 1332/107/40 1331/108/40 1339/115/40
f 1339/115/41 1331/108/41 1557/109/41 1558/116/41
f 1346/117/42 1338/92/42 1344/110/42 1352/118/42
f 1352/118/43 1344/110/43 1343/111/43 1351/119/43
f 1351/119/44 1343/111/44 1342/95/44 1350/86/44
f 1350/120/45 1342/112/45 1341/113/45 1349/121/45
f 1349/121/46 1341/113/46 1340/114/46 1348/122/46
f 1348/122/47 1340/114/47 1339/115/47 1347/123/47
f 1347/123/48 1339/115/48 1558/116/48 1559/124/48
f 1354/65/49 1346/117/49 1352/118/49 1360/68/49
f 1360/68/50 1352/118/50 1351/119/50 1359/70/50
f 1359/70/51 1351/119/51 1350/86/51 1358/72/51
f 1358/125/52 1350/120/52 1349/121/52 1357/126/52
f 1357/126/53 1349/121/53 1348/122/53 1356/127/53
f 1356/127/54 1348/122/54 1347/123/54 1355/128/54
f 1355/128/55 1347/123/55 1559/124/55 1560/129/55
f 1362/130/56 1354/65/56 1360/68/56 1368/67/56
f 1368/67/57 1360/68/57 1359/70/57 1367/69/57
f 1367/69/58 1359/70/58 1358/72/58 1366/71/58
f 1366/131/59 1358/125/59 1357/126/59 1365/132/59
f 1365/132/60 1357/126/60 1356/127/60 1364/133/60
f 1364/133/61 1356/127/61 1355/128/61 1363/134/61
f 1363/134/62 1355/128/62 1560/129/62 1561/135/62
f 1370/136/63 1362/130/63 1368/67/63 1376/137/63
f 1376/137/64 1368/67/64 1367/69/64 1375/138/64
f 1375/138/65 1367/69/65 1366/71/65 1374/139/65
f 1374/140/66 1366/131/66 1365/132/66 1373/141/66
f 1373/141/67 1365/132/67 1364/133/67 1372/142/67
f 1372/142/68 1364/133/68 1363/134/68 1371/143/68
f 1371/143/69 1363/134/69 1561/135/69 1562/144/69
f 1378/145/70 1370/136/70 1376/137/70 1384/146/70
f 1384/146/71 1376/137/71 1375/138/71 1383/147/71
f 1383/147/72 1375/138/72 1374/139/72 1382/148/72
f 1382/149/73 1374/140/73 1373/141/73 1381/150/73
f 1381/150/74 1373/141/74 1372/142/74 1380/151/74
f 1380/151/75 1372/142/75 1371/143/75 1379/152/75
f 1379/152/76 1371/143/76 1562/144/76 1563/153/76
f 1386/154/77 1378/145/77 1384/146/77 1392/155/77
f 1392/155/78 1384/146/78 1383/147/78 1391/156/78
f 1391/156/79 1383/147/79 1382/148/79 1390/157/79
f 1390/158/80 1382/149/80 1381/150/80 1389/159/80
f 1389/159/81 1381/150/81 1380/151/81 1388/160/81
f 1388/160/82 1380/151/82 1379/152/82 1387/161/82
f 1387/161/83 1379/152/83 1563/153/83 1564/162/83
f 1394/163/84 1386/154/84 1392/155/84 1400/164/84
f 1400/164/85 1392/155/85 1391/156/85 1399/165/85
f 1399/165/86 1391/156/86 1390/157/86 1398/166/86
f 1398/167/87 1390/158/87 1389/159/87 1397/168/87
f 1397/168/88 1389/159/88 1388/160/88 1396/169/88
f 1396/169/89 1388/160/89 1387/161/89 1395/170/89
f 1395/170/90 1387/161/90 1564/162/90 1565/171/90
f 1402/172/91 1394/173/91 1400/174/91 1408/175/91
f 1408/175/92 1400/174/92 1399/176/92 1407/177/92
f 1407/177/93 1399/176/93 1398/178/93 1406/179/93
f 1406/180/94 1398/167/94 1397/168/94 1405/181/94
f 1405/181/95 1397/168/95 1396/169/95 1404/182/95
f 1404/182/96 1396/169/96 1395/170/96 1403/183/96
f 1403/183/97 1395/170/97 1565/171/97 1566/184/97
f 1410/185/98 1402/172/98 1408/175/98 1416/186/98
f 1416/186/99 1408/175/99 1407/177/99 1415/187/99
f 1415/187/100 1407/177/100 1406/179/100 1414/188/100
f 1414/189/101 1406/180/101 1405/181/101 1413/190/101
f 1413/190/102 1405/181/102 1404/182/102 1412/191/102
f 1412/191/263 1404/182/263 1403/183/263 1411/192/263
f 1411/192/104 1403/183/104 1566/184/104 1567/193/104
f 1418/194/105 1410/185/105 1416/186/105 1424/195/105
f 1424/195/106 1416/186/106 1415/187/106 1423/196/106
f 1423/196/107 1415/187/107 1414/188/107 1422/197/107
f 1422/198/108 1414/189/108 1413/190/108 1421/199/108
f 1421/199/109 1413/190/109 1412/191/109 1420/200/109
f 1420/200/110 1412/191/110 1411/192/110 1419/201/110
f 1419/201/111 1411/192/111 1567/193/111 1568/202/111
f 1426/203/112 1418/194/112 1424/195/112 1432/204/112
f 1432/204/113 1424/195/113 1423/196/113 1431/205/113
f 1431/205/114 1423/196/114 1422/197/114 1430/206/114
f 1430/207/115 1422/198/115 1421/199/115 1429/208/115
f 1429/208/116 1421/199/116 1420/200/116 1428/209/116
f 1428/209/117 1420/200/117 1419/201/117 1427/210/117
f 1427/210/118 1419/201/118 1568/202/118 1569/211/118
f 1434/212/119 1426/203/119 1432/204/119 1440/213/119
f 1440/213/120 1432/204/120 1431/205/120 1439/214/120
f 1439/214/121 1431/205/121 1430/206/121 1438/215/121
f 1438/216/122 1430/207/122 1429/208/122 1437/217/122
f 1437/217/123 1429/208/123 1428/209/123 1436/218/123
f 1436/218/124 1428/209/124 1427/210/124 1435/219/124
f 1435/219/125 1427/210/125 1569/211/125 1570/220/125
f 1442/221/126 1434/212/126 1440/213/126 1448/222/126
f 1448/222/127 1440/213/127 1439/214/127 1447/223/127
f 1447/223/128 1439/214/128 1438/215/128 1446/224/128
f 1446/225/129 1438/216/129 1437/217/129 1445/226/129
f 1445/226/130 1437/217/130 1436/218/130 1444/227/130
f 1444/227/131 1436/218/131 1435/219/131 1443/228/131
f 1443/228/132 1435/219/132 1570/220/132 1571/229/132
f 1450/230/133 1442/221/133 1448/222/133 1456/231/133
f 1456/231/134 1448/222/134 1447/223/134 1455/232/134
f 1455/232/135 1447/223/135 1446/224/135 1454/233/135
f 1454/234/136 1446/225/136 1445/226/136 1453/235/136
f 1453/235/137 1445/226/137 1444/227/137 1452/236/137
f 1452/236/138 1444/227/138 1443/228/138 1451/237/138
f 1451/237/139 1443/228/139 1571/229/139 1572/238/139
f 1458/239/140 1450/230/140 1456/231/140 1464/240/140
f 1464/240/141 1456/231/141 1455/232/141 1463/241/141
f 1463/241/142 1455/232/142 1454/233/142 1462/242/142
f 1462/243/143 1454/234/143 1453/235/143 1461/244/143
f 1461/244/144 1453/235/144 1452/236/144 1460/245/144
f 1460/245/145 1452/236/145 1451/237/145 1459/246/145
f 1459/246/146 1451/237/146 1572/238/146 1573/247/146
f 1466/230/147 1458/239/147 1464/240/147 1472/231/147
f 1472/231/148 1464/240/148 1463/241/148 1471/232/148
f 1471/232/149 1463/241/149 1462/242/149 1470/233/149
f 1470/248/150 1462/243/150 1461/244/150 1469/249/150
f 1469/249/151 1461/244/151 1460/245/151 1468/250/151
f 1468/250/152 1460/245/152 1459/246/152 1467/251/152
f 1467/251/153 1459/246/153 1573/247/153 1574/252/153
f 1474/253/154 1466/230/154 1472/231/154 1480/222/154
f 1480/222/155 1472/231/155 1471/232/155 1479/223/155
f 1479/223/156 1471/232/156 1470/233/156 1478/224/156
f 1478/254/157 1470/248/157 1469/249/157 1477/255/157
f 1477/255/158 1469/249/158 1468/250/158 1476/256/158
f 1476/256/159 1468/250/159 1467/251/159 1475/257/159
f 1475/257/160 1467/251/160 1574/252/160 1575/258/160
f 1482/212/161 1474/253/161 1480/222/161 1488/259/161
f 1488/259/162 1480/222/162 1479/223/162 1487/214/162
f 1487/214/163 1479/223/163 1478/224/163 1486/260/163
f 1486/261/164 1478/254/164 1477/255/164 1485/262/164
f 1485/262/165 1477/255/165 1476/256/165 1484/263/165
f 1484/263/166 1476/256/166 1475/257/166 1483/264/166
f 1483/264/167 1475/257/167 1575/258/167 1576/265/167
f 1490/266/168 1482/212/168 1488/259/168 1496/267/168
f 1496/267/169 1488/259/169 1487/214/169 1495/205/169
f 1495/205/170 1487/214/170 1486/260/170 1494/206/170
f 1494/268/171 1486/261/171 1485/262/171 1493/269/171
f 1493/269/172 1485/262/172 1484/263/172 1492/270/172
f 1492/270/173 1484/263/173 1483/264/173 1491/271/173
f 1491/271/174 1483/264/174 1576/265/174 1577/272/174
f 1498/194/175 1490/266/175 1496/267/175 1504/273/175
f 1504/273/176 1496/267/176 1495/205/176 1503/196/176
f 1503/196/177 1495/205/177 1494/206/177 1502/197/177
f 1502/274/178 1494/268/178 1493/269/178 1501/275/178
f 1501/275/179 1493/269/179 1492/270/179 1500/276/179
f 1500/276/180 1492/270/180 1491/271/180 1499/277/180
f 1499/277/181 1491/271/181 1577/272/181 1578/278/181
f 1506/185/182 1498/194/182 1504/273/182 1512/186/182
f 1512/186/183 1504/273/183 1503/196/183 1511/279/183
f 1511/279/184 1503/196/184 1502/197/184 1510/188/184
f 1510/280/185 1502/274/185 1501/275/185 1509/281/185
f 1509/281/186 1501/275/186 1500/276/186 1508/282/186
f 1508/282/187 1500/276/187 1499/277/187 1507/283/187
f 1507/283/188 1499/277/188 1578/278/188 1579/284/188
f 1514/172/189 1506/185/189 1512/186/189 1520/175/189
f 1520/175/190 1512/186/190 1511/279/190 1519/285/190
f 1519/285/191 1511/279/191 1510/188/191 1518/179/191
f 1518/286/192 1510/280/192 1509/281/192 1517/287/192
f 1517/287/193 1509/281/193 1508/282/193 1516/288/193
f 1516/288/194 1508/282/194 1507/283/194 1515/289/194
f 1515/289/195 1507/283/195 1579/284/195 1580/290/195
f 1522/173/196 1514/172/196 1520/175/196 1528/174/196
f 1528/174/197 1520/175/197 1519/285/197 1527/176/197
f 1527/176/198 1519/285/198 1518/179/198 1526/178/198
f 1526/291/199 1518/286/199 1517/287/199 1525/292/199
f 1525/292/200 1517/287/200 1516/288/200 1524/293/200
f 1524/293/201 1516/288/201 1515/289/201 1523/294/201
f 1523/294/202 1515/289/202 1580/290/202 1581/295/202
f 1530/154/203 1522/163/203 1528/164/203 1536/296/203
f 1536/296/204 1528/164/204 1527/297/204 1535/156/204
f 1535/156/205 1527/297/205 1526/166/205 1534/157/205
f 1534/298/206 1526/291/206 1525/292/206 1533/299/206
f 1533/299/207 1525/292/207 1524/293/207 1532/300/207
f 1532/300/208 1524/293/208 1523/294/208 1531/301/208
f 1531/301/209 1523/294/209 1581/295/209 1582/302/209
f 1538/145/210 1530/154/210 1536/296/210 1544/146/210
f 1544/146/211 1536/296/211 1535/156/211 1543/147/211
f 1543/147/212 1535/156/212 1534/157/212 1542/148/212
f 1542/303/213 1534/298/213 1533/299/213 1541/304/213
f 1541/304/214 1533/299/214 1532/300/214 1540/305/214
f 1540/305/215 1532/300/215 1531/301/215 1539/306/215
f 1539/306/216 1531/301/216 1582/302/216 1583/307/216
f 1546/136/217 1538/145/217 1544/146/217 1552/137/217
f 1552/137/218 1544/146/218 1543/147/218 1551/138/218
f 1551/138/219 1543/147/219 1542/148/219 1550/139/219
f 1550/308/220 1542/303/220 1541/304/220 1549/309/220
f 1549/309/221 1541/304/221 1540/305/221 1548/310/221
f 1548/310/222 1540/305/222 1539/306/222 1547/311/222
f 1547/311/223 1539/306/223 1583/307/223 1584/312/223
f 1298/66/224 1546/136/224 1552/137/224 1304/67/224
f 1304/67/225 1552/137/225 1551/138/225 1303/69/225
f 1303/69/226 1551/138/226 1550/139/226 1302/71/226
f 1302/74/227 1550/308/227 1549/309/227 1301/75/227
f 1301/75/228 1549/309/228 1548/310/228 1300/77/228
f 1300/77/229 1548/310/229 1547/311/229 1299/79/229
f 1299/79/230 1547/311/230 1584/312/230 1553/81/230
f 1521/313/231 1513/314/231 1612/315/231 1613/316/231
f 1265/317/232 1298/66/232 1306/65/232 1266/318/232
f 1296/319/233 1546/136/233 1298/66/233 1265/317/233
f 1266/318/234 1306/65/234 1314/83/234 1267/320/234
f 1267/320/235 1314/83/235 1322/92/235 1268/321/235
f 1268/321/236 1322/92/236 1330/101/236 1269/322/236
f 1269/322/237 1330/101/237 1338/92/237 1270/321/237
f 1270/321/238 1338/92/238 1346/117/238 1271/320/238
f 1271/320/239 1346/117/239 1354/65/239 1272/318/239
f 1272/318/240 1354/65/240 1362/130/240 1273/317/240
f 1273/317/241 1362/130/241 1370/136/241 1274/319/241
f 1274/319/242 1370/136/242 1378/145/242 1275/323/242
f 1275/323/243 1378/145/243 1386/154/243 1276/324/243
f 1276/324/244 1386/154/244 1394/163/244 1277/325/244
f 1277/326/245 1394/173/245 1402/172/245 1278/327/245
f 1278/327/246 1402/172/246 1410/185/246 1279/328/246
f 1279/328/247 1410/185/247 1418/194/247 1280/329/247
f 1280/329/248 1418/194/248 1426/203/248 1281/330/248
f 1281/330/249 1426/203/249 1434/212/249 1282/331/249
f 1282/331/250 1434/212/250 1442/221/250 1283/332/250
f 1283/332/251 1442/221/251 1450/230/251 1284/333/251
f 1284/333/252 1450/230/252 1458/239/252 1285/334/252
f 1285/334/253 1458/239/253 1466/230/253 1286/333/253
f 1286/333/254 1466/230/254 1474/253/254 1287/332/254
f 1287/332/255 1474/253/255 1482/212/255 1288/331/255
f 1288/331/256 1482/212/256 1490/266/256 1289/330/256
f 1289/330/257 1490/266/257 1498/194/257 1290/329/257
f 1290/329/258 1498/194/258 1506/185/258 1291/328/258
f 1291/328/259 1506/185/259 1514/172/259 1292/327/259
f 1292/327/231 1514/172/231 1522/173/231 1293/326/231
f 1293/325/260 1522/163/260 1530/154/260 1294/324/260
f 1294/324/261 1530/154/261 1538/145/261 1295/323/261
f 1295/323/262 1538/145/262 1546/136/262 1296/319/262
f 1297/335/5 1305/336/5 1554/82/5 1553/81/5
f 1305/336/5 1313/337/5 1555/91/5 1554/82/5
f 1313/337/5 1321/338/5 1556/100/5 1555/91/5
f 1321/338/5 1329/339/5 1557/109/5 1556/100/5
f 1329/339/5 1337/340/5 1558/116/5 1557/109/5
f 1337/340/5 1345/341/5 1559/124/5 1558/116/5
f 1345/341/5 1353/342/5 1560/129/5 1559/124/5
f 1353/342/5 1361/343/5 1561/135/5 1560/129/5
f 1361/343/5 1369/344/5 1562/144/5 1561/135/5
f 1369/344/5 1377/345/5 1563/153/5 1562/144/5
f 1377/345/5 1385/346/5 1564/162/5 1563/153/5
f 1385/346/5 1393/347/5 1565/171/5 1564/162/5
f 1393/347/5 1401/348/5 1566/184/5 1565/171/5
f 1401/348/5 1409/349/5 1567/193/5 1566/184/5
f 1409/349/5 1417/350/5 1568/202/5 1567/193/5
f 1417/350/5 1425/351/5 1569/211/5 1568/202/5
f 1425/351/5 1433/352/5 1570/220/5 1569/211/5
f 1433/352/5 1441/353/5 1571/229/5 1570/220/5
f 1441/353/5 1449/354/5 1572/238/5 1571/229/5
f 1449/354/5 1457/355/5 1573/247/5 1572/238/5
f 1457/355/5 1465/356/5 1574/252/5 1573/247/5
f 1465/356/5 1473/357/5 1575/258/5 1574/252/5
f 1473/357/5 1481/358/5 1576/265/5 1575/258/5
f 1481/358/5 1489/359/5 1577/272/5 1576/265/5
f 1489/359/5 1497/360/5 1578/278/5 1577/272/5
f 1497/360/5 1505/361/5 1579/284/5 1578/278/5
f 1505/361/5 1513/362/5 1580/290/5 1579/284/5
f 1513/362/5 1521/363/5 1581/295/5 1580/290/5
f 1521/363/5 1529/364/5 1582/302/5 1581/295/5
f 1529/364/5 1537/365/5 1583/307/5 1582/302/5
f 1537/365/5 1545/366/5 1584/312/5 1583/307/5
f 1545/366/5 1297/335/5 1553/81/5 1584/312/5
f 1597/367/6 1596/368/6 1628/369/6 1629/370/6
f 1417/371/247 1409/372/247 1599/373/247 1600/374/247
f 1313/375/234 1305/376/234 1586/377/234 1587/378/234
f 1529/379/260 1521/380/260 1613/381/260 1614/382/260
f 1425/383/248 1417/371/248 1600/374/248 1601/384/248
f 1321/385/235 1313/375/235 1587/378/235 1588/386/235
f 1537/387/261 1529/379/261 1614/382/261 1615/388/261
f 1433/389/249 1425/383/249 1601/384/249 1602/390/249
f 1329/391/236 1321/385/236 1588/386/236 1589/392/236
f 1545/393/262 1537/387/262 1615/388/262 1616/394/262
f 1441/395/250 1433/389/250 1602/390/250 1603/396/250
f 1337/385/237 1329/391/237 1589/392/237 1590/386/237
f 1297/397/233 1545/393/233 1616/394/233 1585/398/233
f 1449/399/251 1441/395/251 1603/396/251 1604/400/251
f 1345/375/238 1337/385/238 1590/386/238 1591/378/238
f 1457/401/252 1449/399/252 1604/400/252 1605/402/252
f 1353/376/239 1345/375/239 1591/378/239 1592/377/239
f 1465/399/253 1457/401/253 1605/402/253 1606/400/253
f 1361/397/240 1353/376/240 1592/377/240 1593/398/240
f 1473/395/254 1465/399/254 1606/400/254 1607/396/254
f 1369/393/241 1361/397/241 1593/398/241 1594/394/241
f 1481/389/255 1473/395/255 1607/396/255 1608/390/255
f 1377/387/242 1369/393/242 1594/394/242 1595/388/242
f 1489/383/256 1481/389/256 1608/390/256 1609/384/256
f 1385/403/243 1377/387/243 1595/388/243 1596/404/243
f 1497/371/257 1489/383/257 1609/384/257 1610/374/257
f 1393/380/244 1385/403/244 1596/404/244 1597/381/244
f 1505/372/258 1497/371/258 1610/374/258 1611/373/258
f 1401/314/245 1393/313/245 1597/316/245 1598/315/245
f 1513/314/259 1505/372/259 1611/373/259 1612/315/259
f 1409/372/246 1401/314/246 1598/315/246 1599/373/246
f 1305/376/232 1297/397/232 1585/398/232 1586/377/232
f 1632/405/247 1631/406/247 1663/407/247 1664/408/247
f 1611/409/6 1610/410/6 1642/411/6 1643/412/6
f 1598/413/6 1597/367/6 1629/370/6 1630/414/6
f 1612/415/6 1611/409/6 1643/412/6 1644/416/6
f 1599/417/6 1598/413/6 1630/414/6 1631/418/6
f 1586/419/6 1585/420/6 1617/421/6 1618/422/6
f 1613/423/6 1612/415/6 1644/416/6 1645/424/6
f 1600/425/6 1599/417/6 1631/418/6 1632/426/6
f 1587/427/6 1586/419/6 1618/422/6 1619/428/6
f 1614/429/6 1613/423/6 1645/424/6 1646/430/6
f 1601/431/6 1600/425/6 1632/426/6 1633/432/6
f 1588/433/6 1587/427/6 1619/428/6 1620/434/6
f 1615/435/6 1614/429/6 1646/430/6 1647/436/6
f 1602/437/6 1601/431/6 1633/432/6 1634/438/6
f 1589/439/6 1588/433/6 1620/434/6 1621/440/6
f 1616/441/6 1615/435/6 1647/436/6 1648/442/6
f 1603/443/6 1602/437/6 1634/438/6 1635/444/6
f 1590/445/6 1589/439/6 1621/440/6 1622/446/6
f 1585/420/6 1616/441/6 1648/442/6 1617/421/6
f 1604/447/6 1603/443/6 1635/444/6 1636/448/6
f 1591/449/6 1590/445/6 1622/446/6 1623/450/6
f 1605/451/6 1604/447/6 1636/448/6 1637/452/6
f 1592/453/6 1591/449/6 1623/450/6 1624/454/6
f 1606/455/6 1605/451/6 1637/452/6 1638/456/6
f 1593/457/6 1592/453/6 1624/454/6 1625/458/6
f 1607/459/6 1606/455/6 1638/456/6 1639/460/6
f 1594/461/6 1593/457/6 1625/458/6 1626/462/6
f 1608/463/6 1607/459/6 1639/460/6 1640/464/6
f 1595/465/6 1594/461/6 1626/462/6 1627/466/6
f 1609/467/6 1608/463/6 1640/464/6 1641/468/6
f 1596/368/6 1595/465/6 1627/466/6 1628/369/6
f 1610/410/6 1609/467/6 1641/468/6 1642/411/6
f 1650/469/5 1649/470/5 1680/471/5 1679/472/5 1678/473/5 1677/474/5 1676/475/5 1675/476/5 1674/477/5 1673/478/5 1672/479/5 1671/480/5 1670/481/5 1669/482/5 1668/483/5 1667/484/5 1666/485/5 1665/486/5 1664/487/5 1663/488/5 1662/489/5 1661/490/5 1660/491/5 1659/492/5 1658/493/5 1657/494/5 1656/495/5 1655/496/5 1654/497/5 1653/498/5 1652/499/5 1651/500/5
f 1619/501/234 1618/502/234 1650/503/234 1651/504/234
f 1646/505/260 1645/506/260 1677/507/260 1678/508/260
f 1633/509/248 1632/405/248 1664/408/248 1665/510/248
f 1620/511/235 1619/501/235 1651/504/235 1652/512/235
f 1647/513/261 1646/505/261 1678/508/261 1679/514/261
f 1634/515/249 1633/509/249 1665/510/249 1666/516/249
f 1621/517/236 1620/511/236 1652/512/236 1653/518/236
f 1648/519/262 1647/513/262 1679/514/262 1680/520/262
f 1635/521/250 1634/515/250 1666/516/250 1667/522/250
f 1622/523/237 1621/517/237 1653/518/237 1654/524/237
f 1617/525/233 1648/519/233 1680/520/233 1649/526/233
f 1636/527/251 1635/521/251 1667/522/251 1668/528/251
f 1623/501/238 1622/523/238 1654/524/238 1655/504/238
f 1637/529/252 1636/527/252 1668/528/252 1669/530/252
f 1624/502/239 1623/501/239 1655/504/239 1656/503/239
f 1638/531/253 1637/532/253 1669/533/253 1670/534/253
f 1625/525/240 1624/502/240 1656/503/240 1657/526/240
f 1639/535/254 1638/531/254 1670/534/254 1671/536/254
f 1626/519/241 1625/525/241 1657/526/241 1658/520/241
f 1640/537/255 1639/535/255 1671/536/255 1672/538/255
f 1627/513/242 1626/519/242 1658/520/242 1659/514/242
f 1641/539/256 1640/537/256 1672/538/256 1673/540/256
f 1628/541/243 1627/513/243 1659/514/243 1660/542/243
f 1642/543/257 1641/539/257 1673/540/257 1674/544/257
f 1629/506/244 1628/541/244 1660/542/244 1661/507/244
f 1643/545/258 1642/543/258 1674/544/258 1675/546/258
f 1630/547/245 1629/548/245 1661/549/245 1662/550/245
f 1644/551/259 1643/545/259 1675/546/259 1676/552/259
f 1631/406/246 1630/547/246 1662/550/246 1663/407/246
f 1618/502/232 1617/525/232 1649/526/232 1650/503/232
f 1645/553/231 1644/551/231 1676/552/231 1677/554/231
f 1681/33/6 1682/34/6 1683/35/6 1684/36/6 1685/37/6 1686/38/6 1687/39/6 1688/40/6 1689/41/6 1690/42/6 1691/43/6 1692/44/6 1693/45/6 1694/46/6 1695/47/6 1696/48/6 1697/49/6 1698/50/6 1699/51/6 1700/52/6 1701/53/6 1702/54/6 1703/55/6 1704/56/6 1705/57/6 1706/58/6 1707/59/6 1708/60/6 1709/61/6 1710/62/6 1711/63/6 1712/64/6
f 1722/65/7 1714/66/7 1720/67/7 1728/68/7
f 1728/68/8 1720/67/8 1719/69/8 1727/70/8
f 1727/70/9 1719/69/9 1718/71/9 1726/72/9
f 1726/73/10 1718/74/10 1717/75/10 1725/76/10
f 1725/76/11 1717/75/11 1716/77/11 1724/78/11
f 1724/78/12 1716/77/12 1715/79/12 1723/80/12
f 1723/80/13 1715/79/13 1969/81/13 1970/82/13
f 1730/83/14 1722/65/14 1728/68/14 1736/84/14
f 1736/84/15 1728/68/15 1727/70/15 1735/85/15
f 1735/85/16 1727/70/16 1726/72/16 1734/86/16
f 1734/87/17 1726/73/17 1725/76/17 1733/88/17
f 1733/88/18 1725/76/18 1724/78/18 1732/89/18
f 1732/89/19 1724/78/19 1723/80/19 1731/90/19
f 1731/90/20 1723/80/20 1970/82/20 1971/91/20
f 1738/92/21 1730/83/21 1736/84/21 1744/93/21
f 1744/93/22 1736/84/22 1735/85/22 1743/94/22
f 1743/94/23 1735/85/23 1734/86/23 1742/95/23
f 1742/96/24 1734/87/24 1733/88/24 1741/97/24
f 1741/97/25 1733/88/25 1732/89/25 1740/98/25
f 1740/98/26 1732/89/26 1731/90/26 1739/99/26
f 1739/99/27 1731/90/27 1971/91/27 1972/100/27
f 1746/101/28 1738/92/28 1744/93/28 1752/102/28
f 1752/102/29 1744/93/29 1743/94/29 1751/103/29
f 1751/103/30 1743/94/30 1742/95/30 1750/104/30
f 1750/105/31 1742/96/31 1741/97/31 1749/106/31
f 1749/106/32 1741/97/32 1740/98/32 1748/107/32
f 1748/107/33 1740/98/33 1739/99/33 1747/108/33
f 1747/108/34 1739/99/34 1972/100/34 1973/109/34
f 1754/92/35 1746/101/35 1752/102/35 1760/110/35
f 1760/110/36 1752/102/36 1751/103/36 1759/111/36
f 1759/111/37 1751/103/37 1750/104/37 1758/95/37
f 1758/112/38 1750/105/38 1749/106/38 1757/113/38
f 1757/113/39 1749/106/39 1748/107/39 1756/114/39
f 1756/114/40 1748/107/40 1747/108/40 1755/115/40
f 1755/115/41 1747/108/41 1973/109/41 1974/116/41
f 1762/117/42 1754/92/42 1760/110/42 1768/118/42
f 1768/118/43 1760/110/43 1759/111/43 1767/119/43
f 1767/119/44 1759/111/44 1758/95/44 1766/86/44
f 1766/120/45 1758/112/45 1757/113/45 1765/121/45
f 1765/121/46 1757/113/46 1756/114/46 1764/122/46
f 1764/122/47 1756/114/47 1755/115/47 1763/123/47
f 1763/123/48 1755/115/48 1974/116/48 1975/124/48
f 1770/65/49 1762/117/49 1768/118/49 1776/68/49
f 1776/68/50 1768/118/50 1767/119/50 1775/70/50
f 1775/70/51 1767/119/51 1766/86/51 1774/72/51
f 1774/125/52 1766/120/52 1765/121/52 1773/126/52
f 1773/126/53 1765/121/53 1764/122/53 1772/127/53
f 1772/127/54 1764/122/54 1763/123/54 1771/128/54
f 1771/128/55 1763/123/55 1975/124/55 1976/129/55
f 1778/130/56 1770/65/56 1776/68/56 1784/67/56
f 1784/67/57 1776/68/57 1775/70/57 1783/69/57
f 1783/69/58 1775/70/58 1774/72/58 1782/71/58
f 1782/131/59 1774/125/59 1773/126/59 1781/132/59
f 1781/132/60 1773/126/60 1772/127/60 1780/133/60
f 1780/133/61 1772/127/61 1771/128/61 1779/134/61
f 1779/134/62 1771/128/62 1976/129/62 1977/135/62
f 1786/136/63 1778/130/63 1784/67/63 1792/137/63
f 1792/137/64 1784/67/64 1783/69/64 1791/138/64
f 1791/138/65 1783/69/65 1782/71/65 1790/139/65
f 1790/140/66 1782/131/66 1781/132/66 1789/141/66
f 1789/141/67 1781/132/67 1780/133/67 1788/142/67
f 1788/142/68 1780/133/68 1779/134/68 1787/143/68
f 1787/143/69 1779/134/69 1977/135/69 1978/144/69
f 1794/145/70 1786/136/70 1792/137/70 1800/146/70
f 1800/146/71 1792/137/71 1791/138/71 1799/147/71
f 1799/147/72 1791/138/72 1790/139/72 1798/148/72
f 1798/149/73 1790/140/73 1789/141/73 1797/150/73
f 1797/150/74 1789/141/74 1788/142/74 1796/151/74
f 1796/151/75 1788/142/75 1787/143/75 1795/152/75
f 1795/152/76 1787/143/76 1978/144/76 1979/153/76
f 1802/154/77 1794/145/77 1800/146/77 1808/155/77
f 1808/155/78 1800/146/78 1799/147/78 1807/156/78
f 1807/156/79 1799/147/79 1798/148/79 1806/157/79
f 1806/158/80 1798/149/80 1797/150/80 1805/159/80
f 1805/159/81 1797/150/81 1796/151/81 1804/160/81
f 1804/160/82 1796/151/82 1795/152/82 1803/161/82
f 1803/161/83 1795/152/83 1979/153/83 1980/162/83
f 1810/163/84 1802/154/84 1808/155/84 1816/164/84
f 1816/164/85 1808/155/85 1807/156/85 1815/165/85
f 1815/165/86 1807/156/86 1806/157/86 1814/166/86
f 1814/167/87 1806/158/87 1805/159/87 1813/168/87
f 1813/168/88 1805/159/88 1804/160/88 1812/169/88
f 1812/169/89 1804/160/89 1803/161/89 1811/170/89
f 1811/170/90 1803/161/90 1980/162/90 1981/171/90
f 1818/172/91 1810/173/91 1816/174/91 1824/175/91
f 1824/175/92 1816/174/92 1815/176/92 1823/177/92
f 1823/177/93 1815/176/93 1814/178/93 1822/179/93
f 1822/180/94 1814/167/94 1813/168/94 1821/181/94
f 1821/181/95 1813/168/95 1812/169/95 1820/182/95
f 1820/182/96 1812/169/96 1811/170/96 1819/183/96
f 1819/183/97 1811/170/97 1981/171/97 1982/184/97
f 1826/185/98 1818/172/98 1824/175/98 1832/186/98
f 1832/186/99 1824/175/99 1823/177/99 1831/187/99
f 1831/187/100 1823/177/100 1822/179/100 1830/188/100
f 1830/189/101 1822/180/101 1821/181/101 1829/190/101
f 1829/190/102 1821/181/102 1820/182/102 1828/191/102
f 1828/191/103 1820/182/103 1819/183/103 1827/192/103
f 1827/192/104 1819/183/104 1982/184/104 1983/193/104
f 1834/194/105 1826/185/105 1832/186/105 1840/195/105
f 1840/195/106 1832/186/106 1831/187/106 1839/196/106
f 1839/196/107 1831/187/107 1830/188/107 1838/197/107
f 1838/198/108 1830/189/108 1829/190/108 1837/199/108
f 1837/199/109 1829/190/109 1828/191/109 1836/200/109
f 1836/200/110 1828/191/110 1827/192/110 1835/201/110
f 1835/201/111 1827/192/111 1983/193/111 1984/202/111
f 1842/203/112 1834/194/112 1840/195/112 1848/204/112
f 1848/204/113 1840/195/113 1839/196/113 1847/205/113
f 1847/205/114 1839/196/114 1838/197/114 1846/206/114
f 1846/207/115 1838/198/115 1837/199/115 1845/208/115
f 1845/208/116 1837/199/116 1836/200/116 1844/209/116
f 1844/209/117 1836/200/117 1835/201/117 1843/210/117
f 1843/210/118 1835/201/118 1984/202/118 1985/211/118
f 1850/212/119 1842/203/119 1848/204/119 1856/213/119
f 1856/213/120 1848/204/120 1847/205/120 1855/214/120
f 1855/214/121 1847/205/121 1846/206/121 1854/215/121
f 1854/216/122 1846/207/122 1845/208/122 1853/217/122
f 1853/217/123 1845/208/123 1844/209/123 1852/218/123
f 1852/218/124 1844/209/124 1843/210/124 1851/219/124
f 1851/219/125 1843/210/125 1985/211/125 1986/220/125
f 1858/221/126 1850/212/126 1856/213/126 1864/222/126
f 1864/222/127 1856/213/127 1855/214/127 1863/223/127
f 1863/223/128 1855/214/128 1854/215/128 1862/224/128
f 1862/225/129 1854/216/129 1853/217/129 1861/226/129
f 1861/226/130 1853/217/130 1852/218/130 1860/227/130
f 1860/227/131 1852/218/131 1851/219/131 1859/228/131
f 1859/228/132 1851/219/132 1986/220/132 1987/229/132
f 1866/230/133 1858/221/133 1864/222/133 1872/231/133
f 1872/231/134 1864/222/134 1863/223/134 1871/232/134
f 1871/232/135 1863/223/135 1862/224/135 1870/233/135
f 1870/234/136 1862/225/136 1861/226/136 1869/235/136
f 1869/235/137 1861/226/137 1860/227/137 1868/236/137
f 1868/236/138 1860/227/138 1859/228/138 1867/237/138
f 1867/237/139 1859/228/139 1987/229/139 1988/238/139
f 1874/239/140 1866/230/140 1872/231/140 1880/240/140
f 1880/240/141 1872/231/141 1871/232/141 1879/241/141
f 1879/241/142 1871/232/142 1870/233/142 1878/242/142
f 1878/243/143 1870/234/143 1869/235/143 1877/244/143
f 1877/244/144 1869/235/144 1868/236/144 1876/245/144
f 1876/245/145 1868/236/145 1867/237/145 1875/246/145
f 1875/246/146 1867/237/146 1988/238/146 1989/247/146
f 1882/230/147 1874/239/147 1880/240/147 1888/231/147
f 1888/231/148 1880/240/148 1879/241/148 1887/232/148
f 1887/232/149 1879/241/149 1878/242/149 1886/233/149
f 1886/248/150 1878/243/150 1877/244/150 1885/249/150
f 1885/249/151 1877/244/151 1876/245/151 1884/250/151
f 1884/250/152 1876/245/152 1875/246/152 1883/251/152
f 1883/251/153 1875/246/153 1989/247/153 1990/252/153
f 1890/253/154 1882/230/154 1888/231/154 1896/222/154
f 1896/222/155 1888/231/155 1887/232/155 1895/223/155
f 1895/223/156 1887/232/156 1886/233/156 1894/224/156
f 1894/254/157 1886/248/157 1885/249/157 1893/255/157
f 1893/255/158 1885/249/158 1884/250/158 1892/256/158
f 1892/256/159 1884/250/159 1883/251/159 1891/257/159
f 1891/257/160 1883/251/160 1990/252/160 1991/258/160
f 1898/212/161 1890/253/161 1896/222/161 1904/259/161
f 1904/259/162 1896/222/162 1895/223/162 1903/214/162
f 1903/214/163 1895/223/163 1894/224/163 1902/260/163
f 1902/261/164 1894/254/164 1893/255/164 1901/262/164
f 1901/262/165 1893/255/165 1892/256/165 1900/263/165
f 1900/263/166 1892/256/166 1891/257/166 1899/264/166
f 1899/264/167 1891/257/167 1991/258/167 1992/265/167
f 1906/266/168 1898/212/168 1904/259/168 1912/267/168
f 1912/267/169 1904/259/169 1903/214/169 1911/205/169
f 1911/205/170 1903/214/170 1902/260/170 1910/206/170
f 1910/268/171 1902/261/171 1901/262/171 1909/269/171
f 1909/269/172 1901/262/172 1900/263/172 1908/270/172
f 1908/270/173 1900/263/173 1899/264/173 1907/271/173
f 1907/271/174 1899/264/174 1992/265/174 1993/272/174
f 1914/194/175 1906/266/175 1912/267/175 1920/273/175
f 1920/273/176 1912/267/176 1911/205/176 1919/196/176
f 1919/196/177 1911/205/177 1910/206/177 1918/197/177
f 1918/274/178 1910/268/178 1909/269/178 1917/275/178
f 1917/275/179 1909/269/179 1908/270/179 1916/276/179
f 1916/276/180 1908/270/180 1907/271/180 1915/277/180
f 1915/277/181 1907/271/181 1993/272/181 1994/278/181
f 1922/185/182 1914/194/182 1920/273/182 1928/186/182
f 1928/186/183 1920/273/183 1919/196/183 1927/279/183
f 1927/279/184 1919/196/184 1918/197/184 1926/188/184
f 1926/280/185 1918/274/185 1917/275/185 1925/281/185
f 1925/281/186 1917/275/186 1916/276/186 1924/282/186
f 1924/282/187 1916/276/187 1915/277/187 1923/283/187
f 1923/283/188 1915/277/188 1994/278/188 1995/284/188
f 1930/172/189 1922/185/189 1928/186/189 1936/175/189
f 1936/175/190 1928/186/190 1927/279/190 1935/285/190
f 1935/285/191 1927/279/191 1926/188/191 1934/179/191
f 1934/286/192 1926/280/192 1925/281/192 1933/287/192
f 1933/287/193 1925/281/193 1924/282/193 1932/288/193
f 1932/288/194 1924/282/194 1923/283/194 1931/289/194
f 1931/289/195 1923/283/195 1995/284/195 1996/290/195
f 1938/173/196 1930/172/196 1936/175/196 1944/174/196
f 1944/174/197 1936/175/197 1935/285/197 1943/176/197
f 1943/176/198 1935/285/198 1934/179/198 1942/178/198
f 1942/291/199 1934/286/199 1933/287/199 1941/292/199
f 1941/292/200 1933/287/200 1932/288/200 1940/293/200
f 1940/293/201 1932/288/201 1931/289/201 1939/294/201
f 1939/294/202 1931/289/202 1996/290/202 1997/295/202
f 1946/154/203 1938/163/203 1944/164/203 1952/296/203
f 1952/296/204 1944/164/204 1943/297/204 1951/156/204
f 1951/156/205 1943/297/205 1942/166/205 1950/157/205
f 1950/298/206 1942/291/206 1941/292/206 1949/299/206
f 1949/299/207 1941/292/207 1940/293/207 1948/300/207
f 1948/300/208 1940/293/208 1939/294/208 1947/301/208
f 1947/301/209 1939/294/209 1997/295/209 1998/302/209
f 1954/145/210 1946/154/210 1952/296/210 1960/146/210
f 1960/146/211 1952/296/211 1951/156/211 1959/147/211
f 1959/147/212 1951/156/212 1950/157/212 1958/148/212
f 1958/303/213 1950/298/213 1949/299/213 1957/304/213
f 1957/304/214 1949/299/214 1948/300/214 1956/305/214
f 1956/305/215 1948/300/215 1947/301/215 1955/306/215
f 1955/306/216 1947/301/216 1998/302/216 1999/307/216
f 1962/136/217 1954/145/217 1960/146/217 1968/137/217
f 1968/137/218 1960/146/218 1959/147/218 1967/138/218
f 1967/138/219 1959/147/219 1958/148/219 1966/139/219
f 1966/308/220 1958/303/220 1957/304/220 1965/309/220
f 1965/309/221 1957/304/221 1956/305/221 1964/310/221
f 1964/310/222 1956/305/222 1955/306/222 1963/311/222
f 1963/311/223 1955/306/223 1999/307/223 2000/312/223
f 1714/66/224 1962/136/224 1968/137/224 1720/67/224
f 1720/67/225 1968/137/225 1967/138/225 1719/69/225
f 1719/69/226 1967/138/226 1966/139/226 1718/71/226
f 1718/74/227 1966/308/227 1965/309/227 1717/75/227
f 1717/75/228 1965/309/228 1964/310/228 1716/77/228
f 1716/77/229 1964/310/229 1963/311/229 1715/79/229
f 1715/79/230 1963/311/230 2000/312/230 1969/81/230
f 1937/313/231 1929/314/231 2028/315/231 2029/316/231
f 1681/317/232 1714/66/232 1722/65/232 1682/318/232
f 1712/319/233 1962/136/233 1714/66/233 1681/317/233
f 1682/318/234 1722/65/234 1730/83/234 1683/320/234
f 1683/320/235 1730/83/235 1738/92/235 1684/321/235
f 1684/321/236 1738/92/236 1746/101/236 1685/322/236
f 1685/322/237 1746/101/237 1754/92/237 1686/321/237
f 1686/321/238 1754/92/238 1762/117/238 1687/320/238
f 1687/320/239 1762/117/239 1770/65/239 1688/318/239
f 1688/318/240 1770/65/240 1778/130/240 1689/317/240
f 1689/317/241 1778/130/241 1786/136/241 1690/319/241
f 1690/319/242 1786/136/242 1794/145/242 1691/323/242
f 1691/323/243 1794/145/243 1802/154/243 1692/324/243
f 1692/324/244 1802/154/244 1810/163/244 1693/325/244
f 1693/326/245 1810/173/245 1818/172/245 1694/327/245
f 1694/327/246 1818/172/246 1826/185/246 1695/328/246
f 1695/328/247 1826/185/247 1834/194/247 1696/329/247
f 1696/329/248 1834/194/248 1842/203/248 1697/330/248
f 1697/330/249 1842/203/249 1850/212/249 1698/331/249
f 1698/331/250 1850/212/250 1858/221/250 1699/332/250
f 1699/332/251 1858/221/251 1866/230/251 1700/333/251
f 1700/333/252 1866/230/252 1874/239/252 1701/334/252
f 1701/334/253 1874/239/253 1882/230/253 1702/333/253
f 1702/333/254 1882/230/254 1890/253/254 1703/332/254
f 1703/332/255 1890/253/255 1898/212/255 1704/331/255
f 1704/331/256 1898/212/256 1906/266/256 1705/330/256
f 1705/330/257 1906/266/257 1914/194/257 1706/329/257
f 1706/329/258 1914/194/258 1922/185/258 1707/328/258
f 1707/328/259 1922/185/259 1930/172/259 1708/327/259
f 1708/327/231 1930/172/231 1938/173/231 1709/326/231
f 1709/325/260 1938/163/260 1946/154/260 1710/324/260
f 1710/324/261 1946/154/261 1954/145/261 1711/323/261
f 1711/323/262 1954/145/262 1962/136/262 1712/319/262
f 1713/335/5 1721/336/5 1970/82/5 1969/81/5
f 1721/336/5 1729/337/5 1971/91/5 1970/82/5
f 1729/337/5 1737/338/5 1972/100/5 1971/91/5
f 1737/338/5 1745/339/5 1973/109/5 1972/100/5
f 1745/339/5 1753/340/5 1974/116/5 1973/109/5
f 1753/340/5 1761/341/5 1975/124/5 1974/116/5
f 1761/341/5 1769/342/5 1976/129/5 1975/124/5
f 1769/342/5 1777/343/5 1977/135/5 1976/129/5
f 1777/343/5 1785/344/5 1978/144/5 1977/135/5
f 1785/344/5 1793/345/5 1979/153/5 1978/144/5
f 1793/345/5 1801/346/5 1980/162/5 1979/153/5
f 1801/346/5 1809/347/5 1981/171/5 1980/162/5
f 1809/347/5 1817/348/5 1982/184/5 1981/171/5
f 1817/348/5 1825/349/5 1983/193/5 1982/184/5
f 1825/349/5 1833/350/5 1984/202/5 1983/193/5
f 1833/350/5 1841/351/5 1985/211/5 1984/202/5
f 1841/351/5 1849/352/5 1986/220/5 1985/211/5
f 1849/352/5 1857/353/5 1987/229/5 1986/220/5
f 1857/353/5 1865/354/5 1988/238/5 1987/229/5
f 1865/354/5 1873/355/5 1989/247/5 1988/238/5
f 1873/355/5 1881/356/5 1990/252/5 1989/247/5
f 1881/356/5 1889/357/5 1991/258/5 1990/252/5
f 1889/357/5 1897/358/5 1992/265/5 1991/258/5
f 1897/358/5 1905/359/5 1993/272/5 1992/265/5
f 1905/359/5 1913/360/5 1994/278/5 1993/272/5
f 1913/360/5 1921/361/5 1995/284/5 1994/278/5
f 1921/361/5 1929/362/5 1996/290/5 1995/284/5
f 1929/362/5 1937/363/5 1997/295/5 1996/290/5
f 1937/363/5 1945/364/5 1998/302/5 1997/295/5
f 1945/364/5 1953/365/5 1999/307/5 1998/302/5
f 1953/365/5 1961/366/5 2000/312/5 1999/307/5
f 1961/366/5 1713/335/5 1969/81/5 2000/312/5
f 2013/367/6 2012/368/6 2044/369/6 2045/370/6
f 1833/371/247 1825/372/247 2015/373/247 2016/374/247
f 1729/375/234 1721/376/234 2002/377/234 2003/378/234
f 1945/379/260 1937/380/260 2029/381/260 2030/382/260
f 1841/383/248 1833/371/248 2016/374/248 2017/384/248
f 1737/385/235 1729/375/235 2003/378/235 2004/386/235
f 1953/387/261 1945/379/261 2030/382/261 2031/388/261
f 1849/389/249 1841/383/249 2017/384/249 2018/390/249
f 1745/391/236 1737/385/236 2004/386/236 2005/392/236
f 1961/393/262 1953/387/262 2031/388/262 2032/394/262
f 1857/395/250 1849/389/250 2018/390/250 2019/396/250
f 1753/385/237 1745/391/237 2005/392/237 2006/386/237
f 1713/397/233 1961/393/233 2032/394/233 2001/398/233
f 1865/399/251 1857/395/251 2019/396/251 2020/400/251
f 1761/375/238 1753/385/238 2006/386/238 2007/378/238
f 1873/401/252 1865/399/252 2020/400/252 2021/402/252
f 1769/376/239 1761/375/239 2007/378/239 2008/377/239
f 1881/399/253 1873/401/253 2021/402/253 2022/400/253
f 1777/397/240 1769/376/240 2008/377/240 2009/398/240
f 1889/395/254 1881/399/254 2022/400/254 2023/396/254
f 1785/393/241 1777/397/241 2009/398/241 2010/394/241
f 1897/389/255 1889/395/255 2023/396/255 2024/390/255
f 1793/387/242 1785/393/242 2010/394/242 2011/388/242
f 1905/383/256 1897/389/256 2024/390/256 2025/384/256
f 1801/403/243 1793/387/243 2011/388/243 2012/404/243
f 1913/371/257 1905/383/257 2025/384/257 2026/374/257
f 1809/380/244 1801/403/244 2012/404/244 2013/381/244
f 1921/372/258 1913/371/258 2026/374/258 2027/373/258
f 1817/314/245 1809/313/245 2013/316/245 2014/315/245
f 1929/314/259 1921/372/259 2027/373/259 2028/315/259
f 1825/372/246 1817/314/246 2014/315/246 2015/373/246
f 1721/376/232 1713/397/232 2001/398/232 2002/377/232
f 2048/405/247 2047/406/247 2079/407/247 2080/408/247
f 2027/409/6 2026/410/6 2058/411/6 2059/412/6
f 2014/413/6 2013/367/6 2045/370/6 2046/414/6
f 2028/415/6 2027/409/6 2059/412/6 2060/416/6
f 2015/417/6 2014/413/6 2046/414/6 2047/418/6
f 2002/419/6 2001/420/6 2033/421/6 2034/422/6
f 2029/423/6 2028/415/6 2060/416/6 2061/424/6
f 2016/425/6 2015/417/6 2047/418/6 2048/426/6
f 2003/427/6 2002/419/6 2034/422/6 2035/428/6
f 2030/429/6 2029/423/6 2061/424/6 2062/430/6
f 2017/431/6 2016/425/6 2048/426/6 2049/432/6
f 2004/433/6 2003/427/6 2035/428/6 2036/434/6
f 2031/435/6 2030/429/6 2062/430/6 2063/436/6
f 2018/437/6 2017/431/6 2049/432/6 2050/438/6
f 2005/439/6 2004/433/6 2036/434/6 2037/440/6
f 2032/441/6 2031/435/6 2063/436/6 2064/442/6
f 2019/443/6 2018/437/6 2050/438/6 2051/444/6
f 2006/445/6 2005/439/6 2037/440/6 2038/446/6
f 2001/420/6 2032/441/6 2064/442/6 2033/421/6
f 2020/447/6 2019/443/6 2051/444/6 2052/448/6
f 2007/449/6 2006/445/6 2038/446/6 2039/450/6
f 2021/451/6 2020/447/6 2052/448/6 2053/452/6
f 2008/453/6 2007/449/6 2039/450/6 2040/454/6
f 2022/455/6 2021/451/6 2053/452/6 2054/456/6
f 2009/457/6 2008/453/6 2040/454/6 2041/458/6
f 2023/459/6 2022/455/6 2054/456/6 2055/460/6
f 2010/461/6 2009/457/6 2041/458/6 2042/462/6
f 2024/463/6 2023/459/6 2055/460/6 2056/464/6
f 2011/465/6 2010/461/6 2042/462/6 2043/466/6
f 2025/467/6 2024/463/6 2056/464/6 2057/468/6
f 2012/368/6 2011/465/6 2043/466/6 2044/369/6
f 2026/410/6 2025/467/6 2057/468/6 2058/411/6
f 2066/469/5 2065/470/5 2096/471/5 2095/472/5 2094/473/5 2093/474/5 2092/475/5 2091/476/5 2090/477/5 2089/478/5 2088/479/5 2087/480/5 2086/481/5 2085/482/5 2084/483/5 2083/484/5 2082/485/5 2081/486/5 2080/487/5 2079/488/5 2078/489/5 2077/490/5 2076/491/5 2075/492/5 2074/493/5 2073/494/5 2072/495/5 2071/496/5 2070/497/5 2069/498/5 2068/499/5 2067/500/5
f 2035/501/234 2034/502/234 2066/503/234 2067/504/234
f 2062/505/260 2061/506/260 2093/507/260 2094/508/260
f 2049/509/248 2048/405/248 2080/408/248 2081/510/248
f 2036/511/235 2035/501/235 2067/504/235 2068/512/235
f 2063/513/261 2062/505/261 2094/508/261 2095/514/261
f 2050/515/249 2049/509/249 2081/510/249 2082/516/249
f 2037/517/236 2036/511/236 2068/512/236 2069/518/236
f 2064/519/262 2063/513/262 2095/514/262 2096/520/262
f 2051/521/250 2050/515/250 2082/516/250 2083/522/250
f 2038/523/237 2037/517/237 2069/518/237 2070/524/237
f 2033/525/233 2064/519/233 2096/520/233 2065/526/233
f 2052/527/251 2051/521/251 2083/522/251 2084/528/251
f 2039/501/238 2038/523/238 2070/524/238 2071/504/238
f 2053/529/252 2052/527/252 2084/528/252 2085/530/252
f 2040/502/239 2039/501/239 2071/504/239 2072/503/239
f 2054/531/253 2053/532/253 2085/533/253 2086/534/253
f 2041/525/240 2040/502/240 2072/503/240 2073/526/240
f 2055/535/254 2054/531/254 2086/534/254 2087/536/254
f 2042/519/241 2041/525/241 2073/526/241 2074/520/241
f 2056/537/255 2055/535/255 2087/536/255 2088/538/255
f 2043/513/242 2042/519/242 2074/520/242 2075/514/242
f 2057/539/256 2056/537/256 2088/538/256 2089/540/256
f 2044/541/243 2043/513/243 2075/514/243 2076/542/243
f 2058/543/257 2057/539/257 2089/540/257 2090/544/257
f 2045/506/244 2044/541/244 2076/542/244 2077/507/244
f 2059/545/258 2058/543/258 2090/544/258 2091/546/258
f 2046/547/245 2045/548/245 2077/549/245 2078/550/245
f 2060/551/259 2059/545/259 2091/546/259 2092/552/259
f 2047/406/246 2046/547/246 2078/550/246 2079/407/246
f 2034/502/232 2033/525/232 2065/526/232 2066/503/232
f 2061/553/231 2060/551/231 2092/552/231 2093/554/231
f 2097/33/6 2098/34/6 2099/35/6 2100/36/6 2101/37/6 2102/38/6 2103/39/6 2104/40/6 2105/41/6 2106/42/6 2107/43/6 2108/44/6 2109/45/6 2110/46/6 2111/47/6 2112/48/6 2113/49/6 2114/50/6 2115/51/6 2116/52/6 2117/53/6 2118/54/6 2119/55/6 2120/56/6 2121/57/6 2122/58/6 2123/59/6 2124/60/6 2125/61/6 2126/62/6 2127/63/6 2128/64/6
f 2138/65/7 2130/66/7 2136/67/7 2144/68/7
f 2144/68/8 2136/67/8 2135/69/8 2143/70/8
f 2143/70/9 2135/69/9 2134/71/9 2142/72/9
f 2142/73/10 2134/74/10 2133/75/10 2141/76/10
f 2141/76/11 2133/75/11 2132/77/11 2140/78/11
f 2140/78/12 2132/77/12 2131/79/12 2139/80/12
f 2139/80/13 2131/79/13 2385/81/13 2386/82/13
f 2146/83/14 2138/65/14 2144/68/14 2152/84/14
f 2152/84/15 2144/68/15 2143/70/15 2151/85/15
f 2151/85/16 2143/70/16 2142/72/16 2150/86/16
f 2150/87/17 2142/73/17 2141/76/17 2149/88/17
f 2149/88/18 2141/76/18 2140/78/18 2148/89/18
f 2148/89/19 2140/78/19 2139/80/19 2147/90/19
f 2147/90/20 2139/80/20 2386/82/20 2387/91/20
f 2154/92/21 2146/83/21 2152/84/21 2160/93/21
f 2160/93/22 2152/84/22 2151/85/22 2159/94/22
f 2159/94/23 2151/85/23 2150/86/23 2158/95/23
f 2158/96/24 2150/87/24 2149/88/24 2157/97/24
f 2157/97/25 2149/88/25 2148/89/25 2156/98/25
f 2156/98/26 2148/89/26 2147/90/26 2155/99/26
f 2155/99/27 2147/90/27 2387/91/27 2388/100/27
f 2162/101/28 2154/92/28 2160/93/28 2168/102/28
f 2168/102/29 2160/93/29 2159/94/29 2167/103/29
f 2167/103/30 2159/94/30 2158/95/30 2166/104/30
f 2166/105/31 2158/96/31 2157/97/31 2165/106/31
f 2165/106/32 2157/97/32 2156/98/32 2164/107/32
f 2164/107/33 2156/98/33 2155/99/33 2163/108/33
f 2163/108/34 2155/99/34 2388/100/34 2389/109/34
f 2170/92/35 2162/101/35 2168/102/35 2176/110/35
f 2176/110/36 2168/102/36 2167/103/36 2175/111/36
f 2175/111/37 2167/103/37 2166/104/37 2174/95/37
f 2174/112/38 2166/105/38 2165/106/38 2173/113/38
f 2173/113/39 2165/106/39 2164/107/39 2172/114/39
f 2172/114/40 2164/107/40 2163/108/40 2171/115/40
f 2171/115/41 2163/108/41 2389/109/41 2390/116/41
f 2178/117/42 2170/92/42 2176/110/42 2184/118/42
f 2184/118/43 2176/110/43 2175/111/43 2183/119/43
f 2183/119/44 2175/111/44 2174/95/44 2182/86/44
f 2182/120/45 2174/112/45 2173/113/45 2181/121/45
f 2181/121/46 2173/113/46 2172/114/46 2180/122/46
f 2180/122/47 2172/114/47 2171/115/47 2179/123/47
f 2179/123/48 2171/115/48 2390/116/48 2391/124/48
f 2186/65/49 2178/117/49 2184/118/49 2192/68/49
f 2192/68/50 2184/118/50 2183/119/50 2191/70/50
f 2191/70/51 2183/119/51 2182/86/51 2190/72/51
f 2190/125/52 2182/120/52 2181/121/52 2189/126/52
f 2189/126/53 2181/121/53 2180/122/53 2188/127/53
f 2188/127/54 2180/122/54 2179/123/54 2187/128/54
f 2187/128/55 2179/123/55 2391/124/55 2392/129/55
f 2194/130/56 2186/65/56 2192/68/56 2200/67/56
f 2200/67/57 2192/68/57 2191/70/57 2199/69/57
f 2199/69/58 2191/70/58 2190/72/58 2198/71/58
f 2198/131/59 2190/125/59 2189/126/59 2197/132/59
f 2197/132/60 2189/126/60 2188/127/60 2196/133/60
f 2196/133/61 2188/127/61 2187/128/61 2195/134/61
f 2195/134/62 2187/128/62 2392/129/62 2393/135/62
f 2202/136/63 2194/130/63 2200/67/63 2208/137/63
f 2208/137/64 2200/67/64 2199/69/64 2207/138/64
f 2207/138/65 2199/69/65 2198/71/65 2206/139/65
f 2206/140/66 2198/131/66 2197/132/66 2205/141/66
f 2205/141/67 2197/132/67 2196/133/67 2204/142/67
f 2204/142/68 2196/133/68 2195/134/68 2203/143/68
f 2203/143/69 2195/134/69 2393/135/69 2394/144/69
f 2210/145/70 2202/136/70 2208/137/70 2216/146/70
f 2216/146/71 2208/137/71 2207/138/71 2215/147/71
f 2215/147/72 2207/138/72 2206/139/72 2214/148/72
f 2214/149/73 2206/140/73 2205/141/73 2213/150/73
f 2213/150/74 2205/141/74 2204/142/74 2212/151/74
f 2212/151/75 2204/142/75 2203/143/75 2211/152/75
f 2211/152/76 2203/143/76 2394/144/76 2395/153/76
f 2218/154/77 2210/145/77 2216/146/77 2224/155/77
f 2224/155/78 2216/146/78 2215/147/78 2223/156/78
f 2223/156/79 2215/147/79 2214/148/79 2222/157/79
f 2222/158/80 2214/149/80 2213/150/80 2221/159/80
f 2221/159/81 2213/150/81 2212/151/81 2220/160/81
f 2220/160/82 2212/151/82 2211/152/82 2219/161/82
f 2219/161/83 2211/152/83 2395/153/83 2396/162/83
f 2226/163/84 2218/154/84 2224/155/84 2232/164/84
f 2232/164/85 2224/155/85 2223/156/85 2231/165/85
f 2231/165/86 2223/156/86 2222/157/86 2230/166/86
f 2230/167/87 2222/158/87 2221/159/87 2229/168/87
f 2229/168/88 2221/159/88 2220/160/88 2228/169/88
f 2228/169/89 2220/160/89 2219/161/89 2227/170/89
f 2227/170/90 2219/161/90 2396/162/90 2397/171/90
f 2234/172/91 2226/173/91 2232/174/91 2240/175/91
f 2240/175/92 2232/174/92 2231/176/92 2239/177/92
f 2239/177/93 2231/176/93 2230/178/93 2238/179/93
f 2238/180/94 2230/167/94 2229/168/94 2237/181/94
f 2237/181/95 2229/168/95 2228/169/95 2236/182/95
f 2236/182/96 2228/169/96 2227/170/96 2235/183/96
f 2235/183/97 2227/170/97 2397/171/97 2398/184/97
f 2242/185/98 2234/172/98 2240/175/98 2248/186/98
f 2248/186/99 2240/175/99 2239/177/99 2247/187/99
f 2247/187/100 2239/177/100 2238/179/100 2246/188/100
f 2246/189/101 2238/180/101 2237/181/101 2245/190/101
f 2245/190/102 2237/181/102 2236/182/102 2244/191/102
f 2244/191/103 2236/182/103 2235/183/103 2243/192/103
f 2243/192/104 2235/183/104 2398/184/104 2399/193/104
f 2250/194/105 2242/185/105 2248/186/105 2256/195/105
f 2256/195/106 2248/186/106 2247/187/106 2255/196/106
f 2255/196/107 2247/187/107 2246/188/107 2254/197/107
f 2254/198/108 2246/189/108 2245/190/108 2253/199/108
f 2253/199/109 2245/190/109 2244/191/109 2252/200/109
f 2252/200/110 2244/191/110 2243/192/110 2251/201/110
f 2251/201/111 2243/192/111 2399/193/111 2400/202/111
f 2258/203/112 2250/194/112 2256/195/112 2264/204/112
f 2264/204/113 2256/195/113 2255/196/113 2263/205/113
f 2263/205/114 2255/196/114 2254/197/114 2262/206/114
f 2262/207/115 2254/198/115 2253/199/115 2261/208/115
f 2261/208/116 2253/199/116 2252/200/116 2260/209/116
f 2260/209/117 2252/200/117 2251/201/117 2259/210/117
f 2259/210/118 2251/201/118 2400/202/118 2401/211/118
f 2266/212/119 2258/203/119 2264/204/119 2272/213/119
f 2272/213/120 2264/204/120 2263/205/120 2271/214/120
f 2271/214/121 2263/205/121 2262/206/121 2270/215/121
f 2270/216/122 2262/207/122 2261/208/122 2269/217/122
f 2269/217/123 2261/208/123 2260/209/123 2268/218/123
f 2268/218/124 2260/209/124 2259/210/124 2267/219/124
f 2267/219/125 2259/210/125 2401/211/125 2402/220/125
f 2274/221/126 2266/212/126 2272/213/126 2280/222/126
f 2280/222/127 2272/213/127 2271/214/127 2279/223/127
f 2279/223/128 2271/214/128 2270/215/128 2278/224/128
f 2278/225/129 2270/216/129 2269/217/129 2277/226/129
f 2277/226/130 2269/217/130 2268/218/130 2276/227/130
f 2276/227/131 2268/218/131 2267/219/131 2275/228/131
f 2275/228/132 2267/219/132 2402/220/132 2403/229/132
f 2282/230/133 2274/221/133 2280/222/133 2288/231/133
f 2288/231/134 2280/222/134 2279/223/134 2287/232/134
f 2287/232/135 2279/223/135 2278/224/135 2286/233/135
f 2286/234/136 2278/225/136 2277/226/136 2285/235/136
f 2285/235/137 2277/226/137 2276/227/137 2284/236/137
f 2284/236/138 2276/227/138 2275/228/138 2283/237/138
f 2283/237/139 2275/228/139 2403/229/139 2404/238/139
f 2290/239/140 2282/230/140 2288/231/140 2296/240/140
f 2296/240/141 2288/231/141 2287/232/141 2295/241/141
f 2295/241/142 2287/232/142 2286/233/142 2294/242/142
f 2294/243/143 2286/234/143 2285/235/143 2293/244/143
f 2293/244/144 2285/235/144 2284/236/144 2292/245/144
f 2292/245/145 2284/236/145 2283/237/145 2291/246/145
f 2291/246/146 2283/237/146 2404/238/146 2405/247/146
f 2298/230/147 2290/239/147 2296/240/147 2304/231/147
f 2304/231/148 2296/240/148 2295/241/148 2303/232/148
f 2303/232/149 2295/241/149 2294/242/149 2302/233/149
f 2302/248/150 2294/243/150 2293/244/150 2301/249/150
f 2301/249/151 2293/244/151 2292/245/151 2300/250/151
f 2300/250/152 2292/245/152 2291/246/152 2299/251/152
f 2299/251/153 2291/246/153 2405/247/153 2406/252/153
f 2306/253/154 2298/230/154 2304/231/154 2312/222/154
f 2312/222/155 2304/231/155 2303/232/155 2311/223/155
f 2311/223/156 2303/232/156 2302/233/156 2310/224/156
f 2310/254/157 2302/248/157 2301/249/157 2309/255/157
f 2309/255/158 2301/249/158 2300/250/158 2308/256/158
f 2308/256/159 2300/250/159 2299/251/159 2307/257/159
f 2307/257/160 2299/251/160 2406/252/160 2407/258/160
f 2314/212/161 2306/253/161 2312/222/161 2320/259/161
f 2320/259/162 2312/222/162 2311/223/162 2319/214/162
f 2319/214/163 2311/223/163 2310/224/163 2318/260/163
f 2318/261/164 2310/254/164 2309/255/164 2317/262/164
f 2317/262/165 2309/255/165 2308/256/165 2316/263/165
f 2316/263/166 2308/256/166 2307/257/166 2315/264/166
f 2315/264/167 2307/257/167 2407/258/167 2408/265/167
f 2322/266/168 2314/212/168 2320/259/168 2328/267/168
f 2328/267/169 2320/259/169 2319/214/169 2327/205/169
f 2327/205/170 2319/214/170 2318/260/170 2326/206/170
f 2326/268/171 2318/261/171 2317/262/171 2325/269/171
f 2325/269/172 2317/262/172 2316/263/172 2324/270/172
f 2324/270/173 2316/263/173 2315/264/173 2323/271/173
f 2323/271/174 2315/264/174 2408/265/174 2409/272/174
f 2330/194/175 2322/266/175 2328/267/175 2336/273/175
f 2336/273/176 2328/267/176 2327/205/176 2335/196/176
f 2335/196/177 2327/205/177 2326/206/177 2334/197/177
f 2334/274/178 2326/268/178 2325/269/178 2333/275/178
f 2333/275/179 2325/269/179 2324/270/179 2332/276/179
f 2332/276/180 2324/270/180 2323/271/180 2331/277/180
f 2331/277/181 2323/271/181 2409/272/181 2410/278/181
f 2338/185/182 2330/194/182 2336/273/182 2344/186/182
f 2344/186/183 2336/273/183 2335/196/183 2343/279/183
f 2343/279/184 2335/196/184 2334/197/184 2342/188/184
f 2342/280/185 2334/274/185 2333/275/185 2341/281/185
f 2341/281/186 2333/275/186 2332/276/186 2340/282/186
f 2340/282/187 2332/276/187 2331/277/187 2339/283/187
f 2339/283/188 2331/277/188 2410/278/188 2411/284/188
f 2346/172/189 2338/185/189 2344/186/189 2352/175/189
f 2352/175/190 2344/186/190 2343/279/190 2351/285/190
f 2351/285/191 2343/279/191 2342/188/191 2350/179/191
f 2350/286/192 2342/280/192 2341/281/192 2349/287/192
f 2349/287/193 2341/281/193 2340/282/193 2348/288/193
f 2348/288/264 2340/282/264 2339/283/264 2347/289/264
f 2347/289/195 2339/283/195 2411/284/195 2412/290/195
f 2354/173/196 2346/172/196 2352/175/196 2360/174/196
f 2360/174/197 2352/175/197 2351/285/197 2359/176/197
f 2359/176/198 2351/285/198 2350/179/198 2358/178/198
f 2358/291/199 2350/286/199 2349/287/199 2357/292/199
f 2357/292/200 2349/287/200 2348/288/200 2356/293/200
f 2356/293/201 2348/288/201 2347/289/201 2355/294/201
f 2355/294/202 2347/289/202 2412/290/202 2413/295/202
f 2362/154/203 2354/163/203 2360/164/203 2368/296/203
f 2368/296/204 2360/164/204 2359/297/204 2367/156/204
f 2367/156/205 2359/297/205 2358/166/205 2366/157/205
f 2366/298/206 2358/291/206 2357/292/206 2365/299/206
f 2365/299/207 2357/292/207 2356/293/207 2364/300/207
f 2364/300/208 2356/293/208 2355/294/208 2363/301/208
f 2363/301/209 2355/294/209 2413/295/209 2414/302/209
f 2370/145/210 2362/154/210 2368/296/210 2376/146/210
f 2376/146/211 2368/296/211 2367/156/211 2375/147/211
f 2375/147/212 2367/156/212 2366/157/212 2374/148/212
f 2374/303/213 2366/298/213 2365/299/213 2373/304/213
f 2373/304/214 2365/299/214 2364/300/214 2372/305/214
f 2372/305/215 2364/300/215 2363/301/215 2371/306/215
f 2371/306/216 2363/301/216 2414/302/216 2415/307/216
f 2378/136/217 2370/145/217 2376/146/217 2384/137/217
f 2384/137/218 2376/146/218 2375/147/218 2383/138/218
f 2383/138/219 2375/147/219 2374/148/219 2382/139/219
f 2382/308/220 2374/303/220 2373/304/220 2381/309/220
f 2381/309/221 2373/304/221 2372/305/221 2380/310/221
f 2380/310/222 2372/305/222 2371/306/222 2379/311/222
f 2379/311/223 2371/306/223 2415/307/223 2416/312/223
f 2130/66/224 2378/136/224 2384/137/224 2136/67/224
f 2136/67/225 2384/137/225 2383/138/225 2135/69/225
f 2135/69/226 2383/138/226 2382/139/226 2134/71/226
f 2134/74/227 2382/308/227 2381/309/227 2133/75/227
f 2133/75/228 2381/309/228 2380/310/228 2132/77/228
f 2132/77/229 2380/310/229 2379/311/229 2131/79/229
f 2131/79/230 2379/311/230 2416/312/230 2385/81/230
f 2353/313/231 2345/314/231 2444/315/231 2445/316/231
f 2097/317/232 2130/66/232 2138/65/232 2098/318/232
f 2128/319/233 2378/136/233 2130/66/233 2097/317/233
f 2098/318/234 2138/65/234 2146/83/234 2099/320/234
f 2099/320/235 2146/83/235 2154/92/235 2100/321/235
f 2100/321/236 2154/92/236 2162/101/236 2101/322/236
f 2101/322/237 2162/101/237 2170/92/237 2102/321/237
f 2102/321/238 2170/92/238 2178/117/238 2103/320/238
f 2103/320/239 2178/117/239 2186/65/239 2104/318/239
f 2104/318/240 2186/65/240 2194/130/240 2105/317/240
f 2105/317/241 2194/130/241 2202/136/241 2106/319/241
f 2106/319/242 2202/136/242 2210/145/242 2107/323/242
f 2107/323/243 2210/145/243 2218/154/243 2108/324/243
f 2108/324/244 2218/154/244 2226/163/244 2109/325/244
f 2109/326/245 2226/173/245 2234/172/245 2110/327/245
f 2110/327/246 2234/172/246 2242/185/246 2111/328/246
f 2111/328/247 2242/185/247 2250/194/247 2112/329/247
f 2112/329/248 2250/194/248 2258/203/248 2113/330/248
f 2113/330/249 2258/203/249 2266/212/249 2114/331/249
f 2114/331/250 2266/212/250 2274/221/250 2115/332/250
f 2115/332/251 2274/221/251 2282/230/251 2116/333/251
f 2116/333/252 2282/230/252 2290/239/252 2117/334/252
f 2117/334/253 2290/239/253 2298/230/253 2118/333/253
f 2118/333/254 2298/230/254 2306/253/254 2119/332/254
f 2119/332/255 2306/253/255 2314/212/255 2120/331/255
f 2120/331/256 2314/212/256 2322/266/256 2121/330/256
f 2121/330/257 2322/266/257 2330/194/257 2122/329/257
f 2122/329/258 2330/194/258 2338/185/258 2123/328/258
f 2123/328/259 2338/185/259 2346/172/259 2124/327/259
f 2124/327/231 2346/172/231 2354/173/231 2125/326/231
f 2125/325/260 2354/163/260 2362/154/260 2126/324/260
f 2126/324/261 2362/154/261 2370/145/261 2127/323/261
f 2127/323/262 2370/145/262 2378/136/262 2128/319/262
f 2129/335/5 2137/336/5 2386/82/5 2385/81/5
f 2137/336/5 2145/337/5 2387/91/5 2386/82/5
f 2145/337/5 2153/338/5 2388/100/5 2387/91/5
f 2153/338/5 2161/339/5 2389/109/5 2388/100/5
f 2161/339/5 2169/340/5 2390/116/5 2389/109/5
f 2169/340/5 2177/341/5 2391/124/5 2390/116/5
f 2177/341/5 2185/342/5 2392/129/5 2391/124/5
f 2185/342/5 2193/343/5 2393/135/5 2392/129/5
f 2193/343/5 2201/344/5 2394/144/5 2393/135/5
f 2201/344/5 2209/345/5 2395/153/5 2394/144/5
f 2209/345/5 2217/346/5 2396/162/5 2395/153/5
f 2217/346/5 2225/347/5 2397/171/5 2396/162/5
f 2225/347/5 2233/348/5 2398/184/5 2397/171/5
f 2233/348/5 2241/349/5 2399/193/5 2398/184/5
f 2241/349/5 2249/350/5 2400/202/5 2399/193/5
f 2249/350/5 2257/351/5 2401/211/5 2400/202/5
f 2257/351/5 2265/352/5 2402/220/5 2401/211/5
f 2265/352/5 2273/353/5 2403/229/5 2402/220/5
f 2273/353/5 2281/354/5 2404/238/5 2403/229/5
f 2281/354/5 2289/355/5 2405/247/5 2404/238/5
f 2289/355/5 2297/356/5 2406/252/5 2405/247/5
f 2297/356/5 2305/357/5 2407/258/5 2406/252/5
f 2305/357/5 2313/358/5 2408/265/5 2407/258/5
f 2313/358/5 2321/359/5 2409/272/5 2408/265/5
f 2321/359/5 2329/360/5 2410/278/5 2409/272/5
f 2329/360/5 2337/361/5 2411/284/5 2410/278/5
f 2337/361/5 2345/362/5 2412/290/5 2411/284/5
f 2345/362/5 2353/363/5 2413/295/5 2412/290/5
f 2353/363/5 2361/364/5 2414/302/5 2413/295/5
f 2361/364/5 2369/365/5 2415/307/5 2414/302/5
f 2369/365/5 2377/366/5 2416/312/5 2415/307/5
f 2377/366/5 2129/335/5 2385/81/5 2416/312/5
f 2429/367/6 2428/368/6 2460/369/6 2461/370/6
f 2249/371/247 2241/372/247 2431/373/247 2432/374/247
f 2145/375/234 2137/376/234 2418/377/234 2419/378/234
f 2361/379/260 2353/380/260 2445/381/260 2446/382/260
f 2257/383/248 2249/371/248 2432/374/248 2433/384/248
f 2153/385/235 2145/375/235 2419/378/235 2420/386/235
f 2369/387/261 2361/379/261 2446/382/261 2447/388/261
f 2265/389/249 2257/383/249 2433/384/249 2434/390/249
f 2161/391/236 2153/385/236 2420/386/236 2421/392/236
f 2377/393/262 2369/387/262 2447/388/262 2448/394/262
f 2273/395/250 2265/389/250 2434/390/250 2435/396/250
f 2169/385/237 2161/391/237 2421/392/237 2422/386/237
f 2129/397/233 2377/393/233 2448/394/233 2417/398/233
f 2281/399/251 2273/395/251 2435/396/251 2436/400/251
f 2177/375/238 2169/385/238 2422/386/238 2423/378/238
f 2289/401/252 2281/399/252 2436/400/252 2437/402/252
f 2185/376/239 2177/375/239 2423/378/239 2424/377/239
f 2297/399/253 2289/401/253 2437/402/253 2438/400/253
f 2193/397/240 2185/376/240 2424/377/240 2425/398/240
f 2305/395/254 2297/399/254 2438/400/254 2439/396/254
f 2201/393/241 2193/397/241 2425/398/241 2426/394/241
f 2313/389/255 2305/395/255 2439/396/255 2440/390/255
f 2209/387/242 2201/393/242 2426/394/242 2427/388/242
f 2321/383/256 2313/389/256 2440/390/256 2441/384/256
f 2217/403/243 2209/387/243 2427/388/243 2428/404/243
f 2329/371/257 2321/383/257 2441/384/257 2442/374/257
f 2225/380/244 2217/403/244 2428/404/244 2429/381/244
f 2337/372/258 2329/371/258 2442/374/258 2443/373/258
f 2233/314/245 2225/313/245 2429/316/245 2430/315/245
f 2345/314/259 2337/372/259 2443/373/259 2444/315/259
f 2241/372/246 2233/314/246 2430/315/246 2431/373/246
f 2137/376/232 2129/397/232 2417/398/232 2418/377/232
f 2464/405/247 2463/406/247 2495/407/247 2496/408/247
f 2443/409/6 2442/410/6 2474/411/6 2475/412/6
f 2430/413/6 2429/367/6 2461/370/6 2462/414/6
f 2444/415/6 2443/409/6 2475/412/6 2476/416/6
f 2431/417/6 2430/413/6 2462/414/6 2463/418/6
f 2418/419/6 2417/420/6 2449/421/6 2450/422/6
f 2445/423/6 2444/415/6 2476/416/6 2477/424/6
f 2432/425/6 2431/417/6 2463/418/6 2464/426/6
f 2419/427/6 2418/419/6 2450/422/6 2451/428/6
f 2446/429/6 2445/423/6 2477/424/6 2478/430/6
f 2433/431/6 2432/425/6 2464/426/6 2465/432/6
f 2420/433/6 2419/427/6 2451/428/6 2452/434/6
f 2447/435/6 2446/429/6 2478/430/6 2479/436/6
f 2434/437/6 2433/431/6 2465/432/6 2466/438/6
f 2421/439/6 2420/433/6 2452/434/6 2453/440/6
f 2448/441/6 2447/435/6 2479/436/6 2480/442/6
f 2435/443/6 2434/437/6 2466/438/6 2467/444/6
f 2422/445/6 2421/439/6 2453/440/6 2454/446/6
f 2417/420/6 2448/441/6 2480/442/6 2449/421/6
f 2436/447/6 2435/443/6 2467/444/6 2468/448/6
f 2423/449/6 2422/445/6 2454/446/6 2455/450/6
f 2437/451/6 2436/447/6 2468/448/6 2469/452/6
f 2424/453/6 2423/449/6 2455/450/6 2456/454/6
f 2438/455/6 2437/451/6 2469/452/6 2470/456/6
f 2425/457/6 2424/453/6 2456/454/6 2457/458/6
f 2439/459/6 2438/455/6 2470/456/6 2471/460/6
f 2426/461/6 2425/457/6 2457/458/6 2458/462/6
f 2440/463/6 2439/459/6 2471/460/6 2472/464/6
f 2427/465/6 2426/461/6 2458/462/6 2459/466/6
f 2441/467/6 2440/463/6 2472/464/6 2473/468/6
f 2428/368/6 2427/465/6 2459/466/6 2460/369/6
f 2442/410/6 2441/467/6 2473/468/6 2474/411/6
f 2482/469/5 2481/470/5 2512/471/5 2511/472/5 2510/473/5 2509/474/5 2508/475/5 2507/476/5 2506/477/5 2505/478/5 2504/479/5 2503/480/5 2502/481/5 2501/482/5 2500/483/5 2499/484/5 2498/485/5 2497/486/5 2496/487/5 2495/488/5 2494/489/5 2493/490/5 2492/491/5 2491/492/5 2490/493/5 2489/494/5 2488/495/5 2487/496/5 2486/497/5 2485/498/5 2484/499/5 2483/500/5
f 2451/501/234 2450/502/234 2482/503/234 2483/504/234
f 2478/505/260 2477/506/260 2509/507/260 2510/508/260
f 2465/509/248 2464/405/248 2496/408/248 2497/510/248
f 2452/511/235 2451/501/235 2483/504/235 2484/512/235
f 2479/513/261 2478/505/261 2510/508/261 2511/514/261
f 2466/515/249 2465/509/249 2497/510/249 2498/516/249
f 2453/517/236 2452/511/236 2484/512/236 2485/518/236
f 2480/519/262 2479/513/262 2511/514/262 2512/520/262
f 2467/521/250 2466/515/250 2498/516/250 2499/522/250
f 2454/523/237 2453/517/237 2485/518/237 2486/524/237
f 2449/525/233 2480/519/233 2512/520/233 2481/526/233
f 2468/527/251 2467/521/251 2499/522/251 2500/528/251
f 2455/501/238 2454/523/238 2486/524/238 2487/504/238
f 2469/529/252 2468/527/252 2500/528/252 2501/530/252
f 2456/502/239 2455/501/239 2487/504/239 2488/503/239
f 2470/531/253 2469/532/253 2501/533/253 2502/534/253
f 2457/525/240 2456/502/240 2488/503/240 2489/526/240
f 2471/535/254 2470/531/254 2502/534/254 2503/536/254
f 2458/519/241 2457/525/241 2489/526/241 2490/520/241
f 2472/537/255 2471/535/255 2503/536/255 2504/538/255
f 2459/513/242 2458/519/242 2490/520/242 2491/514/242
f 2473/539/256 2472/537/256 2504/538/256 2505/540/256
f 2460/541/243 2459/513/243 2491/514/243 2492/542/243
f 2474/543/257 2473/539/257 2505/540/257 2506/544/257
f 2461/506/244 2460/541/244 2492/542/244 2493/507/244
f 2475/545/258 2474/543/258 2506/544/258 2507/546/258
f 2462/547/245 2461/548/245 2493/549/245 2494/550/245
f 2476/551/259 2475/545/259 2507/546/259 2508/552/259
f 2463/406/246 2462/547/246 2494/550/246 2495/407/246
f 2450/502/232 2449/525/232 2481/526/232 2482/503/232
f 2477/553/231 2476/551/231 2508/552/231 2509/554/231
f 2513/33/6 2514/34/6 2515/35/6 2516/36/6 2517/37/6 2518/38/6 2519/39/6 2520/40/6 2521/41/6 2522/42/6 2523/43/6 2524/44/6 2525/45/6 2526/46/6 2527/47/6 2528/48/6 2529/49/6 2530/50/6 2531/51/6 2532/52/6 2533/53/6 2534/54/6 2535/55/6 2536/56/6 2537/57/6 2538/58/6 2539/59/6 2540/60/6 2541/61/6 2542/62/6 2543/63/6 2544/64/6
f 2554/65/7 2546/66/7 2552/67/7 2560/68/7
f 2560/68/8 2552/67/8 2551/69/8 2559/70/8
f 2559/70/9 2551/69/9 2550/71/9 2558/72/9
f 2558/73/10 2550/74/10 2549/75/10 2557/76/10
f 2557/76/11 2549/75/11 2548/77/11 2556/78/11
f 2556/78/12 2548/77/12 2547/79/12 2555/80/12
f 2555/80/13 2547/79/13 2801/81/13 2802/82/13
f 2562/83/14 2554/65/14 2560/68/14 2568/84/14
f 2568/84/15 2560/68/15 2559/70/15 2567/85/15
f 2567/85/16 2559/70/16 2558/72/16 2566/86/16
f 2566/87/17 2558/73/17 2557/76/17 2565/88/17
f 2565/88/18 2557/76/18 2556/78/18 2564/89/18
f 2564/89/19 2556/78/19 2555/80/19 2563/90/19
f 2563/90/20 2555/80/20 2802/82/20 2803/91/20
f 2570/92/21 2562/83/21 2568/84/21 2576/93/21
f 2576/93/22 2568/84/22 2567/85/22 2575/94/22
f 2575/94/23 2567/85/23 2566/86/23 2574/95/23
f 2574/96/24 2566/87/24 2565/88/24 2573/97/24
f 2573/97/25 2565/88/25 2564/89/25 2572/98/25
f 2572/98/26 2564/89/26 2563/90/26 2571/99/26
f 2571/99/27 2563/90/27 2803/91/27 2804/100/27
f 2578/101/28 2570/92/28 2576/93/28 2584/102/28
f 2584/102/29 2576/93/29 2575/94/29 2583/103/29
f 2583/103/30 2575/94/30 2574/95/30 2582/104/30
f 2582/105/31 2574/96/31 2573/97/31 2581/106/31
f 2581/106/32 2573/97/32 2572/98/32 2580/107/32
f 2580/107/33 2572/98/33 2571/99/33 2579/108/33
f 2579/108/34 2571/99/34 2804/100/34 2805/109/34
f 2586/92/35 2578/101/35 2584/102/35 2592/110/35
f 2592/110/36 2584/102/36 2583/103/36 2591/111/36
f 2591/111/37 2583/103/37 2582/104/37 2590/95/37
f 2590/112/38 2582/105/38 2581/106/38 2589/113/38
f 2589/113/39 2581/106/39 2580/107/39 2588/114/39
f 2588/114/40 2580/107/40 2579/108/40 2587/115/40
f 2587/115/41 2579/108/41 2805/109/41 2806/116/41
f 2594/117/42 2586/92/42 2592/110/42 2600/118/42
f 2600/118/43 2592/110/43 2591/111/43 2599/119/43
f 2599/119/44 2591/111/44 2590/95/44 2598/86/44
f 2598/120/45 2590/112/45 2589/113/45 2597/121/45
f 2597/121/46 2589/113/46 2588/114/46 2596/122/46
f 2596/122/47 2588/114/47 2587/115/47 2595/123/47
f 2595/123/48 2587/115/48 2806/116/48 2807/124/48
f 2602/65/49 2594/117/49 2600/118/49 2608/68/49
f 2608/68/50 2600/118/50 2599/119/50 2607/70/50
f 2607/70/51 2599/119/51 2598/86/51 2606/72/51
f 2606/125/52 2598/120/52 2597/121/52 2605/126/52
f 2605/126/53 2597/121/53 2596/122/53 2604/127/53
f 2604/127/54 2596/122/54 2595/123/54 2603/128/54
f 2603/128/55 2595/123/55 2807/124/55 2808/129/55
f 2610/130/56 2602/65/56 2608/68/56 2616/67/56
f 2616/67/57 2608/68/57 2607/70/57 2615/69/57
f 2615/69/58 2607/70/58 2606/72/58 2614/71/58
f 2614/131/59 2606/125/59 2605/126/59 2613/132/59
f 2613/132/60 2605/126/60 2604/127/60 2612/133/60
f 2612/133/61 2604/127/61 2603/128/61 2611/134/61
f 2611/134/62 2603/128/62 2808/129/62 2809/135/62
f 2618/136/63 2610/130/63 2616/67/63 2624/137/63
f 2624/137/64 2616/67/64 2615/69/64 2623/138/64
f 2623/138/65 2615/69/65 2614/71/65 2622/139/65
f 2622/140/66 2614/131/66 2613/132/66 2621/141/66
f 2621/141/67 2613/132/67 2612/133/67 2620/142/67
f 2620/142/68 2612/133/68 2611/134/68 2619/143/68
f 2619/143/69 2611/134/69 2809/135/69 2810/144/69
f 2626/145/70 2618/136/70 2624/137/70 2632/146/70
f 2632/146/71 2624/137/71 2623/138/71 2631/147/71
f 2631/147/72 2623/138/72 2622/139/72 2630/148/72
f 2630/149/73 2622/140/73 2621/141/73 2629/150/73
f 2629/150/74 2621/141/74 2620/142/74 2628/151/74
f 2628/151/75 2620/142/75 2619/143/75 2627/152/75
f 2627/152/76 2619/143/76 2810/144/76 2811/153/76
f 2634/154/77 2626/145/77 2632/146/77 2640/155/77
f 2640/155/78 2632/146/78 2631/147/78 2639/156/78
f 2639/156/79 2631/147/79 2630/148/79 2638/157/79
f 2638/158/80 2630/149/80 2629/150/80 2637/159/80
f 2637/159/81 2629/150/81 2628/151/81 2636/160/81
f 2636/160/82 2628/151/82 2627/152/82 2635/161/82
f 2635/161/83 2627/152/83 2811/153/83 2812/162/83
f 2642/163/84 2634/154/84 2640/155/84 2648/164/84
f 2648/164/85 2640/155/85 2639/156/85 2647/165/85
f 2647/165/86 2639/156/86 2638/157/86 2646/166/86
f 2646/167/87 2638/158/87 2637/159/87 2645/168/87
f 2645/168/88 2637/159/88 2636/160/88 2644/169/88
f 2644/169/89 2636/160/89 2635/161/89 2643/170/89
f 2643/170/90 2635/161/90 2812/162/90 2813/171/90
f 2650/172/91 2642/173/91 2648/174/91 2656/175/91
f 2656/175/92 2648/174/92 2647/176/92 2655/177/92
f 2655/177/93 2647/176/93 2646/178/93 2654/179/93
f 2654/180/94 2646/167/94 2645/168/94 2653/181/94
f 2653/181/95 2645/168/95 2644/169/95 2652/182/95
f 2652/182/96 2644/169/96 2643/170/96 2651/183/96
f 2651/183/97 2643/170/97 2813/171/97 2814/184/97
f 2658/185/98 2650/172/98 2656/175/98 2664/186/98
f 2664/186/99 2656/175/99 2655/177/99 2663/187/99
f 2663/187/100 2655/177/100 2654/179/100 2662/188/100
f 2662/189/101 2654/180/101 2653/181/101 2661/190/101
f 2661/190/102 2653/181/102 2652/182/102 2660/191/102
f 2660/191/103 2652/182/103 2651/183/103 2659/192/103
f 2659/192/104 2651/183/104 2814/184/104 2815/193/104
f 2666/194/105 2658/185/105 2664/186/105 2672/195/105
f 2672/195/106 2664/186/106 2663/187/106 2671/196/106
f 2671/196/107 2663/187/107 2662/188/107 2670/197/107
f 2670/198/108 2662/189/108 2661/190/108 2669/199/108
f 2669/199/109 2661/190/109 2660/191/109 2668/200/109
f 2668/200/110 2660/191/110 2659/192/110 2667/201/110
f 2667/201/111 2659/192/111 2815/193/111 2816/202/111
f 2674/203/112 2666/194/112 2672/195/112 2680/204/112
f 2680/204/113 2672/195/113 2671/196/113 2679/205/113
f 2679/205/114 2671/196/114 2670/197/114 2678/206/114
f 2678/207/115 2670/198/115 2669/199/115 2677/208/115
f 2677/208/116 2669/199/116 2668/200/116 2676/209/116
f 2676/209/117 2668/200/117 2667/201/117 2675/210/117
f 2675/210/118 2667/201/118 2816/202/118 2817/211/118
f 2682/212/119 2674/203/119 2680/204/119 2688/213/119
f 2688/213/120 2680/204/120 2679/205/120 2687/214/120
f 2687/214/121 2679/205/121 2678/206/121 2686/215/121
f 2686/216/122 2678/207/122 2677/208/122 2685/217/122
f 2685/217/123 2677/208/123 2676/209/123 2684/218/123
f 2684/218/124 2676/209/124 2675/210/124 2683/219/124
f 2683/219/125 2675/210/125 2817/211/125 2818/220/125
f 2690/221/126 2682/212/126 2688/213/126 2696/222/126
f 2696/222/127 2688/213/127 2687/214/127 2695/223/127
f 2695/223/128 2687/214/128 2686/215/128 2694/224/128
f 2694/225/129 2686/216/129 2685/217/129 2693/226/129
f 2693/226/130 2685/217/130 2684/218/130 2692/227/130
f 2692/227/131 2684/218/131 2683/219/131 2691/228/131
f 2691/228/132 2683/219/132 2818/220/132 2819/229/132
f 2698/230/133 2690/221/133 2696/222/133 2704/231/133
f 2704/231/134 2696/222/134 2695/223/134 2703/232/134
f 2703/232/135 2695/223/135 2694/224/135 2702/233/135
f 2702/234/136 2694/225/136 2693/226/136 2701/235/136
f 2701/235/137 2693/226/137 2692/227/137 2700/236/137
f 2700/236/138 2692/227/138 2691/228/138 2699/237/138
f 2699/237/139 2691/228/139 2819/229/139 2820/238/139
f 2706/239/140 2698/230/140 2704/231/140 2712/240/140
f 2712/240/141 2704/231/141 2703/232/141 2711/241/141
f 2711/241/142 2703/232/142 2702/233/142 2710/242/142
f 2710/243/143 2702/234/143 2701/235/143 2709/244/143
f 2709/244/144 2701/235/144 2700/236/144 2708/245/144
f 2708/245/145 2700/236/145 2699/237/145 2707/246/145
f 2707/246/146 2699/237/146 2820/238/146 2821/247/146
f 2714/230/147 2706/239/147 2712/240/147 2720/231/147
f 2720/231/148 2712/240/148 2711/241/148 2719/232/148
f 2719/232/149 2711/241/149 2710/242/149 2718/233/149
f 2718/248/150 2710/243/150 2709/244/150 2717/249/150
f 2717/249/151 2709/244/151 2708/245/151 2716/250/151
f 2716/250/152 2708/245/152 2707/246/152 2715/251/152
f 2715/251/153 2707/246/153 2821/247/153 2822/252/153
f 2722/253/154 2714/230/154 2720/231/154 2728/222/154
f 2728/222/155 2720/231/155 2719/232/155 2727/223/155
f 2727/223/156 2719/232/156 2718/233/156 2726/224/156
f 2726/254/157 2718/248/157 2717/249/157 2725/255/157
f 2725/255/158 2717/249/158 2716/250/158 2724/256/158
f 2724/256/159 2716/250/159 2715/251/159 2723/257/159
f 2723/257/160 2715/251/160 2822/252/160 2823/258/160
f 2730/212/161 2722/253/161 2728/222/161 2736/259/161
f 2736/259/162 2728/222/162 2727/223/162 2735/214/162
f 2735/214/163 2727/223/163 2726/224/163 2734/260/163
f 2734/261/164 2726/254/164 2725/255/164 2733/262/164
f 2733/262/165 2725/255/165 2724/256/165 2732/263/165
f 2732/263/166 2724/256/166 2723/257/166 2731/264/166
f 2731/264/167 2723/257/167 2823/258/167 2824/265/167
f 2738/266/168 2730/212/168 2736/259/168 2744/267/168
f 2744/267/169 2736/259/169 2735/214/169 2743/205/169
f 2743/205/170 2735/214/170 2734/260/170 2742/206/170
f 2742/268/171 2734/261/171 2733/262/171 2741/269/171
f 2741/269/172 2733/262/172 2732/263/172 2740/270/172
f 2740/270/173 2732/263/173 2731/264/173 2739/271/173
f 2739/271/174 2731/264/174 2824/265/174 2825/272/174
f 2746/194/175 2738/266/175 2744/267/175 2752/273/175
f 2752/273/176 2744/267/176 2743/205/176 2751/196/176
f 2751/196/177 2743/205/177 2742/206/177 2750/197/177
f 2750/274/178 2742/268/178 2741/269/178 2749/275/178
f 2749/275/179 2741/269/179 2740/270/179 2748/276/179
f 2748/276/180 2740/270/180 2739/271/180 2747/277/180
f 2747/277/181 2739/271/181 2825/272/181 2826/278/181
f 2754/185/182 2746/194/182 2752/273/182 2760/186/182
f 2760/186/183 2752/273/183 2751/196/183 2759/279/183
f 2759/279/184 2751/196/184 2750/197/184 2758/188/184
f 2758/280/185 2750/274/185 2749/275/185 2757/281/185
f 2757/281/186 2749/275/186 2748/276/186 2756/282/186
f 2756/282/187 2748/276/187 2747/277/187 2755/283/187
f 2755/283/188 2747/277/188 2826/278/188 2827/284/188
f 2762/172/189 2754/185/189 2760/186/189 2768/175/189
f 2768/175/190 2760/186/190 2759/279/190 2767/285/190
f 2767/285/191 2759/279/191 2758/188/191 2766/179/191
f 2766/286/192 2758/280/192 2757/281/192 2765/287/192
f 2765/287/193 2757/281/193 2756/282/193 2764/288/193
f 2764/288/194 2756/282/194 2755/283/194 2763/289/194
f 2763/289/195 2755/283/195 2827/284/195 2828/290/195
f 2770/173/196 2762/172/196 2768/175/196 2776/174/196
f 2776/174/197 2768/175/197 2767/285/197 2775/176/197
f 2775/176/198 2767/285/198 2766/179/198 2774/178/198
f 2774/291/199 2766/286/199 2765/287/199 2773/292/199
f 2773/292/200 2765/287/200 2764/288/200 2772/293/200
f 2772/293/201 2764/288/201 2763/289/201 2771/294/201
f 2771/294/202 2763/289/202 2828/290/202 2829/295/202
f 2778/154/203 2770/163/203 2776/164/203 2784/296/203
f 2784/296/204 2776/164/204 2775/297/204 2783/156/204
f 2783/156/205 2775/297/205 2774/166/205 2782/157/205
f 2782/298/206 2774/291/206 2773/292/206 2781/299/206
f 2781/299/207 2773/292/207 2772/293/207 2780/300/207
f 2780/300/208 2772/293/208 2771/294/208 2779/301/208
f 2779/301/209 2771/294/209 2829/295/209 2830/302/209
f 2786/145/210 2778/154/210 2784/296/210 2792/146/210
f 2792/146/211 2784/296/211 2783/156/211 2791/147/211
f 2791/147/212 2783/156/212 2782/157/212 2790/148/212
f 2790/303/213 2782/298/213 2781/299/213 2789/304/213
f 2789/304/214 2781/299/214 2780/300/214 2788/305/214
f 2788/305/215 2780/300/215 2779/301/215 2787/306/215
f 2787/306/216 2779/301/216 2830/302/216 2831/307/216
f 2794/136/217 2786/145/217 2792/146/217 2800/137/217
f 2800/137/218 2792/146/218 2791/147/218 2799/138/218
f 2799/138/219 2791/147/219 2790/148/219 2798/139/219
f 2798/308/220 2790/303/220 2789/304/220 2797/309/220
f 2797/309/221 2789/304/221 2788/305/221 2796/310/221
f 2796/310/222 2788/305/222 2787/306/222 2795/311/222
f 2795/311/223 2787/306/223 2831/307/223 2832/312/223
f 2546/66/224 2794/136/224 2800/137/224 2552/67/224
f 2552/67/225 2800/137/225 2799/138/225 2551/69/225
f 2551/69/226 2799/138/226 2798/139/226 2550/71/226
f 2550/74/227 2798/308/227 2797/309/227 2549/75/227
f 2549/75/228 2797/309/228 2796/310/228 2548/77/228
f 2548/77/229 2796/310/229 2795/311/229 2547/79/229
f 2547/79/230 2795/311/230 2832/312/230 2801/81/230
f 2769/313/231 2761/314/231 2860/315/231 2861/316/231
f 2513/317/232 2546/66/232 2554/65/232 2514/318/232
f 2544/319/233 2794/136/233 2546/66/233 2513/317/233
f 2514/318/234 2554/65/234 2562/83/234 2515/320/234
f 2515/320/235 2562/83/235 2570/92/235 2516/321/235
f 2516/321/236 2570/92/236 2578/101/236 2517/322/236
f 2517/322/237 2578/101/237 2586/92/237 2518/321/237
f 2518/321/238 2586/92/238 2594/117/238 2519/320/238
f 2519/320/239 2594/117/239 2602/65/239 2520/318/239
f 2520/318/240 2602/65/240 2610/130/240 2521/317/240
f 2521/317/241 2610/130/241 2618/136/241 2522/319/241
f 2522/319/242 2618/136/242 2626/145/242 2523/323/242
f 2523/323/243 2626/145/243 2634/154/243 2524/324/243
f 2524/324/244 2634/154/244 2642/163/244 2525/325/244
f 2525/326/245 2642/173/245 2650/172/245 2526/327/245
f 2526/327/246 2650/172/246 2658/185/246 2527/328/246
f 2527/328/247 2658/185/247 2666/194/247 2528/329/247
f 2528/329/248 2666/194/248 2674/203/248 2529/330/248
f 2529/330/249 2674/203/249 2682/212/249 2530/331/249
f 2530/331/250 2682/212/250 2690/221/250 2531/332/250
f 2531/332/251 2690/221/251 2698/230/251 2532/333/251
f 2532/333/252 2698/230/252 2706/239/252 2533/334/252
f 2533/334/253 2706/239/253 2714/230/253 2534/333/253
f 2534/333/254 2714/230/254 2722/253/254 2535/332/254
f 2535/332/255 2722/253/255 2730/212/255 2536/331/255
f 2536/331/256 2730/212/256 2738/266/256 2537/330/256
f 2537/330/257 2738/266/257 2746/194/257 2538/329/257
f 2538/329/258 2746/194/258 2754/185/258 2539/328/258
f 2539/328/259 2754/185/259 2762/172/259 2540/327/259
f 2540/327/231 2762/172/231 2770/173/231 2541/326/231
f 2541/325/260 2770/163/260 2778/154/260 2542/324/260
f 2542/324/261 2778/154/261 2786/145/261 2543/323/261
f 2543/323/262 2786/145/262 2794/136/262 2544/319/262
f 2545/335/5 2553/336/5 2802/82/5 2801/81/5
f 2553/336/5 2561/337/5 2803/91/5 2802/82/5
f 2561/337/5 2569/338/5 2804/100/5 2803/91/5
f 2569/338/5 2577/339/5 2805/109/5 2804/100/5
f 2577/339/5 2585/340/5 2806/116/5 2805/109/5
f 2585/340/5 2593/341/5 2807/124/5 2806/116/5
f 2593/341/5 2601/342/5 2808/129/5 2807/124/5
f 2601/342/5 2609/343/5 2809/135/5 2808/129/5
f 2609/343/5 2617/344/5 2810/144/5 2809/135/5
f 2617/344/5 2625/345/5 2811/153/5 2810/144/5
f 2625/345/5 2633/346/5 2812/162/5 2811/153/5
f 2633/346/5 2641/347/5 2813/171/5 2812/162/5
f 2641/347/5 2649/348/5 2814/184/5 2813/171/5
f 2649/348/5 2657/349/5 2815/193/5 2814/184/5
f 2657/349/5 2665/350/5 2816/202/5 2815/193/5
f 2665/350/5 2673/351/5 2817/211/5 2816/202/5
f 2673/351/5 2681/352/5 2818/220/5 2817/211/5
f 2681/352/5 2689/353/5 2819/229/5 2818/220/5
f 2689/353/5 2697/354/5 2820/238/5 2819/229/5
f 2697/354/5 2705/355/5 2821/247/5 2820/238/5
f 2705/355/5 2713/356/5 2822/252/5 2821/247/5
f 2713/356/5 2721/357/5 2823/258/5 2822/252/5
f 2721/357/5 2729/358/5 2824/265/5 2823/258/5
f 2729/358/5 2737/359/5 2825/272/5 2824/265/5
f 2737/359/5 2745/360/5 2826/278/5 2825/272/5
f 2745/360/5 2753/361/5 2827/284/5 2826/278/5
f 2753/361/5 2761/362/5 2828/290/5 2827/284/5
f 2761/362/5 2769/363/5 2829/295/5 2828/290/5
f 2769/363/5 2777/364/5 2830/302/5 2829/295/5
f 2777/364/5 2785/365/5 2831/307/5 2830/302/5
f 2785/365/5 2793/366/5 2832/312/5 2831/307/5
f 2793/366/5 2545/335/5 2801/81/5 2832/312/5
f 2845/367/6 2844/368/6 2876/369/6 2877/370/6
f 2665/371/247 2657/372/247 2847/373/247 2848/374/247
f 2561/375/234 2553/376/234 2834/377/234 2835/378/234
f 2777/379/260 2769/380/260 2861/381/260 2862/382/260
f 2673/383/248 2665/371/248 2848/374/248 2849/384/248
f 2569/385/235 2561/375/235 2835/378/235 2836/386/235
f 2785/387/261 2777/379/261 2862/382/261 2863/388/261
f 2681/389/249 2673/383/249 2849/384/249 2850/390/249
f 2577/391/236 2569/385/236 2836/386/236 2837/392/236
f 2793/393/262 2785/387/262 2863/388/262 2864/394/262
f 2689/395/250 2681/389/250 2850/390/250 2851/396/250
f 2585/385/237 2577/391/237 2837/392/237 2838/386/237
f 2545/397/233 2793/393/233 2864/394/233 2833/398/233
f 2697/399/251 2689/395/251 2851/396/251 2852/400/251
f 2593/375/238 2585/385/238 2838/386/238 2839/378/238
f 2705/401/252 2697/399/252 2852/400/252 2853/402/252
f 2601/376/239 2593/375/239 2839/378/239 2840/377/239
f 2713/399/253 2705/401/253 2853/402/253 2854/400/253
f 2609/397/240 2601/376/240 2840/377/240 2841/398/240
f 2721/395/254 2713/399/254 2854/400/254 2855/396/254
f 2617/393/241 2609/397/241 2841/398/241 2842/394/241
f 2729/389/255 2721/395/255 2855/396/255 2856/390/255
f 2625/387/242 2617/393/242 2842/394/242 2843/388/242
f 2737/383/256 2729/389/256 2856/390/256 2857/384/256
f 2633/403/243 2625/387/243 2843/388/243 2844/404/243
f 2745/371/257 2737/383/257 2857/384/257 2858/374/257
f 2641/380/244 2633/403/244 2844/404/244 2845/381/244
f 2753/372/258 2745/371/258 2858/374/258 2859/373/258
f 2649/314/245 2641/313/245 2845/316/245 2846/315/245
f 2761/314/259 2753/372/259 2859/373/259 2860/315/259
f 2657/372/246 2649/314/246 2846/315/246 2847/373/246
f 2553/376/232 2545/397/232 2833/398/232 2834/377/232
f 2880/405/247 2879/406/247 2911/407/247 2912/408/247
f 2859/409/6 2858/410/6 2890/411/6 2891/412/6
f 2846/413/6 2845/367/6 2877/370/6 2878/414/6
f 2860/415/6 2859/409/6 2891/412/6 2892/416/6
f 2847/417/6 2846/413/6 2878/414/6 2879/418/6
f 2834/419/6 2833/420/6 2865/421/6 2866/422/6
f 2861/423/6 2860/415/6 2892/416/6 2893/424/6
f 2848/425/6 2847/417/6 2879/418/6 2880/426/6
f 2835/427/6 2834/419/6 2866/422/6 2867/428/6
f 2862/429/6 2861/423/6 2893/424/6 2894/430/6
f 2849/431/6 2848/425/6 2880/426/6 2881/432/6
f 2836/433/6 2835/427/6 2867/428/6 2868/434/6
f 2863/435/6 2862/429/6 2894/430/6 2895/436/6
f 2850/437/6 2849/431/6 2881/432/6 2882/438/6
f 2837/439/6 2836/433/6 2868/434/6 2869/440/6
f 2864/441/6 2863/435/6 2895/436/6 2896/442/6
f 2851/443/6 2850/437/6 2882/438/6 2883/444/6
f 2838/445/6 2837/439/6 2869/440/6 2870/446/6
f 2833/420/6 2864/441/6 2896/442/6 2865/421/6
f 2852/447/6 2851/443/6 2883/444/6 2884/448/6
f 2839/449/6 2838/445/6 2870/446/6 2871/450/6
f 2853/451/6 2852/447/6 2884/448/6 2885/452/6
f 2840/453/6 2839/449/6 2871/450/6 2872/454/6
f 2854/455/6 2853/451/6 2885/452/6 2886/456/6
f 2841/457/6 2840/453/6 2872/454/6 2873/458/6
f 2855/459/6 2854/455/6 2886/456/6 2887/460/6
f 2842/461/6 2841/457/6 2873/458/6 2874/462/6
f 2856/463/6 2855/459/6 2887/460/6 2888/464/6
f 2843/465/6 2842/461/6 2874/462/6 2875/466/6
f 2857/467/6 2856/463/6 2888/464/6 2889/468/6
f 2844/368/6 2843/465/6 2875/466/6 2876/369/6
f 2858/410/6 2857/467/6 2889/468/6 2890/411/6
f 2898/469/5 2897/470/5 2928/471/5 2927/472/5 2926/473/5 2925/474/5 2924/475/5 2923/476/5 2922/477/5 2921/478/5 2920/479/5 2919/480/5 2918/481/5 2917/482/5 2916/483/5 2915/484/5 2914/485/5 2913/486/5 2912/487/5 2911/488/5 2910/489/5 2909/490/5 2908/491/5 2907/492/5 2906/493/5 2905/494/5 2904/495/5 2903/496/5 2902/497/5 2901/498/5 2900/499/5 2899/500/5
f 2867/501/234 2866/502/234 2898/503/234 2899/504/234
f 2894/505/260 2893/506/260 2925/507/260 2926/508/260
f 2881/509/248 2880/405/248 2912/408/248 2913/510/248
f 2868/511/235 2867/501/235 2899/504/235 2900/512/235
f 2895/513/261 2894/505/261 2926/508/261 2927/514/261
f 2882/515/249 2881/509/249 2913/510/249 2914/516/249
f 2869/517/236 2868/511/236 2900/512/236 2901/518/236
f 2896/519/262 2895/513/262 2927/514/262 2928/520/262
f 2883/521/250 2882/515/250 2914/516/250 2915/522/250
f 2870/523/237 2869/517/237 2901/518/237 2902/524/237
f 2865/525/233 2896/519/233 2928/520/233 2897/526/233
f 2884/527/251 2883/521/251 2915/522/251 2916/528/251
f 2871/501/238 2870/523/238 2902/524/238 2903/504/238
f 2885/529/252 2884/527/252 2916/528/252 2917/530/252
f 2872/502/239 2871/501/239 2903/504/239 2904/503/239
f 2886/531/253 2885/532/253 2917/533/253 2918/534/253
f 2873/525/240 2872/502/240 2904/503/240 2905/526/240
f 2887/535/254 2886/531/254 2918/534/254 2919/536/254
f 2874/519/241 2873/525/241 2905/526/241 2906/520/241
f 2888/537/255 2887/535/255 2919/536/255 2920/538/255
f 2875/513/242 2874/519/242 2906/520/242 2907/514/242
f 2889/539/256 2888/537/256 2920/538/256 2921/540/256
f 2876/541/243 2875/513/243 2907/514/243 2908/542/243
f 2890/543/257 2889/539/257 2921/540/257 2922/544/257
f 2877/506/244 2876/541/244 2908/542/244 2909/507/244
f 2891/545/258 2890/543/258 2922/544/258 2923/546/258
f 2878/547/245 2877/548/245 2909/549/245 2910/550/245
f 2892/551/259 2891/545/259 2923/546/259 2924/552/259
f 2879/406/246 2878/547/246 2910/550/246 2911/407/246
f 2866/502/232 2865/525/232 2897/526/232 2898/503/232
f 2893/553/231 2892/551/231 2924/552/231 2925/554/231
f 2929/33/6 2930/34/6 2931/35/6 2932/36/6 2933/37/6 2934/38/6 2935/39/6 2936/40/6 2937/41/6 2938/42/6 2939/43/6 2940/44/6 2941/45/6 2942/46/6 2943/47/6 2944/48/6 2945/49/6 2946/50/6 2947/51/6 2948/52/6 2949/53/6 2950/54/6 2951/55/6 2952/56/6 2953/57/6 2954/58/6 2955/59/6 2956/60/6 2957/61/6 2958/62/6 2959/63/6 2960/64/6
f 2970/65/7 2962/66/7 2968/67/7 2976/68/7
f 2976/68/8 2968/67/8 2967/69/8 2975/70/8
f 2975/70/9 2967/69/9 2966/71/9 2974/72/9
f 2974/73/10 2966/74/10 2965/75/10 2973/76/10
f 2973/76/11 2965/75/11 2964/77/11 2972/78/11
f 2972/78/12 2964/77/12 2963/79/12 2971/80/12
f 2971/80/13 2963/79/13 3217/81/13 3218/82/13
f 2978/83/14 2970/65/14 2976/68/14 2984/84/14
f 2984/84/15 2976/68/15 2975/70/15 2983/85/15
f 2983/85/16 2975/70/16 2974/72/16 2982/86/16
f 2982/87/17 2974/73/17 2973/76/17 2981/88/17
f 2981/88/18 2973/76/18 2972/78/18 2980/89/18
f 2980/89/19 2972/78/19 2971/80/19 2979/90/19
f 2979/90/20 2971/80/20 3218/82/20 3219/91/20
f 2986/92/21 2978/83/21 2984/84/21 2992/93/21
f 2992/93/22 2984/84/22 2983/85/22 2991/94/22
f 2991/94/23 2983/85/23 2982/86/23 2990/95/23
f 2990/96/24 2982/87/24 2981/88/24 2989/97/24
f 2989/97/25 2981/88/25 2980/89/25 2988/98/25
f 2988/98/26 2980/89/26 2979/90/26 2987/99/26
f 2987/99/27 2979/90/27 3219/91/27 3220/100/27
f 2994/101/28 2986/92/28 2992/93/28 3000/102/28
f 3000/102/29 2992/93/29 2991/94/29 2999/103/29
f 2999/103/30 2991/94/30 2990/95/30 2998/104/30
f 2998/105/31 2990/96/31 2989/97/31 2997/106/31
f 2997/106/32 2989/97/32 2988/98/32 2996/107/32
f 2996/107/33 2988/98/33 2987/99/33 2995/108/33
f 2995/108/34 2987/99/34 3220/100/34 3221/109/34
f 3002/92/35 2994/101/35 3000/102/35 3008/110/35
f 3008/110/36 3000/102/36 2999/103/36 3007/111/36
f 3007/111/37 2999/103/37 2998/104/37 3006/95/37
f 3006/112/38 2998/105/38 2997/106/38 3005/113/38
f 3005/113/39 2997/106/39 2996/107/39 3004/114/39
f 3004/114/40 2996/107/40 2995/108/40 3003/115/40
f 3003/115/41 2995/108/41 3221/109/41 3222/116/41
f 3010/117/42 3002/92/42 3008/110/42 3016/118/42
f 3016/118/43 3008/110/43 3007/111/43 3015/119/43
f 3015/119/44 3007/111/44 3006/95/44 3014/86/44
f 3014/120/45 3006/112/45 3005/113/45 3013/121/45
f 3013/121/46 3005/113/46 3004/114/46 3012/122/46
f 3012/122/47 3004/114/47 3003/115/47 3011/123/47
f 3011/123/48 3003/115/48 3222/116/48 3223/124/48
f 3018/65/49 3010/117/49 3016/118/49 3024/68/49
f 3024/68/50 3016/118/50 3015/119/50 3023/70/50
f 3023/70/51 3015/119/51 3014/86/51 3022/72/51
f 3022/125/52 3014/120/52 3013/121/52 3021/126/52
f 3021/126/53 3013/121/53 3012/122/53 3020/127/53
f 3020/127/54 3012/122/54 3011/123/54 3019/128/54
f 3019/128/55 3011/123/55 3223/124/55 3224/129/55
f 3026/130/56 3018/65/56 3024/68/56 3032/67/56
f 3032/67/57 3024/68/57 3023/70/57 3031/69/57
f 3031/69/58 3023/70/58 3022/72/58 3030/71/58
f 3030/131/59 3022/125/59 3021/126/59 3029/132/59
f 3029/132/60 3021/126/60 3020/127/60 3028/133/60
f 3028/133/61 3020/127/61 3019/128/61 3027/134/61
f 3027/134/62 3019/128/62 3224/129/62 3225/135/62
f 3034/136/63 3026/130/63 3032/67/63 3040/137/63
f 3040/137/64 3032/67/64 3031/69/64 3039/138/64
f 3039/138/65 3031/69/65 3030/71/65 3038/139/65
f 3038/140/66 3030/131/66 3029/132/66 3037/141/66
f 3037/141/67 3029/132/67 3028/133/67 3036/142/67
f 3036/142/68 3028/133/68 3027/134/68 3035/143/68
f 3035/143/69 3027/134/69 3225/135/69 3226/144/69
f 3042/145/70 3034/136/70 3040/137/70 3048/146/70
f 3048/146/71 3040/137/71 3039/138/71 3047/147/71
f 3047/147/72 3039/138/72 3038/139/72 3046/148/72
f 3046/149/73 3038/140/73 3037/141/73 3045/150/73
f 3045/150/74 3037/141/74 3036/142/74 3044/151/74
f 3044/151/75 3036/142/75 3035/143/75 3043/152/75
f 3043/152/76 3035/143/76 3226/144/76 3227/153/76
f 3050/154/77 3042/145/77 3048/146/77 3056/155/77
f 3056/155/78 3048/146/78 3047/147/78 3055/156/78
f 3055/156/79 3047/147/79 3046/148/79 3054/157/79
f 3054/158/80 3046/149/80 3045/150/80 3053/159/80
f 3053/159/81 3045/150/81 3044/151/81 3052/160/81
f 3052/160/82 3044/151/82 3043/152/82 3051/161/82
f 3051/161/83 3043/152/83 3227/153/83 3228/162/83
f 3058/163/84 3050/154/84 3056/155/84 3064/164/84
f 3064/164/85 3056/155/85 3055/156/85 3063/165/85
f 3063/165/86 3055/156/86 3054/157/86 3062/166/86
f 3062/167/87 3054/158/87 3053/159/87 3061/168/87
f 3061/168/88 3053/159/88 3052/160/88 3060/169/88
f 3060/169/89 3052/160/89 3051/161/89 3059/170/89
f 3059/170/90 3051/161/90 3228/162/90 3229/171/90
f 3066/172/91 3058/173/91 3064/174/91 3072/175/91
f 3072/175/92 3064/174/92 3063/176/92 3071/177/92
f 3071/177/93 3063/176/93 3062/178/93 3070/179/93
f 3070/180/94 3062/167/94 3061/168/94 3069/181/94
f 3069/181/95 3061/168/95 3060/169/95 3068/182/95
f 3068/182/96 3060/169/96 3059/170/96 3067/183/96
f 3067/183/97 3059/170/97 3229/171/97 3230/184/97
f 3074/185/98 3066/172/98 3072/175/98 3080/186/98
f 3080/186/99 3072/175/99 3071/177/99 3079/187/99
f 3079/187/100 3071/177/100 3070/179/100 3078/188/100
f 3078/189/101 3070/180/101 3069/181/101 3077/190/101
f 3077/190/102 3069/181/102 3068/182/102 3076/191/102
f 3076/191/103 3068/182/103 3067/183/103 3075/192/103
f 3075/192/104 3067/183/104 3230/184/104 3231/193/104
f 3082/194/105 3074/185/105 3080/186/105 3088/195/105
f 3088/195/106 3080/186/106 3079/187/106 3087/196/106
f 3087/196/107 3079/187/107 3078/188/107 3086/197/107
f 3086/198/108 3078/189/108 3077/190/108 3085/199/108
f 3085/199/109 3077/190/109 3076/191/109 3084/200/109
f 3084/200/110 3076/191/110 3075/192/110 3083/201/110
f 3083/201/111 3075/192/111 3231/193/111 3232/202/111
f 3090/203/112 3082/194/112 3088/195/112 3096/204/112
f 3096/204/113 3088/195/113 3087/196/113 3095/205/113
f 3095/205/114 3087/196/114 3086/197/114 3094/206/114
f 3094/207/115 3086/198/115 3085/199/115 3093/208/115
f 3093/208/116 3085/199/116 3084/200/116 3092/209/116
f 3092/209/117 3084/200/117 3083/201/117 3091/210/117
f 3091/210/118 3083/201/118 3232/202/118 3233/211/118
f 3098/212/119 3090/203/119 3096/204/119 3104/213/119
f 3104/213/120 3096/204/120 3095/205/120 3103/214/120
f 3103/214/121 3095/205/121 3094/206/121 3102/215/121
f 3102/216/122 3094/207/122 3093/208/122 3101/217/122
f 3101/217/123 3093/208/123 3092/209/123 3100/218/123
f 3100/218/124 3092/209/124 3091/210/124 3099/219/124
f 3099/219/125 3091/210/125 3233/211/125 3234/220/125
f 3106/221/126 3098/212/126 3104/213/126 3112/222/126
f 3112/222/127 3104/213/127 3103/214/127 3111/223/127
f 3111/223/128 3103/214/128 3102/215/128 3110/224/128
f 3110/225/129 3102/216/129 3101/217/129 3109/226/129
f 3109/226/130 3101/217/130 3100/218/130 3108/227/130
f 3108/227/131 3100/218/131 3099/219/131 3107/228/131
f 3107/228/132 3099/219/132 3234/220/132 3235/229/132
f 3114/230/133 3106/221/133 3112/222/133 3120/231/133
f 3120/231/134 3112/222/134 3111/223/134 3119/232/134
f 3119/232/135 3111/223/135 3110/224/135 3118/233/135
f 3118/234/136 3110/225/136 3109/226/136 3117/235/136
f 3117/235/137 3109/226/137 3108/227/137 3116/236/137
f 3116/236/138 3108/227/138 3107/228/138 3115/237/138
f 3115/237/139 3107/228/139 3235/229/139 3236/238/139
f 3122/239/140 3114/230/140 3120/231/140 3128/240/140
f 3128/240/141 3120/231/141 3119/232/141 3127/241/141
f 3127/241/142 3119/232/142 3118/233/142 3126/242/142
f 3126/243/143 3118/234/143 3117/235/143 3125/244/143
f 3125/244/144 3117/235/144 3116/236/144 3124/245/144
f 3124/245/145 3116/236/145 3115/237/145 3123/246/145
f 3123/246/146 3115/237/146 3236/238/146 3237/247/146
f 3130/230/147 3122/239/147 3128/240/147 3136/231/147
f 3136/231/148 3128/240/148 3127/241/148 3135/232/148
f 3135/232/149 3127/241/149 3126/242/149 3134/233/149
f 3134/248/150 3126/243/150 3125/244/150 3133/249/150
f 3133/249/151 3125/244/151 3124/245/151 3132/250/151
f 3132/250/152 3124/245/152 3123/246/152 3131/251/152
f 3131/251/153 3123/246/153 3237/247/153 3238/252/153
f 3138/253/154 3130/230/154 3136/231/154 3144/222/154
f 3144/222/155 3136/231/155 3135/232/155 3143/223/155
f 3143/223/156 3135/232/156 3134/233/156 3142/224/156
f 3142/254/157 3134/248/157 3133/249/157 3141/255/157
f 3141/255/158 3133/249/158 3132/250/158 3140/256/158
f 3140/256/159 3132/250/159 3131/251/159 3139/257/159
f 3139/257/160 3131/251/160 3238/252/160 3239/258/160
f 3146/212/161 3138/253/161 3144/222/161 3152/259/161
f 3152/259/162 3144/222/162 3143/223/162 3151/214/162
f 3151/214/163 3143/223/163 3142/224/163 3150/260/163
f 3150/261/164 3142/254/164 3141/255/164 3149/262/164
f 3149/262/165 3141/255/165 3140/256/165 3148/263/165
f 3148/263/166 3140/256/166 3139/257/166 3147/264/166
f 3147/264/167 3139/257/167 3239/258/167 3240/265/167
f 3154/266/168 3146/212/168 3152/259/168 3160/267/168
f 3160/267/169 3152/259/169 3151/214/169 3159/205/169
f 3159/205/170 3151/214/170 3150/260/170 3158/206/170
f 3158/268/171 3150/261/171 3149/262/171 3157/269/171
f 3157/269/172 3149/262/172 3148/263/172 3156/270/172
f 3156/270/173 3148/263/173 3147/264/173 3155/271/173
f 3155/271/174 3147/264/174 3240/265/174 3241/272/174
f 3162/194/175 3154/266/175 3160/267/175 3168/273/175
f 3168/273/176 3160/267/176 3159/205/176 3167/196/176
f 3167/196/177 3159/205/177 3158/206/177 3166/197/177
f 3166/274/178 3158/268/178 3157/269/178 3165/275/178
f 3165/275/179 3157/269/179 3156/270/179 3164/276/179
f 3164/276/180 3156/270/180 3155/271/180 3163/277/180
f 3163/277/181 3155/271/181 3241/272/181 3242/278/181
f 3170/185/182 3162/194/182 3168/273/182 3176/186/182
f 3176/186/183 3168/273/183 3167/196/183 3175/279/183
f 3175/279/184 3167/196/184 3166/197/184 3174/188/184
f 3174/280/185 3166/274/185 3165/275/185 3173/281/185
f 3173/281/186 3165/275/186 3164/276/186 3172/282/186
f 3172/282/187 3164/276/187 3163/277/187 3171/283/187
f 3171/283/188 3163/277/188 3242/278/188 3243/284/188
f 3178/172/189 3170/185/189 3176/186/189 3184/175/189
f 3184/175/190 3176/186/190 3175/279/190 3183/285/190
f 3183/285/191 3175/279/191 3174/188/191 3182/179/191
f 3182/286/192 3174/280/192 3173/281/192 3181/287/192
f 3181/287/193 3173/281/193 3172/282/193 3180/288/193
f 3180/288/264 3172/282/264 3171/283/264 3179/289/264
f 3179/289/195 3171/283/195 3243/284/195 3244/290/195
f 3186/173/196 3178/172/196 3184/175/196 3192/174/196
f 3192/174/197 3184/175/197 3183/285/197 3191/176/197
f 3191/176/198 3183/285/198 3182/179/198 3190/178/198
f 3190/291/199 3182/286/199 3181/287/199 3189/292/199
f 3189/292/200 3181/287/200 3180/288/200 3188/293/200
f 3188/293/201 3180/288/201 3179/289/201 3187/294/201
f 3187/294/202 3179/289/202 3244/290/202 3245/295/202
f 3194/154/203 3186/163/203 3192/164/203 3200/296/203
f 3200/296/204 3192/164/204 3191/297/204 3199/156/204
f 3199/156/205 3191/297/205 3190/166/205 3198/157/205
f 3198/298/206 3190/291/206 3189/292/206 3197/299/206
f 3197/299/207 3189/292/207 3188/293/207 3196/300/207
f 3196/300/208 3188/293/208 3187/294/208 3195/301/208
f 3195/301/209 3187/294/209 3245/295/209 3246/302/209
f 3202/145/210 3194/154/210 3200/296/210 3208/146/210
f 3208/146/211 3200/296/211 3199/156/211 3207/147/211
f 3207/147/212 3199/156/212 3198/157/212 3206/148/212
f 3206/303/213 3198/298/213 3197/299/213 3205/304/213
f 3205/304/214 3197/299/214 3196/300/214 3204/305/214
f 3204/305/215 3196/300/215 3195/301/215 3203/306/215
f 3203/306/216 3195/301/216 3246/302/216 3247/307/216
f 3210/136/217 3202/145/217 3208/146/217 3216/137/217
f 3216/137/218 3208/146/218 3207/147/218 3215/138/218
f 3215/138/219 3207/147/219 3206/148/219 3214/139/219
f 3214/308/220 3206/303/220 3205/304/220 3213/309/220
f 3213/309/221 3205/304/221 3204/305/221 3212/310/221
f 3212/310/222 3204/305/222 3203/306/222 3211/311/222
f 3211/311/223 3203/306/223 3247/307/223 3248/312/223
f 2962/66/224 3210/136/224 3216/137/224 2968/67/224
f 2968/67/225 3216/137/225 3215/138/225 2967/69/225
f 2967/69/226 3215/138/226 3214/139/226 2966/71/226
f 2966/74/227 3214/308/227 3213/309/227 2965/75/227
f 2965/75/228 3213/309/228 3212/310/228 2964/77/228
f 2964/77/229 3212/310/229 3211/311/229 2963/79/229
f 2963/79/230 3211/311/230 3248/312/230 3217/81/230
f 3185/313/231 3177/314/231 3276/315/231 3277/316/231
f 2929/317/232 2962/66/232 2970/65/232 2930/318/232
f 2960/319/233 3210/136/233 2962/66/233 2929/317/233
f 2930/318/234 2970/65/234 2978/83/234 2931/320/234
f 2931/320/235 2978/83/235 2986/92/235 2932/321/235
f 2932/321/236 2986/92/236 2994/101/236 2933/322/236
f 2933/322/237 2994/101/237 3002/92/237 2934/321/237
f 2934/321/238 3002/92/238 3010/117/238 2935/320/238
f 2935/320/239 3010/117/239 3018/65/239 2936/318/239
f 2936/318/240 3018/65/240 3026/130/240 2937/317/240
f 2937/317/241 3026/130/241 3034/136/241 2938/319/241
f 2938/319/242 3034/136/242 3042/145/242 2939/323/242
f 2939/323/243 3042/145/243 3050/154/243 2940/324/243
f 2940/324/244 3050/154/244 3058/163/244 2941/325/244
f 2941/326/245 3058/173/245 3066/172/245 2942/327/245
f 2942/327/246 3066/172/246 3074/185/246 2943/328/246
f 2943/328/247 3074/185/247 3082/194/247 2944/329/247
f 2944/329/248 3082/194/248 3090/203/248 2945/330/248
f 2945/330/249 3090/203/249 3098/212/249 2946/331/249
f 2946/331/250 3098/212/250 3106/221/250 2947/332/250
f 2947/332/251 3106/221/251 3114/230/251 2948/333/251
f 2948/333/252 3114/230/252 3122/239/252 2949/334/252
f 2949/334/253 3122/239/253 3130/230/253 2950/333/253
f 2950/333/254 3130/230/254 3138/253/254 2951/332/254
f 2951/332/255 3138/253/255 3146/212/255 2952/331/255
f 2952/331/256 3146/212/256 3154/266/256 2953/330/256
f 2953/330/257 3154/266/257 3162/194/257 2954/329/257
f 2954/329/258 3162/194/258 3170/185/258 2955/328/258
f 2955/328/259 3170/185/259 3178/172/259 2956/327/259
f 2956/327/231 3178/172/231 3186/173/231 2957/326/231
f 2957/325/260 3186/163/260 3194/154/260 2958/324/260
f 2958/324/261 3194/154/261 3202/145/261 2959/323/261
f 2959/323/262 3202/145/262 3210/136/262 2960/319/262
f 2961/335/5 2969/336/5 3218/82/5 3217/81/5
f 2969/336/5 2977/337/5 3219/91/5 3218/82/5
f 2977/337/5 2985/338/5 3220/100/5 3219/91/5
f 2985/338/5 2993/339/5 3221/109/5 3220/100/5
f 2993/339/5 3001/340/5 3222/116/5 3221/109/5
f 3001/340/5 3009/341/5 3223/124/5 3222/116/5
f 3009/341/5 3017/342/5 3224/129/5 3223/124/5
f 3017/342/5 3025/343/5 3225/135/5 3224/129/5
f 3025/343/5 3033/344/5 3226/144/5 3225/135/5
f 3033/344/5 3041/345/5 3227/153/5 3226/144/5
f 3041/345/5 3049/346/5 3228/162/5 3227/153/5
f 3049/346/5 3057/347/5 3229/171/5 3228/162/5
f 3057/347/5 3065/348/5 3230/184/5 3229/171/5
f 3065/348/5 3073/349/5 3231/193/5 3230/184/5
f 3073/349/5 3081/350/5 3232/202/5 3231/193/5
f 3081/350/5 3089/351/5 3233/211/5 3232/202/5
f 3089/351/5 3097/352/5 3234/220/5 3233/211/5
f 3097/352/5 3105/353/5 3235/229/5 3234/220/5
f 3105/353/5 3113/354/5 3236/238/5 3235/229/5
f 3113/354/5 3121/355/5 3237/247/5 3236/238/5
f 3121/355/5 3129/356/5 3238/252/5 3237/247/5
f 3129/356/5 3137/357/5 3239/258/5 3238/252/5
f 3137/357/5 3145/358/5 3240/265/5 3239/258/5
f 3145/358/5 3153/359/5 3241/272/5 3240/265/5
f 3153/359/5 3161/360/5 3242/278/5 3241/272/5
f 3161/360/5 3169/361/5 3243/284/5 3242/278/5
f 3169/361/5 3177/362/5 3244/290/5 3243/284/5
f 3177/362/5 3185/363/5 3245/295/5 3244/290/5
f 3185/363/5 3193/364/5 3246/302/5 3245/295/5
f 3193/364/5 3201/365/5 3247/307/5 3246/302/5
f 3201/365/5 3209/366/5 3248/312/5 3247/307/5
f 3209/366/5 2961/335/5 3217/81/5 3248/312/5
f 3261/367/6 3260/368/6 3292/369/6 3293/370/6
f 3081/371/247 3073/372/247 3263/373/247 3264/374/247
f 2977/375/234 2969/376/234 3250/377/234 3251/378/234
f 3193/379/260 3185/380/260 3277/381/260 3278/382/260
f 3089/383/248 3081/371/248 3264/374/248 3265/384/248
f 2985/385/235 2977/375/235 3251/378/235 3252/386/235
f 3201/387/261 3193/379/261 3278/382/261 3279/388/261
f 3097/389/249 3089/383/249 3265/384/249 3266/390/249
f 2993/391/236 2985/385/236 3252/386/236 3253/392/236
f 3209/393/262 3201/387/262 3279/388/262 3280/394/262
f 3105/395/250 3097/389/250 3266/390/250 3267/396/250
f 3001/385/237 2993/391/237 3253/392/237 3254/386/237
f 2961/397/233 3209/393/233 3280/394/233 3249/398/233
f 3113/399/251 3105/395/251 3267/396/251 3268/400/251
f 3009/375/238 3001/385/238 3254/386/238 3255/378/238
f 3121/401/252 3113/399/252 3268/400/252 3269/402/252
f 3017/376/239 3009/375/239 3255/378/239 3256/377/239
f 3129/399/253 3121/401/253 3269/402/253 3270/400/253
f 3025/397/240 3017/376/240 3256/377/240 3257/398/240
f 3137/395/254 3129/399/254 3270/400/254 3271/396/254
f 3033/393/241 3025/397/241 3257/398/241 3258/394/241
f 3145/389/255 3137/395/255 3271/396/255 3272/390/255
f 3041/387/242 3033/393/242 3258/394/242 3259/388/242
f 3153/383/256 3145/389/256 3272/390/256 3273/384/256
f 3049/403/243 3041/387/243 3259/388/243 3260/404/243
f 3161/371/257 3153/383/257 3273/384/257 3274/374/257
f 3057/380/244 3049/403/244 3260/404/244 3261/381/244
f 3169/372/258 3161/371/258 3274/374/258 3275/373/258
f 3065/314/245 3057/313/245 3261/316/245 3262/315/245
f 3177/314/259 3169/372/259 3275/373/259 3276/315/259
f 3073/372/246 3065/314/246 3262/315/246 3263/373/246
f 2969/376/232 2961/397/232 3249/398/232 3250/377/232
f 3296/405/247 3295/406/247 3327/407/247 3328/408/247
f 3275/409/6 3274/410/6 3306/411/6 3307/412/6
f 3262/413/6 3261/367/6 3293/370/6 3294/414/6
f 3276/415/6 3275/409/6 3307/412/6 3308/416/6
f 3263/417/6 3262/413/6 3294/414/6 3295/418/6
f 3250/419/6 3249/420/6 3281/421/6 3282/422/6
f 3277/423/6 3276/415/6 3308/416/6 3309/424/6
f 3264/425/6 3263/417/6 3295/418/6 3296/426/6
f 3251/427/6 3250/419/6 3282/422/6 3283/428/6
f 3278/429/6 3277/423/6 3309/424/6 3310/430/6
f 3265/431/6 3264/425/6 3296/426/6 3297/432/6
f 3252/433/6 3251/427/6 3283/428/6 3284/434/6
f 3279/435/6 3278/429/6 3310/430/6 3311/436/6
f 3266/437/6 3265/431/6 3297/432/6 3298/438/6
f 3253/439/6 3252/433/6 3284/434/6 3285/440/6
f 3280/441/6 3279/435/6 3311/436/6 3312/442/6
f 3267/443/6 3266/437/6 3298/438/6 3299/444/6
f 3254/445/6 3253/439/6 3285/440/6 3286/446/6
f 3249/420/6 3280/441/6 3312/442/6 3281/421/6
f 3268/447/6 3267/443/6 3299/444/6 3300/448/6
f 3255/449/6 3254/445/6 3286/446/6 3287/450/6
f 3269/451/6 3268/447/6 3300/448/6 3301/452/6
f 3256/453/6 3255/449/6 3287/450/6 3288/454/6
f 3270/455/6 3269/451/6 3301/452/6 3302/456/6
f 3257/457/6 3256/453/6 3288/454/6 3289/458/6
f 3271/459/6 3270/455/6 3302/456/6 3303/460/6
f 3258/461/6 3257/457/6 3289/458/6 3290/462/6
f 3272/463/6 3271/459/6 3303/460/6 3304/464/6
f 3259/465/6 3258/461/6 3290/462/6 3291/466/6
f 3273/467/6 3272/463/6 3304/464/6 3305/468/6
f 3260/368/6 3259/465/6 3291/466/6 3292/369/6
f 3274/410/6 3273/467/6 3305/468/6 3306/411/6
f 3314/469/5 3313/470/5 3344/471/5 3343/472/5 3342/473/5 3341/474/5 3340/475/5 3339/476/5 3338/477/5 3337/478/5 3336/479/5 3335/480/5 3334/481/5 3333/482/5 3332/483/5 3331/484/5 3330/485/5 3329/486/5 3328/487/5 3327/488/5 3326/489/5 3325/490/5 3324/491/5 3323/492/5 3322/493/5 3321/494/5 3320/495/5 3319/496/5 3318/497/5 3317/498/5 3316/499/5 3315/500/5
f 3283/501/234 3282/502/234 3314/503/234 3315/504/234
f 3310/505/260 3309/506/260 3341/507/260 3342/508/260
f 3297/509/248 3296/405/248 3328/408/248 3329/510/248
f 3284/511/235 3283/501/235 3315/504/235 3316/512/235
f 3311/513/261 3310/505/261 3342/508/261 3343/514/261
f 3298/515/249 3297/509/249 3329/510/249 3330/516/249
f 3285/517/236 3284/511/236 3316/512/236 3317/518/236
f 3312/519/262 3311/513/262 3343/514/262 3344/520/262
f 3299/521/250 3298/515/250 3330/516/250 3331/522/250
f 3286/523/237 3285/517/237 3317/518/237 3318/524/237
f 3281/525/233 3312/519/233 3344/520/233 3313/526/233
f 3300/527/251 3299/521/251 3331/522/251 3332/528/251
f 3287/501/238 3286/523/238 3318/524/238 3319/504/238
f 3301/529/252 3300/527/252 3332/528/252 3333/530/252
f 3288/502/239 3287/501/239 3319/504/239 3320/503/239
f 3302/531/253 3301/532/253 3333/533/253 3334/534/253
f 3289/525/240 3288/502/240 3320/503/240 3321/526/240
f 3303/535/254 3302/531/254 3334/534/254 3335/536/254
f 3290/519/241 3289/525/241 3321/526/241 3322/520/241
f 3304/537/255 3303/535/255 3335/536/255 3336/538/255
f 3291/513/242 3290/519/242 3322/520/242 3323/514/242
f 3305/539/256 3304/537/256 3336/538/256 3337/540/256
f 3292/541/243 3291/513/243 3323/514/243 3324/542/243
f 3306/543/257 3305/539/257 3337/540/257 3338/544/257
f 3293/506/244 3292/541/244 3324/542/244 3325/507/244
f 3307/545/258 3306/543/258 3338/544/258 3339/546/258
f 3294/547/245 3293/548/245 3325/549/245 3326/550/245
f 3308/551/259 3307/545/259 3339/546/259 3340/552/259
f 3295/406/246 3294/547/246 3326/550/246 3327/407/246
f 3282/502/232 3281/525/232 3313/526/232 3314/503/232
f 3309/553/231 3308/551/231 3340/552/231 3341/554/231
f 3345/33/6 3346/34/6 3347/35/6 3348/36/6 3349/37/6 3350/38/6 3351/39/6 3352/40/6 3353/41/6 3354/42/6 3355/43/6 3356/44/6 3357/45/6 3358/46/6 3359/47/6 3360/48/6 3361/49/6 3362/50/6 3363/51/6 3364/52/6 3365/53/6 3366/54/6 3367/55/6 3368/56/6 3369/57/6 3370/58/6 3371/59/6 3372/60/6 3373/61/6 3374/62/6 3375/63/6 3376/64/6
f 3386/65/7 3378/66/7 3384/67/7 3392/68/7
f 3392/68/8 3384/67/8 3383/69/8 3391/70/8
f 3391/70/9 3383/69/9 3382/71/9 3390/72/9
f 3390/73/10 3382/74/10 3381/75/10 3389/76/10
f 3389/76/11 3381/75/11 3380/77/11 3388/78/11
f 3388/78/12 3380/77/12 3379/79/12 3387/80/12
f 3387/80/13 3379/79/13 3633/81/13 3634/82/13
f 3394/83/14 3386/65/14 3392/68/14 3400/84/14
f 3400/84/15 3392/68/15 3391/70/15 3399/85/15
f 3399/85/16 3391/70/16 3390/72/16 3398/86/16
f 3398/87/17 3390/73/17 3389/76/17 3397/88/17
f 3397/88/18 3389/76/18 3388/78/18 3396/89/18
f 3396/89/19 3388/78/19 3387/80/19 3395/90/19
f 3395/90/20 3387/80/20 3634/82/20 3635/91/20
f 3402/92/21 3394/83/21 3400/84/21 3408/93/21
f 3408/93/22 3400/84/22 3399/85/22 3407/94/22
f 3407/94/23 3399/85/23 3398/86/23 3406/95/23
f 3406/96/24 3398/87/24 3397/88/24 3405/97/24
f 3405/97/25 3397/88/25 3396/89/25 3404/98/25
f 3404/98/26 3396/89/26 3395/90/26 3403/99/26
f 3403/99/27 3395/90/27 3635/91/27 3636/100/27
f 3410/101/28 3402/92/28 3408/93/28 3416/102/28
f 3416/102/29 3408/93/29 3407/94/29 3415/103/29
f 3415/103/30 3407/94/30 3406/95/30 3414/104/30
f 3414/105/31 3406/96/31 3405/97/31 3413/106/31
f 3413/106/32 3405/97/32 3404/98/32 3412/107/32
f 3412/107/33 3404/98/33 3403/99/33 3411/108/33
f 3411/108/34 3403/99/34 3636/100/34 3637/109/34
f 3418/92/35 3410/101/35 3416/102/35 3424/110/35
f 3424/110/36 3416/102/36 3415/103/36 3423/111/36
f 3423/111/37 3415/103/37 3414/104/37 3422/95/37
f 3422/112/38 3414/105/38 3413/106/38 3421/113/38
f 3421/113/39 3413/106/39 3412/107/39 3420/114/39
f 3420/114/40 3412/107/40 3411/108/40 3419/115/40
f 3419/115/41 3411/108/41 3637/109/41 3638/116/41
f 3426/117/42 3418/92/42 3424/110/42 3432/118/42
f 3432/118/43 3424/110/43 3423/111/43 3431/119/43
f 3431/119/44 3423/111/44 3422/95/44 3430/86/44
f 3430/120/45 3422/112/45 3421/113/45 3429/121/45
f 3429/121/46 3421/113/46 3420/114/46 3428/122/46
f 3428/122/47 3420/114/47 3419/115/47 3427/123/47
f 3427/123/48 3419/115/48 3638/116/48 3639/124/48
f 3434/65/49 3426/117/49 3432/118/49 3440/68/49
f 3440/68/50 3432/118/50 3431/119/50 3439/70/50
f 3439/70/51 3431/119/51 3430/86/51 3438/72/51
f 3438/125/52 3430/120/52 3429/121/52 3437/126/52
f 3437/126/53 3429/121/53 3428/122/53 3436/127/53
f 3436/127/54 3428/122/54 3427/123/54 3435/128/54
f 3435/128/55 3427/123/55 3639/124/55 3640/129/55
f 3442/130/56 3434/65/56 3440/68/56 3448/67/56
f 3448/67/57 3440/68/57 3439/70/57 3447/69/57
f 3447/69/58 3439/70/58 3438/72/58 3446/71/58
f 3446/131/59 3438/125/59 3437/126/59 3445/132/59
f 3445/132/60 3437/126/60 3436/127/60 3444/133/60
f 3444/133/61 3436/127/61 3435/128/61 3443/134/61
f 3443/134/62 3435/128/62 3640/129/62 3641/135/62
f 3450/136/63 3442/130/63 3448/67/63 3456/137/63
f 3456/137/64 3448/67/64 3447/69/64 3455/138/64
f 3455/138/65 3447/69/65 3446/71/65 3454/139/65
f 3454/140/66 3446/131/66 3445/132/66 3453/141/66
f 3453/141/67 3445/132/67 3444/133/67 3452/142/67
f 3452/142/68 3444/133/68 3443/134/68 3451/143/68
f 3451/143/69 3443/134/69 3641/135/69 3642/144/69
f 3458/145/70 3450/136/70 3456/137/70 3464/146/70
f 3464/146/71 3456/137/71 3455/138/71 3463/147/71
f 3463/147/72 3455/138/72 3454/139/72 3462/148/72
f 3462/149/73 3454/140/73 3453/141/73 3461/150/73
f 3461/150/74 3453/141/74 3452/142/74 3460/151/74
f 3460/151/75 3452/142/75 3451/143/75 3459/152/75
f 3459/152/76 3451/143/76 3642/144/76 3643/153/76
f 3466/154/77 3458/145/77 3464/146/77 3472/155/77
f 3472/155/78 3464/146/78 3463/147/78 3471/156/78
f 3471/156/79 3463/147/79 3462/148/79 3470/157/79
f 3470/158/80 3462/149/80 3461/150/80 3469/159/80
f 3469/159/81 3461/150/81 3460/151/81 3468/160/81
f 3468/160/82 3460/151/82 3459/152/82 3467/161/82
f 3467/161/83 3459/152/83 3643/153/83 3644/162/83
f 3474/163/84 3466/154/84 3472/155/84 3480/164/84
f 3480/164/85 3472/155/85 3471/156/85 3479/165/85
f 3479/165/86 3471/156/86 3470/157/86 3478/166/86
f 3478/167/87 3470/158/87 3469/159/87 3477/168/87
f 3477/168/88 3469/159/88 3468/160/88 3476/169/88
f 3476/169/89 3468/160/89 3467/161/89 3475/170/89
f 3475/170/90 3467/161/90 3644/162/90 3645/171/90
f 3482/172/91 3474/173/91 3480/174/91 3488/175/91
f 3488/175/92 3480/174/92 3479/176/92 3487/177/92
f 3487/177/93 3479/176/93 3478/178/93 3486/179/93
f 3486/180/94 3478/167/94 3477/168/94 3485/181/94
f 3485/181/95 3477/168/95 3476/169/95 3484/182/95
f 3484/182/96 3476/169/96 3475/170/96 3483/183/96
f 3483/183/97 3475/170/97 3645/171/97 3646/184/97
f 3490/185/98 3482/172/98 3488/175/98 3496/186/98
f 3496/186/99 3488/175/99 3487/177/99 3495/187/99
f 3495/187/100 3487/177/100 3486/179/100 3494/188/100
f 3494/189/101 3486/180/101 3485/181/101 3493/190/101
f 3493/190/102 3485/181/102 3484/182/102 3492/191/102
f 3492/191/103 3484/182/103 3483/183/103 3491/192/103
f 3491/192/104 3483/183/104 3646/184/104 3647/193/104
f 3498/194/105 3490/185/105 3496/186/105 3504/195/105
f 3504/195/106 3496/186/106 3495/187/106 3503/196/106
f 3503/196/107 3495/187/107 3494/188/107 3502/197/107
f 3502/198/108 3494/189/108 3493/190/108 3501/199/108
f 3501/199/109 3493/190/109 3492/191/109 3500/200/109
f 3500/200/110 3492/191/110 3491/192/110 3499/201/110
f 3499/201/111 3491/192/111 3647/193/111 3648/202/111
f 3506/203/112 3498/194/112 3504/195/112 3512/204/112
f 3512/204/113 3504/195/113 3503/196/113 3511/205/113
f 3511/205/114 3503/196/114 3502/197/114 3510/206/114
f 3510/207/115 3502/198/115 3501/199/115 3509/208/115
f 3509/208/116 3501/199/116 3500/200/116 3508/209/116
f 3508/209/117 3500/200/117 3499/201/117 3507/210/117
f 3507/210/118 3499/201/118 3648/202/118 3649/211/118
f 3514/212/119 3506/203/119 3512/204/119 3520/213/119
f 3520/213/120 3512/204/120 3511/205/120 3519/214/120
f 3519/214/121 3511/205/121 3510/206/121 3518/215/121
f 3518/216/122 3510/207/122 3509/208/122 3517/217/122
f 3517/217/123 3509/208/123 3508/209/123 3516/218/123
f 3516/218/124 3508/209/124 3507/210/124 3515/219/124
f 3515/219/125 3507/210/125 3649/211/125 3650/220/125
f 3522/221/126 3514/212/126 3520/213/126 3528/222/126
f 3528/222/127 3520/213/127 3519/214/127 3527/223/127
f 3527/223/128 3519/214/128 3518/215/128 3526/224/128
f 3526/225/129 3518/216/129 3517/217/129 3525/226/129
f 3525/226/130 3517/217/130 3516/218/130 3524/227/130
f 3524/227/131 3516/218/131 3515/219/131 3523/228/131
f 3523/228/132 3515/219/132 3650/220/132 3651/229/132
f 3530/230/133 3522/221/133 3528/222/133 3536/231/133
f 3536/231/134 3528/222/134 3527/223/134 3535/232/134
f 3535/232/135 3527/223/135 3526/224/135 3534/233/135
f 3534/234/136 3526/225/136 3525/226/136 3533/235/136
f 3533/235/137 3525/226/137 3524/227/137 3532/236/137
f 3532/236/138 3524/227/138 3523/228/138 3531/237/138
f 3531/237/139 3523/228/139 3651/229/139 3652/238/139
f 3538/239/140 3530/230/140 3536/231/140 3544/240/140
f 3544/240/141 3536/231/141 3535/232/141 3543/241/141
f 3543/241/142 3535/232/142 3534/233/142 3542/242/142
f 3542/243/143 3534/234/143 3533/235/143 3541/244/143
f 3541/244/144 3533/235/144 3532/236/144 3540/245/144
f 3540/245/145 3532/236/145 3531/237/145 3539/246/145
f 3539/246/146 3531/237/146 3652/238/146 3653/247/146
f 3546/230/147 3538/239/147 3544/240/147 3552/231/147
f 3552/231/148 3544/240/148 3543/241/148 3551/232/148
f 3551/232/149 3543/241/149 3542/242/149 3550/233/149
f 3550/248/150 3542/243/150 3541/244/150 3549/249/150
f 3549/249/151 3541/244/151 3540/245/151 3548/250/151
f 3548/250/152 3540/245/152 3539/246/152 3547/251/152
f 3547/251/153 3539/246/153 3653/247/153 3654/252/153
f 3554/253/154 3546/230/154 3552/231/154 3560/222/154
f 3560/222/155 3552/231/155 3551/232/155 3559/223/155
f 3559/223/156 3551/232/156 3550/233/156 3558/224/156
f 3558/254/157 3550/248/157 3549/249/157 3557/255/157
f 3557/255/158 3549/249/158 3548/250/158 3556/256/158
f 3556/256/159 3548/250/159 3547/251/159 3555/257/159
f 3555/257/160 3547/251/160 3654/252/160 3655/258/160
f 3562/212/161 3554/253/161 3560/222/161 3568/259/161
f 3568/259/162 3560/222/162 3559/223/162 3567/214/162
f 3567/214/163 3559/223/163 3558/224/163 3566/260/163
f 3566/261/164 3558/254/164 3557/255/164 3565/262/164
f 3565/262/165 3557/255/165 3556/256/165 3564/263/165
f 3564/263/166 3556/256/166 3555/257/166 3563/264/166
f 3563/264/167 3555/257/167 3655/258/167 3656/265/167
f 3570/266/168 3562/212/168 3568/259/168 3576/267/168
f 3576/267/169 3568/259/169 3567/214/169 3575/205/169
f 3575/205/170 3567/214/170 3566/260/170 3574/206/170
f 3574/268/171 3566/261/171 3565/262/171 3573/269/171
f 3573/269/172 3565/262/172 3564/263/172 3572/270/172
f 3572/270/173 3564/263/173 3563/264/173 3571/271/173
f 3571/271/174 3563/264/174 3656/265/174 3657/272/174
f 3578/194/175 3570/266/175 3576/267/175 3584/273/175
f 3584/273/176 3576/267/176 3575/205/176 3583/196/176
f 3583/196/177 3575/205/177 3574/206/177 3582/197/177
f 3582/274/178 3574/268/178 3573/269/178 3581/275/178
f 3581/275/179 3573/269/179 3572/270/179 3580/276/179
f 3580/276/180 3572/270/180 3571/271/180 3579/277/180
f 3579/277/181 3571/271/181 3657/272/181 3658/278/181
f 3586/185/182 3578/194/182 3584/273/182 3592/186/182
f 3592/186/183 3584/273/183 3583/196/183 3591/279/183
f 3591/279/184 3583/196/184 3582/197/184 3590/188/184
f 3590/280/185 3582/274/185 3581/275/185 3589/281/185
f 3589/281/186 3581/275/186 3580/276/186 3588/282/186
f 3588/282/187 3580/276/187 3579/277/187 3587/283/187
f 3587/283/188 3579/277/188 3658/278/188 3659/284/188
f 3594/172/189 3586/185/189 3592/186/189 3600/175/189
f 3600/175/190 3592/186/190 3591/279/190 3599/285/190
f 3599/285/191 3591/279/191 3590/188/191 3598/179/191
f 3598/286/192 3590/280/192 3589/281/192 3597/287/192
f 3597/287/193 3589/281/193 3588/282/193 3596/288/193
f 3596/288/194 3588/282/194 3587/283/194 3595/289/194
f 3595/289/195 3587/283/195 3659/284/195 3660/290/195
f 3602/173/196 3594/172/196 3600/175/196 3608/174/196
f 3608/174/197 3600/175/197 3599/285/197 3607/176/197
f 3607/176/198 3599/285/198 3598/179/198 3606/178/198
f 3606/291/199 3598/286/199 3597/287/199 3605/292/199
f 3605/292/200 3597/287/200 3596/288/200 3604/293/200
f 3604/293/201 3596/288/201 3595/289/201 3603/294/201
f 3603/294/202 3595/289/202 3660/290/202 3661/295/202
f 3610/154/203 3602/163/203 3608/164/203 3616/296/203
f 3616/296/204 3608/164/204 3607/297/204 3615/156/204
f 3615/156/205 3607/297/205 3606/166/205 3614/157/205
f 3614/298/206 3606/291/206 3605/292/206 3613/299/206
f 3613/299/207 3605/292/207 3604/293/207 3612/300/207
f 3612/300/208 3604/293/208 3603/294/208 3611/301/208
f 3611/301/209 3603/294/209 3661/295/209 3662/302/209
f 3618/145/210 3610/154/210 3616/296/210 3624/146/210
f 3624/146/211 3616/296/211 3615/156/211 3623/147/211
f 3623/147/212 3615/156/212 3614/157/212 3622/148/212
f 3622/303/213 3614/298/213 3613/299/213 3621/304/213
f 3621/304/214 3613/299/214 3612/300/214 3620/305/214
f 3620/305/215 3612/300/215 3611/301/215 3619/306/215
f 3619/306/216 3611/301/216 3662/302/216 3663/307/216
f 3626/136/217 3618/145/217 3624/146/217 3632/137/217
f 3632/137/218 3624/146/218 3623/147/218 3631/138/218
f 3631/138/219 3623/147/219 3622/148/219 3630/139/219
f 3630/308/220 3622/303/220 3621/304/220 3629/309/220
f 3629/309/221 3621/304/221 3620/305/221 3628/310/221
f 3628/310/222 3620/305/222 3619/306/222 3627/311/222
f 3627/311/223 3619/306/223 3663/307/223 3664/312/223
f 3378/66/224 3626/136/224 3632/137/224 3384/67/224
f 3384/67/225 3632/137/225 3631/138/225 3383/69/225
f 3383/69/226 3631/138/226 3630/139/226 3382/71/226
f 3382/74/227 3630/308/227 3629/309/227 3381/75/227
f 3381/75/228 3629/309/228 3628/310/228 3380/77/228
f 3380/77/229 3628/310/229 3627/311/229 3379/79/229
f 3379/79/230 3627/311/230 3664/312/230 3633/81/230
f 3601/313/231 3593/314/231 3692/315/231 3693/316/231
f 3345/317/232 3378/66/232 3386/65/232 3346/318/232
f 3376/319/233 3626/136/233 3378/66/233 3345/317/233
f 3346/318/234 3386/65/234 3394/83/234 3347/320/234
f 3347/320/235 3394/83/235 3402/92/235 3348/321/235
f 3348/321/236 3402/92/236 3410/101/236 3349/322/236
f 3349/322/237 3410/101/237 3418/92/237 3350/321/237
f 3350/321/238 3418/92/238 3426/117/238 3351/320/238
f 3351/320/239 3426/117/239 3434/65/239 3352/318/239
f 3352/318/240 3434/65/240 3442/130/240 3353/317/240
f 3353/317/241 3442/130/241 3450/136/241 3354/319/241
f 3354/319/242 3450/136/242 3458/145/242 3355/323/242
f 3355/323/243 3458/145/243 3466/154/243 3356/324/243
f 3356/324/244 3466/154/244 3474/163/244 3357/325/244
f 3357/326/245 3474/173/245 3482/172/245 3358/327/245
f 3358/327/246 3482/172/246 3490/185/246 3359/328/246
f 3359/328/247 3490/185/247 3498/194/247 3360/329/247
f 3360/329/248 3498/194/248 3506/203/248 3361/330/248
f 3361/330/249 3506/203/249 3514/212/249 3362/331/249
f 3362/331/250 3514/212/250 3522/221/250 3363/332/250
f 3363/332/251 3522/221/251 3530/230/251 3364/333/251
f 3364/333/252 3530/230/252 3538/239/252 3365/334/252
f 3365/334/253 3538/239/253 3546/230/253 3366/333/253
f 3366/333/254 3546/230/254 3554/253/254 3367/332/254
f 3367/332/255 3554/253/255 3562/212/255 3368/331/255
f 3368/331/256 3562/212/256 3570/266/256 3369/330/256
f 3369/330/257 3570/266/257 3578/194/257 3370/329/257
f 3370/329/258 3578/194/258 3586/185/258 3371/328/258
f 3371/328/259 3586/185/259 3594/172/259 3372/327/259
f 3372/327/231 3594/172/231 3602/173/231 3373/326/231
f 3373/325/260 3602/163/260 3610/154/260 3374/324/260
f 3374/324/261 3610/154/261 3618/145/261 3375/323/261
f 3375/323/262 3618/145/262 3626/136/262 3376/319/262
f 3377/335/5 3385/336/5 3634/82/5 3633/81/5
f 3385/336/5 3393/337/5 3635/91/5 3634/82/5
f 3393/337/5 3401/338/5 3636/100/5 3635/91/5
f 3401/338/5 3409/339/5 3637/109/5 3636/100/5
f 3409/339/5 3417/340/5 3638/116/5 3637/109/5
f 3417/340/5 3425/341/5 3639/124/5 3638/116/5
f 3425/341/5 3433/342/5 3640/129/5 3639/124/5
f 3433/342/5 3441/343/5 3641/135/5 3640/129/5
f 3441/343/5 3449/344/5 3642/144/5 3641/135/5
f 3449/344/5 3457/345/5 3643/153/5 3642/144/5
f 3457/345/5 3465/346/5 3644/162/5 3643/153/5
f 3465/346/5 3473/347/5 3645/171/5 3644/162/5
f 3473/347/5 3481/348/5 3646/184/5 3645/171/5
f 3481/348/5 3489/349/5 3647/193/5 3646/184/5
f 3489/349/5 3497/350/5 3648/202/5 3647/193/5
f 3497/350/5 3505/351/5 3649/211/5 3648/202/5
f 3505/351/5 3513/352/5 3650/220/5 3649/211/5
f 3513/352/5 3521/353/5 3651/229/5 3650/220/5
f 3521/353/5 3529/354/5 3652/238/5 3651/229/5
f 3529/354/5 3537/355/5 3653/247/5 3652/238/5
f 3537/355/5 3545/356/5 3654/252/5 3653/247/5
f 3545/356/5 3553/357/5 3655/258/5 3654/252/5
f 3553/357/5 3561/358/5 3656/265/5 3655/258/5
f 3561/358/5 3569/359/5 3657/272/5 3656/265/5
f 3569/359/5 3577/360/5 3658/278/5 3657/272/5
f 3577/360/5 3585/361/5 3659/284/5 3658/278/5
f 3585/361/5 3593/362/5 3660/290/5 3659/284/5
f 3593/362/5 3601/363/5 3661/295/5 3660/290/5
f 3601/363/5 3609/364/5 3662/302/5 3661/295/5
f 3609/364/5 3617/365/5 3663/307/5 3662/302/5
f 3617/365/5 3625/366/5 3664/312/5 3663/307/5
f 3625/366/5 3377/335/5 3633/81/5 3664/312/5
f 3677/367/6 3676/368/6 3708/369/6 3709/370/6
f 3497/371/247 3489/372/247 3679/373/247 3680/374/247
f 3393/375/234 3385/376/234 3666/377/234 3667/378/234
f 3609/379/260 3601/380/260 3693/381/260 3694/382/260
f 3505/383/248 3497/371/248 3680/374/248 3681/384/248
f 3401/385/235 3393/375/235 3667/378/235 3668/386/235
f 3617/387/261 3609/379/261 3694/382/261 3695/388/261
f 3513/389/249 3505/383/249 3681/384/249 3682/390/249
f 3409/391/236 3401/385/236 3668/386/236 3669/392/236
f 3625/393/262 3617/387/262 3695/388/262 3696/394/262
f 3521/395/250 3513/389/250 3682/390/250 3683/396/250
f 3417/385/237 3409/391/237 3669/392/237 3670/386/237
f 3377/397/233 3625/393/233 3696/394/233 3665/398/233
f 3529/399/251 3521/395/251 3683/396/251 3684/400/251
f 3425/375/238 3417/385/238 3670/386/238 3671/378/238
f 3537/401/252 3529/399/252 3684/400/252 3685/402/252
f 3433/376/239 3425/375/239 3671/378/239 3672/377/239
f 3545/399/253 3537/401/253 3685/402/253 3686/400/253
f 3441/397/240 3433/376/240 3672/377/240 3673/398/240
f 3553/395/254 3545/399/254 3686/400/254 3687/396/254
f 3449/393/241 3441/397/241 3673/398/241 3674/394/241
f 3561/389/255 3553/395/255 3687/396/255 3688/390/255
f 3457/387/242 3449/393/242 3674/394/242 3675/388/242
f 3569/383/256 3561/389/256 3688/390/256 3689/384/256
f 3465/403/243 3457/387/243 3675/388/243 3676/404/243
f 3577/371/257 3569/383/257 3689/384/257 3690/374/257
f 3473/380/244 3465/403/244 3676/404/244 3677/381/244
f 3585/372/258 3577/371/258 3690/374/258 3691/373/258
f 3481/314/245 3473/313/245 3677/316/245 3678/315/245
f 3593/314/259 3585/372/259 3691/373/259 3692/315/259
f 3489/372/246 3481/314/246 3678/315/246 3679/373/246
f 3385/376/232 3377/397/232 3665/398/232 3666/377/232
f 3712/405/247 3711/406/247 3743/407/247 3744/408/247
f 3691/409/6 3690/410/6 3722/411/6 3723/412/6
f 3678/413/6 3677/367/6 3709/370/6 3710/414/6
f 3692/415/6 3691/409/6 3723/412/6 3724/416/6
f 3679/417/6 3678/413/6 3710/414/6 3711/418/6
f 3666/419/6 3665/420/6 3697/421/6 3698/422/6
f 3693/423/6 3692/415/6 3724/416/6 3725/424/6
f 3680/425/6 3679/417/6 3711/418/6 3712/426/6
f 3667/427/6 3666/419/6 3698/422/6 3699/428/6
f 3694/429/6 3693/423/6 3725/424/6 3726/430/6
f 3681/431/6 3680/425/6 3712/426/6 3713/432/6
f 3668/433/6 3667/427/6 3699/428/6 3700/434/6
f 3695/435/6 3694/429/6 3726/430/6 3727/436/6
f 3682/437/6 3681/431/6 3713/432/6 3714/438/6
f 3669/439/6 3668/433/6 3700/434/6 3701/440/6
f 3696/441/6 3695/435/6 3727/436/6 3728/442/6
f 3683/443/6 3682/437/6 3714/438/6 3715/444/6
f 3670/445/6 3669/439/6 3701/440/6 3702/446/6
f 3665/420/6 3696/441/6 3728/442/6 3697/421/6
f 3684/447/6 3683/443/6 3715/444/6 3716/448/6
f 3671/449/6 3670/445/6 3702/446/6 3703/450/6
f 3685/451/6 3684/447/6 3716/448/6 3717/452/6
f 3672/453/6 3671/449/6 3703/450/6 3704/454/6
f 3686/455/6 3685/451/6 3717/452/6 3718/456/6
f 3673/457/6 3672/453/6 3704/454/6 3705/458/6
f 3687/459/6 3686/455/6 3718/456/6 3719/460/6
f 3674/461/6 3673/457/6 3705/458/6 3706/462/6
f 3688/463/6 3687/459/6 3719/460/6 3720/464/6
f 3675/465/6 3674/461/6 3706/462/6 3707/466/6
f 3689/467/6 3688/463/6 3720/464/6 3721/468/6
f 3676/368/6 3675/465/6 3707/466/6 3708/369/6
f 3690/410/6 3689/467/6 3721/468/6 3722/411/6
f 3730/469/5 3729/470/5 3760/471/5 3759/472/5 3758/473/5 3757/474/5 3756/475/5 3755/476/5 3754/477/5 3753/478/5 3752/479/5 3751/480/5 3750/481/5 3749/482/5 3748/483/5 3747/484/5 3746/485/5 3745/486/5 3744/487/5 3743/488/5 3742/489/5 3741/490/5 3740/491/5 3739/492/5 3738/493/5 3737/494/5 3736/495/5 3735/496/5 3734/497/5 3733/498/5 3732/499/5 3731/500/5
f 3699/501/234 3698/502/234 3730/503/234 3731/504/234
f 3726/505/260 3725/506/260 3757/507/260 3758/508/260
f 3713/509/248 3712/405/248 3744/408/248 3745/510/248
f 3700/511/235 3699/501/235 3731/504/235 3732/512/235
f 3727/513/261 3726/505/261 3758/508/261 3759/514/261
f 3714/515/249 3713/509/249 3745/510/249 3746/516/249
f 3701/517/236 3700/511/236 3732/512/236 3733/518/236
f 3728/519/262 3727/513/262 3759/514/262 3760/520/262
f 3715/521/250 3714/515/250 3746/516/250 3747/522/250
f 3702/523/237 3701/517/237 3733/518/237 3734/524/237
f 3697/525/233 3728/519/233 3760/520/233 3729/526/233
f 3716/527/251 3715/521/251 3747/522/251 3748/528/251
f 3703/501/238 3702/523/238 3734/524/238 3735/504/238
f 3717/529/252 3716/527/252 3748/528/252 3749/530/252
f 3704/502/239 3703/501/239 3735/504/239 3736/503/239
f 3718/531/253 3717/532/253 3749/533/253 3750/534/253
f 3705/525/240 3704/502/240 3736/503/240 3737/526/240
f 3719/535/254 3718/531/254 3750/534/254 3751/536/254
f 3706/519/241 3705/525/241 3737/526/241 3738/520/241
f 3720/537/255 3719/535/255 3751/536/255 3752/538/255
f 3707/513/242 3706/519/242 3738/520/242 3739/514/242
f 3721/539/256 3720/537/256 3752/538/256 3753/540/256
f 3708/541/243 3707/513/243 3739/514/243 3740/542/243
f 3722/543/257 3721/539/257 3753/540/257 3754/544/257
f 3709/506/244 3708/541/244 3740/542/244 3741/507/244
f 3723/545/258 3722/543/258 3754/544/258 3755/546/258
f 3710/547/245 3709/548/245 3741/549/245 3742/550/245
f 3724/551/259 3723/545/259 3755/546/259 3756/552/259
f 3711/406/246 3710/547/246 3742/550/246 3743/407/246
f 3698/502/232 3697/525/232 3729/526/232 3730/503/232
f 3725/553/231 3724/551/231 3756/552/231 3757/554/231
f 3761/33/6 3762/34/6 3763/35/6 3764/36/6 3765/37/6 3766/38/6 3767/39/6 3768/40/6 3769/41/6 3770/42/6 3771/43/6 3772/44/6 3773/45/6 3774/46/6 3775/47/6 3776/48/6 3777/49/6 3778/50/6 3779/51/6 3780/52/6 3781/53/6 3782/54/6 3783/55/6 3784/56/6 3785/57/6 3786/58/6 3787/59/6 3788/60/6 3789/61/6 3790/62/6 3791/63/6 3792/64/6
f 3802/65/7 3794/66/7 3800/67/7 3808/68/7
f 3808/68/8 3800/67/8 3799/69/8 3807/70/8
f 3807/70/9 3799/69/9 3798/71/9 3806/72/9
f 3806/73/10 3798/74/10 3797/75/10 3805/76/10
f 3805/76/11 3797/75/11 3796/77/11 3804/78/11
f 3804/78/12 3796/77/12 3795/79/12 3803/80/12
f 3803/80/13 3795/79/13 4049/81/13 4050/82/13
f 3810/83/14 3802/65/14 3808/68/14 3816/84/14
f 3816/84/15 3808/68/15 3807/70/15 3815/85/15
f 3815/85/16 3807/70/16 3806/72/16 3814/86/16
f 3814/87/17 3806/73/17 3805/76/17 3813/88/17
f 3813/88/18 3805/76/18 3804/78/18 3812/89/18
f 3812/89/19 3804/78/19 3803/80/19 3811/90/19
f 3811/90/20 3803/80/20 4050/82/20 4051/91/20
f 3818/92/21 3810/83/21 3816/84/21 3824/93/21
f 3824/93/22 3816/84/22 3815/85/22 3823/94/22
f 3823/94/23 3815/85/23 3814/86/23 3822/95/23
f 3822/96/24 3814/87/24 3813/88/24 3821/97/24
f 3821/97/25 3813/88/25 3812/89/25 3820/98/25
f 3820/98/26 3812/89/26 3811/90/26 3819/99/26
f 3819/99/27 3811/90/27 4051/91/27 4052/100/27
f 3826/101/28 3818/92/28 3824/93/28 3832/102/28
f 3832/102/29 3824/93/29 3823/94/29 3831/103/29
f 3831/103/30 3823/94/30 3822/95/30 3830/104/30
f 3830/105/31 3822/96/31 3821/97/31 3829/106/31
f 3829/106/32 3821/97/32 3820/98/32 3828/107/32
f 3828/107/33 3820/98/33 3819/99/33 3827/108/33
f 3827/108/34 3819/99/34 4052/100/34 4053/109/34
f 3834/92/35 3826/101/35 3832/102/35 3840/110/35
f 3840/110/36 3832/102/36 3831/103/36 3839/111/36
f 3839/111/37 3831/103/37 3830/104/37 3838/95/37
f 3838/112/38 3830/105/38 3829/106/38 3837/113/38
f 3837/113/39 3829/106/39 3828/107/39 3836/114/39
f 3836/114/40 3828/107/40 3827/108/40 3835/115/40
f 3835/115/41 3827/108/41 4053/109/41 4054/116/41
f 3842/117/42 3834/92/42 3840/110/42 3848/118/42
f 3848/118/43 3840/110/43 3839/111/43 3847/119/43
f 3847/119/44 3839/111/44 3838/95/44 3846/86/44
f 3846/120/45 3838/112/45 3837/113/45 3845/121/45
f 3845/121/46 3837/113/46 3836/114/46 3844/122/46
f 3844/122/47 3836/114/47 3835/115/47 3843/123/47
f 3843/123/48 3835/115/48 4054/116/48 4055/124/48
f 3850/65/49 3842/117/49 3848/118/49 3856/68/49
f 3856/68/50 3848/118/50 3847/119/50 3855/70/50
f 3855/70/51 3847/119/51 3846/86/51 3854/72/51
f 3854/125/52 3846/120/52 3845/121/52 3853/126/52
f 3853/126/53 3845/121/53 3844/122/53 3852/127/53
f 3852/127/54 3844/122/54 3843/123/54 3851/128/54
f 3851/128/55 3843/123/55 4055/124/55 4056/129/55
f 3858/130/56 3850/65/56 3856/68/56 3864/67/56
f 3864/67/57 3856/68/57 3855/70/57 3863/69/57
f 3863/69/58 3855/70/58 3854/72/58 3862/71/58
f 3862/131/59 3854/125/59 3853/126/59 3861/132/59
f 3861/132/60 3853/126/60 3852/127/60 3860/133/60
f 3860/133/61 3852/127/61 3851/128/61 3859/134/61
f 3859/134/62 3851/128/62 4056/129/62 4057/135/62
f 3866/136/63 3858/130/63 3864/67/63 3872/137/63
f 3872/137/64 3864/67/64 3863/69/64 3871/138/64
f 3871/138/65 3863/69/65 3862/71/65 3870/139/65
f 3870/140/66 3862/131/66 3861/132/66 3869/141/66
f 3869/141/67 3861/132/67 3860/133/67 3868/142/67
f 3868/142/68 3860/133/68 3859/134/68 3867/143/68
f 3867/143/69 3859/134/69 4057/135/69 4058/144/69
f 3874/145/70 3866/136/70 3872/137/70 3880/146/70
f 3880/146/71 3872/137/71 3871/138/71 3879/147/71
f 3879/147/72 3871/138/72 3870/139/72 3878/148/72
f 3878/149/73 3870/140/73 3869/141/73 3877/150/73
f 3877/150/74 3869/141/74 3868/142/74 3876/151/74
f 3876/151/75 3868/142/75 3867/143/75 3875/152/75
f 3875/152/76 3867/143/76 4058/144/76 4059/153/76
f 3882/154/77 3874/145/77 3880/146/77 3888/155/77
f 3888/155/78 3880/146/78 3879/147/78 3887/156/78
f 3887/156/79 3879/147/79 3878/148/79 3886/157/79
f 3886/158/80 3878/149/80 3877/150/80 3885/159/80
f 3885/159/81 3877/150/81 3876/151/81 3884/160/81
f 3884/160/82 3876/151/82 3875/152/82 3883/161/82
f 3883/161/83 3875/152/83 4059/153/83 4060/162/83
f 3890/163/84 3882/154/84 3888/155/84 3896/164/84
f 3896/164/85 3888/155/85 3887/156/85 3895/165/85
f 3895/165/86 3887/156/86 3886/157/86 3894/166/86
f 3894/167/87 3886/158/87 3885/159/87 3893/168/87
f 3893/168/88 3885/159/88 3884/160/88 3892/169/88
f 3892/169/89 3884/160/89 3883/161/89 3891/170/89
f 3891/170/90 3883/161/90 4060/162/90 4061/171/90
f 3898/172/91 3890/173/91 3896/174/91 3904/175/91
f 3904/175/92 3896/174/92 3895/176/92 3903/177/92
f 3903/177/93 3895/176/93 3894/178/93 3902/179/93
f 3902/180/94 3894/167/94 3893/168/94 3901/181/94
f 3901/181/95 3893/168/95 3892/169/95 3900/182/95
f 3900/182/96 3892/169/96 3891/170/96 3899/183/96
f 3899/183/97 3891/170/97 4061/171/97 4062/184/97
f 3906/185/98 3898/172/98 3904/175/98 3912/186/98
f 3912/186/99 3904/175/99 3903/177/99 3911/187/99
f 3911/187/100 3903/177/100 3902/179/100 3910/188/100
f 3910/189/101 3902/180/101 3901/181/101 3909/190/101
f 3909/190/102 3901/181/102 3900/182/102 3908/191/102
f 3908/191/103 3900/182/103 3899/183/103 3907/192/103
f 3907/192/104 3899/183/104 4062/184/104 4063/193/104
f 3914/194/105 3906/185/105 3912/186/105 3920/195/105
f 3920/195/106 3912/186/106 3911/187/106 3919/196/106
f 3919/196/107 3911/187/107 3910/188/107 3918/197/107
f 3918/198/108 3910/189/108 3909/190/108 3917/199/108
f 3917/199/109 3909/190/109 3908/191/109 3916/200/109
f 3916/200/110 3908/191/110 3907/192/110 3915/201/110
f 3915/201/111 3907/192/111 4063/193/111 4064/202/111
f 3922/203/112 3914/194/112 3920/195/112 3928/204/112
f 3928/204/113 3920/195/113 3919/196/113 3927/205/113
f 3927/205/114 3919/196/114 3918/197/114 3926/206/114
f 3926/207/115 3918/198/115 3917/199/115 3925/208/115
f 3925/208/116 3917/199/116 3916/200/116 3924/209/116
f 3924/209/117 3916/200/117 3915/201/117 3923/210/117
f 3923/210/118 3915/201/118 4064/202/118 4065/211/118
f 3930/212/119 3922/203/119 3928/204/119 3936/213/119
f 3936/213/120 3928/204/120 3927/205/120 3935/214/120
f 3935/214/121 3927/205/121 3926/206/121 3934/215/121
f 3934/216/122 3926/207/122 3925/208/122 3933/217/122
f 3933/217/123 3925/208/123 3924/209/123 3932/218/123
f 3932/218/124 3924/209/124 3923/210/124 3931/219/124
f 3931/219/125 3923/210/125 4065/211/125 4066/220/125
f 3938/221/126 3930/212/126 3936/213/126 3944/222/126
f 3944/222/127 3936/213/127 3935/214/127 3943/223/127
f 3943/223/128 3935/214/128 3934/215/128 3942/224/128
f 3942/225/129 3934/216/129 3933/217/129 3941/226/129
f 3941/226/130 3933/217/130 3932/218/130 3940/227/130
f 3940/227/131 3932/218/131 3931/219/131 3939/228/131
f 3939/228/132 3931/219/132 4066/220/132 4067/229/132
f 3946/230/133 3938/221/133 3944/222/133 3952/231/133
f 3952/231/134 3944/222/134 3943/223/134 3951/232/134
f 3951/232/135 3943/223/135 3942/224/135 3950/233/135
f 3950/234/136 3942/225/136 3941/226/136 3949/235/136
f 3949/235/137 3941/226/137 3940/227/137 3948/236/137
f 3948/236/138 3940/227/138 3939/228/138 3947/237/138
f 3947/237/139 3939/228/139 4067/229/139 4068/238/139
f 3954/239/140 3946/230/140 3952/231/140 3960/240/140
f 3960/240/141 3952/231/141 3951/232/141 3959/241/141
f 3959/241/142 3951/232/142 3950/233/142 3958/242/142
f 3958/243/143 3950/234/143 3949/235/143 3957/244/143
f 3957/244/144 3949/235/144 3948/236/144 3956/245/144
f 3956/245/145 3948/236/145 3947/237/145 3955/246/145
f 3955/246/146 3947/237/146 4068/238/146 4069/247/146
f 3962/230/147 3954/239/147 3960/240/147 3968/231/147
f 3968/231/148 3960/240/148 3959/241/148 3967/232/148
f 3967/232/149 3959/241/149 3958/242/149 3966/233/149
f 3966/248/150 3958/243/150 3957/244/150 3965/249/150
f 3965/249/151 3957/244/151 3956/245/151 3964/250/151
f 3964/250/152 3956/245/152 3955/246/152 3963/251/152
f 3963/251/153 3955/246/153 4069/247/153 4070/252/153
f 3970/253/154 3962/230/154 3968/231/154 3976/222/154
f 3976/222/155 3968/231/155 3967/232/155 3975/223/155
f 3975/223/156 3967/232/156 3966/233/156 3974/224/156
f 3974/254/157 3966/248/157 3965/249/157 3973/255/157
f 3973/255/158 3965/249/158 3964/250/158 3972/256/158
f 3972/256/159 3964/250/159 3963/251/159 3971/257/159
f 3971/257/160 3963/251/160 4070/252/160 4071/258/160
f 3978/212/161 3970/253/161 3976/222/161 3984/259/161
f 3984/259/162 3976/222/162 3975/223/162 3983/214/162
f 3983/214/163 3975/223/163 3974/224/163 3982/260/163
f 3982/261/164 3974/254/164 3973/255/164 3981/262/164
f 3981/262/165 3973/255/165 3972/256/165 3980/263/165
f 3980/263/166 3972/256/166 3971/257/166 3979/264/166
f 3979/264/167 3971/257/167 4071/258/167 4072/265/167
f 3986/266/168 3978/212/168 3984/259/168 3992/267/168
f 3992/267/169 3984/259/169 3983/214/169 3991/205/169
f 3991/205/170 3983/214/170 3982/260/170 3990/206/170
f 3990/268/171 3982/261/171 3981/262/171 3989/269/171
f 3989/269/172 3981/262/172 3980/263/172 3988/270/172
f 3988/270/173 3980/263/173 3979/264/173 3987/271/173
f 3987/271/174 3979/264/174 4072/265/174 4073/272/174
f 3994/194/175 3986/266/175 3992/267/175 4000/273/175
f 4000/273/176 3992/267/176 3991/205/176 3999/196/176
f 3999/196/177 3991/205/177 3990/206/177 3998/197/177
f 3998/274/178 3990/268/178 3989/269/178 3997/275/178
f 3997/275/179 3989/269/179 3988/270/179 3996/276/179
f 3996/276/180 3988/270/180 3987/271/180 3995/277/180
f 3995/277/181 3987/271/181 4073/272/181 4074/278/181
f 4002/185/182 3994/194/182 4000/273/182 4008/186/182
f 4008/186/183 4000/273/183 3999/196/183 4007/279/183
f 4007/279/184 3999/196/184 3998/197/184 4006/188/184
f 4006/280/185 3998/274/185 3997/275/185 4005/281/185
f 4005/281/186 3997/275/186 3996/276/186 4004/282/186
f 4004/282/187 3996/276/187 3995/277/187 4003/283/187
f 4003/283/188 3995/277/188 4074/278/188 4075/284/188
f 4010/172/189 4002/185/189 4008/186/189 4016/175/189
f 4016/175/190 4008/186/190 4007/279/190 4015/285/190
f 4015/285/191 4007/279/191 4006/188/191 4014/179/191
f 4014/286/192 4006/280/192 4005/281/192 4013/287/192
f 4013/287/193 4005/281/193 4004/282/193 4012/288/193
f 4012/288/194 4004/282/194 4003/283/194 4011/289/194
f 4011/289/195 4003/283/195 4075/284/195 4076/290/195
f 4018/173/196 4010/172/196 4016/175/196 4024/174/196
f 4024/174/197 4016/175/197 4015/285/197 4023/176/197
f 4023/176/198 4015/285/198 4014/179/198 4022/178/198
f 4022/291/199 4014/286/199 4013/287/199 4021/292/199
f 4021/292/200 4013/287/200 4012/288/200 4020/293/200
f 4020/293/201 4012/288/201 4011/289/201 4019/294/201
f 4019/294/202 4011/289/202 4076/290/202 4077/295/202
f 4026/154/203 4018/163/203 4024/164/203 4032/296/203
f 4032/296/204 4024/164/204 4023/297/204 4031/156/204
f 4031/156/205 4023/297/205 4022/166/205 4030/157/205
f 4030/298/206 4022/291/206 4021/292/206 4029/299/206
f 4029/299/207 4021/292/207 4020/293/207 4028/300/207
f 4028/300/208 4020/293/208 4019/294/208 4027/301/208
f 4027/301/209 4019/294/209 4077/295/209 4078/302/209
f 4034/145/210 4026/154/210 4032/296/210 4040/146/210
f 4040/146/211 4032/296/211 4031/156/211 4039/147/211
f 4039/147/212 4031/156/212 4030/157/212 4038/148/212
f 4038/303/213 4030/298/213 4029/299/213 4037/304/213
f 4037/304/214 4029/299/214 4028/300/214 4036/305/214
f 4036/305/215 4028/300/215 4027/301/215 4035/306/215
f 4035/306/216 4027/301/216 4078/302/216 4079/307/216
f 4042/136/217 4034/145/217 4040/146/217 4048/137/217
f 4048/137/218 4040/146/218 4039/147/218 4047/138/218
f 4047/138/219 4039/147/219 4038/148/219 4046/139/219
f 4046/308/220 4038/303/220 4037/304/220 4045/309/220
f 4045/309/221 4037/304/221 4036/305/221 4044/310/221
f 4044/310/222 4036/305/222 4035/306/222 4043/311/222
f 4043/311/223 4035/306/223 4079/307/223 4080/312/223
f 3794/66/224 4042/136/224 4048/137/224 3800/67/224
f 3800/67/225 4048/137/225 4047/138/225 3799/69/225
f 3799/69/226 4047/138/226 4046/139/226 3798/71/226
f 3798/74/227 4046/308/227 4045/309/227 3797/75/227
f 3797/75/228 4045/309/228 4044/310/228 3796/77/228
f 3796/77/229 4044/310/229 4043/311/229 3795/79/229
f 3795/79/230 4043/311/230 4080/312/230 4049/81/230
f 4017/313/231 4009/314/231 4108/315/231 4109/316/231
f 3761/317/232 3794/66/232 3802/65/232 3762/318/232
f 3792/319/233 4042/136/233 3794/66/233 3761/317/233
f 3762/318/234 3802/65/234 3810/83/234 3763/320/234
f 3763/320/235 3810/83/235 3818/92/235 3764/321/235
f 3764/321/236 3818/92/236 3826/101/236 3765/322/236
f 3765/322/237 3826/101/237 3834/92/237 3766/321/237
f 3766/321/238 3834/92/238 3842/117/238 3767/320/238
f 3767/320/239 3842/117/239 3850/65/239 3768/318/239
f 3768/318/240 3850/65/240 3858/130/240 3769/317/240
f 3769/317/241 3858/130/241 3866/136/241 3770/319/241
f 3770/319/242 3866/136/242 3874/145/242 3771/323/242
f 3771/323/243 3874/145/243 3882/154/243 3772/324/243
f 3772/324/244 3882/154/244 3890/163/244 3773/325/244
f 3773/326/245 3890/173/245 3898/172/245 3774/327/245
f 3774/327/246 3898/172/246 3906/185/246 3775/328/246
f 3775/328/247 3906/185/247 3914/194/247 3776/329/247
f 3776/329/248 3914/194/248 3922/203/248 3777/330/248
f 3777/330/249 3922/203/249 3930/212/249 3778/331/249
f 3778/331/250 3930/212/250 3938/221/250 3779/332/250
f 3779/332/251 3938/221/251 3946/230/251 3780/333/251
f 3780/333/252 3946/230/252 3954/239/252 3781/334/252
f 3781/334/253 3954/239/253 3962/230/253 3782/333/253
f 3782/333/254 3962/230/254 3970/253/254 3783/332/254
f 3783/332/255 3970/253/255 3978/212/255 3784/331/255
f 3784/331/256 3978/212/256 3986/266/256 3785/330/256
f 3785/330/257 3986/266/257 3994/194/257 3786/329/257
f 3786/329/258 3994/194/258 4002/185/258 3787/328/258
f 3787/328/259 4002/185/259 4010/172/259 3788/327/259
f 3788/327/231 4010/172/231 4018/173/231 3789/326/231
f 3789/325/260 4018/163/260 4026/154/260 3790/324/260
f 3790/324/261 4026/154/261 4034/145/261 3791/323/261
f 3791/323/262 4034/145/262 4042/136/262 3792/319/262
f 3793/335/5 3801/336/5 4050/82/5 4049/81/5
f 3801/336/5 3809/337/5 4051/91/5 4050/82/5
f 3809/337/5 3817/338/5 4052/100/5 4051/91/5
f 3817/338/5 3825/339/5 4053/109/5 4052/100/5
f 3825/339/5 3833/340/5 4054/116/5 4053/109/5
f 3833/340/5 3841/341/5 4055/124/5 4054/116/5
f 3841/341/5 3849/342/5 4056/129/5 4055/124/5
f 3849/342/5 3857/343/5 4057/135/5 4056/129/5
f 3857/343/5 3865/344/5 4058/144/5 4057/135/5
f 3865/344/5 3873/345/5 4059/153/5 4058/144/5
f 3873/345/5 3881/346/5 4060/162/5 4059/153/5
f 3881/346/5 3889/347/5 4061/171/5 4060/162/5
f 3889/347/5 3897/348/5 4062/184/5 4061/171/5
f 3897/348/5 3905/349/5 4063/193/5 4062/184/5
f 3905/349/5 3913/350/5 4064/202/5 4063/193/5
f 3913/350/5 3921/351/5 4065/211/5 4064/202/5
f 3921/351/5 3929/352/5 4066/220/5 4065/211/5
f 3929/352/5 3937/353/5 4067/229/5 4066/220/5
f 3937/353/5 3945/354/5 4068/238/5 4067/229/5
f 3945/354/5 3953/355/5 4069/247/5 4068/238/5
f 3953/355/5 3961/356/5 4070/252/5 4069/247/5
f 3961/356/5 3969/357/5 4071/258/5 4070/252/5
f 3969/357/5 3977/358/5 4072/265/5 4071/258/5
f 3977/358/5 3985/359/5 4073/272/5 4072/265/5
f 3985/359/5 3993/360/5 4074/278/5 4073/272/5
f 3993/360/5 4001/361/5 4075/284/5 4074/278/5
f 4001/361/5 4009/362/5 4076/290/5 4075/284/5
f 4009/362/5 4017/363/5 4077/295/5 4076/290/5
f 4017/363/5 4025/364/5 4078/302/5 4077/295/5
f 4025/364/5 4033/365/5 4079/307/5 4078/302/5
f 4033/365/5 4041/366/5 4080/312/5 4079/307/5
f 4041/366/5 3793/335/5 4049/81/5 4080/312/5
f 4093/367/6 4092/368/6 4124/369/6 4125/370/6
f 3913/371/247 3905/372/247 4095/373/247 4096/374/247
f 3809/375/234 3801/376/234 4082/377/234 4083/378/234
f 4025/379/260 4017/380/260 4109/381/260 4110/382/260
f 3921/383/248 3913/371/248 4096/374/248 4097/384/248
f 3817/385/235 3809/375/235 4083/378/235 4084/386/235
f 4033/387/261 4025/379/261 4110/382/261 4111/388/261
f 3929/389/249 3921/383/249 4097/384/249 4098/390/249
f 3825/391/236 3817/385/236 4084/386/236 4085/392/236
f 4041/393/262 4033/387/262 4111/388/262 4112/394/262
f 3937/395/250 3929/389/250 4098/390/250 4099/396/250
f 3833/385/237 3825/391/237 4085/392/237 4086/386/237
f 3793/397/233 4041/393/233 4112/394/233 4081/398/233
f 3945/399/251 3937/395/251 4099/396/251 4100/400/251
f 3841/375/238 3833/385/238 4086/386/238 4087/378/238
f 3953/401/252 3945/399/252 4100/400/252 4101/402/252
f 3849/376/239 3841/375/239 4087/378/239 4088/377/239
f 3961/399/253 3953/401/253 4101/402/253 4102/400/253
f 3857/397/240 3849/376/240 4088/377/240 4089/398/240
f 3969/395/254 3961/399/254 4102/400/254 4103/396/254
f 3865/393/241 3857/397/241 4089/398/241 4090/394/241
f 3977/389/255 3969/395/255 4103/396/255 4104/390/255
f 3873/387/242 3865/393/242 4090/394/242 4091/388/242
f 3985/383/256 3977/389/256 4104/390/256 4105/384/256
f 3881/403/243 3873/387/243 4091/388/243 4092/404/243
f 3993/371/257 3985/383/257 4105/384/257 4106/374/257
f 3889/380/244 3881/403/244 4092/404/244 4093/381/244
f 4001/372/258 3993/371/258 4106/374/258 4107/373/258
f 3897/314/245 3889/313/245 4093/316/245 4094/315/245
f 4009/314/259 4001/372/259 4107/373/259 4108/315/259
f 3905/372/246 3897/314/246 4094/315/246 4095/373/246
f 3801/376/232 3793/397/232 4081/398/232 4082/377/232
f 4128/405/247 4127/406/247 4159/407/247 4160/408/247
f 4107/409/6 4106/410/6 4138/411/6 4139/412/6
f 4094/413/6 4093/367/6 4125/370/6 4126/414/6
f 4108/415/6 4107/409/6 4139/412/6 4140/416/6
f 4095/417/6 4094/413/6 4126/414/6 4127/418/6
f 4082/419/6 4081/420/6 4113/421/6 4114/422/6
f 4109/423/6 4108/415/6 4140/416/6 4141/424/6
f 4096/425/6 4095/417/6 4127/418/6 4128/426/6
f 4083/427/6 4082/419/6 4114/422/6 4115/428/6
f 4110/429/6 4109/423/6 4141/424/6 4142/430/6
f 4097/431/6 4096/425/6 4128/426/6 4129/432/6
f 4084/433/6 4083/427/6 4115/428/6 4116/434/6
f 4111/435/6 4110/429/6 4142/430/6 4143/436/6
f 4098/437/6 4097/431/6 4129/432/6 4130/438/6
f 4085/439/6 4084/433/6 4116/434/6 4117/440/6
f 4112/441/6 4111/435/6 4143/436/6 4144/442/6
f 4099/443/6 4098/437/6 4130/438/6 4131/444/6
f 4086/445/6 4085/439/6 4117/440/6 4118/446/6
f 4081/420/6 4112/441/6 4144/442/6 4113/421/6
f 4100/447/6 4099/443/6 4131/444/6 4132/448/6
f 4087/449/6 4086/445/6 4118/446/6 4119/450/6
f 4101/451/6 4100/447/6 4132/448/6 4133/452/6
f 4088/453/6 4087/449/6 4119/450/6 4120/454/6
f 4102/455/6 4101/451/6 4133/452/6 4134/456/6
f 4089/457/6 4088/453/6 4120/454/6 4121/458/6
f 4103/459/6 4102/455/6 4134/456/6 4135/460/6
f 4090/461/6 4089/457/6 4121/458/6 4122/462/6
f 4104/463/6 4103/459/6 4135/460/6 4136/464/6
f 4091/465/6 4090/461/6 4122/462/6 4123/466/6
f 4105/467/6 4104/463/6 4136/464/6 4137/468/6
f 4092/368/6 4091/465/6 4123/466/6 4124/369/6
f 4106/410/6 4105/467/6 4137/468/6 4138/411/6
f 4146/469/5 4145/470/5 4176/471/5 4175/472/5 4174/473/5 4173/474/5 4172/475/5 4171/476/5 4170/477/5 4169/478/5 4168/479/5 4167/480/5 4166/481/5 4165/482/5 4164/483/5 4163/484/5 4162/485/5 4161/486/5 4160/487/5 4159/488/5 4158/489/5 4157/490/5 4156/491/5 4155/492/5 4154/493/5 4153/494/5 4152/495/5 4151/496/5 4150/497/5 4149/498/5 4148/499/5 4147/500/5
f 4115/501/234 4114/502/234 4146/503/234 4147/504/234
f 4142/505/260 4141/506/260 4173/507/260 4174/508/260
f 4129/509/248 4128/405/248 4160/408/248 4161/510/248
f 4116/511/235 4115/501/235 4147/504/235 4148/512/235
f 4143/513/261 4142/505/261 4174/508/261 4175/514/261
f 4130/515/249 4129/509/249 4161/510/249 4162/516/249
f 4117/517/236 4116/511/236 4148/512/236 4149/518/236
f 4144/519/262 4143/513/262 4175/514/262 4176/520/262
f 4131/521/250 4130/515/250 4162/516/250 4163/522/250
f 4118/523/237 4117/517/237 4149/518/237 4150/524/237
f 4113/525/233 4144/519/233 4176/520/233 4145/526/233
f 4132/527/251 4131/521/251 4163/522/251 4164/528/251
f 4119/501/238 4118/523/238 4150/524/238 4151/504/238
f 4133/529/252 4132/527/252 4164/528/252 4165/530/252
f 4120/502/239 4119/501/239 4151/504/239 4152/503/239
f 4134/531/253 4133/532/253 4165/533/253 4166/534/253
f 4121/525/240 4120/502/240 4152/503/240 4153/526/240
f 4135/535/254 4134/531/254 4166/534/254 4167/536/254
f 4122/519/241 4121/525/241 4153/526/241 4154/520/241
f 4136/537/255 4135/535/255 4167/536/255 4168/538/255
f 4123/513/242 4122/519/242 4154/520/242 4155/514/242
f 4137/539/256 4136/537/256 4168/538/256 4169/540/256
f 4124/541/243 4123/513/243 4155/514/243 4156/542/243
f 4138/543/257 4137/539/257 4169/540/257 4170/544/257
f 4125/506/244 4124/541/244 4156/542/244 4157/507/244
f 4139/545/258 4138/543/258 4170/544/258 4171/546/258
f 4126/547/245 4125/548/245 4157/549/245 4158/550/245
f 4140/551/259 4139/545/259 4171/546/259 4172/552/259
f 4127/406/246 4126/547/246 4158/550/246 4159/407/246
f 4114/502/232 4113/525/232 4145/526/232 4146/503/232
f 4141/553/231 4140/551/231 4172/552/231 4173/554/231
f 4177/33/6 4178/34/6 4179/35/6 4180/36/6 4181/37/6 4182/38/6 4183/39/6 4184/40/6 4185/41/6 4186/42/6 4187/43/6 4188/44/6 4189/45/6 4190/46/6 4191/47/6 4192/48/6 4193/49/6 4194/50/6 4195/51/6 4196/52/6 4197/53/6 4198/54/6 4199/55/6 4200/56/6 4201/57/6 4202/58/6 4203/59/6 4204/60/6 4205/61/6 4206/62/6 4207/63/6 4208/64/6
f 4218/65/7 4210/66/7 4216/67/7 4224/68/7
f 4224/68/8 4216/67/8 4215/69/8 4223/70/8
f 4223/70/9 4215/69/9 4214/71/9 4222/72/9
f 4222/73/10 4214/74/10 4213/75/10 4221/76/10
f 4221/76/11 4213/75/11 4212/77/11 4220/78/11
f 4220/78/12 4212/77/12 4211/79/12 4219/80/12
f 4219/80/13 4211/79/13 4465/81/13 4466/82/13
f 4226/83/14 4218/65/14 4224/68/14 4232/84/14
f 4232/84/15 4224/68/15 4223/70/15 4231/85/15
f 4231/85/16 4223/70/16 4222/72/16 4230/86/16
f 4230/87/17 4222/73/17 4221/76/17 4229/88/17
f 4229/88/18 4221/76/18 4220/78/18 4228/89/18
f 4228/89/19 4220/78/19 4219/80/19 4227/90/19
f 4227/90/20 4219/80/20 4466/82/20 4467/91/20
f 4234/92/21 4226/83/21 4232/84/21 4240/93/21
f 4240/93/22 4232/84/22 4231/85/22 4239/94/22
f 4239/94/23 4231/85/23 4230/86/23 4238/95/23
f 4238/96/24 4230/87/24 4229/88/24 4237/97/24
f 4237/97/25 4229/88/25 4228/89/25 4236/98/25
f 4236/98/26 4228/89/26 4227/90/26 4235/99/26
f 4235/99/27 4227/90/27 4467/91/27 4468/100/27
f 4242/101/28 4234/92/28 4240/93/28 4248/102/28
f 4248/102/29 4240/93/29 4239/94/29 4247/103/29
f 4247/103/30 4239/94/30 4238/95/30 4246/104/30
f 4246/105/31 4238/96/31 4237/97/31 4245/106/31
f 4245/106/32 4237/97/32 4236/98/32 4244/107/32
f 4244/107/33 4236/98/33 4235/99/33 4243/108/33
f 4243/108/34 4235/99/34 4468/100/34 4469/109/34
f 4250/92/35 4242/101/35 4248/102/35 4256/110/35
f 4256/110/36 4248/102/36 4247/103/36 4255/111/36
f 4255/111/37 4247/103/37 4246/104/37 4254/95/37
f 4254/112/38 4246/105/38 4245/106/38 4253/113/38
f 4253/113/39 4245/106/39 4244/107/39 4252/114/39
f 4252/114/40 4244/107/40 4243/108/40 4251/115/40
f 4251/115/41 4243/108/41 4469/109/41 4470/116/41
f 4258/117/42 4250/92/42 4256/110/42 4264/118/42
f 4264/118/43 4256/110/43 4255/111/43 4263/119/43
f 4263/119/44 4255/111/44 4254/95/44 4262/86/44
f 4262/120/45 4254/112/45 4253/113/45 4261/121/45
f 4261/121/46 4253/113/46 4252/114/46 4260/122/46
f 4260/122/47 4252/114/47 4251/115/47 4259/123/47
f 4259/123/48 4251/115/48 4470/116/48 4471/124/48
f 4266/65/49 4258/117/49 4264/118/49 4272/68/49
f 4272/68/50 4264/118/50 4263/119/50 4271/70/50
f 4271/70/51 4263/119/51 4262/86/51 4270/72/51
f 4270/125/52 4262/120/52 4261/121/52 4269/126/52
f 4269/126/53 4261/121/53 4260/122/53 4268/127/53
f 4268/127/54 4260/122/54 4259/123/54 4267/128/54
f 4267/128/55 4259/123/55 4471/124/55 4472/129/55
f 4274/130/56 4266/65/56 4272/68/56 4280/67/56
f 4280/67/57 4272/68/57 4271/70/57 4279/69/57
f 4279/69/58 4271/70/58 4270/72/58 4278/71/58
f 4278/131/59 4270/125/59 4269/126/59 4277/132/59
f 4277/132/60 4269/126/60 4268/127/60 4276/133/60
f 4276/133/61 4268/127/61 4267/128/61 4275/134/61
f 4275/134/62 4267/128/62 4472/129/62 4473/135/62
f 4282/136/63 4274/130/63 4280/67/63 4288/137/63
f 4288/137/64 4280/67/64 4279/69/64 4287/138/64
f 4287/138/65 4279/69/65 4278/71/65 4286/139/65
f 4286/140/66 4278/131/66 4277/132/66 4285/141/66
f 4285/141/67 4277/132/67 4276/133/67 4284/142/67
f 4284/142/68 4276/133/68 4275/134/68 4283/143/68
f 4283/143/69 4275/134/69 4473/135/69 4474/144/69
f 4290/145/70 4282/136/70 4288/137/70 4296/146/70
f 4296/146/71 4288/137/71 4287/138/71 4295/147/71
f 4295/147/72 4287/138/72 4286/139/72 4294/148/72
f 4294/149/73 4286/140/73 4285/141/73 4293/150/73
f 4293/150/74 4285/141/74 4284/142/74 4292/151/74
f 4292/151/75 4284/142/75 4283/143/75 4291/152/75
f 4291/152/76 4283/143/76 4474/144/76 4475/153/76
f 4298/154/77 4290/145/77 4296/146/77 4304/155/77
f 4304/155/78 4296/146/78 4295/147/78 4303/156/78
f 4303/156/79 4295/147/79 4294/148/79 4302/157/79
f 4302/158/80 4294/149/80 4293/150/80 4301/159/80
f 4301/159/81 4293/150/81 4292/151/81 4300/160/81
f 4300/160/82 4292/151/82 4291/152/82 4299/161/82
f 4299/161/83 4291/152/83 4475/153/83 4476/162/83
f 4306/163/84 4298/154/84 4304/155/84 4312/164/84
f 4312/164/85 4304/155/85 4303/156/85 4311/165/85
f 4311/165/86 4303/156/86 4302/157/86 4310/166/86
f 4310/167/87 4302/158/87 4301/159/87 4309/168/87
f 4309/168/88 4301/159/88 4300/160/88 4308/169/88
f 4308/169/89 4300/160/89 4299/161/89 4307/170/89
f 4307/170/90 4299/161/90 4476/162/90 4477/171/90
f 4314/172/91 4306/173/91 4312/174/91 4320/175/91
f 4320/175/92 4312/174/92 4311/176/92 4319/177/92
f 4319/177/93 4311/176/93 4310/178/93 4318/179/93
f 4318/180/94 4310/167/94 4309/168/94 4317/181/94
f 4317/181/95 4309/168/95 4308/169/95 4316/182/95
f 4316/182/96 4308/169/96 4307/170/96 4315/183/96
f 4315/183/97 4307/170/97 4477/171/97 4478/184/97
f 4322/185/98 4314/172/98 4320/175/98 4328/186/98
f 4328/186/99 4320/175/99 4319/177/99 4327/187/99
f 4327/187/100 4319/177/100 4318/179/100 4326/188/100
f 4326/189/101 4318/180/101 4317/181/101 4325/190/101
f 4325/190/102 4317/181/102 4316/182/102 4324/191/102
f 4324/191/103 4316/182/103 4315/183/103 4323/192/103
f 4323/192/104 4315/183/104 4478/184/104 4479/193/104
f 4330/194/105 4322/185/105 4328/186/105 4336/195/105
f 4336/195/106 4328/186/106 4327/187/106 4335/196/106
f 4335/196/107 4327/187/107 4326/188/107 4334/197/107
f 4334/198/108 4326/189/108 4325/190/108 4333/199/108
f 4333/199/109 4325/190/109 4324/191/109 4332/200/109
f 4332/200/110 4324/191/110 4323/192/110 4331/201/110
f 4331/201/111 4323/192/111 4479/193/111 4480/202/111
f 4338/203/112 4330/194/112 4336/195/112 4344/204/112
f 4344/204/113 4336/195/113 4335/196/113 4343/205/113
f 4343/205/114 4335/196/114 4334/197/114 4342/206/114
f 4342/207/115 4334/198/115 4333/199/115 4341/208/115
f 4341/208/116 4333/199/116 4332/200/116 4340/209/116
f 4340/209/117 4332/200/117 4331/201/117 4339/210/117
f 4339/210/118 4331/201/118 4480/202/118 4481/211/118
f 4346/212/119 4338/203/119 4344/204/119 4352/213/119
f 4352/213/120 4344/204/120 4343/205/120 4351/214/120
f 4351/214/121 4343/205/121 4342/206/121 4350/215/121
f 4350/216/122 4342/207/122 4341/208/122 4349/217/122
f 4349/217/123 4341/208/123 4340/209/123 4348/218/123
f 4348/218/124 4340/209/124 4339/210/124 4347/219/124
f 4347/219/125 4339/210/125 4481/211/125 4482/220/125
f 4354/221/126 4346/212/126 4352/213/126 4360/222/126
f 4360/222/127 4352/213/127 4351/214/127 4359/223/127
f 4359/223/128 4351/214/128 4350/215/128 4358/224/128
f 4358/225/129 4350/216/129 4349/217/129 4357/226/129
f 4357/226/130 4349/217/130 4348/218/130 4356/227/130
f 4356/227/131 4348/218/131 4347/219/131 4355/228/131
f 4355/228/132 4347/219/132 4482/220/132 4483/229/132
f 4362/230/133 4354/221/133 4360/222/133 4368/231/133
f 4368/231/134 4360/222/134 4359/223/134 4367/232/134
f 4367/232/135 4359/223/135 4358/224/135 4366/233/135
f 4366/234/136 4358/225/136 4357/226/136 4365/235/136
f 4365/235/137 4357/226/137 4356/227/137 4364/236/137
f 4364/236/138 4356/227/138 4355/228/138 4363/237/138
f 4363/237/139 4355/228/139 4483/229/139 4484/238/139
f 4370/239/140 4362/230/140 4368/231/140 4376/240/140
f 4376/240/141 4368/231/141 4367/232/141 4375/241/141
f 4375/241/142 4367/232/142 4366/233/142 4374/242/142
f 4374/243/143 4366/234/143 4365/235/143 4373/244/143
f 4373/244/144 4365/235/144 4364/236/144 4372/245/144
f 4372/245/145 4364/236/145 4363/237/145 4371/246/145
f 4371/246/146 4363/237/146 4484/238/146 4485/247/146
f 4378/230/147 4370/239/147 4376/240/147 4384/231/147
f 4384/231/148 4376/240/148 4375/241/148 4383/232/148
f 4383/232/149 4375/241/149 4374/242/149 4382/233/149
f 4382/248/150 4374/243/150 4373/244/150 4381/249/150
f 4381/249/151 4373/244/151 4372/245/151 4380/250/151
f 4380/250/152 4372/245/152 4371/246/152 4379/251/152
f 4379/251/153 4371/246/153 4485/247/153 4486/252/153
f 4386/253/154 4378/230/154 4384/231/154 4392/222/154
f 4392/222/155 4384/231/155 4383/232/155 4391/223/155
f 4391/223/156 4383/232/156 4382/233/156 4390/224/156
f 4390/254/157 4382/248/157 4381/249/157 4389/255/157
f 4389/255/158 4381/249/158 4380/250/158 4388/256/158
f 4388/256/159 4380/250/159 4379/251/159 4387/257/159
f 4387/257/160 4379/251/160 4486/252/160 4487/258/160
f 4394/212/161 4386/253/161 4392/222/161 4400/259/161
f 4400/259/162 4392/222/162 4391/223/162 4399/214/162
f 4399/214/163 4391/223/163 4390/224/163 4398/260/163
f 4398/261/164 4390/254/164 4389/255/164 4397/262/164
f 4397/262/165 4389/255/165 4388/256/165 4396/263/165
f 4396/263/166 4388/256/166 4387/257/166 4395/264/166
f 4395/264/167 4387/257/167 4487/258/167 4488/265/167
f 4402/266/168 4394/212/168 4400/259/168 4408/267/168
f 4408/267/169 4400/259/169 4399/214/169 4407/205/169
f 4407/205/170 4399/214/170 4398/260/170 4406/206/170
f 4406/268/171 4398/261/171 4397/262/171 4405/269/171
f 4405/269/172 4397/262/172 4396/263/172 4404/270/172
f 4404/270/173 4396/263/173 4395/264/173 4403/271/173
f 4403/271/174 4395/264/174 4488/265/174 4489/272/174
f 4410/194/175 4402/266/175 4408/267/175 4416/273/175
f 4416/273/176 4408/267/176 4407/205/176 4415/196/176
f 4415/196/177 4407/205/177 4406/206/177 4414/197/177
f 4414/274/178 4406/268/178 4405/269/178 4413/275/178
f 4413/275/179 4405/269/179 4404/270/179 4412/276/179
f 4412/276/180 4404/270/180 4403/271/180 4411/277/180
f 4411/277/181 4403/271/181 4489/272/181 4490/278/181
f 4418/185/182 4410/194/182 4416/273/182 4424/186/182
f 4424/186/183 4416/273/183 4415/196/183 4423/279/183
f 4423/279/184 4415/196/184 4414/197/184 4422/188/184
f 4422/280/185 4414/274/185 4413/275/185 4421/281/185
f 4421/281/186 4413/275/186 4412/276/186 4420/282/186
f 4420/282/187 4412/276/187 4411/277/187 4419/283/187
f 4419/283/188 4411/277/188 4490/278/188 4491/284/188
f 4426/172/189 4418/185/189 4424/186/189 4432/175/189
f 4432/175/190 4424/186/190 4423/279/190 4431/285/190
f 4431/285/191 4423/279/191 4422/188/191 4430/179/191
f 4430/286/192 4422/280/192 4421/281/192 4429/287/192
f 4429/287/193 4421/281/193 4420/282/193 4428/288/193
f 4428/288/194 4420/282/194 4419/283/194 4427/289/194
f 4427/289/195 4419/283/195 4491/284/195 4492/290/195
f 4434/173/196 4426/172/196 4432/175/196 4440/174/196
f 4440/174/197 4432/175/197 4431/285/197 4439/176/197
f 4439/176/198 4431/285/198 4430/179/198 4438/178/198
f 4438/291/199 4430/286/199 4429/287/199 4437/292/199
f 4437/292/200 4429/287/200 4428/288/200 4436/293/200
f 4436/293/201 4428/288/201 4427/289/201 4435/294/201
f 4435/294/202 4427/289/202 4492/290/202 4493/295/202
f 4442/154/203 4434/163/203 4440/164/203 4448/296/203
f 4448/296/204 4440/164/204 4439/297/204 4447/156/204
f 4447/156/205 4439/297/205 4438/166/205 4446/157/205
f 4446/298/206 4438/291/206 4437/292/206 4445/299/206
f 4445/299/207 4437/292/207 4436/293/207 4444/300/207
f 4444/300/208 4436/293/208 4435/294/208 4443/301/208
f 4443/301/209 4435/294/209 4493/295/209 4494/302/209
f 4450/145/210 4442/154/210 4448/296/210 4456/146/210
f 4456/146/211 4448/296/211 4447/156/211 4455/147/211
f 4455/147/212 4447/156/212 4446/157/212 4454/148/212
f 4454/303/213 4446/298/213 4445/299/213 4453/304/213
f 4453/304/214 4445/299/214 4444/300/214 4452/305/214
f 4452/305/215 4444/300/215 4443/301/215 4451/306/215
f 4451/306/216 4443/301/216 4494/302/216 4495/307/216
f 4458/136/217 4450/145/217 4456/146/217 4464/137/217
f 4464/137/218 4456/146/218 4455/147/218 4463/138/218
f 4463/138/219 4455/147/219 4454/148/219 4462/139/219
f 4462/308/220 4454/303/220 4453/304/220 4461/309/220
f 4461/309/221 4453/304/221 4452/305/221 4460/310/221
f 4460/310/222 4452/305/222 4451/306/222 4459/311/222
f 4459/311/223 4451/306/223 4495/307/223 4496/312/223
f 4210/66/224 4458/136/224 4464/137/224 4216/67/224
f 4216/67/225 4464/137/225 4463/138/225 4215/69/225
f 4215/69/226 4463/138/226 4462/139/226 4214/71/226
f 4214/74/227 4462/308/227 4461/309/227 4213/75/227
f 4213/75/228 4461/309/228 4460/310/228 4212/77/228
f 4212/77/229 4460/310/229 4459/311/229 4211/79/229
f 4211/79/230 4459/311/230 4496/312/230 4465/81/230
f 4433/313/231 4425/314/231 4524/315/231 4525/316/231
f 4177/317/232 4210/66/232 4218/65/232 4178/318/232
f 4208/319/233 4458/136/233 4210/66/233 4177/317/233
f 4178/318/234 4218/65/234 4226/83/234 4179/320/234
f 4179/320/235 4226/83/235 4234/92/235 4180/321/235
f 4180/321/236 4234/92/236 4242/101/236 4181/322/236
f 4181/322/237 4242/101/237 4250/92/237 4182/321/237
f 4182/321/238 4250/92/238 4258/117/238 4183/320/238
f 4183/320/239 4258/117/239 4266/65/239 4184/318/239
f 4184/318/240 4266/65/240 4274/130/240 4185/317/240
f 4185/317/241 4274/130/241 4282/136/241 4186/319/241
f 4186/319/242 4282/136/242 4290/145/242 4187/323/242
f 4187/323/243 4290/145/243 4298/154/243 4188/324/243
f 4188/324/244 4298/154/244 4306/163/244 4189/325/244
f 4189/326/245 4306/173/245 4314/172/245 4190/327/245
f 4190/327/246 4314/172/246 4322/185/246 4191/328/246
f 4191/328/247 4322/185/247 4330/194/247 4192/329/247
f 4192/329/248 4330/194/248 4338/203/248 4193/330/248
f 4193/330/249 4338/203/249 4346/212/249 4194/331/249
f 4194/331/250 4346/212/250 4354/221/250 4195/332/250
f 4195/332/251 4354/221/251 4362/230/251 4196/333/251
f 4196/333/252 4362/230/252 4370/239/252 4197/334/252
f 4197/334/253 4370/239/253 4378/230/253 4198/333/253
f 4198/333/254 4378/230/254 4386/253/254 4199/332/254
f 4199/332/255 4386/253/255 4394/212/255 4200/331/255
f 4200/331/256 4394/212/256 4402/266/256 4201/330/256
f 4201/330/257 4402/266/257 4410/194/257 4202/329/257
f 4202/329/258 4410/194/258 4418/185/258 4203/328/258
f 4203/328/259 4418/185/259 4426/172/259 4204/327/259
f 4204/327/231 4426/172/231 4434/173/231 4205/326/231
f 4205/325/260 4434/163/260 4442/154/260 4206/324/260
f 4206/324/261 4442/154/261 4450/145/261 4207/323/261
f 4207/323/262 4450/145/262 4458/136/262 4208/319/262
f 4209/335/5 4217/336/5 4466/82/5 4465/81/5
f 4217/336/5 4225/337/5 4467/91/5 4466/82/5
f 4225/337/5 4233/338/5 4468/100/5 4467/91/5
f 4233/338/5 4241/339/5 4469/109/5 4468/100/5
f 4241/339/5 4249/340/5 4470/116/5 4469/109/5
f 4249/340/5 4257/341/5 4471/124/5 4470/116/5
f 4257/341/5 4265/342/5 4472/129/5 4471/124/5
f 4265/342/5 4273/343/5 4473/135/5 4472/129/5
f 4273/343/5 4281/344/5 4474/144/5 4473/135/5
f 4281/344/5 4289/345/5 4475/153/5 4474/144/5
f 4289/345/5 4297/346/5 4476/162/5 4475/153/5
f 4297/346/5 4305/347/5 4477/171/5 4476/162/5
f 4305/347/5 4313/348/5 4478/184/5 4477/171/5
f 4313/348/5 4321/349/5 4479/193/5 4478/184/5
f 4321/349/5 4329/350/5 4480/202/5 4479/193/5
f 4329/350/5 4337/351/5 4481/211/5 4480/202/5
f 4337/351/5 4345/352/5 4482/220/5 4481/211/5
f 4345/352/5 4353/353/5 4483/229/5 4482/220/5
f 4353/353/5 4361/354/5 4484/238/5 4483/229/5
f 4361/354/5 4369/355/5 4485/247/5 4484/238/5
f 4369/355/5 4377/356/5 4486/252/5 4485/247/5
f 4377/356/5 4385/357/5 4487/258/5 4486/252/5
f 4385/357/5 4393/358/5 4488/265/5 4487/258/5
f 4393/358/5 4401/359/5 4489/272/5 4488/265/5
f 4401/359/5 4409/360/5 4490/278/5 4489/272/5
f 4409/360/5 4417/361/5 4491/284/5 4490/278/5
f 4417/361/5 4425/362/5 4492/290/5 4491/284/5
f 4425/362/5 4433/363/5 4493/295/5 4492/290/5
f 4433/363/5 4441/364/5 4494/302/5 4493/295/5
f 4441/364/5 4449/365/5 4495/307/5 4494/302/5
f 4449/365/5 4457/366/5 4496/312/5 4495/307/5
f 4457/366/5 4209/335/5 4465/81/5 4496/312/5
f 4509/367/6 4508/368/6 4540/369/6 4541/370/6
f 4329/371/247 4321/372/247 4511/373/247 4512/374/247
f 4225/375/234 4217/376/234 4498/377/234 4499/378/234
f 4441/379/260 4433/380/260 4525/381/260 4526/382/260
f 4337/383/248 4329/371/248 4512/374/248 4513/384/248
f 4233/385/235 4225/375/235 4499/378/235 4500/386/235
f 4449/387/261 4441/379/261 4526/382/261 4527/388/261
f 4345/389/249 4337/383/249 4513/384/249 4514/390/249
f 4241/391/236 4233/385/236 4500/386/236 4501/392/236
f 4457/393/262 4449/387/262 4527/388/262 4528/394/262
f 4353/395/250 4345/389/250 4514/390/250 4515/396/250
f 4249/385/237 4241/391/237 4501/392/237 4502/386/237
f 4209/397/233 4457/393/233 4528/394/233 4497/398/233
f 4361/399/251 4353/395/251 4515/396/251 4516/400/251
f 4257/375/238 4249/385/238 4502/386/238 4503/378/238
f 4369/401/252 4361/399/252 4516/400/252 4517/402/252
f 4265/376/239 4257/375/239 4503/378/239 4504/377/239
f 4377/399/253 4369/401/253 4517/402/253 4518/400/253
f 4273/397/240 4265/376/240 4504/377/240 4505/398/240
f 4385/395/254 4377/399/254 4518/400/254 4519/396/254
f 4281/393/241 4273/397/241 4505/398/241 4506/394/241
f 4393/389/255 4385/395/255 4519/396/255 4520/390/255
f 4289/387/242 4281/393/242 4506/394/242 4507/388/242
f 4401/383/256 4393/389/256 4520/390/256 4521/384/256
f 4297/403/243 4289/387/243 4507/388/243 4508/404/243
f 4409/371/257 4401/383/257 4521/384/257 4522/374/257
f 4305/380/244 4297/403/244 4508/404/244 4509/381/244
f 4417/372/258 4409/371/258 4522/374/258 4523/373/258
f 4313/314/245 4305/313/245 4509/316/245 4510/315/245
f 4425/314/259 4417/372/259 4523/373/259 4524/315/259
f 4321/372/246 4313/314/246 4510/315/246 4511/373/246
f 4217/376/232 4209/397/232 4497/398/232 4498/377/232
f 4544/405/247 4543/406/247 4575/407/247 4576/408/247
f 4523/409/6 4522/410/6 4554/411/6 4555/412/6
f 4510/413/6 4509/367/6 4541/370/6 4542/414/6
f 4524/415/6 4523/409/6 4555/412/6 4556/416/6
f 4511/417/6 4510/413/6 4542/414/6 4543/418/6
f 4498/419/6 4497/420/6 4529/421/6 4530/422/6
f 4525/423/6 4524/415/6 4556/416/6 4557/424/6
f 4512/425/6 4511/417/6 4543/418/6 4544/426/6
f 4499/427/6 4498/419/6 4530/422/6 4531/428/6
f 4526/429/6 4525/423/6 4557/424/6 4558/430/6
f 4513/431/6 4512/425/6 4544/426/6 4545/432/6
f 4500/433/6 4499/427/6 4531/428/6 4532/434/6
f 4527/435/6 4526/429/6 4558/430/6 4559/436/6
f 4514/437/6 4513/431/6 4545/432/6 4546/438/6
f 4501/439/6 4500/433/6 4532/434/6 4533/440/6
f 4528/441/6 4527/435/6 4559/436/6 4560/442/6
f 4515/443/6 4514/437/6 4546/438/6 4547/444/6
f 4502/445/6 4501/439/6 4533/440/6 4534/446/6
f 4497/420/6 4528/441/6 4560/442/6 4529/421/6
f 4516/447/6 4515/443/6 4547/444/6 4548/448/6
f 4503/449/6 4502/445/6 4534/446/6 4535/450/6
f 4517/451/6 4516/447/6 4548/448/6 4549/452/6
f 4504/453/6 4503/449/6 4535/450/6 4536/454/6
f 4518/455/6 4517/451/6 4549/452/6 4550/456/6
f 4505/457/6 4504/453/6 4536/454/6 4537/458/6
f 4519/459/6 4518/455/6 4550/456/6 4551/460/6
f 4506/461/6 4505/457/6 4537/458/6 4538/462/6
f 4520/463/6 4519/459/6 4551/460/6 4552/464/6
f 4507/465/6 4506/461/6 4538/462/6 4539/466/6
f 4521/467/6 4520/463/6 4552/464/6 4553/468/6
f 4508/368/6 4507/465/6 4539/466/6 4540/369/6
f 4522/410/6 4521/467/6 4553/468/6 4554/411/6
f 4562/469/5 4561/470/5 4592/471/5 4591/472/5 4590/473/5 4589/474/5 4588/475/5 4587/476/5 4586/477/5 4585/478/5 4584/479/5 4583/480/5 4582/481/5 4581/482/5 4580/483/5 4579/484/5 4578/485/5 4577/486/5 4576/487/5 4575/488/5 4574/489/5 4573/490/5 4572/491/5 4571/492/5 4570/493/5 4569/494/5 4568/495/5 4567/496/5 4566/497/5 4565/498/5 4564/499/5 4563/500/5
f 4531/501/234 4530/502/234 4562/503/234 4563/504/234
f 4558/505/260 4557/506/260 4589/507/260 4590/508/260
f 4545/509/248 4544/405/248 4576/408/248 4577/510/248
f 4532/511/235 4531/501/235 4563/504/235 4564/512/235
f 4559/513/261 4558/505/261 4590/508/261 4591/514/261
f 4546/515/249 4545/509/249 4577/510/249 4578/516/249
f 4533/517/236 4532/511/236 4564/512/236 4565/518/236
f 4560/519/262 4559/513/262 4591/514/262 4592/520/262
f 4547/521/250 4546/515/250 4578/516/250 4579/522/250
f 4534/523/237 4533/517/237 4565/518/237 4566/524/237
f 4529/525/233 4560/519/233 4592/520/233 4561/526/233
f 4548/527/251 4547/521/251 4579/522/251 4580/528/251
f 4535/501/238 4534/523/238 4566/524/238 4567/504/238
f 4549/529/252 4548/527/252 4580/528/252 4581/530/252
f 4536/502/239 4535/501/239 4567/504/239 4568/503/239
f 4550/531/253 4549/532/253 4581/533/253 4582/534/253
f 4537/525/240 4536/502/240 4568/503/240 4569/526/240
f 4551/535/254 4550/531/254 4582/534/254 4583/536/254
f 4538/519/241 4537/525/241 4569/526/241 4570/520/241
f 4552/537/255 4551/535/255 4583/536/255 4584/538/255
f 4539/513/242 4538/519/242 4570/520/242 4571/514/242
f 4553/539/256 4552/537/256 4584/538/256 4585/540/256
f 4540/541/243 4539/513/243 4571/514/243 4572/542/243
f 4554/543/257 4553/539/257 4585/540/257 4586/544/257
f 4541/506/244 4540/541/244 4572/542/244 4573/507/244
f 4555/545/258 4554/543/258 4586/544/258 4587/546/258
f 4542/547/245 4541/548/245 4573/549/245 4574/550/245
f 4556/551/259 4555/545/259 4587/546/259 4588/552/259
f 4543/406/246 4542/547/246 4574/550/246 4575/407/246
f 4530/502/232 4529/525/232 4561/526/232 4562/503/232
f 4557/553/231 4556/551/231 4588/552/231 4589/554/231
f 4593/33/6 4594/34/6 4595/35/6 4596/36/6 4597/37/6 4598/38/6 4599/39/6 4600/40/6 4601/41/6 4602/42/6 4603/43/6 4604/44/6 4605/45/6 4606/46/6 4607/47/6 4608/48/6 4609/49/6 4610/50/6 4611/51/6 4612/52/6 4613/53/6 4614/54/6 4615/55/6 4616/56/6 4617/57/6 4618/58/6 4619/59/6 4620/60/6 4621/61/6 4622/62/6 4623/63/6 4624/64/6
f 4634/65/7 4626/66/7 4632/67/7 4640/68/7
f 4640/68/8 4632/67/8 4631/69/8 4639/70/8
f 4639/70/9 4631/69/9 4630/71/9 4638/72/9
f 4638/73/10 4630/74/10 4629/75/10 4637/76/10
f 4637/76/11 4629/75/11 4628/77/11 4636/78/11
f 4636/78/12 4628/77/12 4627/79/12 4635/80/12
f 4635/80/13 4627/79/13 4881/81/13 4882/82/13
f 4642/83/14 4634/65/14 4640/68/14 4648/84/14
f 4648/84/15 4640/68/15 4639/70/15 4647/85/15
f 4647/85/16 4639/70/16 4638/72/16 4646/86/16
f 4646/87/17 4638/73/17 4637/76/17 4645/88/17
f 4645/88/18 4637/76/18 4636/78/18 4644/89/18
f 4644/89/19 4636/78/19 4635/80/19 4643/90/19
f 4643/90/20 4635/80/20 4882/82/20 4883/91/20
f 4650/92/21 4642/83/21 4648/84/21 4656/93/21
f 4656/93/22 4648/84/22 4647/85/22 4655/94/22
f 4655/94/23 4647/85/23 4646/86/23 4654/95/23
f 4654/96/24 4646/87/24 4645/88/24 4653/97/24
f 4653/97/25 4645/88/25 4644/89/25 4652/98/25
f 4652/98/26 4644/89/26 4643/90/26 4651/99/26
f 4651/99/27 4643/90/27 4883/91/27 4884/100/27
f 4658/101/28 4650/92/28 4656/93/28 4664/102/28
f 4664/102/29 4656/93/29 4655/94/29 4663/103/29
f 4663/103/30 4655/94/30 4654/95/30 4662/104/30
f 4662/105/31 4654/96/31 4653/97/31 4661/106/31
f 4661/106/32 4653/97/32 4652/98/32 4660/107/32
f 4660/107/33 4652/98/33 4651/99/33 4659/108/33
f 4659/108/34 4651/99/34 4884/100/34 4885/109/34
f 4666/92/35 4658/101/35 4664/102/35 4672/110/35
f 4672/110/36 4664/102/36 4663/103/36 4671/111/36
f 4671/111/37 4663/103/37 4662/104/37 4670/95/37
f 4670/112/38 4662/105/38 4661/106/38 4669/113/38
f 4669/113/39 4661/106/39 4660/107/39 4668/114/39
f 4668/114/40 4660/107/40 4659/108/40 4667/115/40
f 4667/115/41 4659/108/41 4885/109/41 4886/116/41
f 4674/117/42 4666/92/42 4672/110/42 4680/118/42
f 4680/118/43 4672/110/43 4671/111/43 4679/119/43
f 4679/119/44 4671/111/44 4670/95/44 4678/86/44
f 4678/120/45 4670/112/45 4669/113/45 4677/121/45
f 4677/121/46 4669/113/46 4668/114/46 4676/122/46
f 4676/122/47 4668/114/47 4667/115/47 4675/123/47
f 4675/123/48 4667/115/48 4886/116/48 4887/124/48
f 4682/65/49 4674/117/49 4680/118/49 4688/68/49
f 4688/68/50 4680/118/50 4679/119/50 4687/70/50
f 4687/70/51 4679/119/51 4678/86/51 4686/72/51
f 4686/125/52 4678/120/52 4677/121/52 4685/126/52
f 4685/126/53 4677/121/53 4676/122/53 4684/127/53
f 4684/127/54 4676/122/54 4675/123/54 4683/128/54
f 4683/128/55 4675/123/55 4887/124/55 4888/129/55
f 4690/130/56 4682/65/56 4688/68/56 4696/67/56
f 4696/67/57 4688/68/57 4687/70/57 4695/69/57
f 4695/69/58 4687/70/58 4686/72/58 4694/71/58
f 4694/131/59 4686/125/59 4685/126/59 4693/132/59
f 4693/132/60 4685/126/60 4684/127/60 4692/133/60
f 4692/133/61 4684/127/61 4683/128/61 4691/134/61
f 4691/134/62 4683/128/62 4888/129/62 4889/135/62
f 4698/136/63 4690/130/63 4696/67/63 4704/137/63
f 4704/137/64 4696/67/64 4695/69/64 4703/138/64
f 4703/138/65 4695/69/65 4694/71/65 4702/139/65
f 4702/140/66 4694/131/66 4693/132/66 4701/141/66
f 4701/141/67 4693/132/67 4692/133/67 4700/142/67
f 4700/142/68 4692/133/68 4691/134/68 4699/143/68
f 4699/143/69 4691/134/69 4889/135/69 4890/144/69
f 4706/145/70 4698/136/70 4704/137/70 4712/146/70
f 4712/146/71 4704/137/71 4703/138/71 4711/147/71
f 4711/147/72 4703/138/72 4702/139/72 4710/148/72
f 4710/149/73 4702/140/73 4701/141/73 4709/150/73
f 4709/150/74 4701/141/74 4700/142/74 4708/151/74
f 4708/151/75 4700/142/75 4699/143/75 4707/152/75
f 4707/152/76 4699/143/76 4890/144/76 4891/153/76
f 4714/154/77 4706/145/77 4712/146/77 4720/155/77
f 4720/155/78 4712/146/78 4711/147/78 4719/156/78
f 4719/156/79 4711/147/79 4710/148/79 4718/157/79
f 4718/158/80 4710/149/80 4709/150/80 4717/159/80
f 4717/159/81 4709/150/81 4708/151/81 4716/160/81
f 4716/160/82 4708/151/82 4707/152/82 4715/161/82
f 4715/161/83 4707/152/83 4891/153/83 4892/162/83
f 4722/163/84 4714/154/84 4720/155/84 4728/164/84
f 4728/164/85 4720/155/85 4719/156/85 4727/165/85
f 4727/165/86 4719/156/86 4718/157/86 4726/166/86
f 4726/167/87 4718/158/87 4717/159/87 4725/168/87
f 4725/168/88 4717/159/88 4716/160/88 4724/169/88
f 4724/169/89 4716/160/89 4715/161/89 4723/170/89
f 4723/170/90 4715/161/90 4892/162/90 4893/171/90
f 4730/172/91 4722/173/91 4728/174/91 4736/175/91
f 4736/175/92 4728/174/92 4727/176/92 4735/177/92
f 4735/177/93 4727/176/93 4726/178/93 4734/179/93
f 4734/180/94 4726/167/94 4725/168/94 4733/181/94
f 4733/181/95 4725/168/95 4724/169/95 4732/182/95
f 4732/182/96 4724/169/96 4723/170/96 4731/183/96
f 4731/183/97 4723/170/97 4893/171/97 4894/184/97
f 4738/185/98 4730/172/98 4736/175/98 4744/186/98
f 4744/186/99 4736/175/99 4735/177/99 4743/187/99
f 4743/187/100 4735/177/100 4734/179/100 4742/188/100
f 4742/189/101 4734/180/101 4733/181/101 4741/190/101
f 4741/190/102 4733/181/102 4732/182/102 4740/191/102
f 4740/191/103 4732/182/103 4731/183/103 4739/192/103
f 4739/192/104 4731/183/104 4894/184/104 4895/193/104
f 4746/194/105 4738/185/105 4744/186/105 4752/195/105
f 4752/195/106 4744/186/106 4743/187/106 4751/196/106
f 4751/196/107 4743/187/107 4742/188/107 4750/197/107
f 4750/198/108 4742/189/108 4741/190/108 4749/199/108
f 4749/199/109 4741/190/109 4740/191/109 4748/200/109
f 4748/200/110 4740/191/110 4739/192/110 4747/201/110
f 4747/201/111 4739/192/111 4895/193/111 4896/202/111
f 4754/203/112 4746/194/112 4752/195/112 4760/204/112
f 4760/204/113 4752/195/113 4751/196/113 4759/205/113
f 4759/205/114 4751/196/114 4750/197/114 4758/206/114
f 4758/207/115 4750/198/115 4749/199/115 4757/208/115
f 4757/208/116 4749/199/116 4748/200/116 4756/209/116
f 4756/209/117 4748/200/117 4747/201/117 4755/210/117
f 4755/210/118 4747/201/118 4896/202/118 4897/211/118
f 4762/212/119 4754/203/119 4760/204/119 4768/213/119
f 4768/213/120 4760/204/120 4759/205/120 4767/214/120
f 4767/214/121 4759/205/121 4758/206/121 4766/215/121
f 4766/216/122 4758/207/122 4757/208/122 4765/217/122
f 4765/217/123 4757/208/123 4756/209/123 4764/218/123
f 4764/218/124 4756/209/124 4755/210/124 4763/219/124
f 4763/219/125 4755/210/125 4897/211/125 4898/220/125
f 4770/221/126 4762/212/126 4768/213/126 4776/222/126
f 4776/222/127 4768/213/127 4767/214/127 4775/223/127
f 4775/223/128 4767/214/128 4766/215/128 4774/224/128
f 4774/225/129 4766/216/129 4765/217/129 4773/226/129
f 4773/226/130 4765/217/130 4764/218/130 4772/227/130
f 4772/227/131 4764/218/131 4763/219/131 4771/228/131
f 4771/228/132 4763/219/132 4898/220/132 4899/229/132
f 4778/230/133 4770/221/133 4776/222/133 4784/231/133
f 4784/231/134 4776/222/134 4775/223/134 4783/232/134
f 4783/232/135 4775/223/135 4774/224/135 4782/233/135
f 4782/234/136 4774/225/136 4773/226/136 4781/235/136
f 4781/235/137 4773/226/137 4772/227/137 4780/236/137
f 4780/236/138 4772/227/138 4771/228/138 4779/237/138
f 4779/237/139 4771/228/139 4899/229/139 4900/238/139
f 4786/239/140 4778/230/140 4784/231/140 4792/240/140
f 4792/240/141 4784/231/141 4783/232/141 4791/241/141
f 4791/241/142 4783/232/142 4782/233/142 4790/242/142
f 4790/243/143 4782/234/143 4781/235/143 4789/244/143
f 4789/244/144 4781/235/144 4780/236/144 4788/245/144
f 4788/245/145 4780/236/145 4779/237/145 4787/246/145
f 4787/246/146 4779/237/146 4900/238/146 4901/247/146
f 4794/230/147 4786/239/147 4792/240/147 4800/231/147
f 4800/231/148 4792/240/148 4791/241/148 4799/232/148
f 4799/232/149 4791/241/149 4790/242/149 4798/233/149
f 4798/248/150 4790/243/150 4789/244/150 4797/249/150
f 4797/249/151 4789/244/151 4788/245/151 4796/250/151
f 4796/250/152 4788/245/152 4787/246/152 4795/251/152
f 4795/251/153 4787/246/153 4901/247/153 4902/252/153
f 4802/253/154 4794/230/154 4800/231/154 4808/222/154
f 4808/222/155 4800/231/155 4799/232/155 4807/223/155
f 4807/223/156 4799/232/156 4798/233/156 4806/224/156
f 4806/254/157 4798/248/157 4797/249/157 4805/255/157
f 4805/255/158 4797/249/158 4796/250/158 4804/256/158
f 4804/256/159 4796/250/159 4795/251/159 4803/257/159
f 4803/257/160 4795/251/160 4902/252/160 4903/258/160
f 4810/212/161 4802/253/161 4808/222/161 4816/259/161
f 4816/259/162 4808/222/162 4807/223/162 4815/214/162
f 4815/214/163 4807/223/163 4806/224/163 4814/260/163
f 4814/261/164 4806/254/164 4805/255/164 4813/262/164
f 4813/262/165 4805/255/165 4804/256/165 4812/263/165
f 4812/263/166 4804/256/166 4803/257/166 4811/264/166
f 4811/264/167 4803/257/167 4903/258/167 4904/265/167
f 4818/266/168 4810/212/168 4816/259/168 4824/267/168
f 4824/267/169 4816/259/169 4815/214/169 4823/205/169
f 4823/205/170 4815/214/170 4814/260/170 4822/206/170
f 4822/268/171 4814/261/171 4813/262/171 4821/269/171
f 4821/269/172 4813/262/172 4812/263/172 4820/270/172
f 4820/270/173 4812/263/173 4811/264/173 4819/271/173
f 4819/271/174 4811/264/174 4904/265/174 4905/272/174
f 4826/194/175 4818/266/175 4824/267/175 4832/273/175
f 4832/273/176 4824/267/176 4823/205/176 4831/196/176
f 4831/196/177 4823/205/177 4822/206/177 4830/197/177
f 4830/274/178 4822/268/178 4821/269/178 4829/275/178
f 4829/275/179 4821/269/179 4820/270/179 4828/276/179
f 4828/276/180 4820/270/180 4819/271/180 4827/277/180
f 4827/277/181 4819/271/181 4905/272/181 4906/278/181
f 4834/185/182 4826/194/182 4832/273/182 4840/186/182
f 4840/186/183 4832/273/183 4831/196/183 4839/279/183
f 4839/279/184 4831/196/184 4830/197/184 4838/188/184
f 4838/280/185 4830/274/185 4829/275/185 4837/281/185
f 4837/281/186 4829/275/186 4828/276/186 4836/282/186
f 4836/282/187 4828/276/187 4827/277/187 4835/283/187
f 4835/283/188 4827/277/188 4906/278/188 4907/284/188
f 4842/172/189 4834/185/189 4840/186/189 4848/175/189
f 4848/175/190 4840/186/190 4839/279/190 4847/285/190
f 4847/285/191 4839/279/191 4838/188/191 4846/179/191
f 4846/286/192 4838/280/192 4837/281/192 4845/287/192
f 4845/287/193 4837/281/193 4836/282/193 4844/288/193
f 4844/288/194 4836/282/194 4835/283/194 4843/289/194
f 4843/289/195 4835/283/195 4907/284/195 4908/290/195
f 4850/173/196 4842/172/196 4848/175/196 4856/174/196
f 4856/174/197 4848/175/197 4847/285/197 4855/176/197
f 4855/176/198 4847/285/198 4846/179/198 4854/178/198
f 4854/291/199 4846/286/199 4845/287/199 4853/292/199
f 4853/292/200 4845/287/200 4844/288/200 4852/293/200
f 4852/293/201 4844/288/201 4843/289/201 4851/294/201
f 4851/294/202 4843/289/202 4908/290/202 4909/295/202
f 4858/154/203 4850/163/203 4856/164/203 4864/296/203
f 4864/296/204 4856/164/204 4855/297/204 4863/156/204
f 4863/156/205 4855/297/205 4854/166/205 4862/157/205
f 4862/298/206 4854/291/206 4853/292/206 4861/299/206
f 4861/299/207 4853/292/207 4852/293/207 4860/300/207
f 4860/300/208 4852/293/208 4851/294/208 4859/301/208
f 4859/301/209 4851/294/209 4909/295/209 4910/302/209
f 4866/145/210 4858/154/210 4864/296/210 4872/146/210
f 4872/146/211 4864/296/211 4863/156/211 4871/147/211
f 4871/147/212 4863/156/212 4862/157/212 4870/148/212
f 4870/303/213 4862/298/213 4861/299/213 4869/304/213
f 4869/304/214 4861/299/214 4860/300/214 4868/305/214
f 4868/305/215 4860/300/215 4859/301/215 4867/306/215
f 4867/306/216 4859/301/216 4910/302/216 4911/307/216
f 4874/136/217 4866/145/217 4872/146/217 4880/137/217
f 4880/137/218 4872/146/218 4871/147/218 4879/138/218
f 4879/138/219 4871/147/219 4870/148/219 4878/139/219
f 4878/308/220 4870/303/220 4869/304/220 4877/309/220
f 4877/309/221 4869/304/221 4868/305/221 4876/310/221
f 4876/310/222 4868/305/222 4867/306/222 4875/311/222
f 4875/311/223 4867/306/223 4911/307/223 4912/312/223
f 4626/66/224 4874/136/224 4880/137/224 4632/67/224
f 4632/67/225 4880/137/225 4879/138/225 4631/69/225
f 4631/69/226 4879/138/226 4878/139/226 4630/71/226
f 4630/74/227 4878/308/227 4877/309/227 4629/75/227
f 4629/75/228 4877/309/228 4876/310/228 4628/77/228
f 4628/77/229 4876/310/229 4875/311/229 4627/79/229
f 4627/79/230 4875/311/230 4912/312/230 4881/81/230
f 4849/313/231 4841/314/231 4940/315/231 4941/316/231
f 4593/317/232 4626/66/232 4634/65/232 4594/318/232
f 4624/319/233 4874/136/233 4626/66/233 4593/317/233
f 4594/318/234 4634/65/234 4642/83/234 4595/320/234
f 4595/320/235 4642/83/235 4650/92/235 4596/321/235
f 4596/321/236 4650/92/236 4658/101/236 4597/322/236
f 4597/322/237 4658/101/237 4666/92/237 4598/321/237
f 4598/321/238 4666/92/238 4674/117/238 4599/320/238
f 4599/320/239 4674/117/239 4682/65/239 4600/318/239
f 4600/318/240 4682/65/240 4690/130/240 4601/317/240
f 4601/317/241 4690/130/241 4698/136/241 4602/319/241
f 4602/319/242 4698/136/242 4706/145/242 4603/323/242
f 4603/323/243 4706/145/243 4714/154/243 4604/324/243
f 4604/324/244 4714/154/244 4722/163/244 4605/325/244
f 4605/326/245 4722/173/245 4730/172/245 4606/327/245
f 4606/327/246 4730/172/246 4738/185/246 4607/328/246
f 4607/328/247 4738/185/247 4746/194/247 4608/329/247
f 4608/329/248 4746/194/248 4754/203/248 4609/330/248
f 4609/330/249 4754/203/249 4762/212/249 4610/331/249
f 4610/331/250 4762/212/250 4770/221/250 4611/332/250
f 4611/332/251 4770/221/251 4778/230/251 4612/333/251
f 4612/333/252 4778/230/252 4786/239/252 4613/334/252
f 4613/334/253 4786/239/253 4794/230/253 4614/333/253
f 4614/333/254 4794/230/254 4802/253/254 4615/332/254
f 4615/332/255 4802/253/255 4810/212/255 4616/331/255
f 4616/331/256 4810/212/256 4818/266/256 4617/330/256
f 4617/330/257 4818/266/257 4826/194/257 4618/329/257
f 4618/329/258 4826/194/258 4834/185/258 4619/328/258
f 4619/328/259 4834/185/259 4842/172/259 4620/327/259
f 4620/327/231 4842/172/231 4850/173/231 4621/326/231
f 4621/325/260 4850/163/260 4858/154/260 4622/324/260
f 4622/324/261 4858/154/261 4866/145/261 4623/323/261
f 4623/323/262 4866/145/262 4874/136/262 4624/319/262
f 4625/335/5 4633/336/5 4882/82/5 4881/81/5
f 4633/336/5 4641/337/5 4883/91/5 4882/82/5
f 4641/337/5 4649/338/5 4884/100/5 4883/91/5
f 4649/338/5 4657/339/5 4885/109/5 4884/100/5
f 4657/339/5 4665/340/5 4886/116/5 4885/109/5
f 4665/340/5 4673/341/5 4887/124/5 4886/116/5
f 4673/341/5 4681/342/5 4888/129/5 4887/124/5
f 4681/342/5 4689/343/5 4889/135/5 4888/129/5
f 4689/343/5 4697/344/5 4890/144/5 4889/135/5
f 4697/344/5 4705/345/5 4891/153/5 4890/144/5
f 4705/345/5 4713/346/5 4892/162/5 4891/153/5
f 4713/346/5 4721/347/5 4893/171/5 4892/162/5
f 4721/347/5 4729/348/5 4894/184/5 4893/171/5
f 4729/348/5 4737/349/5 4895/193/5 4894/184/5
f 4737/349/5 4745/350/5 4896/202/5 4895/193/5
f 4745/350/5 4753/351/5 4897/211/5 4896/202/5
f 4753/351/5 4761/352/5 4898/220/5 4897/211/5
f 4761/352/5 4769/353/5 4899/229/5 4898/220/5
f 4769/353/5 4777/354/5 4900/238/5 4899/229/5
f 4777/354/5 4785/355/5 4901/247/5 4900/238/5
f 4785/355/5 4793/356/5 4902/252/5 4901/247/5
f 4793/356/5 4801/357/5 4903/258/5 4902/252/5
f 4801/357/5 4809/358/5 4904/265/5 4903/258/5
f 4809/358/5 4817/359/5 4905/272/5 4904/265/5
f 4817/359/5 4825/360/5 4906/278/5 4905/272/5
f 4825/360/5 4833/361/5 4907/284/5 4906/278/5
f 4833/361/5 4841/362/5 4908/290/5 4907/284/5
f 4841/362/5 4849/363/5 4909/295/5 4908/290/5
f 4849/363/5 4857/364/5 4910/302/5 4909/295/5
f 4857/364/5 4865/365/5 4911/307/5 4910/302/5
f 4865/365/5 4873/366/5 4912/312/5 4911/307/5
f 4873/366/5 4625/335/5 4881/81/5 4912/312/5
f 4925/367/6 4924/368/6 4956/369/6 4957/370/6
f 4745/371/247 4737/372/247 4927/373/247 4928/374/247
f 4641/375/234 4633/376/234 4914/377/234 4915/378/234
f 4857/379/260 4849/380/260 4941/381/260 4942/382/260
f 4753/383/248 4745/371/248 4928/374/248 4929/384/248
f 4649/385/235 4641/375/235 4915/378/235 4916/386/235
f 4865/387/261 4857/379/261 4942/382/261 4943/388/261
f 4761/389/249 4753/383/249 4929/384/249 4930/390/249
f 4657/391/236 4649/385/236 4916/386/236 4917/392/236
f 4873/393/262 4865/387/262 4943/388/262 4944/394/262
f 4769/395/250 4761/389/250 4930/390/250 4931/396/250
f 4665/385/237 4657/391/237 4917/392/237 4918/386/237
f 4625/397/233 4873/393/233 4944/394/233 4913/398/233
f 4777/399/251 4769/395/251 4931/396/251 4932/400/251
f 4673/375/238 4665/385/238 4918/386/238 4919/378/238
f 4785/401/252 4777/399/252 4932/400/252 4933/402/252
f 4681/376/239 4673/375/239 4919/378/239 4920/377/239
f 4793/399/253 4785/401/253 4933/402/253 4934/400/253
f 4689/397/240 4681/376/240 4920/377/240 4921/398/240
f 4801/395/254 4793/399/254 4934/400/254 4935/396/254
f 4697/393/241 4689/397/241 4921/398/241 4922/394/241
f 4809/389/255 4801/395/255 4935/396/255 4936/390/255
f 4705/387/242 4697/393/242 4922/394/242 4923/388/242
f 4817/383/256 4809/389/256 4936/390/256 4937/384/256
f 4713/403/243 4705/387/243 4923/388/243 4924/404/243
f 4825/371/257 4817/383/257 4937/384/257 4938/374/257
f 4721/380/244 4713/403/244 4924/404/244 4925/381/244
f 4833/372/258 4825/371/258 4938/374/258 4939/373/258
f 4729/314/245 4721/313/245 4925/316/245 4926/315/245
f 4841/314/259 4833/372/259 4939/373/259 4940/315/259
f 4737/372/246 4729/314/246 4926/315/246 4927/373/246
f 4633/376/232 4625/397/232 4913/398/232 4914/377/232
f 4960/405/247 4959/406/247 4991/407/247 4992/408/247
f 4939/409/6 4938/410/6 4970/411/6 4971/412/6
f 4926/413/6 4925/367/6 4957/370/6 4958/414/6
f 4940/415/6 4939/409/6 4971/412/6 4972/416/6
f 4927/417/6 4926/413/6 4958/414/6 4959/418/6
f 4914/419/6 4913/420/6 4945/421/6 4946/422/6
f 4941/423/6 4940/415/6 4972/416/6 4973/424/6
f 4928/425/6 4927/417/6 4959/418/6 4960/426/6
f 4915/427/6 4914/419/6 4946/422/6 4947/428/6
f 4942/429/6 4941/423/6 4973/424/6 4974/430/6
f 4929/431/6 4928/425/6 4960/426/6 4961/432/6
f 4916/433/6 4915/427/6 4947/428/6 4948/434/6
f 4943/435/6 4942/429/6 4974/430/6 4975/436/6
f 4930/437/6 4929/431/6 4961/432/6 4962/438/6
f 4917/439/6 4916/433/6 4948/434/6 4949/440/6
f 4944/441/6 4943/435/6 4975/436/6 4976/442/6
f 4931/443/6 4930/437/6 4962/438/6 4963/444/6
f 4918/445/6 4917/439/6 4949/440/6 4950/446/6
f 4913/420/6 4944/441/6 4976/442/6 4945/421/6
f 4932/447/6 4931/443/6 4963/444/6 4964/448/6
f 4919/449/6 4918/445/6 4950/446/6 4951/450/6
f 4933/451/6 4932/447/6 4964/448/6 4965/452/6
f 4920/453/6 4919/449/6 4951/450/6 4952/454/6
f 4934/455/6 4933/451/6 4965/452/6 4966/456/6
f 4921/457/6 4920/453/6 4952/454/6 4953/458/6
f 4935/459/6 4934/455/6 4966/456/6 4967/460/6
f 4922/461/6 4921/457/6 4953/458/6 4954/462/6
f 4936/463/6 4935/459/6 4967/460/6 4968/464/6
f 4923/465/6 4922/461/6 4954/462/6 4955/466/6
f 4937/467/6 4936/463/6 4968/464/6 4969/468/6
f 4924/368/6 4923/465/6 4955/466/6 4956/369/6
f 4938/410/6 4937/467/6 4969/468/6 4970/411/6
f 4978/469/5 4977/470/5 5008/471/5 5007/472/5 5006/473/5 5005/474/5 5004/475/5 5003/476/5 5002/477/5 5001/478/5 5000/479/5 4999/480/5 4998/481/5 4997/482/5 4996/483/5 4995/484/5 4994/485/5 4993/486/5 4992/487/5 4991/488/5 4990/489/5 4989/490/5 4988/491/5 4987/492/5 4986/493/5 4985/494/5 4984/495/5 4983/496/5 4982/497/5 4981/498/5 4980/499/5 4979/500/5
f 4947/501/234 4946/502/234 4978/503/234 4979/504/234
f 4974/505/260 4973/506/260 5005/507/260 5006/508/260
f 4961/509/248 4960/405/248 4992/408/248 4993/510/248
f 4948/511/235 4947/501/235 4979/504/235 4980/512/235
f 4975/513/261 4974/505/261 5006/508/261 5007/514/261
f 4962/515/249 4961/509/249 4993/510/249 4994/516/249
f 4949/517/236 4948/511/236 4980/512/236 4981/518/236
f 4976/519/262 4975/513/262 5007/514/262 5008/520/262
f 4963/521/250 4962/515/250 4994/516/250 4995/522/250
f 4950/523/237 4949/517/237 4981/518/237 4982/524/237
f 4945/525/233 4976/519/233 5008/520/233 4977/526/233
f 4964/527/251 4963/521/251 4995/522/251 4996/528/251
f 4951/501/238 4950/523/238 4982/524/238 4983/504/238
f 4965/529/252 4964/527/252 4996/528/252 4997/530/252
f 4952/502/239 4951/501/239 4983/504/239 4984/503/239
f 4966/531/253 4965/532/253 4997/533/253 4998/534/253
f 4953/525/240 4952/502/240 4984/503/240 4985/526/240
f 4967/535/254 4966/531/254 4998/534/254 4999/536/254
f 4954/519/241 4953/525/241 4985/526/241 4986/520/241
f 4968/537/255 4967/535/255 4999/536/255 5000/538/255
f 4955/513/242 4954/519/242 4986/520/242 4987/514/242
f 4969/539/256 4968/537/256 5000/538/256 5001/540/256
f 4956/541/243 4955/513/243 4987/514/243 4988/542/243
f 4970/543/257 4969/539/257 5001/540/257 5002/544/257
f 4957/506/244 4956/541/244 4988/542/244 4989/507/244
f 4971/545/258 4970/543/258 5002/544/258 5003/546/258
f 4958/547/245 4957/548/245 4989/549/245 4990/550/245
f 4972/551/259 4971/545/259 5003/546/259 5004/552/259
f 4959/406/246 4958/547/246 4990/550/246 4991/407/246
f 4946/502/232 4945/525/232 4977/526/232 4978/503/232
f 4973/553/231 4972/551/231 5004/552/231 5005/554/231
f 5009/33/6 5010/34/6 5011/35/6 5012/36/6 5013/37/6 5014/38/6 5015/39/6 5016/40/6 5017/41/6 5018/42/6 5019/43/6 5020/44/6 5021/45/6 5022/46/6 5023/47/6 5024/48/6 5025/49/6 5026/50/6 5027/51/6 5028/52/6 5029/53/6 5030/54/6 5031/55/6 5032/56/6 5033/57/6 5034/58/6 5035/59/6 5036/60/6 5037/61/6 5038/62/6 5039/63/6 5040/64/6
f 5050/65/7 5042/66/7 5048/67/7 5056/68/7
f 5056/68/8 5048/67/8 5047/69/8 5055/70/8
f 5055/70/9 5047/69/9 5046/71/9 5054/72/9
f 5054/73/10 5046/74/10 5045/75/10 5053/76/10
f 5053/76/11 5045/75/11 5044/77/11 5052/78/11
f 5052/78/12 5044/77/12 5043/79/12 5051/80/12
f 5051/80/13 5043/79/13 5297/81/13 5298/82/13
f 5058/83/14 5050/65/14 5056/68/14 5064/84/14
f 5064/84/15 5056/68/15 5055/70/15 5063/85/15
f 5063/85/16 5055/70/16 5054/72/16 5062/86/16
f 5062/87/17 5054/73/17 5053/76/17 5061/88/17
f 5061/88/18 5053/76/18 5052/78/18 5060/89/18
f 5060/89/19 5052/78/19 5051/80/19 5059/90/19
f 5059/90/20 5051/80/20 5298/82/20 5299/91/20
f 5066/92/21 5058/83/21 5064/84/21 5072/93/21
f 5072/93/22 5064/84/22 5063/85/22 5071/94/22
f 5071/94/23 5063/85/23 5062/86/23 5070/95/23
f 5070/96/24 5062/87/24 5061/88/24 5069/97/24
f 5069/97/25 5061/88/25 5060/89/25 5068/98/25
f 5068/98/26 5060/89/26 5059/90/26 5067/99/26
f 5067/99/27 5059/90/27 5299/91/27 5300/100/27
f 5074/101/28 5066/92/28 5072/93/28 5080/102/28
f 5080/102/29 5072/93/29 5071/94/29 5079/103/29
f 5079/103/30 5071/94/30 5070/95/30 5078/104/30
f 5078/105/31 5070/96/31 5069/97/31 5077/106/31
f 5077/106/32 5069/97/32 5068/98/32 5076/107/32
f 5076/107/33 5068/98/33 5067/99/33 5075/108/33
f 5075/108/34 5067/99/34 5300/100/34 5301/109/34
f 5082/92/35 5074/101/35 5080/102/35 5088/110/35
f 5088/110/36 5080/102/36 5079/103/36 5087/111/36
f 5087/111/37 5079/103/37 5078/104/37 5086/95/37
f 5086/112/38 5078/105/38 5077/106/38 5085/113/38
f 5085/113/39 5077/106/39 5076/107/39 5084/114/39
f 5084/114/40 5076/107/40 5075/108/40 5083/115/40
f 5083/115/41 5075/108/41 5301/109/41 5302/116/41
f 5090/117/42 5082/92/42 5088/110/42 5096/118/42
f 5096/118/43 5088/110/43 5087/111/43 5095/119/43
f 5095/119/44 5087/111/44 5086/95/44 5094/86/44
f 5094/120/45 5086/112/45 5085/113/45 5093/121/45
f 5093/121/46 5085/113/46 5084/114/46 5092/122/46
f 5092/122/47 5084/114/47 5083/115/47 5091/123/47
f 5091/123/48 5083/115/48 5302/116/48 5303/124/48
f 5098/65/49 5090/117/49 5096/118/49 5104/68/49
f 5104/68/50 5096/118/50 5095/119/50 5103/70/50
f 5103/70/51 5095/119/51 5094/86/51 5102/72/51
f 5102/125/52 5094/120/52 5093/121/52 5101/126/52
f 5101/126/53 5093/121/53 5092/122/53 5100/127/53
f 5100/127/54 5092/122/54 5091/123/54 5099/128/54
f 5099/128/55 5091/123/55 5303/124/55 5304/129/55
f 5106/130/56 5098/65/56 5104/68/56 5112/67/56
f 5112/67/57 5104/68/57 5103/70/57 5111/69/57
f 5111/69/58 5103/70/58 5102/72/58 5110/71/58
f 5110/131/59 5102/125/59 5101/126/59 5109/132/59
f 5109/132/60 5101/126/60 5100/127/60 5108/133/60
f 5108/133/61 5100/127/61 5099/128/61 5107/134/61
f 5107/134/62 5099/128/62 5304/129/62 5305/135/62
f 5114/136/63 5106/130/63 5112/67/63 5120/137/63
f 5120/137/64 5112/67/64 5111/69/64 5119/138/64
f 5119/138/65 5111/69/65 5110/71/65 5118/139/65
f 5118/140/66 5110/131/66 5109/132/66 5117/141/66
f 5117/141/67 5109/132/67 5108/133/67 5116/142/67
f 5116/142/68 5108/133/68 5107/134/68 5115/143/68
f 5115/143/69 5107/134/69 5305/135/69 5306/144/69
f 5122/145/70 5114/136/70 5120/137/70 5128/146/70
f 5128/146/71 5120/137/71 5119/138/71 5127/147/71
f 5127/147/72 5119/138/72 5118/139/72 5126/148/72
f 5126/149/73 5118/140/73 5117/141/73 5125/150/73
f 5125/150/74 5117/141/74 5116/142/74 5124/151/74
f 5124/151/75 5116/142/75 5115/143/75 5123/152/75
f 5123/152/76 5115/143/76 5306/144/76 5307/153/76
f 5130/154/77 5122/145/77 5128/146/77 5136/155/77
f 5136/155/78 5128/146/78 5127/147/78 5135/156/78
f 5135/156/79 5127/147/79 5126/148/79 5134/157/79
f 5134/158/80 5126/149/80 5125/150/80 5133/159/80
f 5133/159/81 5125/150/81 5124/151/81 5132/160/81
f 5132/160/82 5124/151/82 5123/152/82 5131/161/82
f 5131/161/83 5123/152/83 5307/153/83 5308/162/83
f 5138/163/84 5130/154/84 5136/155/84 5144/164/84
f 5144/164/85 5136/155/85 5135/156/85 5143/165/85
f 5143/165/86 5135/156/86 5134/157/86 5142/166/86
f 5142/167/87 5134/158/87 5133/159/87 5141/168/87
f 5141/168/88 5133/159/88 5132/160/88 5140/169/88
f 5140/169/89 5132/160/89 5131/161/89 5139/170/89
f 5139/170/90 5131/161/90 5308/162/90 5309/171/90
f 5146/172/91 5138/173/91 5144/174/91 5152/175/91
f 5152/175/92 5144/174/92 5143/176/92 5151/177/92
f 5151/177/93 5143/176/93 5142/178/93 5150/179/93
f 5150/180/94 5142/167/94 5141/168/94 5149/181/94
f 5149/181/95 5141/168/95 5140/169/95 5148/182/95
f 5148/182/96 5140/169/96 5139/170/96 5147/183/96
f 5147/183/97 5139/170/97 5309/171/97 5310/184/97
f 5154/185/98 5146/172/98 5152/175/98 5160/186/98
f 5160/186/99 5152/175/99 5151/177/99 5159/187/99
f 5159/187/100 5151/177/100 5150/179/100 5158/188/100
f 5158/189/101 5150/180/101 5149/181/101 5157/190/101
f 5157/190/102 5149/181/102 5148/182/102 5156/191/102
f 5156/191/103 5148/182/103 5147/183/103 5155/192/103
f 5155/192/104 5147/183/104 5310/184/104 5311/193/104
f 5162/194/105 5154/185/105 5160/186/105 5168/195/105
f 5168/195/106 5160/186/106 5159/187/106 5167/196/106
f 5167/196/107 5159/187/107 5158/188/107 5166/197/107
f 5166/198/108 5158/189/108 5157/190/108 5165/199/108
f 5165/199/109 5157/190/109 5156/191/109 5164/200/109
f 5164/200/110 5156/191/110 5155/192/110 5163/201/110
f 5163/201/111 5155/192/111 5311/193/111 5312/202/111
f 5170/203/112 5162/194/112 5168/195/112 5176/204/112
f 5176/204/113 5168/195/113 5167/196/113 5175/205/113
f 5175/205/114 5167/196/114 5166/197/114 5174/206/114
f 5174/207/115 5166/198/115 5165/199/115 5173/208/115
f 5173/208/116 5165/199/116 5164/200/116 5172/209/116
f 5172/209/117 5164/200/117 5163/201/117 5171/210/117
f 5171/210/118 5163/201/118 5312/202/118 5313/211/118
f 5178/212/119 5170/203/119 5176/204/119 5184/213/119
f 5184/213/120 5176/204/120 5175/205/120 5183/214/120
f 5183/214/121 5175/205/121 5174/206/121 5182/215/121
f 5182/216/122 5174/207/122 5173/208/122 5181/217/122
f 5181/217/123 5173/208/123 5172/209/123 5180/218/123
f 5180/218/124 5172/209/124 5171/210/124 5179/219/124
f 5179/219/125 5171/210/125 5313/211/125 5314/220/125
f 5186/221/126 5178/212/126 5184/213/126 5192/222/126
f 5192/222/127 5184/213/127 5183/214/127 5191/223/127
f 5191/223/128 5183/214/128 5182/215/128 5190/224/128
f 5190/225/129 5182/216/129 5181/217/129 5189/226/129
f 5189/226/130 5181/217/130 5180/218/130 5188/227/130
f 5188/227/131 5180/218/131 5179/219/131 5187/228/131
f 5187/228/132 5179/219/132 5314/220/132 5315/229/132
f 5194/230/133 5186/221/133 5192/222/133 5200/231/133
f 5200/231/134 5192/222/134 5191/223/134 5199/232/134
f 5199/232/135 5191/223/135 5190/224/135 5198/233/135
f 5198/234/136 5190/225/136 5189/226/136 5197/235/136
f 5197/235/137 5189/226/137 5188/227/137 5196/236/137
f 5196/236/138 5188/227/138 5187/228/138 5195/237/138
f 5195/237/139 5187/228/139 5315/229/139 5316/238/139
f 5202/239/140 5194/230/140 5200/231/140 5208/240/140
f 5208/240/141 5200/231/141 5199/232/141 5207/241/141
f 5207/241/142 5199/232/142 5198/233/142 5206/242/142
f 5206/243/143 5198/234/143 5197/235/143 5205/244/143
f 5205/244/144 5197/235/144 5196/236/144 5204/245/144
f 5204/245/145 5196/236/145 5195/237/145 5203/246/145
f 5203/246/146 5195/237/146 5316/238/146 5317/247/146
f 5210/230/147 5202/239/147 5208/240/147 5216/231/147
f 5216/231/148 5208/240/148 5207/241/148 5215/232/148
f 5215/232/149 5207/241/149 5206/242/149 5214/233/149
f 5214/248/150 5206/243/150 5205/244/150 5213/249/150
f 5213/249/151 5205/244/151 5204/245/151 5212/250/151
f 5212/250/152 5204/245/152 5203/246/152 5211/251/152
f 5211/251/153 5203/246/153 5317/247/153 5318/252/153
f 5218/253/154 5210/230/154 5216/231/154 5224/222/154
f 5224/222/155 5216/231/155 5215/232/155 5223/223/155
f 5223/223/156 5215/232/156 5214/233/156 5222/224/156
f 5222/254/157 5214/248/157 5213/249/157 5221/255/157
f 5221/255/158 5213/249/158 5212/250/158 5220/256/158
f 5220/256/159 5212/250/159 5211/251/159 5219/257/159
f 5219/257/160 5211/251/160 5318/252/160 5319/258/160
f 5226/212/161 5218/253/161 5224/222/161 5232/259/161
f 5232/259/162 5224/222/162 5223/223/162 5231/214/162
f 5231/214/163 5223/223/163 5222/224/163 5230/260/163
f 5230/261/164 5222/254/164 5221/255/164 5229/262/164
f 5229/262/165 5221/255/165 5220/256/165 5228/263/165
f 5228/263/166 5220/256/166 5219/257/166 5227/264/166
f 5227/264/167 5219/257/167 5319/258/167 5320/265/167
f 5234/266/168 5226/212/168 5232/259/168 5240/267/168
f 5240/267/169 5232/259/169 5231/214/169 5239/205/169
f 5239/205/170 5231/214/170 5230/260/170 5238/206/170
f 5238/268/171 5230/261/171 5229/262/171 5237/269/171
f 5237/269/172 5229/262/172 5228/263/172 5236/270/172
f 5236/270/173 5228/263/173 5227/264/173 5235/271/173
f 5235/271/174 5227/264/174 5320/265/174 5321/272/174
f 5242/194/175 5234/266/175 5240/267/175 5248/273/175
f 5248/273/176 5240/267/176 5239/205/176 5247/196/176
f 5247/196/177 5239/205/177 5238/206/177 5246/197/177
f 5246/274/178 5238/268/178 5237/269/178 5245/275/178
f 5245/275/179 5237/269/179 5236/270/179 5244/276/179
f 5244/276/180 5236/270/180 5235/271/180 5243/277/180
f 5243/277/181 5235/271/181 5321/272/181 5322/278/181
f 5250/185/182 5242/194/182 5248/273/182 5256/186/182
f 5256/186/183 5248/273/183 5247/196/183 5255/279/183
f 5255/279/184 5247/196/184 5246/197/184 5254/188/184
f 5254/280/185 5246/274/185 5245/275/185 5253/281/185
f 5253/281/186 5245/275/186 5244/276/186 5252/282/186
f 5252/282/187 5244/276/187 5243/277/187 5251/283/187
f 5251/283/188 5243/277/188 5322/278/188 5323/284/188
f 5258/172/189 5250/185/189 5256/186/189 5264/175/189
f 5264/175/190 5256/186/190 5255/279/190 5263/285/190
f 5263/285/191 5255/279/191 5254/188/191 5262/179/191
f 5262/286/192 5254/280/192 5253/281/192 5261/287/192
f 5261/287/193 5253/281/193 5252/282/193 5260/288/193
f 5260/288/194 5252/282/194 5251/283/194 5259/289/194
f 5259/289/195 5251/283/195 5323/284/195 5324/290/195
f 5266/173/196 5258/172/196 5264/175/196 5272/174/196
f 5272/174/197 5264/175/197 5263/285/197 5271/176/197
f 5271/176/198 5263/285/198 5262/179/198 5270/178/198
f 5270/291/199 5262/286/199 5261/287/199 5269/292/199
f 5269/292/200 5261/287/200 5260/288/200 5268/293/200
f 5268/293/201 5260/288/201 5259/289/201 5267/294/201
f 5267/294/202 5259/289/202 5324/290/202 5325/295/202
f 5274/154/203 5266/163/203 5272/164/203 5280/296/203
f 5280/296/204 5272/164/204 5271/297/204 5279/156/204
f 5279/156/205 5271/297/205 5270/166/205 5278/157/205
f 5278/298/206 5270/291/206 5269/292/206 5277/299/206
f 5277/299/207 5269/292/207 5268/293/207 5276/300/207
f 5276/300/208 5268/293/208 5267/294/208 5275/301/208
f 5275/301/209 5267/294/209 5325/295/209 5326/302/209
f 5282/145/210 5274/154/210 5280/296/210 5288/146/210
f 5288/146/211 5280/296/211 5279/156/211 5287/147/211
f 5287/147/212 5279/156/212 5278/157/212 5286/148/212
f 5286/303/213 5278/298/213 5277/299/213 5285/304/213
f 5285/304/214 5277/299/214 5276/300/214 5284/305/214
f 5284/305/215 5276/300/215 5275/301/215 5283/306/215
f 5283/306/216 5275/301/216 5326/302/216 5327/307/216
f 5290/136/217 5282/145/217 5288/146/217 5296/137/217
f 5296/137/218 5288/146/218 5287/147/218 5295/138/218
f 5295/138/219 5287/147/219 5286/148/219 5294/139/219
f 5294/308/220 5286/303/220 5285/304/220 5293/309/220
f 5293/309/221 5285/304/221 5284/305/221 5292/310/221
f 5292/310/222 5284/305/222 5283/306/222 5291/311/222
f 5291/311/223 5283/306/223 5327/307/223 5328/312/223
f 5042/66/224 5290/136/224 5296/137/224 5048/67/224
f 5048/67/225 5296/137/225 5295/138/225 5047/69/225
f 5047/69/226 5295/138/226 5294/139/226 5046/71/226
f 5046/74/227 5294/308/227 5293/309/227 5045/75/227
f 5045/75/228 5293/309/228 5292/310/228 5044/77/228
f 5044/77/229 5292/310/229 5291/311/229 5043/79/229
f 5043/79/230 5291/311/230 5328/312/230 5297/81/230
f 5265/313/231 5257/314/231 5356/315/231 5357/316/231
f 5009/317/232 5042/66/232 5050/65/232 5010/318/232
f 5040/319/233 5290/136/233 5042/66/233 5009/317/233
f 5010/318/234 5050/65/234 5058/83/234 5011/320/234
f 5011/320/235 5058/83/235 5066/92/235 5012/321/235
f 5012/321/236 5066/92/236 5074/101/236 5013/322/236
f 5013/322/237 5074/101/237 5082/92/237 5014/321/237
f 5014/321/238 5082/92/238 5090/117/238 5015/320/238
f 5015/320/239 5090/117/239 5098/65/239 5016/318/239
f 5016/318/240 5098/65/240 5106/130/240 5017/317/240
f 5017/317/241 5106/130/241 5114/136/241 5018/319/241
f 5018/319/242 5114/136/242 5122/145/242 5019/323/242
f 5019/323/243 5122/145/243 5130/154/243 5020/324/243
f 5020/324/244 5130/154/244 5138/163/244 5021/325/244
f 5021/326/245 5138/173/245 5146/172/245 5022/327/245
f 5022/327/246 5146/172/246 5154/185/246 5023/328/246
f 5023/328/247 5154/185/247 5162/194/247 5024/329/247
f 5024/329/248 5162/194/248 5170/203/248 5025/330/248
f 5025/330/249 5170/203/249 5178/212/249 5026/331/249
f 5026/331/250 5178/212/250 5186/221/250 5027/332/250
f 5027/332/251 5186/221/251 5194/230/251 5028/333/251
f 5028/333/252 5194/230/252 5202/239/252 5029/334/252
f 5029/334/253 5202/239/253 5210/230/253 5030/333/253
f 5030/333/254 5210/230/254 5218/253/254 5031/332/254
f 5031/332/255 5218/253/255 5226/212/255 5032/331/255
f 5032/331/256 5226/212/256 5234/266/256 5033/330/256
f 5033/330/257 5234/266/257 5242/194/257 5034/329/257
f 5034/329/258 5242/194/258 5250/185/258 5035/328/258
f 5035/328/259 5250/185/259 5258/172/259 5036/327/259
f 5036/327/231 5258/172/231 5266/173/231 5037/326/231
f 5037/325/260 5266/163/260 5274/154/260 5038/324/260
f 5038/324/261 5274/154/261 5282/145/261 5039/323/261
f 5039/323/262 5282/145/262 5290/136/262 5040/319/262
f 5041/335/5 5049/336/5 5298/82/5 5297/81/5
f 5049/336/5 5057/337/5 5299/91/5 5298/82/5
f 5057/337/5 5065/338/5 5300/100/5 5299/91/5
f 5065/338/5 5073/339/5 5301/109/5 5300/100/5
f 5073/339/5 5081/340/5 5302/116/5 5301/109/5
f 5081/340/5 5089/341/5 5303/124/5 5302/116/5
f 5089/341/5 5097/342/5 5304/129/5 5303/124/5
f 5097/342/5 5105/343/5 5305/135/5 5304/129/5
f 5105/343/5 5113/344/5 5306/144/5 5305/135/5
f 5113/344/5 5121/345/5 5307/153/5 5306/144/5
f 5121/345/5 5129/346/5 5308/162/5 5307/153/5
f 5129/346/5 5137/347/5 5309/171/5 5308/162/5
f 5137/347/5 5145/348/5 5310/184/5 5309/171/5
f 5145/348/5 5153/349/5 5311/193/5 5310/184/5
f 5153/349/5 5161/350/5 5312/202/5 5311/193/5
f 5161/350/5 5169/351/5 5313/211/5 5312/202/5
f 5169/351/5 5177/352/5 5314/220/5 5313/211/5
f 5177/352/5 5185/353/5 5315/229/5 5314/220/5
f 5185/353/5 5193/354/5 5316/238/5 5315/229/5
f 5193/354/5 5201/355/5 5317/247/5 5316/238/5
f 5201/355/5 5209/356/5 5318/252/5 5317/247/5
f 5209/356/5 5217/357/5 5319/258/5 5318/252/5
f 5217/357/5 5225/358/5 5320/265/5 5319/258/5
f 5225/358/5 5233/359/5 5321/272/5 5320/265/5
f 5233/359/5 5241/360/5 5322/278/5 5321/272/5
f 5241/360/5 5249/361/5 5323/284/5 5322/278/5
f 5249/361/5 5257/362/5 5324/290/5 5323/284/5
f 5257/362/5 5265/363/5 5325/295/5 5324/290/5
f 5265/363/5 5273/364/5 5326/302/5 5325/295/5
f 5273/364/5 5281/365/5 5327/307/5 5326/302/5
f 5281/365/5 5289/366/5 5328/312/5 5327/307/5
f 5289/366/5 5041/335/5 5297/81/5 5328/312/5
f 5341/367/6 5340/368/6 5372/369/6 5373/370/6
f 5161/371/247 5153/372/247 5343/373/247 5344/374/247
f 5057/375/234 5049/376/234 5330/377/234 5331/378/234
f 5273/379/260 5265/380/260 5357/381/260 5358/382/260
f 5169/383/248 5161/371/248 5344/374/248 5345/384/248
f 5065/385/235 5057/375/235 5331/378/235 5332/386/235
f 5281/387/261 5273/379/261 5358/382/261 5359/388/261
f 5177/389/249 5169/383/249 5345/384/249 5346/390/249
f 5073/391/236 5065/385/236 5332/386/236 5333/392/236
f 5289/393/262 5281/387/262 5359/388/262 5360/394/262
f 5185/395/250 5177/389/250 5346/390/250 5347/396/250
f 5081/385/237 5073/391/237 5333/392/237 5334/386/237
f 5041/397/233 5289/393/233 5360/394/233 5329/398/233
f 5193/399/251 5185/395/251 5347/396/251 5348/400/251
f 5089/375/238 5081/385/238 5334/386/238 5335/378/238
f 5201/401/252 5193/399/252 5348/400/252 5349/402/252
f 5097/376/239 5089/375/239 5335/378/239 5336/377/239
f 5209/399/253 5201/401/253 5349/402/253 5350/400/253
f 5105/397/240 5097/376/240 5336/377/240 5337/398/240
f 5217/395/254 5209/399/254 5350/400/254 5351/396/254
f 5113/393/241 5105/397/241 5337/398/241 5338/394/241
f 5225/389/255 5217/395/255 5351/396/255 5352/390/255
f 5121/387/242 5113/393/242 5338/394/242 5339/388/242
f 5233/383/256 5225/389/256 5352/390/256 5353/384/256
f 5129/403/243 5121/387/243 5339/388/243 5340/404/243
f 5241/371/257 5233/383/257 5353/384/257 5354/374/257
f 5137/380/244 5129/403/244 5340/404/244 5341/381/244
f 5249/372/258 5241/371/258 5354/374/258 5355/373/258
f 5145/314/245 5137/313/245 5341/316/245 5342/315/245
f 5257/314/259 5249/372/259 5355/373/259 5356/315/259
f 5153/372/246 5145/314/246 5342/315/246 5343/373/246
f 5049/376/232 5041/397/232 5329/398/232 5330/377/232
f 5376/405/247 5375/406/247 5407/407/247 5408/408/247
f 5355/409/6 5354/410/6 5386/411/6 5387/412/6
f 5342/413/6 5341/367/6 5373/370/6 5374/414/6
f 5356/415/6 5355/409/6 5387/412/6 5388/416/6
f 5343/417/6 5342/413/6 5374/414/6 5375/418/6
f 5330/419/6 5329/420/6 5361/421/6 5362/422/6
f 5357/423/6 5356/415/6 5388/416/6 5389/424/6
f 5344/425/6 5343/417/6 5375/418/6 5376/426/6
f 5331/427/6 5330/419/6 5362/422/6 5363/428/6
f 5358/429/6 5357/423/6 5389/424/6 5390/430/6
f 5345/431/6 5344/425/6 5376/426/6 5377/432/6
f 5332/433/6 5331/427/6 5363/428/6 5364/434/6
f 5359/435/6 5358/429/6 5390/430/6 5391/436/6
f 5346/437/6 5345/431/6 5377/432/6 5378/438/6
f 5333/439/6 5332/433/6 5364/434/6 5365/440/6
f 5360/441/6 5359/435/6 5391/436/6 5392/442/6
f 5347/443/6 5346/437/6 5378/438/6 5379/444/6
f 5334/445/6 5333/439/6 5365/440/6 5366/446/6
f 5329/420/6 5360/441/6 5392/442/6 5361/421/6
f 5348/447/6 5347/443/6 5379/444/6 5380/448/6
f 5335/449/6 5334/445/6 5366/446/6 5367/450/6
f 5349/451/6 5348/447/6 5380/448/6 5381/452/6
f 5336/453/6 5335/449/6 5367/450/6 5368/454/6
f 5350/455/6 5349/451/6 5381/452/6 5382/456/6
f 5337/457/6 5336/453/6 5368/454/6 5369/458/6
f 5351/459/6 5350/455/6 5382/456/6 5383/460/6
f 5338/461/6 5337/457/6 5369/458/6 5370/462/6
f 5352/463/6 5351/459/6 5383/460/6 5384/464/6
f 5339/465/6 5338/461/6 5370/462/6 5371/466/6
f 5353/467/6 5352/463/6 5384/464/6 5385/468/6
f 5340/368/6 5339/465/6 5371/466/6 5372/369/6
f 5354/410/6 5353/467/6 5385/468/6 5386/411/6
f 5394/469/5 5393/470/5 5424/471/5 5423/472/5 5422/473/5 5421/474/5 5420/475/5 5419/476/5 5418/477/5 5417/478/5 5416/479/5 5415/480/5 5414/481/5 5413/482/5 5412/483/5 5411/484/5 5410/485/5 5409/486/5 5408/487/5 5407/488/5 5406/489/5 5405/490/5 5404/491/5 5403/492/5 5402/493/5 5401/494/5 5400/495/5 5399/496/5 5398/497/5 5397/498/5 5396/499/5 5395/500/5
f 5363/501/234 5362/502/234 5394/503/234 5395/504/234
f 5390/505/260 5389/506/260 5421/507/260 5422/508/260
f 5377/509/248 5376/405/248 5408/408/248 5409/510/248
f 5364/511/235 5363/501/235 5395/504/235 5396/512/235
f 5391/513/261 5390/505/261 5422/508/261 5423/514/261
f 5378/515/249 5377/509/249 5409/510/249 5410/516/249
f 5365/517/236 5364/511/236 5396/512/236 5397/518/236
f 5392/519/262 5391/513/262 5423/514/262 5424/520/262
f 5379/521/250 5378/515/250 5410/516/250 5411/522/250
f 5366/523/237 5365/517/237 5397/518/237 5398/524/237
f 5361/525/233 5392/519/233 5424/520/233 5393/526/233
f 5380/527/251 5379/521/251 5411/522/251 5412/528/251
f 5367/501/238 5366/523/238 5398/524/238 5399/504/238
f 5381/529/252 5380/527/252 5412/528/252 5413/530/252
f 5368/502/239 5367/501/239 5399/504/239 5400/503/239
f 5382/531/253 5381/532/253 5413/533/253 5414/534/253
f 5369/525/240 5368/502/240 5400/503/240 5401/526/240
f 5383/535/254 5382/531/254 5414/534/254 5415/536/254
f 5370/519/241 5369/525/241 5401/526/241 5402/520/241
f 5384/537/255 5383/535/255 5415/536/255 5416/538/255
f 5371/513/242 5370/519/242 5402/520/242 5403/514/242
f 5385/539/256 5384/537/256 5416/538/256 5417/540/256
f 5372/541/243 5371/513/243 5403/514/243 5404/542/243
f 5386/543/257 5385/539/257 5417/540/257 5418/544/257
f 5373/506/244 5372/541/244 5404/542/244 5405/507/244
f 5387/545/258 5386/543/258 5418/544/258 5419/546/258
f 5374/547/245 5373/548/245 5405/549/245 5406/550/245
f 5388/551/259 5387/545/259 5419/546/259 5420/552/259
f 5375/406/246 5374/547/246 5406/550/246 5407/407/246
f 5362/502/232 5361/525/232 5393/526/232 5394/503/232
f 5389/553/231 5388/551/231 5420/552/231 5421/554/231
f 5425/33/6 5426/34/6 5427/35/6 5428/36/6 5429/37/6 5430/38/6 5431/39/6 5432/40/6 5433/41/6 5434/42/6 5435/43/6 5436/44/6 5437/45/6 5438/46/6 5439/47/6 5440/48/6 5441/49/6 5442/50/6 5443/51/6 5444/52/6 5445/53/6 5446/54/6 5447/55/6 5448/56/6 5449/57/6 5450/58/6 5451/59/6 5452/60/6 5453/61/6 5454/62/6 5455/63/6 5456/64/6
f 5466/65/7 5458/66/7 5464/67/7 5472/68/7
f 5472/68/8 5464/67/8 5463/69/8 5471/70/8
f 5471/70/9 5463/69/9 5462/71/9 5470/72/9
f 5470/73/10 5462/74/10 5461/75/10 5469/76/10
f 5469/76/11 5461/75/11 5460/77/11 5468/78/11
f 5468/78/12 5460/77/12 5459/79/12 5467/80/12
f 5467/80/13 5459/79/13 5713/81/13 5714/82/13
f 5474/83/14 5466/65/14 5472/68/14 5480/84/14
f 5480/84/15 5472/68/15 5471/70/15 5479/85/15
f 5479/85/16 5471/70/16 5470/72/16 5478/86/16
f 5478/87/17 5470/73/17 5469/76/17 5477/88/17
f 5477/88/18 5469/76/18 5468/78/18 5476/89/18
f 5476/89/19 5468/78/19 5467/80/19 5475/90/19
f 5475/90/20 5467/80/20 5714/82/20 5715/91/20
f 5482/92/21 5474/83/21 5480/84/21 5488/93/21
f 5488/93/22 5480/84/22 5479/85/22 5487/94/22
f 5487/94/23 5479/85/23 5478/86/23 5486/95/23
f 5486/96/24 5478/87/24 5477/88/24 5485/97/24
f 5485/97/25 5477/88/25 5476/89/25 5484/98/25
f 5484/98/26 5476/89/26 5475/90/26 5483/99/26
f 5483/99/27 5475/90/27 5715/91/27 5716/100/27
f 5490/101/28 5482/92/28 5488/93/28 5496/102/28
f 5496/102/29 5488/93/29 5487/94/29 5495/103/29
f 5495/103/30 5487/94/30 5486/95/30 5494/104/30
f 5494/105/31 5486/96/31 5485/97/31 5493/106/31
f 5493/106/32 5485/97/32 5484/98/32 5492/107/32
f 5492/107/33 5484/98/33 5483/99/33 5491/108/33
f 5491/108/34 5483/99/34 5716/100/34 5717/109/34
f 5498/92/35 5490/101/35 5496/102/35 5504/110/35
f 5504/110/36 5496/102/36 5495/103/36 5503/111/36
f 5503/111/37 5495/103/37 5494/104/37 5502/95/37
f 5502/112/38 5494/105/38 5493/106/38 5501/113/38
f 5501/113/39 5493/106/39 5492/107/39 5500/114/39
f 5500/114/40 5492/107/40 5491/108/40 5499/115/40
f 5499/115/41 5491/108/41 5717/109/41 5718/116/41
f 5506/117/42 5498/92/42 5504/110/42 5512/118/42
f 5512/118/43 5504/110/43 5503/111/43 5511/119/43
f 5511/119/44 5503/111/44 5502/95/44 5510/86/44
f 5510/120/45 5502/112/45 5501/113/45 5509/121/45
f 5509/121/46 5501/113/46 5500/114/46 5508/122/46
f 5508/122/47 5500/114/47 5499/115/47 5507/123/47
f 5507/123/48 5499/115/48 5718/116/48 5719/124/48
f 5514/65/49 5506/117/49 5512/118/49 5520/68/49
f 5520/68/50 5512/118/50 5511/119/50 5519/70/50
f 5519/70/51 5511/119/51 5510/86/51 5518/72/51
f 5518/125/52 5510/120/52 5509/121/52 5517/126/52
f 5517/126/53 5509/121/53 5508/122/53 5516/127/53
f 5516/127/54 5508/122/54 5507/123/54 5515/128/54
f 5515/128/55 5507/123/55 5719/124/55 5720/129/55
f 5522/130/56 5514/65/56 5520/68/56 5528/67/56
f 5528/67/57 5520/68/57 5519/70/57 5527/69/57
f 5527/69/58 5519/70/58 5518/72/58 5526/71/58
f 5526/131/59 5518/125/59 5517/126/59 5525/132/59
f 5525/132/60 5517/126/60 5516/127/60 5524/133/60
f 5524/133/61 5516/127/61 5515/128/61 5523/134/61
f 5523/134/62 5515/128/62 5720/129/62 5721/135/62
f 5530/136/63 5522/130/63 5528/67/63 5536/137/63
f 5536/137/64 5528/67/64 5527/69/64 5535/138/64
f 5535/138/65 5527/69/65 5526/71/65 5534/139/65
f 5534/140/66 5526/131/66 5525/132/66 5533/141/66
f 5533/141/67 5525/132/67 5524/133/67 5532/142/67
f 5532/142/68 5524/133/68 5523/134/68 5531/143/68
f 5531/143/69 5523/134/69 5721/135/69 5722/144/69
f 5538/145/70 5530/136/70 5536/137/70 5544/146/70
f 5544/146/71 5536/137/71 5535/138/71 5543/147/71
f 5543/147/72 5535/138/72 5534/139/72 5542/148/72
f 5542/149/73 5534/140/73 5533/141/73 5541/150/73
f 5541/150/74 5533/141/74 5532/142/74 5540/151/74
f 5540/151/75 5532/142/75 5531/143/75 5539/152/75
f 5539/152/76 5531/143/76 5722/144/76 5723/153/76
f 5546/154/77 5538/145/77 5544/146/77 5552/155/77
f 5552/155/78 5544/146/78 5543/147/78 5551/156/78
f 5551/156/79 5543/147/79 5542/148/79 5550/157/79
f 5550/158/80 5542/149/80 5541/150/80 5549/159/80
f 5549/159/81 5541/150/81 5540/151/81 5548/160/81
f 5548/160/82 5540/151/82 5539/152/82 5547/161/82
f 5547/161/83 5539/152/83 5723/153/83 5724/162/83
f 5554/163/84 5546/154/84 5552/155/84 5560/164/84
f 5560/164/85 5552/155/85 5551/156/85 5559/165/85
f 5559/165/86 5551/156/86 5550/157/86 5558/166/86
f 5558/167/87 5550/158/87 5549/159/87 5557/168/87
f 5557/168/88 5549/159/88 5548/160/88 5556/169/88
f 5556/169/89 5548/160/89 5547/161/89 5555/170/89
f 5555/170/90 5547/161/90 5724/162/90 5725/171/90
f 5562/172/91 5554/173/91 5560/174/91 5568/175/91
f 5568/175/92 5560/174/92 5559/176/92 5567/177/92
f 5567/177/93 5559/176/93 5558/178/93 5566/179/93
f 5566/180/94 5558/167/94 5557/168/94 5565/181/94
f 5565/181/95 5557/168/95 5556/169/95 5564/182/95
f 5564/182/96 5556/169/96 5555/170/96 5563/183/96
f 5563/183/97 5555/170/97 5725/171/97 5726/184/97
f 5570/185/98 5562/172/98 5568/175/98 5576/186/98
f 5576/186/99 5568/175/99 5567/177/99 5575/187/99
f 5575/187/100 5567/177/100 5566/179/100 5574/188/100
f 5574/189/101 5566/180/101 5565/181/101 5573/190/101
f 5573/190/102 5565/181/102 5564/182/102 5572/191/102
f 5572/191/103 5564/182/103 5563/183/103 5571/192/103
f 5571/192/104 5563/183/104 5726/184/104 5727/193/104
f 5578/194/105 5570/185/105 5576/186/105 5584/195/105
f 5584/195/106 5576/186/106 5575/187/106 5583/196/106
f 5583/196/107 5575/187/107 5574/188/107 5582/197/107
f 5582/198/108 5574/189/108 5573/190/108 5581/199/108
f 5581/199/109 5573/190/109 5572/191/109 5580/200/109
f 5580/200/110 5572/191/110 5571/192/110 5579/201/110
f 5579/201/111 5571/192/111 5727/193/111 5728/202/111
f 5586/203/112 5578/194/112 5584/195/112 5592/204/112
f 5592/204/113 5584/195/113 5583/196/113 5591/205/113
f 5591/205/114 5583/196/114 5582/197/114 5590/206/114
f 5590/207/115 5582/198/115 5581/199/115 5589/208/115
f 5589/208/116 5581/199/116 5580/200/116 5588/209/116
f 5588/209/117 5580/200/117 5579/201/117 5587/210/117
f 5587/210/118 5579/201/118 5728/202/118 5729/211/118
f 5594/212/119 5586/203/119 5592/204/119 5600/213/119
f 5600/213/120 5592/204/120 5591/205/120 5599/214/120
f 5599/214/121 5591/205/121 5590/206/121 5598/215/121
f 5598/216/122 5590/207/122 5589/208/122 5597/217/122
f 5597/217/123 5589/208/123 5588/209/123 5596/218/123
f 5596/218/124 5588/209/124 5587/210/124 5595/219/124
f 5595/219/125 5587/210/125 5729/211/125 5730/220/125
f 5602/221/126 5594/212/126 5600/213/126 5608/222/126
f 5608/222/127 5600/213/127 5599/214/127 5607/223/127
f 5607/223/128 5599/214/128 5598/215/128 5606/224/128
f 5606/225/129 5598/216/129 5597/217/129 5605/226/129
f 5605/226/130 5597/217/130 5596/218/130 5604/227/130
f 5604/227/131 5596/218/131 5595/219/131 5603/228/131
f 5603/228/132 5595/219/132 5730/220/132 5731/229/132
f 5610/230/133 5602/221/133 5608/222/133 5616/231/133
f 5616/231/134 5608/222/134 5607/223/134 5615/232/134
f 5615/232/135 5607/223/135 5606/224/135 5614/233/135
f 5614/234/136 5606/225/136 5605/226/136 5613/235/136
f 5613/235/137 5605/226/137 5604/227/137 5612/236/137
f 5612/236/138 5604/227/138 5603/228/138 5611/237/138
f 5611/237/139 5603/228/139 5731/229/139 5732/238/139
f 5618/239/140 5610/230/140 5616/231/140 5624/240/140
f 5624/240/141 5616/231/141 5615/232/141 5623/241/141
f 5623/241/142 5615/232/142 5614/233/142 5622/242/142
f 5622/243/143 5614/234/143 5613/235/143 5621/244/143
f 5621/244/144 5613/235/144 5612/236/144 5620/245/144
f 5620/245/145 5612/236/145 5611/237/145 5619/246/145
f 5619/246/146 5611/237/146 5732/238/146 5733/247/146
f 5626/230/147 5618/239/147 5624/240/147 5632/231/147
f 5632/231/148 5624/240/148 5623/241/148 5631/232/148
f 5631/232/149 5623/241/149 5622/242/149 5630/233/149
f 5630/248/150 5622/243/150 5621/244/150 5629/249/150
f 5629/249/151 5621/244/151 5620/245/151 5628/250/151
f 5628/250/152 5620/245/152 5619/246/152 5627/251/152
f 5627/251/153 5619/246/153 5733/247/153 5734/252/153
f 5634/253/154 5626/230/154 5632/231/154 5640/222/154
f 5640/222/155 5632/231/155 5631/232/155 5639/223/155
f 5639/223/156 5631/232/156 5630/233/156 5638/224/156
f 5638/254/157 5630/248/157 5629/249/157 5637/255/157
f 5637/255/158 5629/249/158 5628/250/158 5636/256/158
f 5636/256/159 5628/250/159 5627/251/159 5635/257/159
f 5635/257/160 5627/251/160 5734/252/160 5735/258/160
f 5642/212/161 5634/253/161 5640/222/161 5648/259/161
f 5648/259/162 5640/222/162 5639/223/162 5647/214/162
f 5647/214/163 5639/223/163 5638/224/163 5646/260/163
f 5646/261/164 5638/254/164 5637/255/164 5645/262/164
f 5645/262/165 5637/255/165 5636/256/165 5644/263/165
f 5644/263/166 5636/256/166 5635/257/166 5643/264/166
f 5643/264/167 5635/257/167 5735/258/167 5736/265/167
f 5650/266/168 5642/212/168 5648/259/168 5656/267/168
f 5656/267/169 5648/259/169 5647/214/169 5655/205/169
f 5655/205/170 5647/214/170 5646/260/170 5654/206/170
f 5654/268/171 5646/261/171 5645/262/171 5653/269/171
f 5653/269/172 5645/262/172 5644/263/172 5652/270/172
f 5652/270/173 5644/263/173 5643/264/173 5651/271/173
f 5651/271/174 5643/264/174 5736/265/174 5737/272/174
f 5658/194/175 5650/266/175 5656/267/175 5664/273/175
f 5664/273/176 5656/267/176 5655/205/176 5663/196/176
f 5663/196/177 5655/205/177 5654/206/177 5662/197/177
f 5662/274/178 5654/268/178 5653/269/178 5661/275/178
f 5661/275/179 5653/269/179 5652/270/179 5660/276/179
f 5660/276/180 5652/270/180 5651/271/180 5659/277/180
f 5659/277/181 5651/271/181 5737/272/181 5738/278/181
f 5666/185/182 5658/194/182 5664/273/182 5672/186/182
f 5672/186/183 5664/273/183 5663/196/183 5671/279/183
f 5671/279/184 5663/196/184 5662/197/184 5670/188/184
f 5670/280/185 5662/274/185 5661/275/185 5669/281/185
f 5669/281/186 5661/275/186 5660/276/186 5668/282/186
f 5668/282/187 5660/276/187 5659/277/187 5667/283/187
f 5667/283/188 5659/277/188 5738/278/188 5739/284/188
f 5674/172/189 5666/185/189 5672/186/189 5680/175/189
f 5680/175/190 5672/186/190 5671/279/190 5679/285/190
f 5679/285/191 5671/279/191 5670/188/191 5678/179/191
f 5678/286/192 5670/280/192 5669/281/192 5677/287/192
f 5677/287/193 5669/281/193 5668/282/193 5676/288/193
f 5676/288/194 5668/282/194 5667/283/194 5675/289/194
f 5675/289/195 5667/283/195 5739/284/195 5740/290/195
f 5682/173/196 5674/172/196 5680/175/196 5688/174/196
f 5688/174/197 5680/175/197 5679/285/197 5687/176/197
f 5687/176/198 5679/285/198 5678/179/198 5686/178/198
f 5686/291/199 5678/286/199 5677/287/199 5685/292/199
f 5685/292/200 5677/287/200 5676/288/200 5684/293/200
f 5684/293/201 5676/288/201 5675/289/201 5683/294/201
f 5683/294/202 5675/289/202 5740/290/202 5741/295/202
f 5690/154/203 5682/163/203 5688/164/203 5696/296/203
f 5696/296/204 5688/164/204 5687/297/204 5695/156/204
f 5695/156/205 5687/297/205 5686/166/205 5694/157/205
f 5694/298/206 5686/291/206 5685/292/206 5693/299/206
f 5693/299/207 5685/292/207 5684/293/207 5692/300/207
f 5692/300/208 5684/293/208 5683/294/208 5691/301/208
f 5691/301/209 5683/294/209 5741/295/209 5742/302/209
f 5698/145/210 5690/154/210 5696/296/210 5704/146/210
f 5704/146/211 5696/296/211 5695/156/211 5703/147/211
f 5703/147/212 5695/156/212 5694/157/212 5702/148/212
f 5702/303/213 5694/298/213 5693/299/213 5701/304/213
f 5701/304/214 5693/299/214 5692/300/214 5700/305/214
f 5700/305/215 5692/300/215 5691/301/215 5699/306/215
f 5699/306/216 5691/301/216 5742/302/216 5743/307/216
f 5706/136/217 5698/145/217 5704/146/217 5712/137/217
f 5712/137/218 5704/146/218 5703/147/218 5711/138/218
f 5711/138/219 5703/147/219 5702/148/219 5710/139/219
f 5710/308/220 5702/303/220 5701/304/220 5709/309/220
f 5709/309/221 5701/304/221 5700/305/221 5708/310/221
f 5708/310/222 5700/305/222 5699/306/222 5707/311/222
f 5707/311/223 5699/306/223 5743/307/223 5744/312/223
f 5458/66/224 5706/136/224 5712/137/224 5464/67/224
f 5464/67/225 5712/137/225 5711/138/225 5463/69/225
f 5463/69/226 5711/138/226 5710/139/226 5462/71/226
f 5462/74/227 5710/308/227 5709/309/227 5461/75/227
f 5461/75/228 5709/309/228 5708/310/228 5460/77/228
f 5460/77/229 5708/310/229 5707/311/229 5459/79/229
f 5459/79/230 5707/311/230 5744/312/230 5713/81/230
f 5681/313/231 5673/314/231 5772/315/231 5773/316/231
f 5425/317/232 5458/66/232 5466/65/232 5426/318/232
f 5456/319/233 5706/136/233 5458/66/233 5425/317/233
f 5426/318/234 5466/65/234 5474/83/234 5427/320/234
f 5427/320/235 5474/83/235 5482/92/235 5428/321/235
f 5428/321/236 5482/92/236 5490/101/236 5429/322/236
f 5429/322/237 5490/101/237 5498/92/237 5430/321/237
f 5430/321/238 5498/92/238 5506/117/238 5431/320/238
f 5431/320/239 5506/117/239 5514/65/239 5432/318/239
f 5432/318/240 5514/65/240 5522/130/240 5433/317/240
f 5433/317/241 5522/130/241 5530/136/241 5434/319/241
f 5434/319/242 5530/136/242 5538/145/242 5435/323/242
f 5435/323/243 5538/145/243 5546/154/243 5436/324/243
f 5436/324/244 5546/154/244 5554/163/244 5437/325/244
f 5437/326/245 5554/173/245 5562/172/245 5438/327/245
f 5438/327/246 5562/172/246 5570/185/246 5439/328/246
f 5439/328/247 5570/185/247 5578/194/247 5440/329/247
f 5440/329/248 5578/194/248 5586/203/248 5441/330/248
f 5441/330/249 5586/203/249 5594/212/249 5442/331/249
f 5442/331/250 5594/212/250 5602/221/250 5443/332/250
f 5443/332/251 5602/221/251 5610/230/251 5444/333/251
f 5444/333/252 5610/230/252 5618/239/252 5445/334/252
f 5445/334/253 5618/239/253 5626/230/253 5446/333/253
f 5446/333/254 5626/230/254 5634/253/254 5447/332/254
f 5447/332/255 5634/253/255 5642/212/255 5448/331/255
f 5448/331/256 5642/212/256 5650/266/256 5449/330/256
f 5449/330/257 5650/266/257 5658/194/257 5450/329/257
f 5450/329/258 5658/194/258 5666/185/258 5451/328/258
f 5451/328/259 5666/185/259 5674/172/259 5452/327/259
f 5452/327/231 5674/172/231 5682/173/231 5453/326/231
f 5453/325/260 5682/163/260 5690/154/260 5454/324/260
f 5454/324/261 5690/154/261 5698/145/261 5455/323/261
f 5455/323/262 5698/145/262 5706/136/262 5456/319/262
f 5457/335/5 5465/336/5 5714/82/5 5713/81/5
f 5465/336/5 5473/337/5 5715/91/5 5714/82/5
f 5473/337/5 5481/338/5 5716/100/5 5715/91/5
f 5481/338/5 5489/339/5 5717/109/5 5716/100/5
f 5489/339/5 5497/340/5 5718/116/5 5717/109/5
f 5497/340/5 5505/341/5 5719/124/5 5718/116/5
f 5505/341/5 5513/342/5 5720/129/5 5719/124/5
f 5513/342/5 5521/343/5 5721/135/5 5720/129/5
f 5521/343/5 5529/344/5 5722/144/5 5721/135/5
f 5529/344/5 5537/345/5 5723/153/5 5722/144/5
f 5537/345/5 5545/346/5 5724/162/5 5723/153/5
f 5545/346/5 5553/347/5 5725/171/5 5724/162/5
f 5553/347/5 5561/348/5 5726/184/5 5725/171/5
f 5561/348/5 5569/349/5 5727/193/5 5726/184/5
f 5569/349/5 5577/350/5 5728/202/5 5727/193/5
f 5577/350/5 5585/351/5 5729/211/5 5728/202/5
f 5585/351/5 5593/352/5 5730/220/5 5729/211/5
f 5593/352/5 5601/353/5 5731/229/5 5730/220/5
f 5601/353/5 5609/354/5 5732/238/5 5731/229/5
f 5609/354/5 5617/355/5 5733/247/5 5732/238/5
f 5617/355/5 5625/356/5 5734/252/5 5733/247/5
f 5625/356/5 5633/357/5 5735/258/5 5734/252/5
f 5633/357/5 5641/358/5 5736/265/5 5735/258/5
f 5641/358/5 5649/359/5 5737/272/5 5736/265/5
f 5649/359/5 5657/360/5 5738/278/5 5737/272/5
f 5657/360/5 5665/361/5 5739/284/5 5738/278/5
f 5665/361/5 5673/362/5 5740/290/5 5739/284/5
f 5673/362/5 5681/363/5 5741/295/5 5740/290/5
f 5681/363/5 5689/364/5 5742/302/5 5741/295/5
f 5689/364/5 5697/365/5 5743/307/5 5742/302/5
f 5697/365/5 5705/366/5 5744/312/5 5743/307/5
f 5705/366/5 5457/335/5 5713/81/5 5744/312/5
f 5757/367/6 5756/368/6 5788/369/6 5789/370/6
f 5577/371/247 5569/372/247 5759/373/247 5760/374/247
f 5473/375/234 5465/376/234 5746/377/234 5747/378/234
f 5689/379/260 5681/380/260 5773/381/260 5774/382/260
f 5585/383/248 5577/371/248 5760/374/248 5761/384/248
f 5481/385/235 5473/375/235 5747/378/235 5748/386/235
f 5697/387/261 5689/379/261 5774/382/261 5775/388/261
f 5593/389/249 5585/383/249 5761/384/249 5762/390/249
f 5489/391/236 5481/385/236 5748/386/236 5749/392/236
f 5705/393/262 5697/387/262 5775/388/262 5776/394/262
f 5601/395/250 5593/389/250 5762/390/250 5763/396/250
f 5497/385/237 5489/391/237 5749/392/237 5750/386/237
f 5457/397/233 5705/393/233 5776/394/233 5745/398/233
f 5609/399/251 5601/395/251 5763/396/251 5764/400/251
f 5505/375/238 5497/385/238 5750/386/238 5751/378/238
f 5617/401/252 5609/399/252 5764/400/252 5765/402/252
f 5513/376/239 5505/375/239 5751/378/239 5752/377/239
f 5625/399/253 5617/401/253 5765/402/253 5766/400/253
f 5521/397/240 5513/376/240 5752/377/240 5753/398/240
f 5633/395/254 5625/399/254 5766/400/254 5767/396/254
f 5529/393/241 5521/397/241 5753/398/241 5754/394/241
f 5641/389/255 5633/395/255 5767/396/255 5768/390/255
f 5537/387/242 5529/393/242 5754/394/242 5755/388/242
f 5649/383/256 5641/389/256 5768/390/256 5769/384/256
f 5545/403/243 5537/387/243 5755/388/243 5756/404/243
f 5657/371/257 5649/383/257 5769/384/257 5770/374/257
f 5553/380/244 5545/403/244 5756/404/244 5757/381/244
f 5665/372/258 5657/371/258 5770/374/258 5771/373/258
f 5561/314/245 5553/313/245 5757/316/245 5758/315/245
f 5673/314/259 5665/372/259 5771/373/259 5772/315/259
f 5569/372/246 5561/314/246 5758/315/246 5759/373/246
f 5465/376/232 5457/397/232 5745/398/232 5746/377/232
f 5792/405/247 5791/406/247 5823/407/247 5824/408/247
f 5771/409/6 5770/410/6 5802/411/6 5803/412/6
f 5758/413/6 5757/367/6 5789/370/6 5790/414/6
f 5772/415/6 5771/409/6 5803/412/6 5804/416/6
f 5759/417/6 5758/413/6 5790/414/6 5791/418/6
f 5746/419/6 5745/420/6 5777/421/6 5778/422/6
f 5773/423/6 5772/415/6 5804/416/6 5805/424/6
f 5760/425/6 5759/417/6 5791/418/6 5792/426/6
f 5747/427/6 5746/419/6 5778/422/6 5779/428/6
f 5774/429/6 5773/423/6 5805/424/6 5806/430/6
f 5761/431/6 5760/425/6 5792/426/6 5793/432/6
f 5748/433/6 5747/427/6 5779/428/6 5780/434/6
f 5775/435/6 5774/429/6 5806/430/6 5807/436/6
f 5762/437/6 5761/431/6 5793/432/6 5794/438/6
f 5749/439/6 5748/433/6 5780/434/6 5781/440/6
f 5776/441/6 5775/435/6 5807/436/6 5808/442/6
f 5763/443/6 5762/437/6 5794/438/6 5795/444/6
f 5750/445/6 5749/439/6 5781/440/6 5782/446/6
f 5745/420/6 5776/441/6 5808/442/6 5777/421/6
f 5764/447/6 5763/443/6 5795/444/6 5796/448/6
f 5751/449/6 5750/445/6 5782/446/6 5783/450/6
f 5765/451/6 5764/447/6 5796/448/6 5797/452/6
f 5752/453/6 5751/449/6 5783/450/6 5784/454/6
f 5766/455/6 5765/451/6 5797/452/6 5798/456/6
f 5753/457/6 5752/453/6 5784/454/6 5785/458/6
f 5767/459/6 5766/455/6 5798/456/6 5799/460/6
f 5754/461/6 5753/457/6 5785/458/6 5786/462/6
f 5768/463/6 5767/459/6 5799/460/6 5800/464/6
f 5755/465/6 5754/461/6 5786/462/6 5787/466/6
f 5769/467/6 5768/463/6 5800/464/6 5801/468/6
f 5756/368/6 5755/465/6 5787/466/6 5788/369/6
f 5770/410/6 5769/467/6 5801/468/6 5802/411/6
f 5810/469/5 5809/470/5 5840/471/5 5839/472/5 5838/473/5 5837/474/5 5836/475/5 5835/476/5 5834/477/5 5833/478/5 5832/479/5 5831/480/5 5830/481/5 5829/482/5 5828/483/5 5827/484/5 5826/485/5 5825/486/5 5824/487/5 5823/488/5 5822/489/5 5821/490/5 5820/491/5 5819/492/5 5818/493/5 5817/494/5 5816/495/5 5815/496/5 5814/497/5 5813/498/5 5812/499/5 5811/500/5
f 5779/501/234 5778/502/234 5810/503/234 5811/504/234
f 5806/505/260 5805/506/260 5837/507/260 5838/508/260
f 5793/509/248 5792/405/248 5824/408/248 5825/510/248
f 5780/511/235 5779/501/235 5811/504/235 5812/512/235
f 5807/513/261 5806/505/261 5838/508/261 5839/514/261
f 5794/515/249 5793/509/249 5825/510/249 5826/516/249
f 5781/517/236 5780/511/236 5812/512/236 5813/518/236
f 5808/519/262 5807/513/262 5839/514/262 5840/520/262
f 5795/521/250 5794/515/250 5826/516/250 5827/522/250
f 5782/523/237 5781/517/237 5813/518/237 5814/524/237
f 5777/525/233 5808/519/233 5840/520/233 5809/526/233
f 5796/527/251 5795/521/251 5827/522/251 5828/528/251
f 5783/501/238 5782/523/238 5814/524/238 5815/504/238
f 5797/529/252 5796/527/252 5828/528/252 5829/530/252
f 5784/502/239 5783/501/239 5815/504/239 5816/503/239
f 5798/531/253 5797/532/253 5829/533/253 5830/534/253
f 5785/525/240 5784/502/240 5816/503/240 5817/526/240
f 5799/535/254 5798/531/254 5830/534/254 5831/536/254
f 5786/519/241 5785/525/241 5817/526/241 5818/520/241
f 5800/537/255 5799/535/255 5831/536/255 5832/538/255
f 5787/513/242 5786/519/242 5818/520/242 5819/514/242
f 5801/539/256 5800/537/256 5832/538/256 5833/540/256
f 5788/541/243 5787/513/243 5819/514/243 5820/542/243
f 5802/543/257 5801/539/257 5833/540/257 5834/544/257
f 5789/506/244 5788/541/244 5820/542/244 5821/507/244
f 5803/545/258 5802/543/258 5834/544/258 5835/546/258
f 5790/547/245 5789/548/245 5821/549/245 5822/550/245
f 5804/551/259 5803/545/259 5835/546/259 5836/552/259
f 5791/406/246 5790/547/246 5822/550/246 5823/407/246
f 5778/502/232 5777/525/232 5809/526/232 5810/503/232
f 5805/553/231 5804/551/231 5836/552/231 5837/554/231
f 5841/33/6 5842/34/6 5843/35/6 5844/36/6 5845/37/6 5846/38/6 5847/39/6 5848/40/6 5849/41/6 5850/42/6 5851/43/6 5852/44/6 5853/45/6 5854/46/6 5855/47/6 5856/48/6 5857/49/6 5858/50/6 5859/51/6 5860/52/6 5861/53/6 5862/54/6 5863/55/6 5864/56/6 5865/57/6 5866/58/6 5867/59/6 5868/60/6 5869/61/6 5870/62/6 5871/63/6 5872/64/6
f 5882/65/7 5874/66/7 5880/67/7 5888/68/7
f 5888/68/8 5880/67/8 5879/69/8 5887/70/8
f 5887/70/9 5879/69/9 5878/71/9 5886/72/9
f 5886/73/10 5878/74/10 5877/75/10 5885/76/10
f 5885/76/11 5877/75/11 5876/77/11 5884/78/11
f 5884/78/12 5876/77/12 5875/79/12 5883/80/12
f 5883/80/13 5875/79/13 6129/81/13 6130/82/13
f 5890/83/14 5882/65/14 5888/68/14 5896/84/14
f 5896/84/15 5888/68/15 5887/70/15 5895/85/15
f 5895/85/16 5887/70/16 5886/72/16 5894/86/16
f 5894/87/17 5886/73/17 5885/76/17 5893/88/17
f 5893/88/18 5885/76/18 5884/78/18 5892/89/18
f 5892/89/19 5884/78/19 5883/80/19 5891/90/19
f 5891/90/20 5883/80/20 6130/82/20 6131/91/20
f 5898/92/21 5890/83/21 5896/84/21 5904/93/21
f 5904/93/22 5896/84/22 5895/85/22 5903/94/22
f 5903/94/23 5895/85/23 5894/86/23 5902/95/23
f 5902/96/24 5894/87/24 5893/88/24 5901/97/24
f 5901/97/25 5893/88/25 5892/89/25 5900/98/25
f 5900/98/26 5892/89/26 5891/90/26 5899/99/26
f 5899/99/27 5891/90/27 6131/91/27 6132/100/27
f 5906/101/28 5898/92/28 5904/93/28 5912/102/28
f 5912/102/29 5904/93/29 5903/94/29 5911/103/29
f 5911/103/30 5903/94/30 5902/95/30 5910/104/30
f 5910/105/31 5902/96/31 5901/97/31 5909/106/31
f 5909/106/32 5901/97/32 5900/98/32 5908/107/32
f 5908/107/33 5900/98/33 5899/99/33 5907/108/33
f 5907/108/34 5899/99/34 6132/100/34 6133/109/34
f 5914/92/35 5906/101/35 5912/102/35 5920/110/35
f 5920/110/36 5912/102/36 5911/103/36 5919/111/36
f 5919/111/37 5911/103/37 5910/104/37 5918/95/37
f 5918/112/38 5910/105/38 5909/106/38 5917/113/38
f 5917/113/39 5909/106/39 5908/107/39 5916/114/39
f 5916/114/40 5908/107/40 5907/108/40 5915/115/40
f 5915/115/41 5907/108/41 6133/109/41 6134/116/41
f 5922/117/42 5914/92/42 5920/110/42 5928/118/42
f 5928/118/43 5920/110/43 5919/111/43 5927/119/43
f 5927/119/44 5919/111/44 5918/95/44 5926/86/44
f 5926/120/45 5918/112/45 5917/113/45 5925/121/45
f 5925/121/46 5917/113/46 5916/114/46 5924/122/46
f 5924/122/47 5916/114/47 5915/115/47 5923/123/47
f 5923/123/48 5915/115/48 6134/116/48 6135/124/48
f 5930/65/49 5922/117/49 5928/118/49 5936/68/49
f 5936/68/50 5928/118/50 5927/119/50 5935/70/50
f 5935/70/51 5927/119/51 5926/86/51 5934/72/51
f 5934/125/52 5926/120/52 5925/121/52 5933/126/52
f 5933/126/53 5925/121/53 5924/122/53 5932/127/53
f 5932/127/54 5924/122/54 5923/123/54 5931/128/54
f 5931/128/55 5923/123/55 6135/124/55 6136/129/55
f 5938/130/56 5930/65/56 5936/68/56 5944/67/56
f 5944/67/57 5936/68/57 5935/70/57 5943/69/57
f 5943/69/58 5935/70/58 5934/72/58 5942/71/58
f 5942/131/59 5934/125/59 5933/126/59 5941/132/59
f 5941/132/60 5933/126/60 5932/127/60 5940/133/60
f 5940/133/61 5932/127/61 5931/128/61 5939/134/61
f 5939/134/62 5931/128/62 6136/129/62 6137/135/62
f 5946/136/63 5938/130/63 5944/67/63 5952/137/63
f 5952/137/64 5944/67/64 5943/69/64 5951/138/64
f 5951/138/65 5943/69/65 5942/71/65 5950/139/65
f 5950/140/66 5942/131/66 5941/132/66 5949/141/66
f 5949/141/67 5941/132/67 5940/133/67 5948/142/67
f 5948/142/68 5940/133/68 5939/134/68 5947/143/68
f 5947/143/69 5939/134/69 6137/135/69 6138/144/69
f 5954/145/70 5946/136/70 5952/137/70 5960/146/70
f 5960/146/71 5952/137/71 5951/138/71 5959/147/71
f 5959/147/72 5951/138/72 5950/139/72 5958/148/72
f 5958/149/73 5950/140/73 5949/141/73 5957/150/73
f 5957/150/74 5949/141/74 5948/142/74 5956/151/74
f 5956/151/75 5948/142/75 5947/143/75 5955/152/75
f 5955/152/76 5947/143/76 6138/144/76 6139/153/76
f 5962/154/77 5954/145/77 5960/146/77 5968/155/77
f 5968/155/78 5960/146/78 5959/147/78 5967/156/78
f 5967/156/79 5959/147/79 5958/148/79 5966/157/79
f 5966/158/80 5958/149/80 5957/150/80 5965/159/80
f 5965/159/81 5957/150/81 5956/151/81 5964/160/81
f 5964/160/82 5956/151/82 5955/152/82 5963/161/82
f 5963/161/83 5955/152/83 6139/153/83 6140/162/83
f 5970/163/84 5962/154/84 5968/155/84 5976/164/84
f 5976/164/85 5968/155/85 5967/156/85 5975/165/85
f 5975/165/86 5967/156/86 5966/157/86 5974/166/86
f 5974/167/87 5966/158/87 5965/159/87 5973/168/87
f 5973/168/88 5965/159/88 5964/160/88 5972/169/88
f 5972/169/89 5964/160/89 5963/161/89 5971/170/89
f 5971/170/90 5963/161/90 6140/162/90 6141/171/90
f 5978/172/91 5970/173/91 5976/174/91 5984/175/91
f 5984/175/92 5976/174/92 5975/176/92 5983/177/92
f 5983/177/93 5975/176/93 5974/178/93 5982/179/93
f 5982/180/94 5974/167/94 5973/168/94 5981/181/94
f 5981/181/95 5973/168/95 5972/169/95 5980/182/95
f 5980/182/96 5972/169/96 5971/170/96 5979/183/96
f 5979/183/97 5971/170/97 6141/171/97 6142/184/97
f 5986/185/98 5978/172/98 5984/175/98 5992/186/98
f 5992/186/99 5984/175/99 5983/177/99 5991/187/99
f 5991/187/100 5983/177/100 5982/179/100 5990/188/100
f 5990/189/101 5982/180/101 5981/181/101 5989/190/101
f 5989/190/102 5981/181/102 5980/182/102 5988/191/102
f 5988/191/103 5980/182/103 5979/183/103 5987/192/103
f 5987/192/104 5979/183/104 6142/184/104 6143/193/104
f 5994/194/105 5986/185/105 5992/186/105 6000/195/105
f 6000/195/106 5992/186/106 5991/187/106 5999/196/106
f 5999/196/107 5991/187/107 5990/188/107 5998/197/107
f 5998/198/108 5990/189/108 5989/190/108 5997/199/108
f 5997/199/109 5989/190/109 5988/191/109 5996/200/109
f 5996/200/110 5988/191/110 5987/192/110 5995/201/110
f 5995/201/111 5987/192/111 6143/193/111 6144/202/111
f 6002/203/112 5994/194/112 6000/195/112 6008/204/112
f 6008/204/113 6000/195/113 5999/196/113 6007/205/113
f 6007/205/114 5999/196/114 5998/197/114 6006/206/114
f 6006/207/115 5998/198/115 5997/199/115 6005/208/115
f 6005/208/116 5997/199/116 5996/200/116 6004/209/116
f 6004/209/117 5996/200/117 5995/201/117 6003/210/117
f 6003/210/118 5995/201/118 6144/202/118 6145/211/118
f 6010/212/119 6002/203/119 6008/204/119 6016/213/119
f 6016/213/120 6008/204/120 6007/205/120 6015/214/120
f 6015/214/121 6007/205/121 6006/206/121 6014/215/121
f 6014/216/122 6006/207/122 6005/208/122 6013/217/122
f 6013/217/123 6005/208/123 6004/209/123 6012/218/123
f 6012/218/124 6004/209/124 6003/210/124 6011/219/124
f 6011/219/125 6003/210/125 6145/211/125 6146/220/125
f 6018/221/126 6010/212/126 6016/213/126 6024/222/126
f 6024/222/127 6016/213/127 6015/214/127 6023/223/127
f 6023/223/128 6015/214/128 6014/215/128 6022/224/128
f 6022/225/129 6014/216/129 6013/217/129 6021/226/129
f 6021/226/130 6013/217/130 6012/218/130 6020/227/130
f 6020/227/131 6012/218/131 6011/219/131 6019/228/131
f 6019/228/132 6011/219/132 6146/220/132 6147/229/132
f 6026/230/133 6018/221/133 6024/222/133 6032/231/133
f 6032/231/134 6024/222/134 6023/223/134 6031/232/134
f 6031/232/135 6023/223/135 6022/224/135 6030/233/135
f 6030/234/136 6022/225/136 6021/226/136 6029/235/136
f 6029/235/137 6021/226/137 6020/227/137 6028/236/137
f 6028/236/138 6020/227/138 6019/228/138 6027/237/138
f 6027/237/139 6019/228/139 6147/229/139 6148/238/139
f 6034/239/140 6026/230/140 6032/231/140 6040/240/140
f 6040/240/141 6032/231/141 6031/232/141 6039/241/141
f 6039/241/142 6031/232/142 6030/233/142 6038/242/142
f 6038/243/143 6030/234/143 6029/235/143 6037/244/143
f 6037/244/144 6029/235/144 6028/236/144 6036/245/144
f 6036/245/145 6028/236/145 6027/237/145 6035/246/145
f 6035/246/146 6027/237/146 6148/238/146 6149/247/146
f 6042/230/147 6034/239/147 6040/240/147 6048/231/147
f 6048/231/148 6040/240/148 6039/241/148 6047/232/148
f 6047/232/149 6039/241/149 6038/242/149 6046/233/149
f 6046/248/150 6038/243/150 6037/244/150 6045/249/150
f 6045/249/151 6037/244/151 6036/245/151 6044/250/151
f 6044/250/152 6036/245/152 6035/246/152 6043/251/152
f 6043/251/153 6035/246/153 6149/247/153 6150/252/153
f 6050/253/154 6042/230/154 6048/231/154 6056/222/154
f 6056/222/155 6048/231/155 6047/232/155 6055/223/155
f 6055/223/156 6047/232/156 6046/233/156 6054/224/156
f 6054/254/157 6046/248/157 6045/249/157 6053/255/157
f 6053/255/158 6045/249/158 6044/250/158 6052/256/158
f 6052/256/159 6044/250/159 6043/251/159 6051/257/159
f 6051/257/160 6043/251/160 6150/252/160 6151/258/160
f 6058/212/161 6050/253/161 6056/222/161 6064/259/161
f 6064/259/162 6056/222/162 6055/223/162 6063/214/162
f 6063/214/163 6055/223/163 6054/224/163 6062/260/163
f 6062/261/164 6054/254/164 6053/255/164 6061/262/164
f 6061/262/165 6053/255/165 6052/256/165 6060/263/165
f 6060/263/166 6052/256/166 6051/257/166 6059/264/166
f 6059/264/167 6051/257/167 6151/258/167 6152/265/167
f 6066/266/168 6058/212/168 6064/259/168 6072/267/168
f 6072/267/169 6064/259/169 6063/214/169 6071/205/169
f 6071/205/170 6063/214/170 6062/260/170 6070/206/170
f 6070/268/171 6062/261/171 6061/262/171 6069/269/171
f 6069/269/172 6061/262/172 6060/263/172 6068/270/172
f 6068/270/173 6060/263/173 6059/264/173 6067/271/173
f 6067/271/174 6059/264/174 6152/265/174 6153/272/174
f 6074/194/175 6066/266/175 6072/267/175 6080/273/175
f 6080/273/176 6072/267/176 6071/205/176 6079/196/176
f 6079/196/177 6071/205/177 6070/206/177 6078/197/177
f 6078/274/178 6070/268/178 6069/269/178 6077/275/178
f 6077/275/179 6069/269/179 6068/270/179 6076/276/179
f 6076/276/180 6068/270/180 6067/271/180 6075/277/180
f 6075/277/181 6067/271/181 6153/272/181 6154/278/181
f 6082/185/182 6074/194/182 6080/273/182 6088/186/182
f 6088/186/183 6080/273/183 6079/196/183 6087/279/183
f 6087/279/184 6079/196/184 6078/197/184 6086/188/184
f 6086/280/185 6078/274/185 6077/275/185 6085/281/185
f 6085/281/186 6077/275/186 6076/276/186 6084/282/186
f 6084/282/187 6076/276/187 6075/277/187 6083/283/187
f 6083/283/188 6075/277/188 6154/278/188 6155/284/188
f 6090/172/189 6082/185/189 6088/186/189 6096/175/189
f 6096/175/190 6088/186/190 6087/279/190 6095/285/190
f 6095/285/191 6087/279/191 6086/188/191 6094/179/191
f 6094/286/192 6086/280/192 6085/281/192 6093/287/192
f 6093/287/193 6085/281/193 6084/282/193 6092/288/193
f 6092/288/194 6084/282/194 6083/283/194 6091/289/194
f 6091/289/195 6083/283/195 6155/284/195 6156/290/195
f 6098/173/196 6090/172/196 6096/175/196 6104/174/196
f 6104/174/197 6096/175/197 6095/285/197 6103/176/197
f 6103/176/198 6095/285/198 6094/179/198 6102/178/198
f 6102/291/199 6094/286/199 6093/287/199 6101/292/199
f 6101/292/200 6093/287/200 6092/288/200 6100/293/200
f 6100/293/201 6092/288/201 6091/289/201 6099/294/201
f 6099/294/202 6091/289/202 6156/290/202 6157/295/202
f 6106/154/203 6098/163/203 6104/164/203 6112/296/203
f 6112/296/204 6104/164/204 6103/297/204 6111/156/204
f 6111/156/205 6103/297/205 6102/166/205 6110/157/205
f 6110/298/206 6102/291/206 6101/292/206 6109/299/206
f 6109/299/207 6101/292/207 6100/293/207 6108/300/207
f 6108/300/208 6100/293/208 6099/294/208 6107/301/208
f 6107/301/209 6099/294/209 6157/295/209 6158/302/209
f 6114/145/210 6106/154/210 6112/296/210 6120/146/210
f 6120/146/211 6112/296/211 6111/156/211 6119/147/211
f 6119/147/212 6111/156/212 6110/157/212 6118/148/212
f 6118/303/213 6110/298/213 6109/299/213 6117/304/213
f 6117/304/214 6109/299/214 6108/300/214 6116/305/214
f 6116/305/215 6108/300/215 6107/301/215 6115/306/215
f 6115/306/216 6107/301/216 6158/302/216 6159/307/216
f 6122/136/217 6114/145/217 6120/146/217 6128/137/217
f 6128/137/218 6120/146/218 6119/147/218 6127/138/218
f 6127/138/219 6119/147/219 6118/148/219 6126/139/219
f 6126/308/220 6118/303/220 6117/304/220 6125/309/220
f 6125/309/221 6117/304/221 6116/305/221 6124/310/221
f 6124/310/222 6116/305/222 6115/306/222 6123/311/222
f 6123/311/223 6115/306/223 6159/307/223 6160/312/223
f 5874/66/224 6122/136/224 6128/137/224 5880/67/224
f 5880/67/225 6128/137/225 6127/138/225 5879/69/225
f 5879/69/226 6127/138/226 6126/139/226 5878/71/226
f 5878/74/227 6126/308/227 6125/309/227 5877/75/227
f 5877/75/228 6125/309/228 6124/310/228 5876/77/228
f 5876/77/229 6124/310/229 6123/311/229 5875/79/229
f 5875/79/230 6123/311/230 6160/312/230 6129/81/230
f 6097/313/231 6089/314/231 6188/315/231 6189/316/231
f 5841/317/232 5874/66/232 5882/65/232 5842/318/232
f 5872/319/233 6122/136/233 5874/66/233 5841/317/233
f 5842/318/234 5882/65/234 5890/83/234 5843/320/234
f 5843/320/235 5890/83/235 5898/92/235 5844/321/235
f 5844/321/236 5898/92/236 5906/101/236 5845/322/236
f 5845/322/237 5906/101/237 5914/92/237 5846/321/237
f 5846/321/238 5914/92/238 5922/117/238 5847/320/238
f 5847/320/239 5922/117/239 5930/65/239 5848/318/239
f 5848/318/240 5930/65/240 5938/130/240 5849/317/240
f 5849/317/241 5938/130/241 5946/136/241 5850/319/241
f 5850/319/242 5946/136/242 5954/145/242 5851/323/242
f 5851/323/243 5954/145/243 5962/154/243 5852/324/243
f 5852/324/244 5962/154/244 5970/163/244 5853/325/244
f 5853/326/245 5970/173/245 5978/172/245 5854/327/245
f 5854/327/246 5978/172/246 5986/185/246 5855/328/246
f 5855/328/247 5986/185/247 5994/194/247 5856/329/247
f 5856/329/248 5994/194/248 6002/203/248 5857/330/248
f 5857/330/249 6002/203/249 6010/212/249 5858/331/249
f 5858/331/250 6010/212/250 6018/221/250 5859/332/250
f 5859/332/251 6018/221/251 6026/230/251 5860/333/251
f 5860/333/252 6026/230/252 6034/239/252 5861/334/252
f 5861/334/253 6034/239/253 6042/230/253 5862/333/253
f 5862/333/254 6042/230/254 6050/253/254 5863/332/254
f 5863/332/255 6050/253/255 6058/212/255 5864/331/255
f 5864/331/256 6058/212/256 6066/266/256 5865/330/256
f 5865/330/257 6066/266/257 6074/194/257 5866/329/257
f 5866/329/258 6074/194/258 6082/185/258 5867/328/258
f 5867/328/259 6082/185/259 6090/172/259 5868/327/259
f 5868/327/231 6090/172/231 6098/173/231 5869/326/231
f 5869/325/260 6098/163/260 6106/154/260 5870/324/260
f 5870/324/261 6106/154/261 6114/145/261 5871/323/261
f 5871/323/262 6114/145/262 6122/136/262 5872/319/262
f 5873/335/5 5881/336/5 6130/82/5 6129/81/5
f 5881/336/5 5889/337/5 6131/91/5 6130/82/5
f 5889/337/5 5897/338/5 6132/100/5 6131/91/5
f 5897/338/5 5905/339/5 6133/109/5 6132/100/5
f 5905/339/5 5913/340/5 6134/116/5 6133/109/5
f 5913/340/5 5921/341/5 6135/124/5 6134/116/5
f 5921/341/5 5929/342/5 6136/129/5 6135/124/5
f 5929/342/5 5937/343/5 6137/135/5 6136/129/5
f 5937/343/5 5945/344/5 6138/144/5 6137/135/5
f 5945/344/5 5953/345/5 6139/153/5 6138/144/5
f 5953/345/5 5961/346/5 6140/162/5 6139/153/5
f 5961/346/5 5969/347/5 6141/171/5 6140/162/5
f 5969/347/5 5977/348/5 6142/184/5 6141/171/5
f 5977/348/5 5985/349/5 6143/193/5 6142/184/5
f 5985/349/5 5993/350/5 6144/202/5 6143/193/5
f 5993/350/5 6001/351/5 6145/211/5 6144/202/5
f 6001/351/5 6009/352/5 6146/220/5 6145/211/5
f 6009/352/5 6017/353/5 6147/229/5 6146/220/5
f 6017/353/5 6025/354/5 6148/238/5 6147/229/5
f 6025/354/5 6033/355/5 6149/247/5 6148/238/5
f 6033/355/5 6041/356/5 6150/252/5 6149/247/5
f 6041/356/5 6049/357/5 6151/258/5 6150/252/5
f 6049/357/5 6057/358/5 6152/265/5 6151/258/5
f 6057/358/5 6065/359/5 6153/272/5 6152/265/5
f 6065/359/5 6073/360/5 6154/278/5 6153/272/5
f 6073/360/5 6081/361/5 6155/284/5 6154/278/5
f 6081/361/5 6089/362/5 6156/290/5 6155/284/5
f 6089/362/5 6097/363/5 6157/295/5 6156/290/5
f 6097/363/5 6105/364/5 6158/302/5 6157/295/5
f 6105/364/5 6113/365/5 6159/307/5 6158/302/5
f 6113/365/5 6121/366/5 6160/312/5 6159/307/5
f 6121/366/5 5873/335/5 6129/81/5 6160/312/5
f 6173/367/6 6172/368/6 6204/369/6 6205/370/6
f 5993/371/247 5985/372/247 6175/373/247 6176/374/247
f 5889/375/234 5881/376/234 6162/377/234 6163/378/234
f 6105/379/260 6097/380/260 6189/381/260 6190/382/260
f 6001/383/248 5993/371/248 6176/374/248 6177/384/248
f 5897/385/235 5889/375/235 6163/378/235 6164/386/235
f 6113/387/261 6105/379/261 6190/382/261 6191/388/261
f 6009/389/249 6001/383/249 6177/384/249 6178/390/249
f 5905/391/236 5897/385/236 6164/386/236 6165/392/236
f 6121/393/262 6113/387/262 6191/388/262 6192/394/262
f 6017/395/250 6009/389/250 6178/390/250 6179/396/250
f 5913/385/237 5905/391/237 6165/392/237 6166/386/237
f 5873/397/233 6121/393/233 6192/394/233 6161/398/233
f 6025/399/251 6017/395/251 6179/396/251 6180/400/251
f 5921/375/238 5913/385/238 6166/386/238 6167/378/238
f 6033/401/252 6025/399/252 6180/400/252 6181/402/252
f 5929/376/239 5921/375/239 6167/378/239 6168/377/239
f 6041/399/253 6033/401/253 6181/402/253 6182/400/253
f 5937/397/240 5929/376/240 6168/377/240 6169/398/240
f 6049/395/254 6041/399/254 6182/400/254 6183/396/254
f 5945/393/241 5937/397/241 6169/398/241 6170/394/241
f 6057/389/255 6049/395/255 6183/396/255 6184/390/255
f 5953/387/242 5945/393/242 6170/394/242 6171/388/242
f 6065/383/256 6057/389/256 6184/390/256 6185/384/256
f 5961/403/243 5953/387/243 6171/388/243 6172/404/243
f 6073/371/257 6065/383/257 6185/384/257 6186/374/257
f 5969/380/244 5961/403/244 6172/404/244 6173/381/244
f 6081/372/258 6073/371/258 6186/374/258 6187/373/258
f 5977/314/245 5969/313/245 6173/316/245 6174/315/245
f 6089/314/259 6081/372/259 6187/373/259 6188/315/259
f 5985/372/246 5977/314/246 6174/315/246 6175/373/246
f 5881/376/232 5873/397/232 6161/398/232 6162/377/232
f 6208/405/247 6207/406/247 6239/407/247 6240/408/247
f 6187/409/6 6186/410/6 6218/411/6 6219/412/6
f 6174/413/6 6173/367/6 6205/370/6 6206/414/6
f 6188/415/6 6187/409/6 6219/412/6 6220/416/6
f 6175/417/6 6174/413/6 6206/414/6 6207/418/6
f 6162/419/6 6161/420/6 6193/421/6 6194/422/6
f 6189/423/6 6188/415/6 6220/416/6 6221/424/6
f 6176/425/6 6175/417/6 6207/418/6 6208/426/6
f 6163/427/6 6162/419/6 6194/422/6 6195/428/6
f 6190/429/6 6189/423/6 6221/424/6 6222/430/6
f 6177/431/6 6176/425/6 6208/426/6 6209/432/6
f 6164/433/6 6163/427/6 6195/428/6 6196/434/6
f 6191/435/6 6190/429/6 6222/430/6 6223/436/6
f 6178/437/6 6177/431/6 6209/432/6 6210/438/6
f 6165/439/6 6164/433/6 6196/434/6 6197/440/6
f 6192/441/6 6191/435/6 6223/436/6 6224/442/6
f 6179/443/6 6178/437/6 6210/438/6 6211/444/6
f 6166/445/6 6165/439/6 6197/440/6 6198/446/6
f 6161/420/6 6192/441/6 6224/442/6 6193/421/6
f 6180/447/6 6179/443/6 6211/444/6 6212/448/6
f 6167/449/6 6166/445/6 6198/446/6 6199/450/6
f 6181/451/6 6180/447/6 6212/448/6 6213/452/6
f 6168/453/6 6167/449/6 6199/450/6 6200/454/6
f 6182/455/6 6181/451/6 6213/452/6 6214/456/6
f 6169/457/6 6168/453/6 6200/454/6 6201/458/6
f 6183/459/6 6182/455/6 6214/456/6 6215/460/6
f 6170/461/6 6169/457/6 6201/458/6 6202/462/6
f 6184/463/6 6183/459/6 6215/460/6 6216/464/6
f 6171/465/6 6170/461/6 6202/462/6 6203/466/6
f 6185/467/6 6184/463/6 6216/464/6 6217/468/6
f 6172/368/6 6171/465/6 6203/466/6 6204/369/6
f 6186/410/6 6185/467/6 6217/468/6 6218/411/6
f 6226/469/5 6225/470/5 6256/471/5 6255/472/5 6254/473/5 6253/474/5 6252/475/5 6251/476/5 6250/477/5 6249/478/5 6248/479/5 6247/480/5 6246/481/5 6245/482/5 6244/483/5 6243/484/5 6242/485/5 6241/486/5 6240/487/5 6239/488/5 6238/489/5 6237/490/5 6236/491/5 6235/492/5 6234/493/5 6233/494/5 6232/495/5 6231/496/5 6230/497/5 6229/498/5 6228/499/5 6227/500/5
f 6195/501/234 6194/502/234 6226/503/234 6227/504/234
f 6222/505/260 6221/506/260 6253/507/260 6254/508/260
f 6209/509/248 6208/405/248 6240/408/248 6241/510/248
f 6196/511/235 6195/501/235 6227/504/235 6228/512/235
f 6223/513/261 6222/505/261 6254/508/261 6255/514/261
f 6210/515/249 6209/509/249 6241/510/249 6242/516/249
f 6197/517/236 6196/511/236 6228/512/236 6229/518/236
f 6224/519/262 6223/513/262 6255/514/262 6256/520/262
f 6211/521/250 6210/515/250 6242/516/250 6243/522/250
f 6198/523/237 6197/517/237 6229/518/237 6230/524/237
f 6193/525/233 6224/519/233 6256/520/233 6225/526/233
f 6212/527/251 6211/521/251 6243/522/251 6244/528/251
f 6199/501/238 6198/523/238 6230/524/238 6231/504/238
f 6213/529/252 6212/527/252 6244/528/252 6245/530/252
f 6200/502/239 6199/501/239 6231/504/239 6232/503/239
f 6214/531/253 6213/532/253 6245/533/253 6246/534/253
f 6201/525/240 6200/502/240 6232/503/240 6233/526/240
f 6215/535/254 6214/531/254 6246/534/254 6247/536/254
f 6202/519/241 6201/525/241 6233/526/241 6234/520/241
f 6216/537/255 6215/535/255 6247/536/255 6248/538/255
f 6203/513/242 6202/519/242 6234/520/242 6235/514/242
f 6217/539/256 6216/537/256 6248/538/256 6249/540/256
f 6204/541/243 6203/513/243 6235/514/243 6236/542/243
f 6218/543/257 6217/539/257 6249/540/257 6250/544/257
f 6205/506/244 6204/541/244 6236/542/244 6237/507/244
f 6219/545/258 6218/543/258 6250/544/258 6251/546/258
f 6206/547/245 6205/548/245 6237/549/245 6238/550/245
f 6220/551/259 6219/545/259 6251/546/259 6252/552/259
f 6207/406/246 6206/547/246 6238/550/246 6239/407/246
f 6194/502/232 6193/525/232 6225/526/232 6226/503/232
f 6221/553/231 6220/551/231 6252/552/231 6253/554/231
f 6257/33/6 6258/34/6 6259/35/6 6260/36/6 6261/37/6 6262/38/6 6263/39/6 6264/40/6 6265/41/6 6266/42/6 6267/43/6 6268/44/6 6269/45/6 6270/46/6 6271/47/6 6272/48/6 6273/49/6 6274/50/6 6275/51/6 6276/52/6 6277/53/6 6278/54/6 6279/55/6 6280/56/6 6281/57/6 6282/58/6 6283/59/6 6284/60/6 6285/61/6 6286/62/6 6287/63/6 6288/64/6
f 6298/65/7 6290/66/7 6296/67/7 6304/68/7
f 6304/68/8 6296/67/8 6295/69/8 6303/70/8
f 6303/70/9 6295/69/9 6294/71/9 6302/72/9
f 6302/73/10 6294/74/10 6293/75/10 6301/76/10
f 6301/76/11 6293/75/11 6292/77/11 6300/78/11
f 6300/78/12 6292/77/12 6291/79/12 6299/80/12
f 6299/80/13 6291/79/13 6545/81/13 6546/82/13
f 6306/83/14 6298/65/14 6304/68/14 6312/84/14
f 6312/84/15 6304/68/15 6303/70/15 6311/85/15
f 6311/85/16 6303/70/16 6302/72/16 6310/86/16
f 6310/87/17 6302/73/17 6301/76/17 6309/88/17
f 6309/88/18 6301/76/18 6300/78/18 6308/89/18
f 6308/89/19 6300/78/19 6299/80/19 6307/90/19
f 6307/90/20 6299/80/20 6546/82/20 6547/91/20
f 6314/92/21 6306/83/21 6312/84/21 6320/93/21
f 6320/93/22 6312/84/22 6311/85/22 6319/94/22
f 6319/94/23 6311/85/23 6310/86/23 6318/95/23
f 6318/96/24 6310/87/24 6309/88/24 6317/97/24
f 6317/97/25 6309/88/25 6308/89/25 6316/98/25
f 6316/98/26 6308/89/26 6307/90/26 6315/99/26
f 6315/99/27 6307/90/27 6547/91/27 6548/100/27
f 6322/101/28 6314/92/28 6320/93/28 6328/102/28
f 6328/102/29 6320/93/29 6319/94/29 6327/103/29
f 6327/103/30 6319/94/30 6318/95/30 6326/104/30
f 6326/105/31 6318/96/31 6317/97/31 6325/106/31
f 6325/106/32 6317/97/32 6316/98/32 6324/107/32
f 6324/107/33 6316/98/33 6315/99/33 6323/108/33
f 6323/108/34 6315/99/34 6548/100/34 6549/109/34
f 6330/92/35 6322/101/35 6328/102/35 6336/110/35
f 6336/110/36 6328/102/36 6327/103/36 6335/111/36
f 6335/111/37 6327/103/37 6326/104/37 6334/95/37
f 6334/112/38 6326/105/38 6325/106/38 6333/113/38
f 6333/113/39 6325/106/39 6324/107/39 6332/114/39
f 6332/114/40 6324/107/40 6323/108/40 6331/115/40
f 6331/115/41 6323/108/41 6549/109/41 6550/116/41
f 6338/117/42 6330/92/42 6336/110/42 6344/118/42
f 6344/118/43 6336/110/43 6335/111/43 6343/119/43
f 6343/119/44 6335/111/44 6334/95/44 6342/86/44
f 6342/120/45 6334/112/45 6333/113/45 6341/121/45
f 6341/121/46 6333/113/46 6332/114/46 6340/122/46
f 6340/122/47 6332/114/47 6331/115/47 6339/123/47
f 6339/123/48 6331/115/48 6550/116/48 6551/124/48
f 6346/65/49 6338/117/49 6344/118/49 6352/68/49
f 6352/68/50 6344/118/50 6343/119/50 6351/70/50
f 6351/70/51 6343/119/51 6342/86/51 6350/72/51
f 6350/125/52 6342/120/52 6341/121/52 6349/126/52
f 6349/126/53 6341/121/53 6340/122/53 6348/127/53
f 6348/127/54 6340/122/54 6339/123/54 6347/128/54
f 6347/128/55 6339/123/55 6551/124/55 6552/129/55
f 6354/130/56 6346/65/56 6352/68/56 6360/67/56
f 6360/67/57 6352/68/57 6351/70/57 6359/69/57
f 6359/69/58 6351/70/58 6350/72/58 6358/71/58
f 6358/131/59 6350/125/59 6349/126/59 6357/132/59
f 6357/132/60 6349/126/60 6348/127/60 6356/133/60
f 6356/133/61 6348/127/61 6347/128/61 6355/134/61
f 6355/134/62 6347/128/62 6552/129/62 6553/135/62
f 6362/136/63 6354/130/63 6360/67/63 6368/137/63
f 6368/137/64 6360/67/64 6359/69/64 6367/138/64
f 6367/138/65 6359/69/65 6358/71/65 6366/139/65
f 6366/140/66 6358/131/66 6357/132/66 6365/141/66
f 6365/141/67 6357/132/67 6356/133/67 6364/142/67
f 6364/142/68 6356/133/68 6355/134/68 6363/143/68
f 6363/143/69 6355/134/69 6553/135/69 6554/144/69
f 6370/145/70 6362/136/70 6368/137/70 6376/146/70
f 6376/146/71 6368/137/71 6367/138/71 6375/147/71
f 6375/147/72 6367/138/72 6366/139/72 6374/148/72
f 6374/149/73 6366/140/73 6365/141/73 6373/150/73
f 6373/150/74 6365/141/74 6364/142/74 6372/151/74
f 6372/151/75 6364/142/75 6363/143/75 6371/152/75
f 6371/152/76 6363/143/76 6554/144/76 6555/153/76
f 6378/154/77 6370/145/77 6376/146/77 6384/155/77
f 6384/155/78 6376/146/78 6375/147/78 6383/156/78
f 6383/156/79 6375/147/79 6374/148/79 6382/157/79
f 6382/158/80 6374/149/80 6373/150/80 6381/159/80
f 6381/159/81 6373/150/81 6372/151/81 6380/160/81
f 6380/160/82 6372/151/82 6371/152/82 6379/161/82
f 6379/161/83 6371/152/83 6555/153/83 6556/162/83
f 6386/163/84 6378/154/84 6384/155/84 6392/164/84
f 6392/164/85 6384/155/85 6383/156/85 6391/165/85
f 6391/165/86 6383/156/86 6382/157/86 6390/166/86
f 6390/167/87 6382/158/87 6381/159/87 6389/168/87
f 6389/168/88 6381/159/88 6380/160/88 6388/169/88
f 6388/169/89 6380/160/89 6379/161/89 6387/170/89
f 6387/170/90 6379/161/90 6556/162/90 6557/171/90
f 6394/172/91 6386/173/91 6392/174/91 6400/175/91
f 6400/175/92 6392/174/92 6391/176/92 6399/177/92
f 6399/177/93 6391/176/93 6390/178/93 6398/179/93
f 6398/180/94 6390/167/94 6389/168/94 6397/181/94
f 6397/181/95 6389/168/95 6388/169/95 6396/182/95
f 6396/182/96 6388/169/96 6387/170/96 6395/183/96
f 6395/183/97 6387/170/97 6557/171/97 6558/184/97
f 6402/185/98 6394/172/98 6400/175/98 6408/186/98
f 6408/186/99 6400/175/99 6399/177/99 6407/187/99
f 6407/187/100 6399/177/100 6398/179/100 6406/188/100
f 6406/189/101 6398/180/101 6397/181/101 6405/190/101
f 6405/190/102 6397/181/102 6396/182/102 6404/191/102
f 6404/191/103 6396/182/103 6395/183/103 6403/192/103
f 6403/192/104 6395/183/104 6558/184/104 6559/193/104
f 6410/194/105 6402/185/105 6408/186/105 6416/195/105
f 6416/195/106 6408/186/106 6407/187/106 6415/196/106
f 6415/196/107 6407/187/107 6406/188/107 6414/197/107
f 6414/198/108 6406/189/108 6405/190/108 6413/199/108
f 6413/199/109 6405/190/109 6404/191/109 6412/200/109
f 6412/200/110 6404/191/110 6403/192/110 6411/201/110
f 6411/201/111 6403/192/111 6559/193/111 6560/202/111
f 6418/203/112 6410/194/112 6416/195/112 6424/204/112
f 6424/204/113 6416/195/113 6415/196/113 6423/205/113
f 6423/205/114 6415/196/114 6414/197/114 6422/206/114
f 6422/207/115 6414/198/115 6413/199/115 6421/208/115
f 6421/208/116 6413/199/116 6412/200/116 6420/209/116
f 6420/209/117 6412/200/117 6411/201/117 6419/210/117
f 6419/210/118 6411/201/118 6560/202/118 6561/211/118
f 6426/212/119 6418/203/119 6424/204/119 6432/213/119
f 6432/213/120 6424/204/120 6423/205/120 6431/214/120
f 6431/214/121 6423/205/121 6422/206/121 6430/215/121
f 6430/216/122 6422/207/122 6421/208/122 6429/217/122
f 6429/217/123 6421/208/123 6420/209/123 6428/218/123
f 6428/218/124 6420/209/124 6419/210/124 6427/219/124
f 6427/219/125 6419/210/125 6561/211/125 6562/220/125
f 6434/221/126 6426/212/126 6432/213/126 6440/222/126
f 6440/222/127 6432/213/127 6431/214/127 6439/223/127
f 6439/223/128 6431/214/128 6430/215/128 6438/224/128
f 6438/225/129 6430/216/129 6429/217/129 6437/226/129
f 6437/226/130 6429/217/130 6428/218/130 6436/227/130
f 6436/227/131 6428/218/131 6427/219/131 6435/228/131
f 6435/228/132 6427/219/132 6562/220/132 6563/229/132
f 6442/230/133 6434/221/133 6440/222/133 6448/231/133
f 6448/231/134 6440/222/134 6439/223/134 6447/232/134
f 6447/232/135 6439/223/135 6438/224/135 6446/233/135
f 6446/234/136 6438/225/136 6437/226/136 6445/235/136
f 6445/235/137 6437/226/137 6436/227/137 6444/236/137
f 6444/236/138 6436/227/138 6435/228/138 6443/237/138
f 6443/237/139 6435/228/139 6563/229/139 6564/238/139
f 6450/239/140 6442/230/140 6448/231/140 6456/240/140
f 6456/240/141 6448/231/141 6447/232/141 6455/241/141
f 6455/241/142 6447/232/142 6446/233/142 6454/242/142
f 6454/243/143 6446/234/143 6445/235/143 6453/244/143
f 6453/244/144 6445/235/144 6444/236/144 6452/245/144
f 6452/245/145 6444/236/145 6443/237/145 6451/246/145
f 6451/246/146 6443/237/146 6564/238/146 6565/247/146
f 6458/230/147 6450/239/147 6456/240/147 6464/231/147
f 6464/231/148 6456/240/148 6455/241/148 6463/232/148
f 6463/232/149 6455/241/149 6454/242/149 6462/233/149
f 6462/248/150 6454/243/150 6453/244/150 6461/249/150
f 6461/249/151 6453/244/151 6452/245/151 6460/250/151
f 6460/250/152 6452/245/152 6451/246/152 6459/251/152
f 6459/251/153 6451/246/153 6565/247/153 6566/252/153
f 6466/253/154 6458/230/154 6464/231/154 6472/222/154
f 6472/222/155 6464/231/155 6463/232/155 6471/223/155
f 6471/223/156 6463/232/156 6462/233/156 6470/224/156
f 6470/254/157 6462/248/157 6461/249/157 6469/255/157
f 6469/255/158 6461/249/158 6460/250/158 6468/256/158
f 6468/256/159 6460/250/159 6459/251/159 6467/257/159
f 6467/257/160 6459/251/160 6566/252/160 6567/258/160
f 6474/212/161 6466/253/161 6472/222/161 6480/259/161
f 6480/259/162 6472/222/162 6471/223/162 6479/214/162
f 6479/214/163 6471/223/163 6470/224/163 6478/260/163
f 6478/261/164 6470/254/164 6469/255/164 6477/262/164
f 6477/262/165 6469/255/165 6468/256/165 6476/263/165
f 6476/263/166 6468/256/166 6467/257/166 6475/264/166
f 6475/264/167 6467/257/167 6567/258/167 6568/265/167
f 6482/266/168 6474/212/168 6480/259/168 6488/267/168
f 6488/267/169 6480/259/169 6479/214/169 6487/205/169
f 6487/205/170 6479/214/170 6478/260/170 6486/206/170
f 6486/268/171 6478/261/171 6477/262/171 6485/269/171
f 6485/269/172 6477/262/172 6476/263/172 6484/270/172
f 6484/270/173 6476/263/173 6475/264/173 6483/271/173
f 6483/271/174 6475/264/174 6568/265/174 6569/272/174
f 6490/194/175 6482/266/175 6488/267/175 6496/273/175
f 6496/273/176 6488/267/176 6487/205/176 6495/196/176
f 6495/196/177 6487/205/177 6486/206/177 6494/197/177
f 6494/274/178 6486/268/178 6485/269/178 6493/275/178
f 6493/275/179 6485/269/179 6484/270/179 6492/276/179
f 6492/276/180 6484/270/180 6483/271/180 6491/277/180
f 6491/277/181 6483/271/181 6569/272/181 6570/278/181
f 6498/185/182 6490/194/182 6496/273/182 6504/186/182
f 6504/186/183 6496/273/183 6495/196/183 6503/279/183
f 6503/279/184 6495/196/184 6494/197/184 6502/188/184
f 6502/280/185 6494/274/185 6493/275/185 6501/281/185
f 6501/281/186 6493/275/186 6492/276/186 6500/282/186
f 6500/282/187 6492/276/187 6491/277/187 6499/283/187
f 6499/283/188 6491/277/188 6570/278/188 6571/284/188
f 6506/172/189 6498/185/189 6504/186/189 6512/175/189
f 6512/175/190 6504/186/190 6503/279/190 6511/285/190
f 6511/285/191 6503/279/191 6502/188/191 6510/179/191
f 6510/286/192 6502/280/192 6501/281/192 6509/287/192
f 6509/287/193 6501/281/193 6500/282/193 6508/288/193
f 6508/288/194 6500/282/194 6499/283/194 6507/289/194
f 6507/289/195 6499/283/195 6571/284/195 6572/290/195
f 6514/173/196 6506/172/196 6512/175/196 6520/174/196
f 6520/174/197 6512/175/197 6511/285/197 6519/176/197
f 6519/176/198 6511/285/198 6510/179/198 6518/178/198
f 6518/291/199 6510/286/199 6509/287/199 6517/292/199
f 6517/292/200 6509/287/200 6508/288/200 6516/293/200
f 6516/293/201 6508/288/201 6507/289/201 6515/294/201
f 6515/294/202 6507/289/202 6572/290/202 6573/295/202
f 6522/154/203 6514/163/203 6520/164/203 6528/296/203
f 6528/296/204 6520/164/204 6519/297/204 6527/156/204
f 6527/156/205 6519/297/205 6518/166/205 6526/157/205
f 6526/298/206 6518/291/206 6517/292/206 6525/299/206
f 6525/299/207 6517/292/207 6516/293/207 6524/300/207
f 6524/300/208 6516/293/208 6515/294/208 6523/301/208
f 6523/301/209 6515/294/209 6573/295/209 6574/302/209
f 6530/145/210 6522/154/210 6528/296/210 6536/146/210
f 6536/146/211 6528/296/211 6527/156/211 6535/147/211
f 6535/147/212 6527/156/212 6526/157/212 6534/148/212
f 6534/303/213 6526/298/213 6525/299/213 6533/304/213
f 6533/304/214 6525/299/214 6524/300/214 6532/305/214
f 6532/305/215 6524/300/215 6523/301/215 6531/306/215
f 6531/306/216 6523/301/216 6574/302/216 6575/307/216
f 6538/136/217 6530/145/217 6536/146/217 6544/137/217
f 6544/137/218 6536/146/218 6535/147/218 6543/138/218
f 6543/138/219 6535/147/219 6534/148/219 6542/139/219
f 6542/308/220 6534/303/220 6533/304/220 6541/309/220
f 6541/309/221 6533/304/221 6532/305/221 6540/310/221
f 6540/310/222 6532/305/222 6531/306/222 6539/311/222
f 6539/311/223 6531/306/223 6575/307/223 6576/312/223
f 6290/66/224 6538/136/224 6544/137/224 6296/67/224
f 6296/67/225 6544/137/225 6543/138/225 6295/69/225
f 6295/69/226 6543/138/226 6542/139/226 6294/71/226
f 6294/74/227 6542/308/227 6541/309/227 6293/75/227
f 6293/75/228 6541/309/228 6540/310/228 6292/77/228
f 6292/77/229 6540/310/229 6539/311/229 6291/79/229
f 6291/79/230 6539/311/230 6576/312/230 6545/81/230
f 6513/313/231 6505/314/231 6604/315/231 6605/316/231
f 6257/317/232 6290/66/232 6298/65/232 6258/318/232
f 6288/319/233 6538/136/233 6290/66/233 6257/317/233
f 6258/318/234 6298/65/234 6306/83/234 6259/320/234
f 6259/320/235 6306/83/235 6314/92/235 6260/321/235
f 6260/321/236 6314/92/236 6322/101/236 6261/322/236
f 6261/322/237 6322/101/237 6330/92/237 6262/321/237
f 6262/321/238 6330/92/238 6338/117/238 6263/320/238
f 6263/320/239 6338/117/239 6346/65/239 6264/318/239
f 6264/318/240 6346/65/240 6354/130/240 6265/317/240
f 6265/317/241 6354/130/241 6362/136/241 6266/319/241
f 6266/319/242 6362/136/242 6370/145/242 6267/323/242
f 6267/323/243 6370/145/243 6378/154/243 6268/324/243
f 6268/324/244 6378/154/244 6386/163/244 6269/325/244
f 6269/326/245 6386/173/245 6394/172/245 6270/327/245
f 6270/327/246 6394/172/246 6402/185/246 6271/328/246
f 6271/328/247 6402/185/247 6410/194/247 6272/329/247
f 6272/329/248 6410/194/248 6418/203/248 6273/330/248
f 6273/330/249 6418/203/249 6426/212/249 6274/331/249
f 6274/331/250 6426/212/250 6434/221/250 6275/332/250
f 6275/332/251 6434/221/251 6442/230/251 6276/333/251
f 6276/333/252 6442/230/252 6450/239/252 6277/334/252
f 6277/334/253 6450/239/253 6458/230/253 6278/333/253
f 6278/333/254 6458/230/254 6466/253/254 6279/332/254
f 6279/332/255 6466/253/255 6474/212/255 6280/331/255
f 6280/331/256 6474/212/256 6482/266/256 6281/330/256
f 6281/330/257 6482/266/257 6490/194/257 6282/329/257
f 6282/329/258 6490/194/258 6498/185/258 6283/328/258
f 6283/328/259 6498/185/259 6506/172/259 6284/327/259
f 6284/327/231 6506/172/231 6514/173/231 6285/326/231
f 6285/325/260 6514/163/260 6522/154/260 6286/324/260
f 6286/324/261 6522/154/261 6530/145/261 6287/323/261
f 6287/323/262 6530/145/262 6538/136/262 6288/319/262
f 6289/335/5 6297/336/5 6546/82/5 6545/81/5
f 6297/336/5 6305/337/5 6547/91/5 6546/82/5
f 6305/337/5 6313/338/5 6548/100/5 6547/91/5
f 6313/338/5 6321/339/5 6549/109/5 6548/100/5
f 6321/339/5 6329/340/5 6550/116/5 6549/109/5
f 6329/340/5 6337/341/5 6551/124/5 6550/116/5
f 6337/341/5 6345/342/5 6552/129/5 6551/124/5
f 6345/342/5 6353/343/5 6553/135/5 6552/129/5
f 6353/343/5 6361/344/5 6554/144/5 6553/135/5
f 6361/344/5 6369/345/5 6555/153/5 6554/144/5
f 6369/345/5 6377/346/5 6556/162/5 6555/153/5
f 6377/346/5 6385/347/5 6557/171/5 6556/162/5
f 6385/347/5 6393/348/5 6558/184/5 6557/171/5
f 6393/348/5 6401/349/5 6559/193/5 6558/184/5
f 6401/349/5 6409/350/5 6560/202/5 6559/193/5
f 6409/350/5 6417/351/5 6561/211/5 6560/202/5
f 6417/351/5 6425/352/5 6562/220/5 6561/211/5
f 6425/352/5 6433/353/5 6563/229/5 6562/220/5
f 6433/353/5 6441/354/5 6564/238/5 6563/229/5
f 6441/354/5 6449/355/5 6565/247/5 6564/238/5
f 6449/355/5 6457/356/5 6566/252/5 6565/247/5
f 6457/356/5 6465/357/5 6567/258/5 6566/252/5
f 6465/357/5 6473/358/5 6568/265/5 6567/258/5
f 6473/358/5 6481/359/5 6569/272/5 6568/265/5
f 6481/359/5 6489/360/5 6570/278/5 6569/272/5
f 6489/360/5 6497/361/5 6571/284/5 6570/278/5
f 6497/361/5 6505/362/5 6572/290/5 6571/284/5
f 6505/362/5 6513/363/5 6573/295/5 6572/290/5
f 6513/363/5 6521/364/5 6574/302/5 6573/295/5
f 6521/364/5 6529/365/5 6575/307/5 6574/302/5
f 6529/365/5 6537/366/5 6576/312/5 6575/307/5
f 6537/366/5 6289/335/5 6545/81/5 6576/312/5
f 6589/367/6 6588/368/6 6620/369/6 6621/370/6
f 6409/371/247 6401/372/247 6591/373/247 6592/374/247
f 6305/375/234 6297/376/234 6578/377/234 6579/378/234
f 6521/379/260 6513/380/260 6605/381/260 6606/382/260
f 6417/383/248 6409/371/248 6592/374/248 6593/384/248
f 6313/385/235 6305/375/235 6579/378/235 6580/386/235
f 6529/387/261 6521/379/261 6606/382/261 6607/388/261
f 6425/389/249 6417/383/249 6593/384/249 6594/390/249
f 6321/391/236 6313/385/236 6580/386/236 6581/392/236
f 6537/393/262 6529/387/262 6607/388/262 6608/394/262
f 6433/395/250 6425/389/250 6594/390/250 6595/396/250
f 6329/385/237 6321/391/237 6581/392/237 6582/386/237
f 6289/397/233 6537/393/233 6608/394/233 6577/398/233
f 6441/399/251 6433/395/251 6595/396/251 6596/400/251
f 6337/375/238 6329/385/238 6582/386/238 6583/378/238
f 6449/401/252 6441/399/252 6596/400/252 6597/402/252
f 6345/376/239 6337/375/239 6583/378/239 6584/377/239
f 6457/399/253 6449/401/253 6597/402/253 6598/400/253
f 6353/397/240 6345/376/240 6584/377/240 6585/398/240
f 6465/395/254 6457/399/254 6598/400/254 6599/396/254
f 6361/393/241 6353/397/241 6585/398/241 6586/394/241
f 6473/389/255 6465/395/255 6599/396/255 6600/390/255
f 6369/387/242 6361/393/242 6586/394/242 6587/388/242
f 6481/383/256 6473/389/256 6600/390/256 6601/384/256
f 6377/403/243 6369/387/243 6587/388/243 6588/404/243
f 6489/371/257 6481/383/257 6601/384/257 6602/374/257
f 6385/380/244 6377/403/244 6588/404/244 6589/381/244
f 6497/372/258 6489/371/258 6602/374/258 6603/373/258
f 6393/314/245 6385/313/245 6589/316/245 6590/315/245
f 6505/314/259 6497/372/259 6603/373/259 6604/315/259
f 6401/372/246 6393/314/246 6590/315/246 6591/373/246
f 6297/376/232 6289/397/232 6577/398/232 6578/377/232
f 6624/405/247 6623/406/247 6655/407/247 6656/408/247
f 6603/409/6 6602/410/6 6634/411/6 6635/412/6
f 6590/413/6 6589/367/6 6621/370/6 6622/414/6
f 6604/415/6 6603/409/6 6635/412/6 6636/416/6
f 6591/417/6 6590/413/6 6622/414/6 6623/418/6
f 6578/419/6 6577/420/6 6609/421/6 6610/422/6
f 6605/423/6 6604/415/6 6636/416/6 6637/424/6
f 6592/425/6 6591/417/6 6623/418/6 6624/426/6
f 6579/427/6 6578/419/6 6610/422/6 6611/428/6
f 6606/429/6 6605/423/6 6637/424/6 6638/430/6
f 6593/431/6 6592/425/6 6624/426/6 6625/432/6
f 6580/433/6 6579/427/6 6611/428/6 6612/434/6
f 6607/435/6 6606/429/6 6638/430/6 6639/436/6
f 6594/437/6 6593/431/6 6625/432/6 6626/438/6
f 6581/439/6 6580/433/6 6612/434/6 6613/440/6
f 6608/441/6 6607/435/6 6639/436/6 6640/442/6
f 6595/443/6 6594/437/6 6626/438/6 6627/444/6
f 6582/445/6 6581/439/6 6613/440/6 6614/446/6
f 6577/420/6 6608/441/6 6640/442/6 6609/421/6
f 6596/447/6 6595/443/6 6627/444/6 6628/448/6
f 6583/449/6 6582/445/6 6614/446/6 6615/450/6
f 6597/451/6 6596/447/6 6628/448/6 6629/452/6
f 6584/453/6 6583/449/6 6615/450/6 6616/454/6
f 6598/455/6 6597/451/6 6629/452/6 6630/456/6
f 6585/457/6 6584/453/6 6616/454/6 6617/458/6
f 6599/459/6 6598/455/6 6630/456/6 6631/460/6
f 6586/461/6 6585/457/6 6617/458/6 6618/462/6
f 6600/463/6 6599/459/6 6631/460/6 6632/464/6
f 6587/465/6 6586/461/6 6618/462/6 6619/466/6
f 6601/467/6 6600/463/6 6632/464/6 6633/468/6
f 6588/368/6 6587/465/6 6619/466/6 6620/369/6
f 6602/410/6 6601/467/6 6633/468/6 6634/411/6
f 6642/469/5 6641/470/5 6672/471/5 6671/472/5 6670/473/5 6669/474/5 6668/475/5 6667/476/5 6666/477/5 6665/478/5 6664/479/5 6663/480/5 6662/481/5 6661/482/5 6660/483/5 6659/484/5 6658/485/5 6657/486/5 6656/487/5 6655/488/5 6654/489/5 6653/490/5 6652/491/5 6651/492/5 6650/493/5 6649/494/5 6648/495/5 6647/496/5 6646/497/5 6645/498/5 6644/499/5 6643/500/5
f 6611/501/234 6610/502/234 6642/503/234 6643/504/234
f 6638/505/260 6637/506/260 6669/507/260 6670/508/260
f 6625/509/248 6624/405/248 6656/408/248 6657/510/248
f 6612/511/235 6611/501/235 6643/504/235 6644/512/235
f 6639/513/261 6638/505/261 6670/508/261 6671/514/261
f 6626/515/249 6625/509/249 6657/510/249 6658/516/249
f 6613/517/236 6612/511/236 6644/512/236 6645/518/236
f 6640/519/262 6639/513/262 6671/514/262 6672/520/262
f 6627/521/250 6626/515/250 6658/516/250 6659/522/250
f 6614/523/237 6613/517/237 6645/518/237 6646/524/237
f 6609/525/233 6640/519/233 6672/520/233 6641/526/233
f 6628/527/251 6627/521/251 6659/522/251 6660/528/251
f 6615/501/238 6614/523/238 6646/524/238 6647/504/238
f 6629/529/252 6628/527/252 6660/528/252 6661/530/252
f 6616/502/239 6615/501/239 6647/504/239 6648/503/239
f 6630/531/253 6629/532/253 6661/533/253 6662/534/253
f 6617/525/240 6616/502/240 6648/503/240 6649/526/240
f 6631/535/254 6630/531/254 6662/534/254 6663/536/254
f 6618/519/241 6617/525/241 6649/526/241 6650/520/241
f 6632/537/255 6631/535/255 6663/536/255 6664/538/255
f 6619/513/242 6618/519/242 6650/520/242 6651/514/242
f 6633/539/256 6632/537/256 6664/538/256 6665/540/256
f 6620/541/243 6619/513/243 6651/514/243 6652/542/243
f 6634/543/257 6633/539/257 6665/540/257 6666/544/257
f 6621/506/244 6620/541/244 6652/542/244 6653/507/244
f 6635/545/258 6634/543/258 6666/544/258 6667/546/258
f 6622/547/245 6621/548/245 6653/549/245 6654/550/245
f 6636/551/259 6635/545/259 6667/546/259 6668/552/259
f 6623/406/246 6622/547/246 6654/550/246 6655/407/246
f 6610/502/232 6609/525/232 6641/526/232 6642/503/232
f 6637/553/231 6636/551/231 6668/552/231 6669/554/231
